SlNo,Station,Agency,State LGD Code,State,District LGD Code,District,Tehsil,Block,Village,River,Basin,Tributary,Subtributary,SubSubtributary,Local River,Latitude,Longitude,Data Acquisition Time,Electric Conductivity (μS/cm),Colour,Odour,Temperature (ºC),Carbonate (mg/L),Calcium (mg/L),Chloride (mg/L),Dissolved oxygen (mg/L),Bicarbonate (mg/L),Magnesium (mg/L),Sodium (mg/L),Potential of Hydrogen (pH),Sulphate (mg/L),Total Alkalinity (mg/L as CaCO3),Total Hardness (mgCaCO3/L),Nitrate N (mgN/L),Sodium Adsorption Ratio (%),Biochemical Oxygen Demand (mg/L),WQI,WQI Class
359,AMBARAMPALAYAM,CWC,33,Tamil Nadu,569,Coimbatore,POLLACHI,ANAIMALAI,Ambarampalayam,Bharathapuzha,West flowing rivers from Tadri to Kanyakumari,Aliyar,-,-,Aliyar,10.63138889,76.94611111,01-05-2001 09:20,462.0,Clear,odour free,26.2,0.0,43.2,13.74,6.7,245.94,18.50202,23.7,8.16,15.246,201.59016,185.09175,2.0,0.7601499,2.0,65.31444169627387,Poor
360,AMBARAMPALAYAM,CWC,33,Tamil Nadu,569,Coimbatore,POLLACHI,ANAIMALAI,Ambarampalayam,Bharathapuzha,West flowing rivers from Tadri to Kanyakumari,Aliyar,-,-,Aliyar,10.63138889,76.94611111,01-06-2001 09:00,230.0,Clear,odour free,26.2,0.0,22.44,12.54,7.5,123.99,12.64,10.1,8.16,7.43,101.63115,108.76667,0.967,0.4227422,1.0,46.66260498156009,Good
361,AMBARAMPALAYAM,CWC,33,Tamil Nadu,569,Coimbatore,POLLACHI,ANAIMALAI,Ambarampalayam,Bharathapuzha,West flowing rivers from Tadri to Kanyakumari,Aliyar,-,-,Aliyar,10.63138889,76.94611111,02-07-2001 09:45,242.0,Clear,odour free,25.2,0.0,22.44,12.05,7.5,126.64,8.75,16.1,7.89,2.3,103.803276,92.558334,1.02,0.73014635,0.8,40.88347525573466,Good
362,AMBARAMPALAYAM,CWC,33,Tamil Nadu,569,Coimbatore,POLLACHI,ANAIMALAI,Ambarampalayam,Bharathapuzha,West flowing rivers from Tadri to Kanyakumari,Aliyar,-,-,Aliyar,10.63138889,76.94611111,01-08-2001 08:15,202.0,Clear,odour free,24.3,0.0,22.44,10.25,7.0,100.78,7.78,8.9,8.15,2.77,82.60656,88.51667,0.721,0.41267186,0.9,45.3837491095983,Good
363,AMBARAMPALAYAM,CWC,33,Tamil Nadu,569,Coimbatore,POLLACHI,ANAIMALAI,Ambarampalayam,Bharathapuzha,West flowing rivers from Tadri to Kanyakumari,Aliyar,-,-,Aliyar,10.63138889,76.94611111,01-09-2001 08:30,149.0,Clear,odour free,25.5,0.0,16.03,7.86,7.3,84.04,5.8,6.1,7.45,2.33,68.88525,64.24167,0.345,0.33202592,0.8,35.59973015642139,Good
364,AMBARAMPALAYAM,CWC,33,Tamil Nadu,569,Coimbatore,POLLACHI,ANAIMALAI,Ambarampalayam,Bharathapuzha,West flowing rivers from Tadri to Kanyakumari,Aliyar,-,-,Aliyar,10.63138889,76.94611111,01-10-2001 08:40,109.0,Clear,odour free,24.3,0.0,14.43,7.8,7.5,63.47,3.89,10.6,7.67,3.93,52.02459,52.283333,0.61,0.63932383,0.8,37.14960771891443,Good
365,AMBARAMPALAYAM,CWC,33,Tamil Nadu,569,Coimbatore,POLLACHI,ANAIMALAI,Ambarampalayam,Bharathapuzha,West flowing rivers from Tadri to Kanyakumari,Aliyar,-,-,Aliyar,10.63138889,76.94611111,01-11-2001 09:00,354.0,Light Brown,odour free,25.5,0.0,36.87,7.74,7.7,206.9,13.61,17.8,7.91,3.67,169.59016,148.88333,1.45,0.63644147,1.6,53.24694975857219,Poor
366,AMBARAMPALAYAM,CWC,33,Tamil Nadu,569,Coimbatore,POLLACHI,ANAIMALAI,Ambarampalayam,Bharathapuzha,West flowing rivers from Tadri to Kanyakumari,Aliyar,-,-,Aliyar,10.63138889,76.94611111,01-12-2001 08:30,140.0,Light Brown,odour free,24.8,0.0,12.83,19.95,7.1,108.34,8.75,23.9,7.8,3.7,88.803276,68.53333,1.01,1.2605509,1.0,43.44013076283243,Good
367,AMBARAMPALAYAM,CWC,33,Tamil Nadu,569,Coimbatore,POLLACHI,ANAIMALAI,Ambarampalayam,Bharathapuzha,West flowing rivers from Tadri to Kanyakumari,Aliyar,-,-,Aliyar,10.63138889,76.94611111,01-01-2002 08:15,144.0,Clear,odour free,24.8,0.0,17.64,11.08,7.6,75.84,3.89,8.2,7.65,3.529,62.163933,60.30833,0.652,0.46039006,0.8,36.880954163268804,Good
368,AMBARAMPALAYAM,CWC,33,Tamil Nadu,569,Coimbatore,POLLACHI,ANAIMALAI,Ambarampalayam,Bharathapuzha,West flowing rivers from Tadri to Kanyakumari,Aliyar,-,-,Aliyar,10.63138889,76.94611111,01-02-2002 09:00,153.0,Clear,odour free,24.8,0.0,16.03,11.19,6.9,81.26,8.75,7.6,7.6,3.66,66.60656,76.53333,1.37,0.3792033,0.7,38.38344119036832,Good
369,AMBARAMPALAYAM,CWC,33,Tamil Nadu,569,Coimbatore,POLLACHI,ANAIMALAI,Ambarampalayam,Bharathapuzha,West flowing rivers from Tadri to Kanyakumari,Aliyar,-,-,Aliyar,10.63138889,76.94611111,01-03-2002 09:45,196.0,Clear,odour free,25.5,0.0,16.03,8.95,7.1,87.11,7.78,7.9,7.41,6.47,71.40164,72.49167,1.29,0.40494764,0.7,35.84590010710256,Good
370,AMBARAMPALAYAM,CWC,33,Tamil Nadu,569,Coimbatore,POLLACHI,ANAIMALAI,Ambarampalayam,Bharathapuzha,West flowing rivers from Tadri to Kanyakumari,Aliyar,-,-,Aliyar,10.63138889,76.94611111,01-04-2002 09:15,236.0,Clear,odour free,27.2,0.0,43.29,39.02,6.3,145.75,10.69,18.8,7.58,6.73,119.46722,152.76666,2.73,0.6632806,1.2,49.46862336544423,Good
371,AMBARAMPALAYAM,CWC,33,Tamil Nadu,569,Coimbatore,POLLACHI,ANAIMALAI,Ambarampalayam,Bharathapuzha,West flowing rivers from Tadri to Kanyakumari,Aliyar,-,-,Aliyar,10.63138889,76.94611111,01-05-2002 09:00,338.0,Clear,odour free,28.0,0.0,40.08,9.49,5.7,207.71,12.64,15.6,7.67,5.56,170.2541,152.86667,1.72,0.5503578,0.9,46.84885264378368,Good
372,AMBARAMPALAYAM,CWC,33,Tamil Nadu,569,Coimbatore,POLLACHI,ANAIMALAI,Ambarampalayam,Bharathapuzha,West flowing rivers from Tadri to Kanyakumari,Aliyar,-,-,Aliyar,10.63138889,76.94611111,01-06-2002 08:40,184.0,Clear,odour free,27.3,0.0,16.03,18.98,6.5,77.88,4.86,15.9,7.04,3.46,63.836063,60.325,0.789,0.89290404,1.1,38.212026567770685,Good
373,AMBARAMPALAYAM,CWC,33,Tamil Nadu,569,Coimbatore,POLLACHI,ANAIMALAI,Ambarampalayam,Bharathapuzha,West flowing rivers from Tadri to Kanyakumari,Aliyar,-,-,Aliyar,10.63138889,76.94611111,01-07-2002 08:30,380.0,Clear,odour free,25.8,0.0,38.48,15.82,6.5,224.11,17.5,20.2,7.79,9.21,183.69672,169.11667,2.24,0.6778549,1.3,52.755796514497604,Poor
374,AMBARAMPALAYAM,CWC,33,Tamil Nadu,569,Coimbatore,POLLACHI,ANAIMALAI,Ambarampalayam,Bharathapuzha,West flowing rivers from Tadri to Kanyakumari,Aliyar,-,-,Aliyar,10.63138889,76.94611111,01-08-2002 08:30,227.0,Clear,odour free,25.8,0.0,11.22,11.47,6.5,87.46,12.64,13.1,7.57,23.54,71.68852,80.71667,1.5,0.6370656,2.2,60.06831227983373,Poor
375,AMBARAMPALAYAM,CWC,33,Tamil Nadu,569,Coimbatore,POLLACHI,ANAIMALAI,Ambarampalayam,Bharathapuzha,West flowing rivers from Tadri to Kanyakumari,Aliyar,-,-,Aliyar,10.63138889,76.94611111,02-09-2002 08:30,177.0,Clear,odour free,26.7,0.0,17.64,12.95,6.7,80.54,7.78,6.8,7.73,4.28,66.016396,76.51666,1.08,0.3392282,0.8,41.03467463016835,Good
376,AMBARAMPALAYAM,CWC,33,Tamil Nadu,569,Coimbatore,POLLACHI,ANAIMALAI,Ambarampalayam,Bharathapuzha,West flowing rivers from Tadri to Kanyakumari,Aliyar,-,-,Aliyar,10.63138889,76.94611111,01-11-2002 08:30,197.0,Clear,odour free,25.2,0.0,24.05,15.36,6.4,125.93,10.69,18.5,7.8,25.21,103.22131,104.666664,2.76,0.7891018,1.9,60.20404687121465,Poor
377,AMBARAMPALAYAM,CWC,33,Tamil Nadu,569,Coimbatore,POLLACHI,ANAIMALAI,Ambarampalayam,Bharathapuzha,West flowing rivers from Tadri to Kanyakumari,Aliyar,-,-,Aliyar,10.63138889,76.94611111,01-01-2003 08:30,146.0,Clear,odour free,23.0,0.0,9.62,9.74,6.4,40.88,6.81,8.6,7.55,17.07,33.508198,52.425,3.12,0.5186379,0.8,42.1186177630073,Good
378,AMBARAMPALAYAM,CWC,33,Tamil Nadu,569,Coimbatore,POLLACHI,ANAIMALAI,Ambarampalayam,Bharathapuzha,West flowing rivers from Tadri to Kanyakumari,Aliyar,-,-,Aliyar,10.63138889,76.94611111,01-03-2003 08:30,258.0,Clear,odour free,26.3,0.0,27.25,13.31,6.6,109.01,7.78,15.2,8.04,10.39,89.35246,100.541664,5.51,0.66114396,0.8,50.03294836369562,Poor
379,AMBARAMPALAYAM,CWC,33,Tamil Nadu,569,Coimbatore,POLLACHI,ANAIMALAI,Ambarampalayam,Bharathapuzha,West flowing rivers from Tadri to Kanyakumari,Aliyar,-,-,Aliyar,10.63138889,76.94611111,02-06-2003 08:25,418.0,Clear,odour free,28.0,0.0,27.25,27.96,6.4,160.0,12.64,27.8,7.95,12.12,131.14754,120.79167,0.908,1.1038654,1.5,54.46927333861892,Poor
380,AMBARAMPALAYAM,CWC,33,Tamil Nadu,569,Coimbatore,POLLACHI,ANAIMALAI,Ambarampalayam,Bharathapuzha,West flowing rivers from Tadri to Kanyakumari,Aliyar,-,-,Aliyar,10.63138889,76.94611111,01-07-2003 08:40,136.0,Clear,odour free,27.5,0.0,9.62,11.0,6.2,53.04,6.81,7.0,7.6,3.75,43.47541,52.425,3.7,0.42214713,0.9,45.14559414552434,Good
381,AMBARAMPALAYAM,CWC,33,Tamil Nadu,569,Coimbatore,POLLACHI,ANAIMALAI,Ambarampalayam,Bharathapuzha,West flowing rivers from Tadri to Kanyakumari,Aliyar,-,-,Aliyar,10.63138889,76.94611111,01-09-2003 08:30,167.0,Clear,odour free,26.0,0.0,12.83,9.34,6.2,53.77,2.92,7.7,7.51,2.36,44.073772,44.24167,2.12,0.50476617,1.1,44.58524678147901,Good
382,AMBARAMPALAYAM,CWC,33,Tamil Nadu,569,Coimbatore,POLLACHI,ANAIMALAI,Ambarampalayam,Bharathapuzha,West flowing rivers from Tadri to Kanyakumari,Aliyar,-,-,Aliyar,10.63138889,76.94611111,01-11-2003 08:30,143.0,Clear,odour free,26.5,0.0,14.43,13.71,6.3,50.92,5.83,4.5,7.57,2.6,41.737705,60.36667,0.58,0.2527118,0.7,38.09451954025388,Good
383,AMBARAMPALAYAM,CWC,33,Tamil Nadu,569,Coimbatore,POLLACHI,ANAIMALAI,Ambarampalayam,Bharathapuzha,West flowing rivers from Tadri to Kanyakumari,Aliyar,-,-,Aliyar,10.63138889,76.94611111,01-01-2004 08:30,109.0,Clear,odour free,24.5,0.0,9.62,9.89,6.8,50.48,4.86,5.0,7.97,2.31,41.37705,44.3,0.755,0.3278741,1.2,47.318114189398635,Good
384,AMBARAMPALAYAM,CWC,33,Tamil Nadu,569,Coimbatore,POLLACHI,ANAIMALAI,Ambarampalayam,Bharathapuzha,West flowing rivers from Tadri to Kanyakumari,Aliyar,-,-,Aliyar,10.63138889,76.94611111,01-03-2004 09:00,140.0,Clear,odour free,25.5,0.0,25.65,19.35,7.1,99.26,9.72,8.9,7.84,7.96,81.36066,104.625,0.344,0.37961924,0.6,38.06843709722289,Good
385,AMBARAMPALAYAM,CWC,33,Tamil Nadu,569,Coimbatore,POLLACHI,ANAIMALAI,Ambarampalayam,Bharathapuzha,West flowing rivers from Tadri to Kanyakumari,Aliyar,-,-,Aliyar,10.63138889,76.94611111,01-05-2004 08:30,231.0,Clear,odour free,28.0,0.0,19.24,12.29,6.3,101.09,10.69,14.2,8.03,5.51,82.86065,92.64166,2.19,0.6439903,1.6,57.624794542538986,Poor
386,AMBARAMPALAYAM,CWC,33,Tamil Nadu,569,Coimbatore,POLLACHI,ANAIMALAI,Ambarampalayam,Bharathapuzha,West flowing rivers from Tadri to Kanyakumari,Aliyar,-,-,Aliyar,10.63138889,76.94611111,01-07-2004 08:30,82.0,Clear,odour free,24.0,0.0,4.81,9.16,6.5,27.77,4.86,3.3,7.13,3.28,22.762295,32.275,1.28,0.25375625,0.8,35.0977377981584,Good
387,AMBARAMPALAYAM,CWC,33,Tamil Nadu,569,Coimbatore,POLLACHI,ANAIMALAI,Ambarampalayam,Bharathapuzha,West flowing rivers from Tadri to Kanyakumari,Aliyar,-,-,Aliyar,10.63138889,76.94611111,01-09-2004 08:30,120.0,Clear,odour free,25.0,0.0,8.02,7.44,5.8,39.67,3.89,4.9,7.84,4.91,32.51639,36.258335,0.854,0.3551466,1.2,48.518466699353816,Good
388,AMBARAMPALAYAM,CWC,33,Tamil Nadu,569,Coimbatore,POLLACHI,ANAIMALAI,Ambarampalayam,Bharathapuzha,West flowing rivers from Tadri to Kanyakumari,Aliyar,-,-,Aliyar,10.63138889,76.94611111,01-11-2004 09:15,199.0,Clear,odour free,25.0,0.0,16.03,13.65,5.6,59.03,5.83,7.2,8.02,13.76,48.385246,64.36667,0.735,0.39152128,3.1,76.88934560438426,Very Poor
389,AMBARAMPALAYAM,CWC,33,Tamil Nadu,569,Coimbatore,POLLACHI,ANAIMALAI,Ambarampalayam,Bharathapuzha,West flowing rivers from Tadri to Kanyakumari,Aliyar,-,-,Aliyar,10.63138889,76.94611111,01-01-2005 08:25,117.0,Clear,odour free,27.0,0.0,11.22,11.65,6.1,48.06,5.83,5.8,7.74,5.1,39.393444,52.341667,0.652,0.34991252,0.2,33.459430985085135,Good
390,AMBARAMPALAYAM,CWC,33,Tamil Nadu,569,Coimbatore,POLLACHI,ANAIMALAI,Ambarampalayam,Bharathapuzha,West flowing rivers from Tadri to Kanyakumari,Aliyar,-,-,Aliyar,10.63138889,76.94611111,01-03-2005 08:30,139.0,Clear,odour free,25.0,0.0,12.83,10.48,6.7,55.04,5.83,5.8,7.64,6.29,45.114754,56.366665,0.197,0.33712804,2.0,54.820809860329526,Poor
391,AMBARAMPALAYAM,CWC,33,Tamil Nadu,569,Coimbatore,POLLACHI,ANAIMALAI,Ambarampalayam,Bharathapuzha,West flowing rivers from Tadri to Kanyakumari,Aliyar,-,-,Aliyar,10.63138889,76.94611111,02-05-2005 09:00,474.0,Clear,odour free,30.5,0.0,36.87,29.26,8.0,208.21,19.44,26.7,7.96,5.79,170.66394,173.175,0.693,0.88558936,1.8,55.69234956006486,Poor
392,AMBARAMPALAYAM,CWC,33,Tamil Nadu,569,Coimbatore,POLLACHI,ANAIMALAI,Ambarampalayam,Bharathapuzha,West flowing rivers from Tadri to Kanyakumari,Aliyar,-,-,Aliyar,10.63138889,76.94611111,01-06-2005 08:30,215.0,Clear,odour free,28.5,0.0,22.44,19.7,8.1,94.57,9.72,8.9,7.85,2.39,77.516396,96.600006,0.644,0.39514112,0.8,38.579858432010745,Good
393,AMBARAMPALAYAM,CWC,33,Tamil Nadu,569,Coimbatore,POLLACHI,ANAIMALAI,Ambarampalayam,Bharathapuzha,West flowing rivers from Tadri to Kanyakumari,Aliyar,-,-,Aliyar,10.63138889,76.94611111,01-07-2005 09:00,299.0,Clear,odour free,26.5,0.0,32.06,15.76,6.0,158.15,12.64,14.0,7.65,4.9,129.63115,132.81667,0.938,0.53002906,1.3,49.99724982235682,Good
394,AMBARAMPALAYAM,CWC,33,Tamil Nadu,569,Coimbatore,POLLACHI,ANAIMALAI,Ambarampalayam,Bharathapuzha,West flowing rivers from Tadri to Kanyakumari,Aliyar,-,-,Aliyar,10.63138889,76.94611111,01-08-2005 08:15,306.0,Clear,odour free,25.5,0.0,35.27,17.91,6.9,131.65,7.78,16.1,7.46,6.91,107.90983,120.59167,1.61,0.63924617,2.0,55.50707963144006,Poor
395,AMBARAMPALAYAM,CWC,33,Tamil Nadu,569,Coimbatore,POLLACHI,ANAIMALAI,Ambarampalayam,Bharathapuzha,West flowing rivers from Tadri to Kanyakumari,Aliyar,-,-,Aliyar,10.63138889,76.94611111,01-09-2005 08:15,115.0,Clear,odour free,27.0,0.0,8.02,9.71,6.6,43.12,5.83,4.6,7.26,1.38,35.34426,44.341667,0.394,0.30164918,1.0,37.985698134368995,Good
396,AMBARAMPALAYAM,CWC,33,Tamil Nadu,569,Coimbatore,POLLACHI,ANAIMALAI,Ambarampalayam,Bharathapuzha,West flowing rivers from Tadri to Kanyakumari,Aliyar,-,-,Aliyar,10.63138889,76.94611111,01-10-2005 08:15,79.0,Clear,odour free,25.0,0.0,8.75,7.55,7.0,40.86,3.54,4.4,7.29,2.03,33.491802,36.625,1.22,0.31723145,1.0,37.93540140020188,Good
397,AMBARAMPALAYAM,CWC,33,Tamil Nadu,569,Coimbatore,POLLACHI,ANAIMALAI,Ambarampalayam,Bharathapuzha,West flowing rivers from Tadri to Kanyakumari,Aliyar,-,-,Aliyar,10.63138889,76.94611111,02-11-2005 09:00,231.0,Clear,odour free,26.5,0.0,17.64,10.86,6.6,113.87,9.72,12.4,8.03,6.72,93.33607,84.6,0.683,0.588472,0.8,44.05966803992401,Good
398,AMBARAMPALAYAM,CWC,33,Tamil Nadu,569,Coimbatore,POLLACHI,ANAIMALAI,Ambarampalayam,Bharathapuzha,West flowing rivers from Tadri to Kanyakumari,Aliyar,-,-,Aliyar,10.63138889,76.94611111,01-12-2005 08:20,375.0,Clear,odour free,26.5,0.0,29.15,17.85,7.0,146.4,15.91,26.1,7.87,36.25,119.99999,139.16667,1.67,0.9657321,1.8,57.71748614979255,Poor
399,AMBARAMPALAYAM,CWC,33,Tamil Nadu,569,Coimbatore,POLLACHI,ANAIMALAI,Ambarampalayam,Bharathapuzha,West flowing rivers from Tadri to Kanyakumari,Aliyar,-,-,Aliyar,10.63138889,76.94611111,02-01-2006 08:15,186.0,Clear,odour free,25.0,0.0,14.43,15.53,7.4,77.31,8.75,11.9,7.8,7.44,63.36885,72.53333,0.898,0.6099906,1.2,45.18448088328803,Good
400,AMBARAMPALAYAM,CWC,33,Tamil Nadu,569,Coimbatore,POLLACHI,ANAIMALAI,Ambarampalayam,Bharathapuzha,West flowing rivers from Tadri to Kanyakumari,Aliyar,-,-,Aliyar,10.63138889,76.94611111,01-02-2006 08:20,123.0,Clear,odour free,23.0,0.0,11.22,6.84,7.8,67.64,7.78,6.5,7.84,7.52,55.442623,60.466667,0.782,0.36498782,0.9,40.06019350330648,Good
401,AMBARAMPALAYAM,CWC,33,Tamil Nadu,569,Coimbatore,POLLACHI,ANAIMALAI,Ambarampalayam,Bharathapuzha,West flowing rivers from Tadri to Kanyakumari,Aliyar,-,-,Aliyar,10.63138889,76.94611111,01-03-2006 09:00,190.0,Clear,odour free,25.5,0.0,17.64,9.57,7.4,86.97,6.81,8.4,7.79,3.27,71.28689,72.475,0.97,0.43049827,0.6,36.86591503270702,Good
402,AMBARAMPALAYAM,CWC,33,Tamil Nadu,569,Coimbatore,POLLACHI,ANAIMALAI,Ambarampalayam,Bharathapuzha,West flowing rivers from Tadri to Kanyakumari,Aliyar,-,-,Aliyar,10.63138889,76.94611111,01-04-2006 08:15,159.0,Clear,odour free,26.5,0.0,14.43,11.43,6.2,67.31,4.86,7.7,7.54,5.34,55.17213,56.325,0.871,0.44756067,0.5,35.62518731003704,Good
403,AMBARAMPALAYAM,CWC,33,Tamil Nadu,569,Coimbatore,POLLACHI,ANAIMALAI,Ambarampalayam,Bharathapuzha,West flowing rivers from Tadri to Kanyakumari,Aliyar,-,-,Aliyar,10.63138889,76.94611111,01-05-2006 08:30,147.0,Clear,odour free,28.0,0.0,12.83,10.91,7.2,72.12,5.83,8.3,7.75,3.08,59.114758,56.366665,0.404,0.48244187,0.8,38.682217100620754,Good
404,AMBARAMPALAYAM,CWC,33,Tamil Nadu,569,Coimbatore,POLLACHI,ANAIMALAI,Ambarampalayam,Bharathapuzha,West flowing rivers from Tadri to Kanyakumari,Aliyar,-,-,Aliyar,10.63138889,76.94611111,01-06-2006 08:15,198.0,Clear,odour free,26.0,0.0,14.43,13.59,7.9,104.74,11.65,14.0,7.8,7.03,85.852455,84.61667,0.85,0.664677,1.7,51.114313568541654,Poor
406,AMBARAMPALAYAM,CWC,33,Tamil Nadu,569,Coimbatore,POLLACHI,ANAIMALAI,Ambarampalayam,Bharathapuzha,West flowing rivers from Tadri to Kanyakumari,Aliyar,-,-,Aliyar,10.63138889,76.94611111,01-08-2006 08:15,273.0,Clear,odour free,26.5,0.0,27.25,12.44,7.9,141.6,9.72,13.9,8.08,7.91,116.06558,108.625,1.44,0.58182544,2.1,60.09262231428935,Poor
407,AMBARAMPALAYAM,CWC,33,Tamil Nadu,569,Coimbatore,POLLACHI,ANAIMALAI,Ambarampalayam,Bharathapuzha,West flowing rivers from Tadri to Kanyakumari,Aliyar,-,-,Aliyar,10.63138889,76.94611111,01-09-2006 08:15,110.0,Clear,odour free,25.0,0.0,11.22,6.53,7.7,56.5,3.89,4.7,7.68,2.68,46.311474,44.258335,0.506,0.30819649,1.0,39.17889699033891,Good
408,AMBARAMPALAYAM,CWC,33,Tamil Nadu,569,Coimbatore,POLLACHI,ANAIMALAI,Ambarampalayam,Bharathapuzha,West flowing rivers from Tadri to Kanyakumari,Aliyar,-,-,Aliyar,10.63138889,76.94611111,03-10-2006 08:30,156.0,Clear,odour free,26.0,0.0,17.64,12.67,7.6,80.91,5.83,7.1,7.92,2.45,66.31967,68.39166,1.53,0.37450573,1.4,48.927569068028994,Good
409,AMBARAMPALAYAM,CWC,33,Tamil Nadu,569,Coimbatore,POLLACHI,ANAIMALAI,Ambarampalayam,Bharathapuzha,West flowing rivers from Tadri to Kanyakumari,Aliyar,-,-,Aliyar,10.63138889,76.94611111,01-11-2006 08:30,312.0,Clear,odour free,26.5,0.0,40.08,16.51,7.2,166.88,5.83,19.4,7.83,9.7,136.7869,124.49167,2.5,0.7578116,2.0,59.314628348395246,Poor
410,AMBARAMPALAYAM,CWC,33,Tamil Nadu,569,Coimbatore,POLLACHI,ANAIMALAI,Ambarampalayam,Bharathapuzha,West flowing rivers from Tadri to Kanyakumari,Aliyar,-,-,Aliyar,10.63138889,76.94611111,01-12-2006 08:30,362.0,Clear,odour free,26.0,0.0,28.86,23.85,7.3,167.22,12.64,29.5,7.97,20.25,137.06558,124.81667,,1.1522397,0.4,36.49636459873305,Good
411,AMBARAMPALAYAM,CWC,33,Tamil Nadu,569,Coimbatore,POLLACHI,ANAIMALAI,Ambarampalayam,Bharathapuzha,West flowing rivers from Tadri to Kanyakumari,Aliyar,-,-,Aliyar,10.63138889,76.94611111,02-01-2007 08:15,125.0,Clear,odour free,24.0,0.0,12.83,10.91,8.0,53.41,4.86,7.8,7.7,4.16,43.778687,52.325,1.17,0.47045246,0.9,38.27183563258064,Good
412,AMBARAMPALAYAM,CWC,33,Tamil Nadu,569,Coimbatore,POLLACHI,ANAIMALAI,Ambarampalayam,Bharathapuzha,West flowing rivers from Tadri to Kanyakumari,Aliyar,-,-,Aliyar,10.63138889,76.94611111,01-02-2007 08:30,152.0,Clear,odour free,24.0,0.0,14.43,8.79,8.8,78.08,6.81,9.5,7.78,3.84,64.0,64.45,1.13,0.5164305,1.3,42.76217008441032,Good
413,AMBARAMPALAYAM,CWC,33,Tamil Nadu,569,Coimbatore,POLLACHI,ANAIMALAI,Ambarampalayam,Bharathapuzha,West flowing rivers from Tadri to Kanyakumari,Aliyar,-,-,Aliyar,10.63138889,76.94611111,01-03-2007 08:30,158.0,Clear,odour free,26.5,0.0,16.03,11.05,7.2,87.4,6.81,8.2,7.76,3.88,71.63934,68.450005,1.4,0.4324809,0.5,36.21461693025021,Good
414,AMBARAMPALAYAM,CWC,33,Tamil Nadu,569,Coimbatore,POLLACHI,ANAIMALAI,Ambarampalayam,Bharathapuzha,West flowing rivers from Tadri to Kanyakumari,Aliyar,-,-,Aliyar,10.63138889,76.94611111,02-04-2007 08:30,208.0,Clear,odour free,27.0,0.0,22.44,7.92,7.3,117.71,7.78,9.7,7.86,3.26,96.483604,88.51667,1.26,0.44976595,0.2,33.09667303165785,Good
415,AMBARAMPALAYAM,CWC,33,Tamil Nadu,569,Coimbatore,POLLACHI,ANAIMALAI,Ambarampalayam,Bharathapuzha,West flowing rivers from Tadri to Kanyakumari,Aliyar,-,-,Aliyar,10.63138889,76.94611111,01-05-2007 09:00,331.0,Clear,odour free,29.0,0.0,28.86,13.72,,180.56,12.64,19.7,8.07,4.82,148.0,124.81667,2.76,0.76946175,1.1,31.70553302712735,Good
416,AMBARAMPALAYAM,CWC,33,Tamil Nadu,569,Coimbatore,POLLACHI,ANAIMALAI,Ambarampalayam,Bharathapuzha,West flowing rivers from Tadri to Kanyakumari,Aliyar,-,-,Aliyar,10.63138889,76.94611111,01-06-2007 08:15,98.0,Clear,odour free,27.5,0.0,8.02,7.24,,43.92,3.89,5.0,7.55,3.02,36.0,36.258335,1.12,0.36239445,1.0,21.082308925377937,Excellent
417,AMBARAMPALAYAM,CWC,33,Tamil Nadu,569,Coimbatore,POLLACHI,ANAIMALAI,Ambarampalayam,Bharathapuzha,West flowing rivers from Tadri to Kanyakumari,Aliyar,-,-,Aliyar,10.63138889,76.94611111,02-07-2007 09:00,237.0,Clear,odour free,25.5,0.0,20.84,14.07,,117.71,8.75,14.5,7.77,5.99,96.483604,88.558334,2.07,0.67233616,0.7,21.61775877314925,Excellent
418,AMBARAMPALAYAM,CWC,33,Tamil Nadu,569,Coimbatore,POLLACHI,ANAIMALAI,Ambarampalayam,Bharathapuzha,West flowing rivers from Tadri to Kanyakumari,Aliyar,-,-,Aliyar,10.63138889,76.94611111,01-08-2007 09:00,385.0,Clear,odour free,26.5,0.0,30.46,17.99,,195.2,13.61,26.5,7.99,11.7,160.0,132.85832,3.97,1.0032749,0.5,24.586158610329537,Excellent
419,AMBARAMPALAYAM,CWC,33,Tamil Nadu,569,Coimbatore,POLLACHI,ANAIMALAI,Ambarampalayam,Bharathapuzha,West flowing rivers from Tadri to Kanyakumari,Aliyar,-,-,Aliyar,10.63138889,76.94611111,01-09-2007 08:30,145.0,Clear,odour free,25.0,0.0,9.62,8.12,,63.12,7.78,9.2,7.74,4.39,51.737705,56.466667,1.57,0.5346915,0.6,18.727617938305755,Excellent
420,AMBARAMPALAYAM,CWC,33,Tamil Nadu,569,Coimbatore,POLLACHI,ANAIMALAI,Ambarampalayam,Bharathapuzha,West flowing rivers from Tadri to Kanyakumari,Aliyar,-,-,Aliyar,10.63138889,76.94611111,03-10-2007 08:30,196.0,Clear,odour free,25.0,0.0,17.64,12.0,,93.66,5.83,13.1,7.85,5.13,76.77049,68.39166,2.38,0.6909895,1.0,26.21328864335447,Good
421,AMBARAMPALAYAM,CWC,33,Tamil Nadu,569,Coimbatore,POLLACHI,ANAIMALAI,Ambarampalayam,Bharathapuzha,West flowing rivers from Tadri to Kanyakumari,Aliyar,-,-,Aliyar,10.63138889,76.94611111,01-11-2007 08:30,365.0,Light Brown,odour free,26.0,0.0,27.25,22.44,,171.66,12.64,29.8,8.07,21.38,140.70493,120.79167,2.43,1.1832802,1.1,31.334860281844634,Good
422,AMBARAMPALAYAM,CWC,33,Tamil Nadu,569,Coimbatore,POLLACHI,ANAIMALAI,Ambarampalayam,Bharathapuzha,West flowing rivers from Tadri to Kanyakumari,Aliyar,-,-,Aliyar,10.63138889,76.94611111,01-12-2007 08:30,197.0,Clear,odour free,24.0,0.0,14.43,12.37,,93.19,6.81,16.1,7.95,11.54,76.38525,64.45,1.18,0.8752138,0.4,17.679822270375322,Excellent
423,AMBARAMPALAYAM,CWC,33,Tamil Nadu,569,Coimbatore,POLLACHI,ANAIMALAI,Ambarampalayam,Bharathapuzha,West flowing rivers from Tadri to Kanyakumari,Aliyar,-,-,Aliyar,10.63138889,76.94611111,01-01-2008 08:30,356.0,Clear,odour free,24.0,0.0,27.25,19.23,,168.45,10.69,28.5,8.11,21.85,138.07376,112.666664,1.05,1.1715,0.5,21.62553762840383,Excellent
424,AMBARAMPALAYAM,CWC,33,Tamil Nadu,569,Coimbatore,POLLACHI,ANAIMALAI,Ambarampalayam,Bharathapuzha,West flowing rivers from Tadri to Kanyakumari,Aliyar,-,-,Aliyar,10.63138889,76.94611111,01-02-2008 08:30,198.0,Clear,odour free,24.5,0.0,12.83,9.66,,88.73,6.81,14.3,7.86,12.24,72.72951,60.45,1.02,0.8027965,0.7,20.614013389408182,Excellent
425,AMBARAMPALAYAM,CWC,33,Tamil Nadu,569,Coimbatore,POLLACHI,ANAIMALAI,Ambarampalayam,Bharathapuzha,West flowing rivers from Tadri to Kanyakumari,Aliyar,-,-,Aliyar,10.63138889,76.94611111,01-03-2008 08:15,166.0,Clear,odour free,24.0,0.0,14.43,9.26,,84.41,5.83,10.1,7.96,4.72,69.18853,60.36667,0.805,0.5671976,0.3,15.754556424563244,Excellent
426,AMBARAMPALAYAM,CWC,33,Tamil Nadu,569,Coimbatore,POLLACHI,ANAIMALAI,Ambarampalayam,Bharathapuzha,West flowing rivers from Tadri to Kanyakumari,Aliyar,-,-,Aliyar,10.63138889,76.94611111,01-04-2008 08:15,421.0,Clear,odour free,25.5,0.0,32.06,21.78,,212.17,14.58,33.2,8.21,18.04,173.90984,140.90001,1.05,1.2205656,0.6,24.766097665005493,Excellent
427,AMBARAMPALAYAM,CWC,33,Tamil Nadu,569,Coimbatore,POLLACHI,ANAIMALAI,Ambarampalayam,Bharathapuzha,West flowing rivers from Tadri to Kanyakumari,Aliyar,-,-,Aliyar,10.63138889,76.94611111,01-05-2008 08:45,213.0,Clear,odour free,28.5,0.0,19.24,11.59,,113.24,7.78,11.9,7.95,4.53,92.81967,80.51667,0.788,0.57865024,0.4,17.50224980566551,Excellent
428,AMBARAMPALAYAM,CWC,33,Tamil Nadu,569,Coimbatore,POLLACHI,ANAIMALAI,Ambarampalayam,Bharathapuzha,West flowing rivers from Tadri to Kanyakumari,Aliyar,-,-,Aliyar,10.63138889,76.94611111,02-06-2008 08:00,86.0,Clear,odour free,26.0,0.0,8.02,7.69,,43.26,3.89,4.1,7.95,2.88,35.459015,36.258335,0.588,0.29716346,0.8,21.543528131805683,Excellent
429,AMBARAMPALAYAM,CWC,33,Tamil Nadu,569,Coimbatore,POLLACHI,ANAIMALAI,Ambarampalayam,Bharathapuzha,West flowing rivers from Tadri to Kanyakumari,Aliyar,-,-,Aliyar,10.63138889,76.94611111,01-07-2008 08:00,157.0,Clear,odour free,25.5,0.0,19.24,11.54,6.59,91.6,4.86,9.8,7.89,4.68,75.08196,68.35,0.723,0.5169178,1.6,52.86417423100768,Poor
430,AMBARAMPALAYAM,CWC,33,Tamil Nadu,569,Coimbatore,POLLACHI,ANAIMALAI,Ambarampalayam,Bharathapuzha,West flowing rivers from Tadri to Kanyakumari,Aliyar,-,-,Aliyar,10.63138889,76.94611111,01-08-2008 08:00,308.0,Clear,odour free,25.0,0.0,36.87,15.38,6.41,208.36,11.67,22.5,8.13,9.17,170.78688,140.8,1.58,0.82710385,0.7,46.3711040154514,Good
431,AMBARAMPALAYAM,CWC,33,Tamil Nadu,569,Coimbatore,POLLACHI,ANAIMALAI,Ambarampalayam,Bharathapuzha,West flowing rivers from Tadri to Kanyakumari,Aliyar,-,-,Aliyar,10.63138889,76.94611111,01-09-2008 08:00,141.0,Clear,odour free,26.5,0.0,17.64,9.66,6.64,69.33,4.86,8.3,7.95,4.53,56.82787,64.35,1.58,0.4512439,0.5,39.37695628685997,Good
432,AMBARAMPALAYAM,CWC,33,Tamil Nadu,569,Coimbatore,POLLACHI,ANAIMALAI,Ambarampalayam,Bharathapuzha,West flowing rivers from Tadri to Kanyakumari,Aliyar,-,-,Aliyar,10.63138889,76.94611111,03-10-2008 08:00,91.0,Clear,odour free,25.5,0.0,9.61,7.99,6.55,52.76,4.86,4.6,7.78,1.1,43.2459,44.275,,0.30172974,0.5,35.758567776638536,Good
433,AMBARAMPALAYAM,CWC,33,Tamil Nadu,569,Coimbatore,POLLACHI,ANAIMALAI,Ambarampalayam,Bharathapuzha,West flowing rivers from Tadri to Kanyakumari,Aliyar,-,-,Aliyar,10.63138889,76.94611111,01-11-2008 08:00,397.0,Clear,odour free,25.5,0.0,37.67,29.99,6.29,216.32,17.49,40.9,8.1,62.3,177.31148,167.04999,,1.3809898,1.1,51.026422451197796,Poor
434,AMBARAMPALAYAM,CWC,33,Tamil Nadu,569,Coimbatore,POLLACHI,ANAIMALAI,Ambarampalayam,Bharathapuzha,West flowing rivers from Tadri to Kanyakumari,Aliyar,-,-,Aliyar,10.63138889,76.94611111,01-12-2008 08:00,245.0,Clear,odour free,26.0,0.0,22.44,13.99,6.26,147.73,10.69,16.3,7.7,11.54,121.090164,100.64166,0.112,0.709094,0.4,36.075713153385166,Good
435,AMBARAMPALAYAM,CWC,33,Tamil Nadu,569,Coimbatore,POLLACHI,ANAIMALAI,Ambarampalayam,Bharathapuzha,West flowing rivers from Tadri to Kanyakumari,Aliyar,-,-,Aliyar,10.63138889,76.94611111,01-01-2009 08:00,119.0,Clear,odour free,23.5,0.0,14.4,11.9,7.67,82.0,3.9,18.8,7.53,1.7,67.21311,52.25,,1.1342627,0.8,34.71524400762237,Good
436,AMBARAMPALAYAM,CWC,33,Tamil Nadu,569,Coimbatore,POLLACHI,ANAIMALAI,Ambarampalayam,Bharathapuzha,West flowing rivers from Tadri to Kanyakumari,Aliyar,-,-,Aliyar,10.63138889,76.94611111,02-02-2009 08:00,149.0,Clear,odour free,23.0,0.0,20.8,13.9,6.9,91.0,8.7,9.5,7.85,10.5,74.590164,88.25,0.691,0.44126278,0.3,34.72527924340692,Good
437,AMBARAMPALAYAM,CWC,33,Tamil Nadu,569,Coimbatore,POLLACHI,ANAIMALAI,Ambarampalayam,Bharathapuzha,West flowing rivers from Tadri to Kanyakumari,Aliyar,-,-,Aliyar,10.63138889,76.94611111,02-03-2009 08:00,126.0,Clear,odour free,26.0,0.0,16.0,7.9,6.54,82.0,6.8,7.4,7.78,1.0,67.21311,68.333336,0.069,0.39062092,0.8,40.47762757399813,Good
438,AMBARAMPALAYAM,CWC,33,Tamil Nadu,569,Coimbatore,POLLACHI,ANAIMALAI,Ambarampalayam,Bharathapuzha,West flowing rivers from Tadri to Kanyakumari,Aliyar,-,-,Aliyar,10.63138889,76.94611111,01-04-2009 08:00,259.0,Clear,odour free,26.0,0.0,33.6,17.8,6.45,168.0,12.6,22.1,8.05,27.0,137.70493,136.5,0.021,0.8252702,0.3,38.20242799469853,Good
439,AMBARAMPALAYAM,CWC,33,Tamil Nadu,569,Coimbatore,POLLACHI,ANAIMALAI,Ambarampalayam,Bharathapuzha,West flowing rivers from Tadri to Kanyakumari,Aliyar,-,-,Aliyar,10.63138889,76.94611111,01-05-2009 08:00,285.0,Clear,odour free,28.5,0.0,40.0,17.8,6.92,72.0,13.6,24.0,8.2,120.32,59.01639,156.66667,0.098,0.8364497,2.4,67.29768237596771,Poor
440,AMBARAMPALAYAM,CWC,33,Tamil Nadu,569,Coimbatore,POLLACHI,ANAIMALAI,Ambarampalayam,Bharathapuzha,West flowing rivers from Tadri to Kanyakumari,Aliyar,-,-,Aliyar,10.63138889,76.94611111,01-06-2009 09:00,165.0,Clear,odour free,28.0,0.0,20.8,11.8,6.2,101.0,7.8,8.9,7.77,3.2,82.78689,84.5,0.041,0.42240772,0.7,40.214722728988825,Good
441,AMBARAMPALAYAM,CWC,33,Tamil Nadu,569,Coimbatore,POLLACHI,ANAIMALAI,Ambarampalayam,Bharathapuzha,West flowing rivers from Tadri to Kanyakumari,Aliyar,-,-,Aliyar,10.63138889,76.94611111,01-07-2009 08:30,214.0,Clear,odour free,26.5,0.0,24.0,13.4,6.1,120.0,9.7,10.2,7.62,4.012,98.36066,100.416664,0.304,0.44412893,0.4,35.73744524798513,Good
442,AMBARAMPALAYAM,CWC,33,Tamil Nadu,569,Coimbatore,POLLACHI,ANAIMALAI,Ambarampalayam,Bharathapuzha,West flowing rivers from Tadri to Kanyakumari,Aliyar,-,-,Aliyar,10.63138889,76.94611111,01-08-2009 08:30,188.0,Clear,odour free,27.0,0.0,25.6,15.7,6.4,146.4,10.7,9.2,7.89,1.5,119.99999,108.583336,1.17,0.38524488,0.5,40.20967167560843,Good
443,AMBARAMPALAYAM,CWC,33,Tamil Nadu,569,Coimbatore,POLLACHI,ANAIMALAI,Ambarampalayam,Bharathapuzha,West flowing rivers from Tadri to Kanyakumari,Aliyar,-,-,Aliyar,10.63138889,76.94611111,01-09-2009 08:30,160.0,Clear,odour free,26.5,0.0,19.2,11.8,6.4,112.0,9.7,9.0,7.78,1.0,91.803276,88.416664,0.647,0.41774803,0.7,40.79514813176595,Good
444,AMBARAMPALAYAM,CWC,33,Tamil Nadu,569,Coimbatore,POLLACHI,ANAIMALAI,Ambarampalayam,Bharathapuzha,West flowing rivers from Tadri to Kanyakumari,Aliyar,-,-,Aliyar,10.63138889,76.94611111,01-10-2009 08:30,106.0,Clear,odour free,26.5,0.0,16.0,9.5,6.1,73.2,3.9,5.3,7.73,0.6,59.999996,56.25,,0.30815,0.1,31.117075790214127,Good
446,AMBARAMPALAYAM,CWC,33,Tamil Nadu,569,Coimbatore,POLLACHI,ANAIMALAI,Ambarampalayam,Bharathapuzha,West flowing rivers from Tadri to Kanyakumari,Aliyar,-,-,Aliyar,10.63138889,76.94611111,01-12-2009 08:15,463.0,Clear,odour free,26.0,0.0,35.2,37.1,6.5,229.4,23.3,28.3,8.1,29.5,188.03278,185.08333,1.64,0.9082362,0.1,39.67519427150396,Good
447,AMBARAMPALAYAM,CWC,33,Tamil Nadu,569,Coimbatore,POLLACHI,ANAIMALAI,Ambarampalayam,Bharathapuzha,West flowing rivers from Tadri to Kanyakumari,Aliyar,-,-,Aliyar,10.63138889,76.94611111,01-01-2010 08:30,267.0,Clear,odour free,25.0,0.0,20.8,25.5,6.6,120.0,14.6,17.2,7.27,29.0,98.36066,112.833336,1.14,0.7070333,0.7,36.95699368488403,Good
448,AMBARAMPALAYAM,CWC,33,Tamil Nadu,569,Coimbatore,POLLACHI,ANAIMALAI,Ambarampalayam,Bharathapuzha,West flowing rivers from Tadri to Kanyakumari,Aliyar,-,-,Aliyar,10.63138889,76.94611111,01-02-2010 08:15,212.0,Clear,odour free,25.5,0.0,20.8,17.0,6.9,120.0,11.7,13.0,8.0,18.0,98.36066,100.75,0.574,0.56535614,0.6,40.62579305522438,Good
449,AMBARAMPALAYAM,CWC,33,Tamil Nadu,569,Coimbatore,POLLACHI,ANAIMALAI,Ambarampalayam,Bharathapuzha,West flowing rivers from Tadri to Kanyakumari,Aliyar,-,-,Aliyar,10.63138889,76.94611111,01-03-2010 08:30,161.0,Clear,odour free,25.5,0.0,20.8,14.2,6.8,97.6,5.8,7.9,7.7,2.0,80.0,76.166664,0.885,0.39478278,1.0,42.80066176244298,Good
450,AMBARAMPALAYAM,CWC,33,Tamil Nadu,569,Coimbatore,POLLACHI,ANAIMALAI,Ambarampalayam,Bharathapuzha,West flowing rivers from Tadri to Kanyakumari,Aliyar,-,-,Aliyar,10.63138889,76.94611111,01-04-2010 08:45,202.0,Clear,odour free,26.5,0.0,33.667,59.55,6.3,151.28,9.722,45.38,7.75,0.4,124.0,124.675835,1.02,1.7725751,0.8,43.29497541519624,Good
451,AMBARAMPALAYAM,CWC,33,Tamil Nadu,569,Coimbatore,POLLACHI,ANAIMALAI,Ambarampalayam,Bharathapuzha,West flowing rivers from Tadri to Kanyakumari,Aliyar,-,-,Aliyar,10.63138889,76.94611111,01-05-2010 08:45,239.0,Clear,odour free,25.0,0.0,27.25,34.03,6.3,170.8,13.81,23.0,8.13,9.61,140.0,125.66667,0.481,0.8954855,1.6,57.451114901958455,Poor
452,AMBARAMPALAYAM,CWC,33,Tamil Nadu,569,Coimbatore,POLLACHI,ANAIMALAI,Ambarampalayam,Bharathapuzha,West flowing rivers from Tadri to Kanyakumari,Aliyar,-,-,Aliyar,10.63138889,76.94611111,01-06-2010 08:15,90.0,Clear,odour free,27.0,0.0,9.62,11.34,6.6,43.92,3.89,5.9,7.85,1.7,36.0,40.258335,0.759,0.40572914,1.0,43.825704970333184,Good
453,AMBARAMPALAYAM,CWC,33,Tamil Nadu,569,Coimbatore,POLLACHI,ANAIMALAI,Ambarampalayam,Bharathapuzha,West flowing rivers from Tadri to Kanyakumari,Aliyar,-,-,Aliyar,10.63138889,76.94611111,01-07-2010 08:30,215.0,Clear,odour free,26.0,0.0,27.25,22.68,6.2,141.52,13.61,12.7,7.8,4.8,116.0,124.83333,5.26,0.49610177,0.8,49.38716329442669,Good
454,AMBARAMPALAYAM,CWC,33,Tamil Nadu,569,Coimbatore,POLLACHI,ANAIMALAI,Ambarampalayam,Bharathapuzha,West flowing rivers from Tadri to Kanyakumari,Aliyar,-,-,Aliyar,10.63138889,76.94611111,02-08-2010 08:15,286.0,Clear,odour free,26.5,0.0,35.27,28.36,6.7,180.56,12.64,18.7,7.94,10.7,148.0,140.84167,5.72,0.6874188,1.4,58.3616621900186,Poor
455,AMBARAMPALAYAM,CWC,33,Tamil Nadu,569,Coimbatore,POLLACHI,ANAIMALAI,Ambarampalayam,Bharathapuzha,West flowing rivers from Tadri to Kanyakumari,Aliyar,-,-,Aliyar,10.63138889,76.94611111,01-09-2010 08:15,207.0,Clear,odour free,26.0,0.0,22.44,19.82,7.1,112.24,7.78,12.0,7.48,4.65,92.0,88.51667,4.92,0.5564115,1.2,47.962528711232466,Good
456,AMBARAMPALAYAM,CWC,33,Tamil Nadu,569,Coimbatore,POLLACHI,ANAIMALAI,Ambarampalayam,Bharathapuzha,West flowing rivers from Tadri to Kanyakumari,Aliyar,-,-,Aliyar,10.63138889,76.94611111,01-10-2010 08:30,171.0,Clear,odour free,26.0,0.0,22.44,19.82,7.3,122.0,9.72,11.2,7.77,6.37,100.0,96.600006,3.5,0.49725628,1.0,46.10446026113946,Good
457,AMBARAMPALAYAM,CWC,33,Tamil Nadu,569,Coimbatore,POLLACHI,ANAIMALAI,Ambarampalayam,Bharathapuzha,West flowing rivers from Tadri to Kanyakumari,Aliyar,-,-,Aliyar,10.63138889,76.94611111,01-11-2010 08:15,204.0,Clear,odour free,25.0,0.0,27.25,26.43,7.5,136.64,10.69,18.5,7.8,15.77,112.0,112.666664,3.61,0.7604474,1.4,51.80826885704293,Poor
458,AMBARAMPALAYAM,CWC,33,Tamil Nadu,569,Coimbatore,POLLACHI,ANAIMALAI,Ambarampalayam,Bharathapuzha,West flowing rivers from Tadri to Kanyakumari,Aliyar,-,-,Aliyar,10.63138889,76.94611111,01-12-2010 08:15,418.0,Clear,odour free,24.0,0.0,54.51,52.86,6.0,248.88,19.44,43.4,7.98,45.27,204.0,217.275,6.12,1.2844807,0.4,49.463443579410885,Good
459,AMBARAMPALAYAM,CWC,33,Tamil Nadu,569,Coimbatore,POLLACHI,ANAIMALAI,Ambarampalayam,Bharathapuzha,West flowing rivers from Tadri to Kanyakumari,Aliyar,-,-,Aliyar,10.63138889,76.94611111,01-01-2011 08:15,439.0,Clear,odour free,25.0,0.0,49.7,62.77,6.2,229.36,14.58,50.0,7.99,43.41,188.0,185.0,1.76,1.6033322,1.6,59.09181109415486,Poor
460,AMBARAMPALAYAM,CWC,33,Tamil Nadu,569,Coimbatore,POLLACHI,ANAIMALAI,Ambarampalayam,Bharathapuzha,West flowing rivers from Tadri to Kanyakumari,Aliyar,-,-,Aliyar,10.63138889,76.94611111,01-02-2011 08:10,254.0,Clear,odour free,24.5,0.0,35.27,49.56,6.4,151.28,8.75,30.8,8.03,21.17,124.0,124.63333,0.627,1.2030663,2.0,61.3541073467579,Poor
461,AMBARAMPALAYAM,CWC,33,Tamil Nadu,569,Coimbatore,POLLACHI,ANAIMALAI,Ambarampalayam,Bharathapuzha,West flowing rivers from Tadri to Kanyakumari,Aliyar,-,-,Aliyar,10.63138889,76.94611111,01-03-2011 08:15,590.0,Clear,odour free,26.5,24.0,46.49,52.93,5.5,219.6,20.42,54.4,8.28,42.76,220.0,201.30833,0.739,1.6731187,0.8,52.44701066832784,Poor
462,AMBARAMPALAYAM,CWC,33,Tamil Nadu,569,Coimbatore,POLLACHI,ANAIMALAI,Ambarampalayam,Bharathapuzha,West flowing rivers from Tadri to Kanyakumari,Aliyar,-,-,Aliyar,10.63138889,76.94611111,01-04-2011 08:30,184.0,Clear,odour free,27.5,0.0,30.46,26.47,5.8,131.76,8.75,17.4,7.85,9.7,107.99999,112.60833,0.663,0.71514255,1.2,50.07804925048087,Poor
463,AMBARAMPALAYAM,CWC,33,Tamil Nadu,569,Coimbatore,POLLACHI,ANAIMALAI,Ambarampalayam,Bharathapuzha,West flowing rivers from Tadri to Kanyakumari,Aliyar,-,-,Aliyar,10.63138889,76.94611111,02-05-2011 08:15,436.0,Clear,odour free,27.5,0.0,43.29,50.37,5.3,248.88,23.33,40.0,8.23,28.37,204.0,205.43333,0.738,1.2181505,4.6,104.00832140878599,Unsuitable
464,AMBARAMPALAYAM,CWC,33,Tamil Nadu,569,Coimbatore,POLLACHI,ANAIMALAI,Ambarampalayam,Bharathapuzha,West flowing rivers from Tadri to Kanyakumari,Aliyar,-,-,Aliyar,10.63138889,76.94611111,01-06-2011 08:15,90.0,Clear,odour free,27.0,0.0,17.64,9.44,6.2,58.79,1.94,5.0,7.66,2.51,48.188526,52.18333,0.225,0.3016063,1.2,45.05916290651279,Good
465,AMBARAMPALAYAM,CWC,33,Tamil Nadu,569,Coimbatore,POLLACHI,ANAIMALAI,Ambarampalayam,Bharathapuzha,West flowing rivers from Tadri to Kanyakumari,Aliyar,-,-,Aliyar,10.63138889,76.94611111,01-07-2011 08:30,199.0,Clear,odour free,27.5,0.0,22.44,25.18,6.1,117.58,8.75,18.2,7.88,9.62,96.37705,92.558334,0.379,0.8253828,2.8,70.6087955106745,Poor
466,AMBARAMPALAYAM,CWC,33,Tamil Nadu,569,Coimbatore,POLLACHI,ANAIMALAI,Ambarampalayam,Bharathapuzha,West flowing rivers from Tadri to Kanyakumari,Aliyar,-,-,Aliyar,10.63138889,76.94611111,01-08-2011 08:30,220.0,Clear,odour free,26.0,0.0,25.65,25.18,6.3,122.92,9.72,16.8,7.25,9.21,100.7541,104.625,0.395,0.7165846,1.4,45.44195713314894,Good
467,AMBARAMPALAYAM,CWC,33,Tamil Nadu,569,Coimbatore,POLLACHI,ANAIMALAI,Ambarampalayam,Bharathapuzha,West flowing rivers from Tadri to Kanyakumari,Aliyar,-,-,Aliyar,10.63138889,76.94611111,02-09-2011 08:30,188.0,Clear,odour free,25.5,0.0,19.24,22.04,6.1,106.89,7.78,15.1,7.03,5.81,87.61475,80.51667,0.49,0.7342537,1.8,48.83335666261306,Good
468,AMBARAMPALAYAM,CWC,33,Tamil Nadu,569,Coimbatore,POLLACHI,ANAIMALAI,Ambarampalayam,Bharathapuzha,West flowing rivers from Tadri to Kanyakumari,Aliyar,-,-,Aliyar,10.63138889,76.94611111,01-10-2011 08:30,88.0,Clear,odour free,26.0,0.0,11.22,12.59,6.5,37.41,1.94,6.9,6.9,2.33,30.663935,36.133335,0.255,0.50036985,1.8,44.96438602043494,Good
469,AMBARAMPALAYAM,CWC,33,Tamil Nadu,569,Coimbatore,POLLACHI,ANAIMALAI,Ambarampalayam,Bharathapuzha,West flowing rivers from Tadri to Kanyakumari,Aliyar,-,-,Aliyar,10.63138889,76.94611111,01-11-2011 08:15,285.0,Clear,odour free,25.0,0.0,35.27,34.63,6.3,154.99,7.78,26.4,7.72,17.54,127.040985,120.59167,0.401,1.0482048,2.4,63.59478567200391,Poor
470,AMBARAMPALAYAM,CWC,33,Tamil Nadu,569,Coimbatore,POLLACHI,ANAIMALAI,Ambarampalayam,Bharathapuzha,West flowing rivers from Tadri to Kanyakumari,Aliyar,-,-,Aliyar,10.63138889,76.94611111,01-12-2011 08:15,328.0,Clear,odour free,25.0,0.0,38.48,44.07,5.9,197.74,14.58,33.9,7.75,26.69,162.08197,156.95,0.495,1.1805787,0.9,46.017213819805434,Good
471,AMBARAMPALAYAM,CWC,33,Tamil Nadu,569,Coimbatore,POLLACHI,ANAIMALAI,Ambarampalayam,Bharathapuzha,West flowing rivers from Tadri to Kanyakumari,Aliyar,-,-,Aliyar,10.63138889,76.94611111,02-01-2012 08:15,332.0,Clear,odour free,24.5,0.0,38.48,37.78,7.1,171.02,11.67,28.6,7.66,28.53,140.18033,144.825,0.38,1.0365751,1.2,45.51316632270654,Good
472,AMBARAMPALAYAM,CWC,33,Tamil Nadu,569,Coimbatore,POLLACHI,ANAIMALAI,Ambarampalayam,Bharathapuzha,West flowing rivers from Tadri to Kanyakumari,Aliyar,-,-,Aliyar,10.63138889,76.94611111,01-02-2012 08:30,187.0,Clear,odour free,23.0,0.0,17.64,22.04,7.7,101.57,9.72,15.6,7.26,10.77,83.2541,84.6,0.265,0.74033576,1.7,45.59189367041824,Good
473,AMBARAMPALAYAM,CWC,33,Tamil Nadu,569,Coimbatore,POLLACHI,ANAIMALAI,Ambarampalayam,Bharathapuzha,West flowing rivers from Tadri to Kanyakumari,Aliyar,-,-,Aliyar,10.63138889,76.94611111,01-03-2012 08:15,168.0,Clear,odour free,23.5,0.0,12.83,18.89,7.0,96.2,11.67,13.0,7.59,5.41,78.852455,80.7,0.159,0.63209814,2.0,54.540447891629704,Poor
474,AMBARAMPALAYAM,CWC,33,Tamil Nadu,569,Coimbatore,POLLACHI,ANAIMALAI,Ambarampalayam,Bharathapuzha,West flowing rivers from Tadri to Kanyakumari,Aliyar,-,-,Aliyar,10.63138889,76.94611111,02-04-2012 08:45,185.0,Clear,odour free,26.0,0.0,22.44,22.04,6.2,117.58,9.72,12.8,7.92,2.76,96.37705,96.600006,0.182,0.5682929,2.1,61.13820096269095,Poor
475,AMBARAMPALAYAM,CWC,33,Tamil Nadu,569,Coimbatore,POLLACHI,ANAIMALAI,Ambarampalayam,Bharathapuzha,West flowing rivers from Tadri to Kanyakumari,Aliyar,-,-,Aliyar,10.63138889,76.94611111,01-05-2012 08:30,247.0,Clear,odour free,27.0,0.0,25.65,31.48,7.7,144.3,12.64,23.9,8.03,14.23,118.278694,116.791664,0.145,0.96519834,1.0,44.161166809218365,Good
476,AMBARAMPALAYAM,CWC,33,Tamil Nadu,569,Coimbatore,POLLACHI,ANAIMALAI,Ambarampalayam,Bharathapuzha,West flowing rivers from Tadri to Kanyakumari,Aliyar,-,-,Aliyar,10.63138889,76.94611111,01-06-2012 08:20,88.0,Clear,odour free,27.0,0.0,14.43,9.44,8.3,69.48,4.86,6.4,7.96,1.94,56.95082,56.325,0.118,0.3719985,0.7,36.08084921511119,Good
477,AMBARAMPALAYAM,CWC,33,Tamil Nadu,569,Coimbatore,POLLACHI,ANAIMALAI,Ambarampalayam,Bharathapuzha,West flowing rivers from Tadri to Kanyakumari,Aliyar,-,-,Aliyar,10.63138889,76.94611111,02-07-2012 08:30,156.0,Clear,odour free,24.0,0.0,19.24,12.59,7.9,90.85,5.83,8.1,7.86,2.83,74.46721,72.39166,0.128,0.41523775,2.0,54.07306718469328,Poor
478,AMBARAMPALAYAM,CWC,33,Tamil Nadu,569,Coimbatore,POLLACHI,ANAIMALAI,Ambarampalayam,Bharathapuzha,West flowing rivers from Tadri to Kanyakumari,Aliyar,-,-,Aliyar,10.63138889,76.94611111,01-08-2012 09:00,140.0,Clear,odour free,26.0,0.0,19.24,12.59,6.7,74.82,3.89,7.2,7.6,2.09,61.32787,64.308334,0.092,0.39143598,2.0,54.257134381149946,Poor
479,AMBARAMPALAYAM,CWC,33,Tamil Nadu,569,Coimbatore,POLLACHI,ANAIMALAI,Ambarampalayam,Bharathapuzha,West flowing rivers from Tadri to Kanyakumari,Aliyar,-,-,Aliyar,10.63138889,76.94611111,01-09-2012 08:30,162.0,Clear,odour free,25.0,0.0,19.24,17.19,7.0,97.11,7.78,11.0,7.51,3.64,79.59836,80.51667,0.174,0.5348868,1.8,50.69283474792154,Poor
480,AMBARAMPALAYAM,CWC,33,Tamil Nadu,569,Coimbatore,POLLACHI,ANAIMALAI,Ambarampalayam,Bharathapuzha,West flowing rivers from Tadri to Kanyakumari,Aliyar,-,-,Aliyar,10.63138889,76.94611111,01-10-2012 08:30,111.0,Clear,odour free,26.0,0.0,11.22,12.89,6.8,48.56,2.92,7.4,7.89,1.86,39.80328,40.216667,0.149,0.50887126,3.3,73.96049129451015,Poor
481,AMBARAMPALAYAM,CWC,33,Tamil Nadu,569,Coimbatore,POLLACHI,ANAIMALAI,Ambarampalayam,Bharathapuzha,West flowing rivers from Tadri to Kanyakumari,Aliyar,-,-,Aliyar,10.63138889,76.94611111,01-11-2012 08:30,268.0,Clear,odour free,25.0,0.0,28.86,30.08,6.4,126.25,9.72,16.0,7.83,9.8,103.483604,112.65,0.285,0.6576066,1.2,47.99799535449155,Good
482,AMBARAMPALAYAM,CWC,33,Tamil Nadu,569,Coimbatore,POLLACHI,ANAIMALAI,Ambarampalayam,Bharathapuzha,West flowing rivers from Tadri to Kanyakumari,Aliyar,-,-,Aliyar,10.63138889,76.94611111,01-12-2012 08:30,226.0,Clear,odour free,25.0,0.0,25.65,21.48,6.5,111.68,7.78,11.9,7.68,4.92,91.540985,96.541664,0.153,0.5282581,1.6,51.09512746786924,Poor
483,AMBARAMPALAYAM,CWC,33,Tamil Nadu,569,Coimbatore,POLLACHI,ANAIMALAI,Ambarampalayam,Bharathapuzha,West flowing rivers from Tadri to Kanyakumari,Aliyar,-,-,Aliyar,10.63138889,76.94611111,01-01-2013 08:30,148.0,Clear,odour free,24.0,0.0,16.03,12.89,6.7,77.69,5.83,7.6,7.71,2.85,63.68033,64.36667,0.239,0.41327247,1.5,48.93366854642568,Good
484,AMBARAMPALAYAM,CWC,33,Tamil Nadu,569,Coimbatore,POLLACHI,ANAIMALAI,Ambarampalayam,Bharathapuzha,West flowing rivers from Tadri to Kanyakumari,Aliyar,-,-,Aliyar,10.63138889,76.94611111,01-02-2013 09:00,150.0,Clear,odour free,25.0,0.0,20.84,12.89,7.0,82.55,3.89,6.9,7.34,2.38,67.66394,68.308334,0.05,0.36394843,1.4,42.92605963410272,Good
485,AMBARAMPALAYAM,CWC,33,Tamil Nadu,569,Coimbatore,POLLACHI,ANAIMALAI,Ambarampalayam,Bharathapuzha,West flowing rivers from Tadri to Kanyakumari,Aliyar,-,-,Aliyar,10.63138889,76.94611111,01-03-2013 09:00,188.0,Clear,odour free,26.0,0.0,24.05,17.19,7.9,101.97,5.83,10.2,7.4,3.25,83.58197,84.416664,0.085,0.48409542,0.6,30.903131722264614,Good
486,AMBARAMPALAYAM,CWC,33,Tamil Nadu,569,Coimbatore,POLLACHI,ANAIMALAI,Ambarampalayam,Bharathapuzha,West flowing rivers from Tadri to Kanyakumari,Aliyar,-,-,Aliyar,10.63138889,76.94611111,01-04-2013 09:00,259.0,Clear,odour free,27.0,0.0,33.67,21.48,7.1,145.67,9.72,11.4,7.35,3.15,119.401634,124.674995,0.0699,0.44529346,0.8,36.117493201014994,Good
487,AMBARAMPALAYAM,CWC,33,Tamil Nadu,569,Coimbatore,POLLACHI,ANAIMALAI,Ambarampalayam,Bharathapuzha,West flowing rivers from Tadri to Kanyakumari,Aliyar,-,-,Aliyar,10.63138889,76.94611111,01-05-2013 09:00,235.0,Light Brown,odour free,27.0,0.0,32.06,17.19,7.3,131.1,7.78,10.8,7.72,8.23,107.45902,112.56667,0.147,0.44387868,1.3,45.6234927227892,Good
488,AMBARAMPALAYAM,CWC,33,Tamil Nadu,569,Coimbatore,POLLACHI,ANAIMALAI,Ambarampalayam,Bharathapuzha,West flowing rivers from Tadri to Kanyakumari,Aliyar,-,-,Aliyar,10.63138889,76.94611111,01-06-2013 09:00,198.0,Clear,odour free,27.0,0.0,22.44,17.19,7.4,111.68,8.75,9.1,7.26,3.52,91.540985,92.558334,0.058,0.4126914,0.8,33.91085611710542,Good
489,AMBARAMPALAYAM,CWC,33,Tamil Nadu,569,Coimbatore,POLLACHI,ANAIMALAI,Ambarampalayam,Bharathapuzha,West flowing rivers from Tadri to Kanyakumari,Aliyar,-,-,Aliyar,10.63138889,76.94611111,01-07-2013 08:15,214.0,Clear,odour free,25.0,0.0,28.86,21.48,8.1,111.68,6.81,11.3,7.95,4.71,91.540985,100.525,0.155,0.49144346,0.8,38.756909153691176,Good
490,AMBARAMPALAYAM,CWC,33,Tamil Nadu,569,Coimbatore,POLLACHI,ANAIMALAI,Ambarampalayam,Bharathapuzha,West flowing rivers from Tadri to Kanyakumari,Aliyar,-,-,Aliyar,10.63138889,76.94611111,01-08-2013 08:30,368.0,Clear,odour free,25.0,0.0,32.06,29.65,7.2,177.72,20.42,20.4,7.73,14.52,145.67213,165.23334,0.296,0.69287515,0.6,38.75896293158949,Good
491,AMBARAMPALAYAM,CWC,33,Tamil Nadu,569,Coimbatore,POLLACHI,ANAIMALAI,Ambarampalayam,Bharathapuzha,West flowing rivers from Tadri to Kanyakumari,Aliyar,-,-,Aliyar,10.63138889,76.94611111,02-09-2013 08:30,135.2,Clear,odour free,27.0,0.0,19.24,14.88,6.6,82.96,5.86,9.2,7.6,3.87,68.0,72.51667,0.185,0.47122425,1.6,49.545890642337106,Good
492,AMBARAMPALAYAM,CWC,33,Tamil Nadu,569,Coimbatore,POLLACHI,ANAIMALAI,Ambarampalayam,Bharathapuzha,West flowing rivers from Tadri to Kanyakumari,Aliyar,-,-,Aliyar,10.63138889,76.94611111,01-10-2013 08:15,104.0,Clear,odour free,26.0,0.0,12.62,10.27,7.5,52.42,3.83,5.4,7.43,1.81,42.967213,47.50833,0.435,0.34171635,1.8,48.052700146227764,Good
493,AMBARAMPALAYAM,CWC,33,Tamil Nadu,569,Coimbatore,POLLACHI,ANAIMALAI,Ambarampalayam,Bharathapuzha,West flowing rivers from Tadri to Kanyakumari,Aliyar,-,-,Aliyar,10.63138889,76.94611111,01-11-2013 08:15,216.0,Clear,odour free,26.0,0.0,26.83,16.12,6.3,119.61,6.7,11.8,7.78,6.5,98.040985,94.99167,0.06,0.52795684,0.5,37.4674703652813,Good
494,AMBARAMPALAYAM,CWC,33,Tamil Nadu,569,Coimbatore,POLLACHI,ANAIMALAI,Ambarampalayam,Bharathapuzha,West flowing rivers from Tadri to Kanyakumari,Aliyar,-,-,Aliyar,10.63138889,76.94611111,02-12-2013 08:15,103.6,Clear,odour free,25.0,0.0,13.09,12.51,7.2,68.32,3.98,9.7,7.86,2.85,56.0,49.308334,0.33,0.6025171,3.6,77.20406743887803,Very Poor
495,AMBARAMPALAYAM,CWC,33,Tamil Nadu,569,Coimbatore,POLLACHI,ANAIMALAI,Ambarampalayam,Bharathapuzha,West flowing rivers from Tadri to Kanyakumari,Aliyar,-,-,Aliyar,10.63138889,76.94611111,01-01-2014 08:15,110.0,Clear,odour free,24.0,0.0,14.2,9.3,7.4,61.24,3.83,4.9,7.37,1.43,50.196724,51.458332,0.023,0.29789633,1.0,36.48705171062045,Good
496,AMBARAMPALAYAM,CWC,33,Tamil Nadu,569,Coimbatore,POLLACHI,ANAIMALAI,Ambarampalayam,Bharathapuzha,West flowing rivers from Tadri to Kanyakumari,Aliyar,-,-,Aliyar,10.63138889,76.94611111,01-02-2014 08:15,124.0,Clear,odour free,24.0,0.0,11.0,9.31,7.0,63.13,5.71,4.9,7.82,4.4,51.745903,51.291668,0.391,0.2986258,1.6,50.546079203486904,Poor
497,AMBARAMPALAYAM,CWC,33,Tamil Nadu,569,Coimbatore,POLLACHI,ANAIMALAI,Ambarampalayam,Bharathapuzha,West flowing rivers from Tadri to Kanyakumari,Aliyar,-,-,Aliyar,10.63138889,76.94611111,01-03-2014 08:30,148.0,Clear,odour free,25.0,0.0,19.43,16.97,6.2,82.13,4.91,9.0,8.18,3.13,67.31967,69.03333,0.413,0.4723653,1.4,53.53111739154625,Poor
498,AMBARAMPALAYAM,CWC,33,Tamil Nadu,569,Coimbatore,POLLACHI,ANAIMALAI,Ambarampalayam,Bharathapuzha,West flowing rivers from Tadri to Kanyakumari,Aliyar,-,-,Aliyar,10.63138889,76.94611111,01-04-2014 09:00,171.0,Clear,odour free,27.0,0.0,22.0,17.02,5.9,89.84,5.72,9.5,7.35,1.65,73.63934,78.833336,0.05,0.46660292,1.4,46.1456592236953,Good
499,AMBARAMPALAYAM,CWC,33,Tamil Nadu,569,Coimbatore,POLLACHI,ANAIMALAI,Ambarampalayam,Bharathapuzha,West flowing rivers from Tadri to Kanyakumari,Aliyar,-,-,Aliyar,10.63138889,76.94611111,01-05-2014 09:00,204.0,Clear,odour free,27.0,0.0,28.29,18.91,6.0,99.3,2.86,11.5,7.51,2.93,81.39345,82.64167,0.42,0.5512007,1.0,42.263643763015246,Good
500,AMBARAMPALAYAM,CWC,33,Tamil Nadu,569,Coimbatore,POLLACHI,ANAIMALAI,Ambarampalayam,Bharathapuzha,West flowing rivers from Tadri to Kanyakumari,Aliyar,-,-,Aliyar,10.63138889,76.94611111,02-06-2014 09:00,209.0,Clear,odour free,26.5,0.0,26.72,17.02,5.7,113.49,6.67,11.9,7.85,3.0,93.02459,94.59167,0.392,0.5335554,0.8,44.08070298575675,Good
502,AMBARAMPALAYAM,CWC,33,Tamil Nadu,569,Coimbatore,POLLACHI,ANAIMALAI,Ambarampalayam,Bharathapuzha,West flowing rivers from Tadri to Kanyakumari,Aliyar,-,-,Aliyar,10.63138889,76.94611111,01-08-2014 09:00,456.0,Clear,odour free,25.0,0.0,53.88,31.55,5.6,241.68,15.37,24.4,8.02,12.91,198.09836,198.74167,1.07,0.75486696,6.6,127.65821153826282,Unsuitable
503,AMBARAMPALAYAM,CWC,33,Tamil Nadu,569,Coimbatore,POLLACHI,ANAIMALAI,Ambarampalayam,Bharathapuzha,West flowing rivers from Tadri to Kanyakumari,Aliyar,-,-,Aliyar,10.63138889,76.94611111,01-09-2014 08:30,246.0,Clear,odour free,25.0,0.0,29.98,20.59,6.2,127.18,7.66,15.6,7.99,6.3,104.2459,106.86667,0.809,0.6580725,1.16,49.82659433787179,Good
504,AMBARAMPALAYAM,CWC,33,Tamil Nadu,569,Coimbatore,POLLACHI,ANAIMALAI,Ambarampalayam,Bharathapuzha,West flowing rivers from Tadri to Kanyakumari,Aliyar,-,-,Aliyar,10.63138889,76.94611111,01-10-2014 08:15,157.0,Light Brown,odour free,26.0,13.85,16.96,14.98,5.5,46.92,4.67,10.7,8.94,5.73,61.54235,61.85833,0.681,0.593324,0.78,54.386309465560274,Poor
505,AMBARAMPALAYAM,CWC,33,Tamil Nadu,569,Coimbatore,POLLACHI,ANAIMALAI,Ambarampalayam,Bharathapuzha,West flowing rivers from Tadri to Kanyakumari,Aliyar,-,-,Aliyar,10.63138889,76.94611111,01-11-2014 08:30,312.0,Clear,odour free,25.5,0.0,27.75,31.83,6.3,136.08,14.02,19.6,7.78,17.06,111.540985,127.79167,2.3,0.75673497,2.67,70.75385707900155,Poor
506,AMBARAMPALAYAM,CWC,33,Tamil Nadu,569,Coimbatore,POLLACHI,ANAIMALAI,Ambarampalayam,Bharathapuzha,West flowing rivers from Tadri to Kanyakumari,Aliyar,-,-,Aliyar,10.63138889,76.94611111,01-12-2014 08:45,274.0,Clear,odour free,25.0,0.0,24.66,26.35,7.43,136.08,13.09,18.6,7.38,13.52,111.540985,116.191666,1.03,0.75317013,0.78,36.739472705799834,Good
507,AMBARAMPALAYAM,CWC,33,Tamil Nadu,569,Coimbatore,POLLACHI,ANAIMALAI,Ambarampalayam,Bharathapuzha,West flowing rivers from Tadri to Kanyakumari,Aliyar,-,-,Aliyar,10.63138889,76.94611111,01-01-2015 08:30,325.0,Clear,odour free,26.0,0.0,27.22,32.06,7.0,140.77,14.67,23.6,7.54,15.17,115.38525,129.175,3.04,0.9063568,1.12,46.747424838452005,Good
508,AMBARAMPALAYAM,CWC,33,Tamil Nadu,569,Coimbatore,POLLACHI,ANAIMALAI,Ambarampalayam,Bharathapuzha,West flowing rivers from Tadri to Kanyakumari,Aliyar,-,-,Aliyar,10.63138889,76.94611111,02-02-2015 08:30,182.0,Clear,odour free,24.5,0.0,16.64,13.2,6.95,93.85,8.25,10.0,7.91,4.75,76.92623,75.975,0.412,0.5007175,0.79,41.25597990267379,Good
509,AMBARAMPALAYAM,CWC,33,Tamil Nadu,569,Coimbatore,POLLACHI,ANAIMALAI,Ambarampalayam,Bharathapuzha,West flowing rivers from Tadri to Kanyakumari,Aliyar,-,-,Aliyar,10.63138889,76.94611111,02-03-2015 08:30,156.0,Clear,odour free,27.0,0.0,16.64,13.18,7.27,75.08,4.59,9.6,7.75,3.26,61.540985,60.725,0.239,0.53727376,0.79,38.1139479967452,Good
510,AMBARAMPALAYAM,CWC,33,Tamil Nadu,569,Coimbatore,POLLACHI,ANAIMALAI,Ambarampalayam,Bharathapuzha,West flowing rivers from Tadri to Kanyakumari,Aliyar,-,-,Aliyar,10.63138889,76.94611111,01-04-2015 09:00,169.0,Clear,odour free,27.5,0.0,18.15,15.06,6.28,84.46,7.34,9.0,7.75,3.62,69.22951,75.958336,0.769,0.45057482,0.99,44.446582964495214,Good
511,AMBARAMPALAYAM,CWC,33,Tamil Nadu,569,Coimbatore,POLLACHI,ANAIMALAI,Ambarampalayam,Bharathapuzha,West flowing rivers from Tadri to Kanyakumari,Aliyar,-,-,Aliyar,10.63138889,76.94611111,01-05-2015 08:30,527.0,Clear,odour free,27.0,0.0,46.89,38.61,6.51,262.77,24.76,29.4,7.9,21.57,215.38524,220.39166,1.38,0.86439914,1.37,55.21249079792393,Poor
513,AMBARAMPALAYAM,CWC,33,Tamil Nadu,569,Coimbatore,POLLACHI,ANAIMALAI,Ambarampalayam,Bharathapuzha,West flowing rivers from Tadri to Kanyakumari,Aliyar,-,-,Aliyar,10.63138889,76.94611111,01-07-2015 09:10,438.0,Clear,odour free,27.5,0.0,49.21,40.68,6.8,204.5,10.59,30.1,8.09,19.68,167.62296,167.15,1.65,1.0150863,1.03,49.84826467006852,Good
514,AMBARAMPALAYAM,CWC,33,Tamil Nadu,569,Coimbatore,POLLACHI,ANAIMALAI,Ambarampalayam,Bharathapuzha,West flowing rivers from Tadri to Kanyakumari,Aliyar,-,-,Aliyar,10.63138889,76.94611111,01-08-2015 09:15,225.0,Clear,odour free,27.5,0.0,34.92,21.26,6.1,122.59,4.81,16.0,7.82,6.85,100.483604,107.34166,1.69,0.6730479,1.36,51.94704195463145,Poor
515,AMBARAMPALAYAM,CWC,33,Tamil Nadu,569,Coimbatore,POLLACHI,ANAIMALAI,Ambarampalayam,Bharathapuzha,West flowing rivers from Tadri to Kanyakumari,Aliyar,-,-,Aliyar,10.63138889,76.94611111,01-09-2015 08:30,163.0,Clear,odour free,25.5,0.0,22.22,15.46,6.7,75.44,1.93,11.1,7.82,6.0,61.836067,63.591663,0.762,0.60644746,0.81,40.9204799523503,Good
516,AMBARAMPALAYAM,CWC,33,Tamil Nadu,569,Coimbatore,POLLACHI,ANAIMALAI,Ambarampalayam,Bharathapuzha,West flowing rivers from Tadri to Kanyakumari,Aliyar,-,-,Aliyar,10.63138889,76.94611111,01-10-2015 08:30,218.0,Clear,odour free,25.0,0.0,26.85,23.08,6.4,93.4,3.83,15.2,7.6,7.41,76.55738,83.083336,1.68,0.7267905,0.97,43.35586884504109,Good
517,AMBARAMPALAYAM,CWC,33,Tamil Nadu,569,Coimbatore,POLLACHI,ANAIMALAI,Ambarampalayam,Bharathapuzha,West flowing rivers from Tadri to Kanyakumari,Aliyar,-,-,Aliyar,10.63138889,76.94611111,02-11-2015 08:15,190.0,Clear,odour free,24.5,0.0,20.53,17.31,6.1,84.06,5.75,13.3,8.07,8.43,68.901634,75.28333,1.86,0.6685256,1.3,53.33697809250164,Poor
518,AMBARAMPALAYAM,CWC,33,Tamil Nadu,569,Coimbatore,POLLACHI,ANAIMALAI,Ambarampalayam,Bharathapuzha,West flowing rivers from Tadri to Kanyakumari,Aliyar,-,-,Aliyar,10.63138889,76.94611111,01-12-2015 08:30,391.0,Clear,odour free,24.0,0.0,33.17,32.7,6.4,172.78,18.2,23.9,8.15,16.51,141.62296,158.75833,3.49,0.82797354,0.95,53.120947020403136,Poor
520,AMBARAMPALAYAM,CWC,33,Tamil Nadu,569,Coimbatore,POLLACHI,ANAIMALAI,Ambarampalayam,Bharathapuzha,West flowing rivers from Tadri to Kanyakumari,Aliyar,-,-,Aliyar,10.63138889,76.94611111,01-02-2016 08:30,129.0,Clear,odour free,23.0,0.0,17.37,12.14,7.5,60.71,2.87,8.0,7.72,4.7,49.762295,55.383335,0.632,0.46857426,1.75,50.42191191341981,Poor
521,AMBARAMPALAYAM,CWC,33,Tamil Nadu,569,Coimbatore,POLLACHI,ANAIMALAI,Ambarampalayam,Bharathapuzha,West flowing rivers from Tadri to Kanyakumari,Aliyar,-,-,Aliyar,10.63138889,76.94611111,01-03-2016 08:30,128.0,Clear,odour free,24.0,0.0,9.43,12.74,6.4,36.49,4.77,8.4,7.59,4.94,29.909838,43.45,3.27,0.55619115,0.58,39.35930373436184,Good
522,AMBARAMPALAYAM,CWC,33,Tamil Nadu,569,Coimbatore,POLLACHI,ANAIMALAI,Ambarampalayam,Bharathapuzha,West flowing rivers from Tadri to Kanyakumari,Aliyar,-,-,Aliyar,10.63138889,76.94611111,01-04-2016 08:30,179.0,Clear,odour free,25.0,0.0,20.43,16.38,6.6,72.97,3.81,9.3,7.61,4.19,59.811478,66.95,2.3,0.49548998,0.78,40.84690745334383,Good
523,AMBARAMPALAYAM,CWC,33,Tamil Nadu,569,Coimbatore,POLLACHI,ANAIMALAI,Ambarampalayam,Bharathapuzha,West flowing rivers from Tadri to Kanyakumari,Aliyar,-,-,Aliyar,10.63138889,76.94611111,02-05-2016 08:30,126.0,Clear,odour free,26.5,0.0,17.29,12.74,6.7,45.61,1.91,8.0,7.97,3.42,37.385246,51.183334,3.21,0.4872629,0.94,46.83878569833245,Good
524,AMBARAMPALAYAM,CWC,33,Tamil Nadu,569,Coimbatore,POLLACHI,ANAIMALAI,Ambarampalayam,Bharathapuzha,West flowing rivers from Tadri to Kanyakumari,Aliyar,-,-,Aliyar,10.63138889,76.94611111,01-06-2016 08:15,83.0,Clear,odour free,25.0,0.0,7.86,9.1,6.4,36.49,2.86,6.0,7.04,2.44,29.909838,31.566666,0.113,0.46589768,1.9,47.75758932058435,Good
525,AMBARAMPALAYAM,CWC,33,Tamil Nadu,569,Coimbatore,POLLACHI,ANAIMALAI,Ambarampalayam,Bharathapuzha,West flowing rivers from Tadri to Kanyakumari,Aliyar,-,-,Aliyar,10.63138889,76.94611111,01-07-2016 08:45,263.0,Clear,odour free,24.0,0.0,29.86,21.83,7.19,123.14,5.72,16.5,7.85,10.14,100.934425,98.48334,0.505,0.7248383,1.9,55.32978189321141,Poor
526,AMBARAMPALAYAM,CWC,33,Tamil Nadu,569,Coimbatore,POLLACHI,ANAIMALAI,Ambarampalayam,Bharathapuzha,West flowing rivers from Tadri to Kanyakumari,Aliyar,-,-,Aliyar,10.63138889,76.94611111,01-08-2016 09:00,155.0,Clear,odour free,26.0,0.0,15.72,16.38,7.66,104.9,11.44,11.2,7.79,6.5,85.983604,86.96667,0.562,0.5244361,1.1,43.16957535572354,Good
527,AMBARAMPALAYAM,CWC,33,Tamil Nadu,569,Coimbatore,POLLACHI,ANAIMALAI,Ambarampalayam,Bharathapuzha,West flowing rivers from Tadri to Kanyakumari,Aliyar,-,-,Aliyar,10.63138889,76.94611111,01-09-2016 09:15,155.0,Clear,odour free,26.0,0.0,12.57,12.74,7.15,77.53,8.58,8.9,7.16,3.29,63.54918,67.174995,0.548,0.47413284,1.16,38.63973265246713,Good
528,AMBARAMPALAYAM,CWC,33,Tamil Nadu,569,Coimbatore,POLLACHI,ANAIMALAI,Ambarampalayam,Bharathapuzha,West flowing rivers from Tadri to Kanyakumari,Aliyar,-,-,Aliyar,10.63138889,76.94611111,01-10-2016 09:45,123.0,Dark Green,odour free,26.0,0.0,15.83,9.56,7.07,58.85,1.92,7.0,6.85,2.8,48.237705,47.575,0.37,0.442258,0.38,24.179094915212136,Excellent
529,AMBARAMPALAYAM,CWC,33,Tamil Nadu,569,Coimbatore,POLLACHI,ANAIMALAI,Ambarampalayam,Bharathapuzha,West flowing rivers from Tadri to Kanyakumari,Aliyar,-,-,Aliyar,10.63138889,76.94611111,01-11-2016 08:30,215.0,Clear,odour free,25.5,0.0,23.75,22.95,6.28,88.28,4.8,15.3,7.57,10.41,72.36066,79.375,1.08,0.748706,1.9,55.25929646104567,Poor
530,AMBARAMPALAYAM,CWC,33,Tamil Nadu,569,Coimbatore,POLLACHI,ANAIMALAI,Ambarampalayam,Bharathapuzha,West flowing rivers from Tadri to Kanyakumari,Aliyar,-,-,Aliyar,10.63138889,76.94611111,01-12-2016 08:30,118.0,Clear,odour free,24.5,0.0,11.06,11.64,7.47,58.56,5.75,7.6,7.44,2.7,48.0,51.608334,0.455,0.46175247,1.9,49.86589338034719,Good
531,AMBARAMPALAYAM,CWC,33,Tamil Nadu,569,Coimbatore,POLLACHI,ANAIMALAI,Ambarampalayam,Bharathapuzha,West flowing rivers from Tadri to Kanyakumari,Aliyar,-,-,Aliyar,10.63138889,76.94611111,02-01-2017 09:15,107.0,Clear,odour free,23.5,0.0,11.06,9.7,6.06,48.8,3.83,6.2,7.35,3.11,40.0,43.608334,0.297,0.40957522,0.74,36.398195930142904,Good
532,AMBARAMPALAYAM,CWC,33,Tamil Nadu,569,Coimbatore,POLLACHI,ANAIMALAI,Ambarampalayam,Bharathapuzha,West flowing rivers from Tadri to Kanyakumari,Aliyar,-,-,Aliyar,10.63138889,76.94611111,01-02-2017 09:15,109.0,Clear,odour free,22.5,0.0,7.9,11.64,5.88,39.04,2.87,8.1,7.52,1.79,32.0,31.708334,0.354,0.627554,0.95,41.129620191353894,Good
533,AMBARAMPALAYAM,CWC,33,Tamil Nadu,569,Coimbatore,POLLACHI,ANAIMALAI,Ambarampalayam,Bharathapuzha,West flowing rivers from Tadri to Kanyakumari,Aliyar,-,-,Aliyar,10.63138889,76.94611111,01-03-2017 08:30,77.0,Clear,odour free,24.5,0.0,6.26,9.52,7.22,34.33,2.85,6.0,6.98,1.96,28.139345,27.525,0.107,0.49907607,1.33,37.34412392867647,Good
534,AMBARAMPALAYAM,CWC,33,Tamil Nadu,569,Coimbatore,POLLACHI,ANAIMALAI,Ambarampalayam,Bharathapuzha,West flowing rivers from Tadri to Kanyakumari,Aliyar,-,-,Aliyar,10.63138889,76.94611111,01-04-2017 09:00,77.0,Clear,odour free,24.5,0.0,6.26,9.52,6.57,29.43,1.9,6.6,7.38,2.15,24.122952,23.566668,0.131,0.592996,0.77,35.11830917584688,Good
535,AMBARAMPALAYAM,CWC,33,Tamil Nadu,569,Coimbatore,POLLACHI,ANAIMALAI,Ambarampalayam,Bharathapuzha,West flowing rivers from Tadri to Kanyakumari,Aliyar,-,-,Aliyar,10.63138889,76.94611111,01-05-2017 09:15,132.0,Clear,odour free,25.5,0.0,14.08,13.33,5.88,49.05,1.9,7.9,7.71,2.23,40.204918,43.116665,0.205,0.5243333,0.58,37.82860901408031,Good
544,Ambasamudram,CWC,33,Tamil Nadu,588,Theni,THENI,THENI,Theni,Duplicate-Vaigai,East flowing rivers between Pennar and Kanyakumari,Vaigai,-,-,Vaigai,9.92555556,77.51166667,01-11-2001 08:30,288.0,Clear,odour free,24.7,0.0,16.03,24.75,6.6,106.1,10.69,26.9,8.14,8.09,86.96721,84.61667,0.736,1.2768054,1.3,52.08459558634176,Poor
545,Ambasamudram,CWC,33,Tamil Nadu,588,Theni,THENI,THENI,Theni,Duplicate-Vaigai,East flowing rivers between Pennar and Kanyakumari,Vaigai,-,-,Vaigai,9.92555556,77.51166667,01-12-2001 08:30,507.0,Clear,odour free,24.0,10.66,27.25,62.08,6.8,140.84,26.25,34.0,8.52,17.92,133.20929,177.5,1.83,1.1147809,0.8,52.68062765212934,Poor
546,Ambasamudram,CWC,33,Tamil Nadu,588,Theni,THENI,THENI,Theni,Duplicate-Vaigai,East flowing rivers between Pennar and Kanyakumari,Vaigai,-,-,Vaigai,9.92555556,77.51166667,01-01-2002 09:15,285.0,Clear,odour free,22.2,10.66,12.83,31.04,6.8,65.0,16.53,23.7,8.3,29.77,71.04536,100.950005,2.23,1.0307639,0.6,46.25180579357227,Good
547,Ambasamudram,CWC,33,Tamil Nadu,588,Theni,THENI,THENI,Theni,Duplicate-Vaigai,East flowing rivers between Pennar and Kanyakumari,Vaigai,-,-,Vaigai,9.92555556,77.51166667,01-11-2002 08:30,150.0,Clear,odour free,23.7,0.0,11.22,9.6,6.2,62.96,6.81,7.4,7.94,8.18,51.606556,56.425,1.17,0.43007234,3.4,79.17600505643252,Very Poor
548,Ambasamudram,CWC,33,Tamil Nadu,588,Theni,THENI,THENI,Theni,Duplicate-Vaigai,East flowing rivers between Pennar and Kanyakumari,Vaigai,-,-,Vaigai,9.92555556,77.51166667,01-05-2003 08:30,139.0,Light Brown,odour free,25.2,0.0,12.83,18.49,6.2,30.5,6.81,4.1,7.76,6.4,25.0,60.45,3.78,0.23017241,0.8,45.46934384885625,Good
549,Ambasamudram,CWC,33,Tamil Nadu,588,Theni,THENI,THENI,Theni,Duplicate-Vaigai,East flowing rivers between Pennar and Kanyakumari,Vaigai,-,-,Vaigai,9.92555556,77.51166667,01-12-2003 08:30,168.0,Light Brown,odour free,20.0,0.0,9.62,13.38,6.1,53.53,5.83,7.7,8.17,7.2,43.87705,48.341667,1.24,0.48347566,2.0,62.58255943895354,Poor
552,Ambasamudram,CWC,33,Tamil Nadu,588,Theni,THENI,THENI,Theni,Duplicate-Vaigai,East flowing rivers between Pennar and Kanyakumari,Vaigai,-,-,Vaigai,9.92555556,77.51166667,01-11-2004 08:30,167.0,Light Brown,odour free,21.0,0.0,16.03,11.7,6.4,70.84,6.81,8.9,8.16,8.32,58.06557,68.450005,1.02,0.46940002,1.1,49.67778003590619,Good
553,Ambasamudram,CWC,33,Tamil Nadu,588,Theni,THENI,THENI,Theni,Duplicate-Vaigai,East flowing rivers between Pennar and Kanyakumari,Vaigai,-,-,Vaigai,9.92555556,77.51166667,01-12-2004 09:00,379.0,Clear,odour free,23.0,7.65,30.46,26.04,6.7,124.43,17.5,26.4,8.61,37.22,114.741806,149.06667,2.82,0.9439028,1.0,56.40174689676824,Poor
554,Ambasamudram,CWC,33,Tamil Nadu,588,Theni,THENI,THENI,Theni,Duplicate-Vaigai,East flowing rivers between Pennar and Kanyakumari,Vaigai,-,-,Vaigai,9.92555556,77.51166667,01-02-2005 08:30,244.0,Clear,odour free,24.0,6.64,17.64,19.41,6.2,70.24,10.69,17.7,8.37,22.45,68.640434,88.64166,1.48,0.8207275,2.2,68.35152959094377,Poor
555,Ambasamudram,CWC,33,Tamil Nadu,588,Theni,THENI,THENI,Theni,Duplicate-Vaigai,East flowing rivers between Pennar and Kanyakumari,Vaigai,-,-,Vaigai,9.92555556,77.51166667,07-04-2005 08:30,178.0,Light Brown,odour free,22.0,0.0,14.43,19.32,6.4,72.44,7.78,16.2,8.11,8.13,59.377052,68.49167,2.57,0.8544228,2.4,68.78905008317834,Poor
556,Ambasamudram,CWC,33,Tamil Nadu,588,Theni,THENI,THENI,Theni,Duplicate-Vaigai,East flowing rivers between Pennar and Kanyakumari,Vaigai,-,-,Vaigai,9.92555556,77.51166667,02-05-2005 08:30,666.0,Clear,odour free,27.0,0.0,27.25,42.92,6.3,199.54,26.25,41.8,8.26,21.35,163.55737,177.5,2.23,1.3705248,2.4,73.67089461447057,Poor
557,Ambasamudram,CWC,33,Tamil Nadu,588,Theni,THENI,THENI,Theni,Duplicate-Vaigai,East flowing rivers between Pennar and Kanyakumari,Vaigai,-,-,Vaigai,9.92555556,77.51166667,01-06-2005 08:30,205.0,Clear,odour free,26.5,14.88,43.29,61.07,6.2,208.06,24.31,59.3,8.3,23.05,195.34099,209.51666,3.67,1.788322,0.3,48.029071980264526,Good
559,Ambasamudram,CWC,33,Tamil Nadu,588,Theni,THENI,THENI,Theni,Duplicate-Vaigai,East flowing rivers between Pennar and Kanyakumari,Vaigai,-,-,Vaigai,9.92555556,77.51166667,01-08-2005 08:30,218.0,Clear,odour free,23.0,0.0,9.62,11.94,6.7,54.47,7.78,7.2,7.94,4.87,44.64754,56.466667,0.938,0.41845423,0.6,39.866498729692246,Good
560,Ambasamudram,CWC,33,Tamil Nadu,588,Theni,THENI,THENI,Theni,Duplicate-Vaigai,East flowing rivers between Pennar and Kanyakumari,Vaigai,-,-,Vaigai,9.92555556,77.51166667,08-10-2005 08:30,173.0,Clear,odour free,24.0,0.0,11.66,11.32,6.6,59.01,5.3,12.1,7.65,5.33,48.36885,51.233334,2.35,0.7377128,3.6,79.32406207878297,Very Poor
561,Ambasamudram,CWC,33,Tamil Nadu,588,Theni,THENI,THENI,Theni,Duplicate-Vaigai,East flowing rivers between Pennar and Kanyakumari,Vaigai,-,-,Vaigai,9.92555556,77.51166667,02-11-2005 08:30,354.0,Clear,odour free,23.5,0.0,20.84,23.52,6.2,81.33,17.5,27.6,6.6,95.14,66.66393,125.01667,1.68,1.0780976,0.8,34.154828361708546,Good
562,Ambasamudram,CWC,33,Tamil Nadu,588,Theni,THENI,THENI,Theni,Duplicate-Vaigai,East flowing rivers between Pennar and Kanyakumari,Vaigai,-,-,Vaigai,9.92555556,77.51166667,01-12-2005 08:30,290.0,Clear,odour free,23.5,0.0,17.49,17.85,7.1,101.67,10.61,21.0,8.14,28.49,83.33607,87.933334,1.99,0.9776599,0.6,42.93496711041698,Good
563,Ambasamudram,CWC,33,Tamil Nadu,588,Theni,THENI,THENI,Theni,Duplicate-Vaigai,East flowing rivers between Pennar and Kanyakumari,Vaigai,-,-,Vaigai,9.92555556,77.51166667,02-01-2006 08:30,399.0,Clear,odour free,23.0,16.63,28.86,31.06,7.3,178.77,21.39,37.2,8.42,10.09,174.24945,161.275,3.19,1.2791485,0.1,42.02884746629946,Good
565,Ambasamudram,CWC,33,Tamil Nadu,588,Theni,THENI,THENI,Theni,Duplicate-Vaigai,East flowing rivers between Pennar and Kanyakumari,Vaigai,-,-,Vaigai,9.92555556,77.51166667,01-04-2006 08:30,849.0,Clear,odour free,24.0,18.92,19.24,68.55,6.2,288.47,49.58,77.3,8.36,52.07,267.98416,254.68333,5.19,2.1180894,1.9,75.5140237169552,Very Poor
567,Ambasamudram,CWC,33,Tamil Nadu,588,Theni,THENI,THENI,Theni,Duplicate-Vaigai,East flowing rivers between Pennar and Kanyakumari,Vaigai,-,-,Vaigai,9.92555556,77.51166667,01-11-2006 08:30,176.0,Clear,odour free,21.0,0.0,11.22,12.84,7.4,65.74,7.78,9.8,7.88,8.92,53.885242,60.466667,3.43,0.55028933,2.3,63.616198810883525,Poor
568,Ambasamudram,CWC,33,Tamil Nadu,588,Theni,THENI,THENI,Theni,Duplicate-Vaigai,East flowing rivers between Pennar and Kanyakumari,Vaigai,-,-,Vaigai,9.92555556,77.51166667,01-12-2006 08:30,422.0,Clear,odour free,23.5,10.26,28.86,23.85,7.1,182.68,19.44,34.3,8.37,31.23,166.83769,153.15001,,1.2101573,0.7,46.018509865754204,Good
570,Ambasamudram,CWC,33,Tamil Nadu,588,Theni,THENI,THENI,Theni,Duplicate-Vaigai,East flowing rivers between Pennar and Kanyakumari,Vaigai,-,-,Vaigai,9.92555556,77.51166667,01-02-2007 08:30,701.0,Clear,odour free,22.0,33.6,49.7,54.93,7.7,307.44,29.17,78.4,8.64,40.29,308.0,245.79167,6.28,2.1830242,0.9,60.12627293286121,Poor
571,Ambasamudram,CWC,33,Tamil Nadu,588,Theni,THENI,THENI,Theni,Duplicate-Vaigai,East flowing rivers between Pennar and Kanyakumari,Vaigai,-,-,Vaigai,9.92555556,77.51166667,02-07-2007 08:30,219.0,Clear,odour free,22.5,0.0,17.64,14.07,6.4,98.09,6.81,14.8,8.13,9.39,80.401634,72.475,2.68,0.758497,2.9,75.875517219904,Very Poor
573,Ambasamudram,CWC,33,Tamil Nadu,588,Theni,THENI,THENI,Theni,Duplicate-Vaigai,East flowing rivers between Pennar and Kanyakumari,Vaigai,-,-,Vaigai,9.92555556,77.51166667,01-11-2007 08:30,301.0,Clear,odour free,22.0,9.65,20.84,22.44,4.0,122.61,12.64,28.1,8.32,23.3,116.583336,104.76667,3.42,1.1985053,1.9,72.32455680047532,Poor
574,Ambasamudram,CWC,33,Tamil Nadu,588,Theni,THENI,THENI,Theni,Duplicate-Vaigai,East flowing rivers between Pennar and Kanyakumari,Vaigai,-,-,Vaigai,9.92555556,77.51166667,01-12-2007 08:30,397.0,Clear,odour free,20.5,19.3,28.86,35.04,7.2,161.85,20.42,39.4,8.53,21.85,164.83061,157.23334,3.83,1.3720143,0.5,49.3925491429809,Good
575,Ambasamudram,CWC,33,Tamil Nadu,588,Theni,THENI,THENI,Theni,Duplicate-Vaigai,East flowing rivers between Pennar and Kanyakumari,Vaigai,-,-,Vaigai,9.92555556,77.51166667,01-01-2008 08:30,461.0,Clear,odour free,20.0,14.62,30.46,30.76,7.6,188.26,19.44,39.1,8.47,23.53,178.67813,157.15,2.77,1.3617406,0.6,47.81237606883973,Good
576,Ambasamudram,CWC,33,Tamil Nadu,588,Theni,THENI,THENI,Theni,Duplicate-Vaigai,East flowing rivers between Pennar and Kanyakumari,Vaigai,-,-,Vaigai,9.92555556,77.51166667,01-02-2008 08:30,760.0,Clear,odour free,23.0,48.48,48.1,56.02,7.4,231.68,28.19,69.1,8.49,38.22,270.70163,237.70833,4.94,1.9565053,0.7,54.78945431907419,Poor
577,Ambasamudram,CWC,33,Tamil Nadu,588,Theni,THENI,THENI,Theni,Duplicate-Vaigai,East flowing rivers between Pennar and Kanyakumari,Vaigai,-,-,Vaigai,9.92555556,77.51166667,01-03-2008 08:30,680.0,Clear,odour free,22.0,36.32,43.29,55.54,9.4,232.13,26.25,72.3,8.56,35.23,250.80383,217.6,5.46,2.139705,0.9,53.2324994195797,Poor
578,Ambasamudram,CWC,33,Tamil Nadu,588,Theni,THENI,THENI,Theni,Duplicate-Vaigai,East flowing rivers between Pennar and Kanyakumari,Vaigai,-,-,Vaigai,9.92555556,77.51166667,01-04-2008 08:30,375.0,Light Brown,odour free,22.5,15.65,54.0,21.78,6.17,143.22,15.56,28.7,8.33,73.75,143.47678,199.83333,2.2,0.88547873,2.3,72.48356690094109,Poor
579,Ambasamudram,CWC,33,Tamil Nadu,588,Theni,THENI,THENI,Theni,Duplicate-Vaigai,East flowing rivers between Pennar and Kanyakumari,Vaigai,-,-,Vaigai,9.92555556,77.51166667,01-05-2008 08:30,680.0,Light Brown,odour free,23.0,42.43,43.29,44.43,6.6,231.87,27.22,61.2,8.68,29.93,260.77405,221.64166,3.58,1.7947001,0.3,51.1796024136821,Poor
580,Ambasamudram,CWC,33,Tamil Nadu,588,Theni,THENI,THENI,Theni,Duplicate-Vaigai,East flowing rivers between Pennar and Kanyakumari,Vaigai,-,-,Vaigai,9.92555556,77.51166667,02-06-2008 08:00,815.0,Clear,odour free,22.5,36.92,44.89,67.29,7.2,268.13,30.14,87.2,8.56,51.11,281.312,237.80833,4.97,2.4689214,1.4,65.80446129385443,Poor
581,Ambasamudram,CWC,33,Tamil Nadu,588,Theni,THENI,THENI,Theni,Duplicate-Vaigai,East flowing rivers between Pennar and Kanyakumari,Vaigai,-,-,Vaigai,9.92555556,77.51166667,01-08-2008 08:00,412.0,Clear,odour free,22.5,16.18,27.25,30.76,5.4,169.98,14.58,41.1,8.54,23.91,166.29453,128.875,2.6,1.5802641,1.3,62.460301065262996,Poor
582,Ambasamudram,CWC,33,Tamil Nadu,588,Theni,THENI,THENI,Theni,Duplicate-Vaigai,East flowing rivers between Pennar and Kanyakumari,Vaigai,-,-,Vaigai,9.92555556,77.51166667,01-09-2008 08:00,338.0,Brown,odour free,22.5,15.74,20.84,23.18,6.37,106.67,12.64,27.6,8.48,24.29,113.667755,104.76667,3.32,1.1771795,0.9,54.20866721161796,Poor
584,Ambasamudram,CWC,33,Tamil Nadu,588,Theni,THENI,THENI,Theni,Duplicate-Vaigai,East flowing rivers between Pennar and Kanyakumari,Vaigai,-,-,Vaigai,9.92555556,77.51166667,01-11-2008 08:00,510.0,Clear,odour free,21.5,31.14,34.46,40.99,7.5,184.66,24.79,53.1,8.32,49.3,203.26065,189.44167,,1.6846166,0.9,48.44584219085318,Good
585,Ambasamudram,CWC,33,Tamil Nadu,588,Theni,THENI,THENI,Theni,Duplicate-Vaigai,East flowing rivers between Pennar and Kanyakumari,Vaigai,-,-,Vaigai,9.92555556,77.51166667,01-12-2008 08:00,373.0,,,,0.0,22.44,27.99,6.4,184.66,15.55,28.1,8.2,21.85,151.36066,120.89167,0.208,1.1159141,3.2,79.35199217277092,Very Poor
586,Ambasamudram,CWC,33,Tamil Nadu,588,Theni,THENI,THENI,Theni,Duplicate-Vaigai,East flowing rivers between Pennar and Kanyakumari,Vaigai,-,-,Vaigai,9.92555556,77.51166667,01-01-2009 08:00,479.0,Clear,odour free,21.5,67.2,54.4,37.6,6.8,154.0,9.7,53.9,8.5,32.0,238.2295,176.41667,0.816,1.7689989,0.7,48.62643736011096,Good
587,Ambasamudram,CWC,33,Tamil Nadu,588,Theni,THENI,THENI,Theni,Duplicate-Vaigai,East flowing rivers between Pennar and Kanyakumari,Vaigai,-,-,Vaigai,9.92555556,77.51166667,02-02-2009 08:00,640.0,Clear,odour free,20.5,0.0,48.0,65.0,6.9,302.0,29.2,84.0,8.42,89.0,247.54099,241.66667,4.24,2.358945,0.4,50.77029130263724,Poor
589,Ambasamudram,CWC,33,Tamil Nadu,588,Theni,THENI,THENI,Theni,Duplicate-Vaigai,East flowing rivers between Pennar and Kanyakumari,Vaigai,-,-,Vaigai,9.92555556,77.51166667,01-12-2009 08:30,331.0,Light Brown,odour free,22.0,0.0,27.2,21.5,7.3,149.0,12.6,16.5,8.15,23.5,122.13115,120.5,1.21,0.65596324,0.1,35.49532973178662,Good
590,Ambasamudram,CWC,33,Tamil Nadu,588,Theni,THENI,THENI,Theni,Duplicate-Vaigai,East flowing rivers between Pennar and Kanyakumari,Vaigai,-,-,Vaigai,9.92555556,77.51166667,01-01-2010 08:30,301.0,Clear,odour free,22.0,9.6,22.4,22.7,7.4,96.0,14.6,16.9,8.34,19.2,94.68852,116.833336,2.25,0.6826379,0.4,42.43325162477944,Good
591,Ambasamudram,CWC,33,Tamil Nadu,588,Theni,THENI,THENI,Theni,Duplicate-Vaigai,East flowing rivers between Pennar and Kanyakumari,Vaigai,-,-,Vaigai,9.92555556,77.51166667,06-10-2010 08:30,162.0,Light Brown,odour free,23.5,0.0,17.64,16.52,7.5,82.96,6.81,9.4,7.85,7.11,68.0,72.475,4.04,0.48174807,1.4,51.744545587136564,Poor
592,Ambasamudram,CWC,33,Tamil Nadu,588,Theni,THENI,THENI,Theni,Duplicate-Vaigai,East flowing rivers between Pennar and Kanyakumari,Vaigai,-,-,Vaigai,9.92555556,77.51166667,01-11-2010 08:30,217.0,Brown,odour free,21.5,0.0,19.24,16.52,6.6,82.96,4.86,10.4,7.79,9.14,68.0,68.35,4.03,0.54856586,1.6,55.91341520816444,Poor
593,Ambasamudram,CWC,33,Tamil Nadu,588,Theni,THENI,THENI,Theni,Duplicate-Vaigai,East flowing rivers between Pennar and Kanyakumari,Vaigai,-,-,Vaigai,9.92555556,77.51166667,01-12-2010 08:30,123.0,Light Brown,odour free,20.0,0.0,14.43,16.52,6.4,78.08,6.81,12.5,8.1,8.85,64.0,64.45,3.41,0.6795138,0.8,47.949183683850755,Good
594,Ambasamudram,CWC,33,Tamil Nadu,588,Theni,THENI,THENI,Theni,Duplicate-Vaigai,East flowing rivers between Pennar and Kanyakumari,Vaigai,-,-,Vaigai,9.92555556,77.51166667,01-01-2011 08:30,369.0,Clear,odour free,22.0,0.0,44.89,52.86,8.6,204.96,12.64,37.2,8.23,27.47,168.0,164.89166,3.2,1.2634617,0.4,40.238744996184856,Good
595,Ambasamudram,CWC,33,Tamil Nadu,588,Theni,THENI,THENI,Theni,Duplicate-Vaigai,East flowing rivers between Pennar and Kanyakumari,Vaigai,-,-,Vaigai,9.92555556,77.51166667,01-03-2011 08:30,731.0,Dark Green,odour free,23.0,24.0,70.54,95.94,6.8,229.36,12.64,73.0,8.48,41.53,228.0,229.01668,4.82,2.1028094,1.0,58.44764745656287,Poor
596,Ambasamudram,CWC,33,Tamil Nadu,588,Theni,THENI,THENI,Theni,Duplicate-Vaigai,East flowing rivers between Pennar and Kanyakumari,Vaigai,-,-,Vaigai,9.92555556,77.51166667,21-10-2011 08:30,129.0,Brown,odour free,23.0,0.0,8.02,18.89,7.8,37.41,4.86,9.9,7.15,6.69,30.663935,40.300003,0.305,0.6808122,2.5,53.94940351061886,Poor
597,Ambasamudram,CWC,33,Tamil Nadu,588,Theni,THENI,THENI,Theni,Duplicate-Vaigai,East flowing rivers between Pennar and Kanyakumari,Vaigai,-,-,Vaigai,9.92555556,77.51166667,01-11-2011 08:30,380.0,Brown,odour free,22.5,0.0,44.89,40.92,6.4,176.37,12.64,30.1,8.15,23.01,144.56557,164.89166,2.1,1.0223172,1.6,59.79711305160794,Poor
598,Ambasamudram,CWC,33,Tamil Nadu,588,Theni,THENI,THENI,Theni,Duplicate-Vaigai,East flowing rivers between Pennar and Kanyakumari,Vaigai,-,-,Vaigai,9.92555556,77.51166667,01-12-2011 08:30,250.0,Brown,odour free,23.0,0.0,16.03,31.48,7.6,101.54,10.69,24.3,8.01,15.85,83.22951,84.61667,1.32,1.1533966,1.7,54.4415283104424,Poor
599,Ambasamudram,CWC,33,Tamil Nadu,588,Theni,THENI,THENI,Theni,Duplicate-Vaigai,East flowing rivers between Pennar and Kanyakumari,Vaigai,-,-,Vaigai,9.92555556,77.51166667,02-01-2012 08:30,349.0,Brown,odour free,23.5,0.0,30.46,34.63,7.7,165.68,16.53,26.9,8.08,23.63,135.80327,145.025,2.1,0.9750149,1.6,55.94076463887168,Poor
600,Ambasamudram,CWC,33,Tamil Nadu,588,Theni,THENI,THENI,Theni,Duplicate-Vaigai,East flowing rivers between Pennar and Kanyakumari,Vaigai,-,-,Vaigai,9.92555556,77.51166667,01-02-2012 08:30,603.0,Brown,odour free,23.5,47.31,44.89,69.26,7.9,192.4,33.05,53.0,8.4,34.99,236.55492,249.93333,3.45,1.463934,1.8,66.19469199473032,Poor
601,Ambasamudram,CWC,33,Tamil Nadu,588,Theni,THENI,THENI,Theni,Duplicate-Vaigai,East flowing rivers between Pennar and Kanyakumari,Vaigai,-,-,Vaigai,9.92555556,77.51166667,19-10-2012 08:30,169.0,Brown,odour free,27.0,0.0,14.43,12.89,8.0,67.98,6.81,9.2,7.85,15.16,55.721313,64.45,0.701,0.50012213,1.0,40.89855261912427,Good
602,Ambasamudram,CWC,33,Tamil Nadu,588,Theni,THENI,THENI,Theni,Duplicate-Vaigai,East flowing rivers between Pennar and Kanyakumari,Vaigai,-,-,Vaigai,9.92555556,77.51166667,01-11-2012 08:30,268.0,Clear,odour free,24.5,0.0,32.06,21.48,8.4,121.39,5.83,14.5,7.83,17.34,99.5,104.44167,0.638,0.6185115,0.8,37.46359222960084,Good
603,Ambasamudram,CWC,33,Tamil Nadu,588,Theni,THENI,THENI,Theni,Duplicate-Vaigai,East flowing rivers between Pennar and Kanyakumari,Vaigai,-,-,Vaigai,9.92555556,77.51166667,01-12-2012 08:30,334.0,Clear,odour free,24.5,0.0,27.25,34.37,6.2,150.52,13.61,25.4,7.91,20.16,123.37705,124.83333,0.497,0.99220353,1.2,50.18585488379672,Poor
604,Ambasamudram,CWC,33,Tamil Nadu,588,Theni,THENI,THENI,Theni,Duplicate-Vaigai,East flowing rivers between Pennar and Kanyakumari,Vaigai,-,-,Vaigai,9.92555556,77.51166667,22-11-2013 08:30,222.0,Clear,odour free,27.5,0.0,21.26,12.5,7.3,92.68,5.98,7.0,7.94,7.88,75.96722,78.066666,0.61,0.34552795,0.8,40.829091845064944,Good
605,Ambasamudram,CWC,33,Tamil Nadu,588,Theni,THENI,THENI,Theni,Duplicate-Vaigai,East flowing rivers between Pennar and Kanyakumari,Vaigai,-,-,Vaigai,9.92555556,77.51166667,05-12-2013 08:30,190.0,Clear,odour free,25.0,0.0,16.35,10.72,12.7,73.19,5.98,6.1,7.98,7.88,59.991806,65.791664,0.17,0.32809594,2.6,51.11627309580017,Poor
606,Ambasamudram,CWC,33,Tamil Nadu,588,Theni,THENI,THENI,Theni,Duplicate-Vaigai,East flowing rivers between Pennar and Kanyakumari,Vaigai,-,-,Vaigai,9.92555556,77.51166667,21-10-2014 08:30,111.0,Light Brown,odour free,25.0,18.46,15.42,9.36,7.6,14.08,1.87,6.6,8.4,5.61,42.307648,46.341667,0.755,0.42249843,0.78,43.46195348679401,Good
607,Ambasamudram,CWC,33,Tamil Nadu,588,Theni,THENI,THENI,Theni,Duplicate-Vaigai,East flowing rivers between Pennar and Kanyakumari,Vaigai,-,-,Vaigai,9.92555556,77.51166667,01-11-2014 08:30,125.0,Light Brown,odour free,25.5,0.0,12.33,14.98,6.5,51.62,3.74,9.7,7.87,4.39,42.311474,46.408333,1.16,0.62105536,0.38,36.48492580458058,Good
608,Ambasamudram,CWC,33,Tamil Nadu,588,Theni,THENI,THENI,Theni,Duplicate-Vaigai,East flowing rivers between Pennar and Kanyakumari,Vaigai,-,-,Vaigai,9.92555556,77.51166667,01-12-2014 08:30,195.0,Clear,odour free,24.0,0.0,16.96,20.71,7.4,79.77,7.48,14.7,7.53,7.93,65.38525,73.566666,1.62,0.74789023,0.78,37.725150546600545,Good
609,Ambasamudram,CWC,33,Tamil Nadu,588,Theni,THENI,THENI,Theni,Duplicate-Vaigai,East flowing rivers between Pennar and Kanyakumari,Vaigai,-,-,Vaigai,9.92555556,77.51166667,01-01-2015 08:30,149.0,Clear,odour free,26.0,18.46,10.59,24.52,6.8,9.38,4.59,17.1,8.59,4.56,38.45519,45.600002,1.81,1.1050066,0.66,47.27189785667731,Good
610,Ambasamudram,CWC,33,Tamil Nadu,588,Theni,THENI,THENI,Theni,Duplicate-Vaigai,East flowing rivers between Pennar and Kanyakumari,Vaigai,-,-,Vaigai,9.92555556,77.51166667,14-05-2015 08:30,190.0,Clear,odour free,25.0,0.0,15.12,16.26,6.2,51.62,1.83,11.7,7.59,10.94,42.311474,45.425,1.33,0.75649273,2.91,68.79773196389115,Poor
611,Ambasamudram,CWC,33,Tamil Nadu,588,Theni,THENI,THENI,Theni,Duplicate-Vaigai,East flowing rivers between Pennar and Kanyakumari,Vaigai,-,-,Vaigai,9.92555556,77.51166667,01-10-2015 08:30,132.0,Light Brown,odour free,24.0,0.0,15.8,15.39,7.0,46.7,1.92,10.5,7.39,9.61,38.27869,47.5,2.02,0.66391146,1.95,52.739309583392945,Poor
612,Ambasamudram,CWC,33,Tamil Nadu,588,Theni,THENI,THENI,Theni,Duplicate-Vaigai,East flowing rivers between Pennar and Kanyakumari,Vaigai,-,-,Vaigai,9.92555556,77.51166667,02-11-2015 08:30,98.0,Clear,odour free,25.0,0.0,9.48,11.54,17.2,28.02,1.92,7.8,7.6,8.49,22.967213,31.699999,1.4,0.6039871,1.51,21.94913225547236,Excellent
613,Ambasamudram,CWC,33,Tamil Nadu,588,Theni,THENI,THENI,Theni,Duplicate-Vaigai,East flowing rivers between Pennar and Kanyakumari,Vaigai,-,-,Vaigai,9.92555556,77.51166667,01-12-2015 08:30,115.0,Clear,odour free,25.0,0.0,14.22,19.23,6.9,32.69,1.92,12.7,7.83,8.42,26.79508,43.55,3.54,0.83871186,0.95,45.454307923601505,Good
614,Ambasamudram,CWC,33,Tamil Nadu,588,Theni,THENI,THENI,Theni,Duplicate-Vaigai,East flowing rivers between Pennar and Kanyakumari,Vaigai,-,-,Vaigai,9.92555556,77.51166667,01-01-2016 08:30,128.0,Clear,odour free,24.0,13.78,22.11,20.81,8.1,74.72,10.54,15.4,9.04,16.01,84.21257,99.191666,2.03,0.6748211,2.08,69.101334774111,Poor
743,A.P.PURAM,CWC,33,Tamil Nadu,592,Tirunelveli,TIRUNELVELI,-,-,Tambraparani,East flowing rivers between Pennar and Kanyakumari,Chittar,-,-,Chittar,8.90138889,77.64861111,01-05-2015 08:25,2780.0,Clear,odour free,27.0,0.0,89.23,670.58,,286.23,79.79,389.0,7.9,182.6,234.61476,555.5333,4.44,7.208799,0.79,42.96331264366447,Good
778,Arcot,CWC,33,Tamil Nadu,731,Ranipet,Arcot,-,-,Duplicate-Palar,East flowing rivers between Pennar and Kanyakumari,-,-,-,Palar,12.91388889,79.33305556,08-11-2010 08:30,1960.0,Clear,odour free,29.0,0.0,70.31,362.89,,594.9,37.92,360.0,7.42,210.0,487.623,333.775,1.91,8.601069,0.201,20.730494277266445,Excellent
779,Arcot,CWC,33,Tamil Nadu,731,Ranipet,Arcot,-,-,Duplicate-Palar,East flowing rivers between Pennar and Kanyakumari,-,-,-,Palar,12.91388889,79.33305556,01-12-2010 10:00,1790.0,Clear,odour free,25.5,0.0,78.49,337.55,,561.68,42.78,304.0,7.7,165.0,460.39343,374.47498,4.18,6.8571734,1.347,42.155298351733514,Good
780,Arcot,CWC,33,Tamil Nadu,731,Ranipet,Arcot,-,-,Duplicate-Palar,East flowing rivers between Pennar and Kanyakumari,-,-,-,Palar,12.91388889,79.33305556,03-01-2011 08:30,2230.0,Clear,odour free,25.0,0.0,75.22,400.29,,642.56,55.42,348.0,7.74,214.0,526.68854,418.96667,8.09,7.424165,1.821,56.09901529102485,Poor
781,Arcot,CWC,33,Tamil Nadu,731,Ranipet,Arcot,-,-,Duplicate-Palar,East flowing rivers between Pennar and Kanyakumari,-,-,-,Palar,12.91388889,79.33305556,19-11-2015 09:00,758.0,,odour free,,0.0,38.74,115.64,,190.71,17.83,88.9,7.66,69.58,156.31967,171.14168,0.434,2.9655774,1.09,26.540928977498535,Good
782,Arcot,CWC,33,Tamil Nadu,731,Ranipet,Arcot,-,-,Duplicate-Palar,East flowing rivers between Pennar and Kanyakumari,-,-,-,Palar,12.91388889,79.33305556,01-12-2015 08:00,913.0,,odour free,,0.0,45.42,151.44,,224.37,15.4,111.5,7.58,60.71,183.90984,177.71666,1.137,3.6485994,2.01,39.10357172691434,Good
783,Arcot,CWC,33,Tamil Nadu,731,Ranipet,Arcot,-,-,Duplicate-Palar,East flowing rivers between Pennar and Kanyakumari,-,-,-,Palar,12.91388889,79.33305556,02-01-2016 08:00,1345.0,,odour free,,0.0,65.46,278.25,,258.35,22.7,170.0,8.1,64.83,211.7623,258.23334,0.388,4.614985,2.37,50.22630714626353,Poor
784,Arcot,CWC,33,Tamil Nadu,731,Ranipet,Arcot,-,-,Duplicate-Palar,East flowing rivers between Pennar and Kanyakumari,-,-,-,Palar,12.91388889,79.33305556,26-07-2016 10:00,1245.0,Clear,odour free,28.5,0.0,52.91,280.92,,173.16,18.48,164.5,7.78,69.81,141.93443,209.275,1.001,4.9606504,3.1,56.578954631241366,Poor
785,Arcot,CWC,33,Tamil Nadu,731,Ranipet,Arcot,-,-,Duplicate-Palar,East flowing rivers between Pennar and Kanyakumari,-,-,-,Palar,12.91388889,79.33305556,01-08-2016 09:00,1688.0,Clear,odour free,26.5,0.0,51.3,385.27,,251.87,37.94,230.0,7.84,88.1,206.45082,286.3333,0.6,5.93543,1.81,42.73985146247636,Good
786,Arcot,CWC,33,Tamil Nadu,731,Ranipet,Arcot,-,-,Duplicate-Palar,East flowing rivers between Pennar and Kanyakumari,-,-,-,Palar,12.91388889,79.33305556,11-09-2017 08:00,1748.0,Clear,Odour free,29.5,0.0,79.0,264.0,,267.0,40.3,204.0,7.5,186.5,219.0,366.0,1.06,4.7,3.8,68.13075134722686,Poor
787,Arcot,CWC,33,Tamil Nadu,731,Ranipet,Arcot,-,-,Duplicate-Palar,East flowing rivers between Pennar and Kanyakumari,-,-,-,Palar,12.91388889,79.33305556,04-10-2017 08:00,1222.0,Clear,Odour free,27.0,0.0,42.0,215.5,,262.0,22.4,166.5,7.6,33.5,215.0,197.0,0.78,5.2,1.3,30.51754176800674,Good
788,Arcot,CWC,33,Tamil Nadu,731,Ranipet,Arcot,-,-,Duplicate-Palar,East flowing rivers between Pennar and Kanyakumari,-,-,-,Palar,12.91388889,79.33305556,01-11-2017 08:00,1201.0,Clear,Odour free,24.5,0.0,51.0,217.6,,231.0,27.2,169.0,7.1,60.1,189.0,242.0,2.38,4.7,1.9,36.793866580825664,Good
789,Arcot,CWC,33,Tamil Nadu,731,Ranipet,Arcot,-,-,Duplicate-Palar,East flowing rivers between Pennar and Kanyakumari,-,-,-,Palar,12.91388889,79.33305556,01-12-2017 08:00,1375.0,Clear,Odour free,25.5,10.1,37.0,278.4,,170.0,36.0,200.0,8.5,76.9,156.0,242.0,3.77,5.6,2.9,66.40836131114186,Poor
790,Arcot,CWC,33,Tamil Nadu,731,Ranipet,Arcot,-,-,Duplicate-Palar,East flowing rivers between Pennar and Kanyakumari,-,-,-,Palar,12.91388889,79.33305556,01-01-2018 08:00,1429.0,Clear,Odour free,23.0,30.3,13.0,311.7,,67.0,32.1,239.0,8.5,108.2,105.0,166.0,0.11,8.1,0.2,24.32458120717886,Excellent
791,Arcot,CWC,33,Tamil Nadu,731,Ranipet,Arcot,-,-,Duplicate-Palar,East flowing rivers between Pennar and Kanyakumari,-,-,-,Palar,12.91388889,79.33305556,17-09-2019 08:00,1321.0,Brown,odour free,30.0,13.3,62.0,273.5,,185.0,25.5,157.5,8.3,61.8,174.0,262.0,0.75,4.2,1.0,34.20507932344574,Good
792,Arcot,CWC,33,Tamil Nadu,731,Ranipet,Arcot,-,-,Duplicate-Palar,East flowing rivers between Pennar and Kanyakumari,-,-,-,Palar,12.91388889,79.33305556,26-11-2019 08:00,2145.0,Clear,Odour free,29.0,0.0,87.0,478.0,,370.0,42.5,309.5,7.9,47.9,303.0,395.0,1.13,6.8,4.7,85.34281479008696,Very Poor
793,Arcot,CWC,33,Tamil Nadu,731,Ranipet,Arcot,-,-,Duplicate-Palar,East flowing rivers between Pennar and Kanyakumari,-,-,-,Palar,12.91388889,79.33305556,02-12-2019 08:00,1428.0,Clear,odour free,30.0,0.0,61.0,259.0,,289.0,26.9,173.0,8.0,82.9,237.0,265.0,1.03,4.6,3.4,64.57008242325973,Poor
794,Arcot,CWC,33,Tamil Nadu,731,Ranipet,Arcot,-,-,Duplicate-Palar,East flowing rivers between Pennar and Kanyakumari,-,-,-,Palar,12.91388889,79.33305556,01-01-2020 08:00,2128.0,,,,0.0,91.0,430.1,,377.0,47.7,267.0,7.9,134.2,309.0,426.0,1.75,5.6,4.0,77.5790085364109,Very Poor
795,Arcot,CWC,33,Tamil Nadu,731,Ranipet,Arcot,-,-,Duplicate-Palar,East flowing rivers between Pennar and Kanyakumari,-,-,-,Palar,12.91388889,79.33305556,16-09-2020 08:00,1929.0,Clear,odour free,25.0,0.0,68.06,403.76,7.23,535.53,49.56,291.0,8.19,130.87,,,0.2,,1.2,56.820017033080575,Poor
796,Arcot,CWC,33,Tamil Nadu,731,Ranipet,Arcot,-,-,Duplicate-Palar,East flowing rivers between Pennar and Kanyakumari,-,-,-,Palar,12.91388889,79.33305556,26-10-2020 08:00,2035.0,Clear,odour free,28.0,0.0,68.92,388.0,5.17,446.02,39.09,268.0,7.95,54.62,,,0.18,,2.98,82.05420263245745,Very Poor
797,Arcot,CWC,33,Tamil Nadu,731,Ranipet,Arcot,-,-,Duplicate-Palar,East flowing rivers between Pennar and Kanyakumari,-,-,-,Palar,12.91388889,79.33305556,02-11-2020 08:00,1847.0,Clear,odour free,29.5,0.0,68.71,368.2,5.02,447.33,39.84,249.5,8.01,51.11,,,0.14,,3.01,83.34441703625988,Very Poor
798,Arcot,CWC,33,Tamil Nadu,731,Ranipet,Arcot,-,-,Duplicate-Palar,East flowing rivers between Pennar and Kanyakumari,-,-,-,Palar,12.91388889,79.33305556,01-12-2020 08:00,1186.0,Light Brown,Odour free,28.0,0.0,71.76,225.42,5.82,301.86,34.28,152.6,7.94,68.86,,,1.39,,3.21,83.63296823882875,Very Poor
799,Arcot,CWC,33,Tamil Nadu,731,Ranipet,Arcot,-,-,Duplicate-Palar,East flowing rivers between Pennar and Kanyakumari,-,-,-,Palar,12.91388889,79.33305556,14-12-2020 08:00,1114.0,Clear,Odour free,27.0,0.0,54.97,176.18,5.22,321.98,29.65,132.4,7.99,58.19,,,1.57,,2.41,73.85710762713212,Poor
800,Arcot,CWC,33,Tamil Nadu,731,Ranipet,Arcot,-,-,Duplicate-Palar,East flowing rivers between Pennar and Kanyakumari,-,-,-,Palar,12.91388889,79.33305556,22-12-2020 08:00,1247.0,Clear,Odour free,25.0,0.0,64.13,219.73,4.82,367.26,31.5,149.6,7.8,57.4,,,1.51,,2.21,70.87276140970005,Poor
1312,BILIGUNDULU,CWC,33,Tamil Nadu,571,Dharmapuri,Denkanikotti,-,-,Cauvery,Cauvery,-,-,-,Cauvery,12.18222222,77.72388889,01-11-1993 08:30,378.0,,,27.5,0.0,28.2,19.14,7.4,34.77,20.9,8.97,8.2,5.66,,157.58333,0.1,0.31203178,1.33,51.794168142853735,Poor
1313,BILIGUNDULU,CWC,33,Tamil Nadu,571,Dharmapuri,Denkanikotti,-,-,Cauvery,Cauvery,-,-,-,Cauvery,12.18222222,77.72388889,01-12-1993 08:30,374.0,,,27.0,0.0,39.2,29.07,7.42,42.09,19.08,11.5,8.2,7.39,,177.5,0.06,0.3767178,1.43,53.130555510515514,Poor
1314,BILIGUNDULU,CWC,33,Tamil Nadu,571,Dharmapuri,Denkanikotti,-,-,Cauvery,Cauvery,-,-,-,Cauvery,12.18222222,77.72388889,01-01-1994 08:30,367.0,,,25.0,0.0,31.4,38.64,7.71,34.77,18.1,9.66,8.2,23.46,,153.91667,0.01,0.33989894,0.98,45.94339022902855,Good
1315,BILIGUNDULU,CWC,33,Tamil Nadu,571,Dharmapuri,Denkanikotti,-,-,Cauvery,Cauvery,-,-,-,Cauvery,12.18222222,77.72388889,01-02-1994 08:30,339.0,,,27.0,0.0,33.0,38.64,7.91,44.53,9.6,9.89,8.2,2.06,,122.5,0.03,0.38972953,1.65,53.23874049787781,Poor
1316,BILIGUNDULU,CWC,33,Tamil Nadu,571,Dharmapuri,Denkanikotti,-,-,Cauvery,Cauvery,-,-,-,Cauvery,12.18222222,77.72388889,01-03-1994 08:30,339.0,,,32.5,0.0,33.0,62.75,7.71,34.16,19.08,9.66,8.2,1.68,,162.0,0.13,0.3313118,0.59,40.990402101514924,Good
1317,BILIGUNDULU,CWC,33,Tamil Nadu,571,Dharmapuri,Denkanikotti,-,-,Cauvery,Cauvery,-,-,-,Cauvery,12.18222222,77.72388889,01-04-1994 08:30,352.0,,,27.0,0.0,29.8,9.57,7.51,34.16,16.28,34.73,8.1,1.0,28.0,142.33333,0.08,1.2706788,1.09,46.787710904390615,Good
1318,BILIGUNDULU,CWC,33,Tamil Nadu,571,Dharmapuri,Denkanikotti,-,-,Cauvery,Cauvery,-,-,-,Cauvery,12.18222222,77.72388889,01-05-1994 08:30,326.0,,,29.0,0.0,23.6,29.07,7.71,31.72,2.92,37.03,8.0,1.0,26.0,71.16667,0.06,1.9128854,2.46,61.69619726163224,Poor
1319,BILIGUNDULU,CWC,33,Tamil Nadu,571,Dharmapuri,Denkanikotti,-,-,Cauvery,Cauvery,-,-,-,Cauvery,12.18222222,77.72388889,01-06-1994 08:30,333.0,,,31.0,0.0,51.8,23.0425,7.71,24.4,18.1,3.91,8.3,6.288,20.0,204.91667,0.042,0.119157046,1.39,53.03103045189726,Poor
1320,BILIGUNDULU,CWC,33,Tamil Nadu,571,Dharmapuri,Denkanikotti,-,-,Cauvery,Cauvery,-,-,-,Cauvery,12.18222222,77.72388889,01-07-1994 08:30,326.0,,,29.0,0.0,39.2,23.0425,7.79,24.4,19.08,7.36,8.4,8.4,20.0,177.5,0.07,0.2410994,2.67,70.9047566566519,Poor
1321,BILIGUNDULU,CWC,33,Tamil Nadu,571,Dharmapuri,Denkanikotti,-,-,Cauvery,Cauvery,-,-,-,Cauvery,12.18222222,77.72388889,01-08-1994 08:30,333.0,,,29.2,0.0,15.8,9.5715,7.91,19.52,8.63,5.29,8.3,6.432,16.0,75.458336,0.042,0.26581916,0.88,43.148008025497965,Good
1322,BILIGUNDULU,CWC,33,Tamil Nadu,571,Dharmapuri,Denkanikotti,-,-,Cauvery,Cauvery,-,-,-,Cauvery,12.18222222,77.72388889,01-09-1994 08:30,326.0,,,27.5,0.0,14.8,15.598,7.51,19.52,0.97,8.28,8.1,10.416,16.0,41.041668,0.098,0.56301916,0.99,42.679529689939116,Good
1323,BILIGUNDULU,CWC,33,Tamil Nadu,571,Dharmapuri,Denkanikotti,-,-,Cauvery,Cauvery,-,-,-,Cauvery,12.18222222,77.72388889,01-10-1994 08:30,326.0,,,29.0,0.0,31.4,26.942,7.91,36.6,4.74,18.63,8.1,12.096,29.999998,98.25,0.07,0.8192,0.99,42.775494148783125,Good
1324,BILIGUNDULU,CWC,33,Tamil Nadu,571,Dharmapuri,Denkanikotti,-,-,Cauvery,Cauvery,-,-,-,Cauvery,12.18222222,77.72388889,01-11-1994 08:30,320.0,,,27.5,0.0,15.8,77.281,7.91,19.52,4.7,2.99,8.0,10.992,16.0,59.083332,0.056,0.16966225,0.99,41.34709474533836,Good
1325,BILIGUNDULU,CWC,33,Tamil Nadu,571,Dharmapuri,Denkanikotti,-,-,Cauvery,Cauvery,-,-,-,Cauvery,12.18222222,77.72388889,01-12-1994 08:30,326.0,,,27.0,0.0,36.0,114.858,8.7,21.96,18.1,5.0,8.0,14.4,18.0,165.41667,0.084,0.16967449,0.39,33.939056183532834,Good
1326,BILIGUNDULU,CWC,33,Tamil Nadu,571,Dharmapuri,Denkanikotti,-,-,Cauvery,Cauvery,-,-,-,Cauvery,12.18222222,77.72388889,01-01-1995 08:30,320.0,,,23.5,0.0,47.2,38.6405,7.91,19.52,23.81,28.0,8.1,15.456,16.0,217.20833,0.126,0.82919735,0.69,42.08854976890489,Good
1327,BILIGUNDULU,CWC,33,Tamil Nadu,571,Dharmapuri,Denkanikotti,-,-,Cauvery,Cauvery,-,-,-,Cauvery,12.18222222,77.72388889,01-02-1995 08:30,320.0,,,27.0,0.0,26.8,32.614,7.91,21.96,21.02,5.0,8.1,12.432,18.0,154.58333,0.07,0.17562354,2.86,70.24833699687635,Poor
1329,BILIGUNDULU,CWC,33,Tamil Nadu,571,Dharmapuri,Denkanikotti,-,-,Cauvery,Cauvery,-,-,-,Cauvery,12.18222222,77.72388889,01-04-1995 08:30,346.0,,,29.0,0.0,31.4,42.54,7.85,31.72,19.08,13.0,8.2,14.784,26.0,158.0,0.084,0.45150343,0.6,40.758234155181455,Good
1330,BILIGUNDULU,CWC,33,Tamil Nadu,571,Dharmapuri,Denkanikotti,-,-,Cauvery,Cauvery,-,-,-,Cauvery,12.18222222,77.72388889,01-05-1995 08:30,461.0,,,30.5,0.0,31.4,36.5135,7.71,36.6,17.13,14.0,7.9,14.544,29.999998,149.875,0.056,0.49916825,0.59,37.803162378868805,Good
1331,BILIGUNDULU,CWC,33,Tamil Nadu,571,Dharmapuri,Denkanikotti,-,-,Cauvery,Cauvery,-,-,-,Cauvery,12.18222222,77.72388889,01-06-1995 08:30,504.0,Light Brown,odour free,32.5,0.0,15.8,115.567,7.11,49.41,8.6265,105.064,8.1,10.416,40.5,75.44375,0.14012,5.2799067,1.68,54.80105509700828,Poor
1332,BILIGUNDULU,CWC,33,Tamil Nadu,571,Dharmapuri,Denkanikotti,-,-,Cauvery,Cauvery,-,-,-,Cauvery,12.18222222,77.72388889,01-07-1995 08:30,443.0,Clear,odour free,29.0,0.0,31.4,86.7816,7.11,49.288,18.1035,41.17,8.0,6.0,40.399998,153.93124,0.112096,1.4485487,1.78,56.75351270299808,Poor
1333,BILIGUNDULU,CWC,33,Tamil Nadu,571,Dharmapuri,Denkanikotti,-,-,Cauvery,Cauvery,-,-,-,Cauvery,12.18222222,77.72388889,01-08-1995 08:30,385.0,Light Brown,odour free,28.5,0.0,18.8,57.8544,7.31,49.288,2.916,63.043,7.5,14.976,40.399998,59.149998,0.098084,3.572836,1.48,44.82890020260067,Good
1334,BILIGUNDULU,CWC,33,Tamil Nadu,571,Dharmapuri,Denkanikotti,-,-,Cauvery,Cauvery,-,-,-,Cauvery,12.18222222,77.72388889,01-09-1995 08:30,229.0,Brown,odour free,28.0,0.0,15.8,57.8544,7.11,49.288,8.6265,40.02,7.5,17.472,40.399998,75.44375,0.042036,2.011173,1.58,47.30408689597342,Good
1335,BILIGUNDULU,CWC,33,Tamil Nadu,571,Dharmapuri,Denkanikotti,-,-,Cauvery,Cauvery,-,-,-,Cauvery,12.18222222,77.72388889,01-10-1995 08:30,849.0,Brown,odour free,29.5,0.0,51.0,173.5632,8.7,97.6,18.1035,117.047,8.24,12.48,80.0,202.93124,0.056048,3.5844784,1.58,53.378054844135,Poor
1336,BILIGUNDULU,CWC,33,Tamil Nadu,571,Dharmapuri,Denkanikotti,-,-,Cauvery,Cauvery,-,-,-,Cauvery,12.18222222,77.72388889,01-11-1995 08:30,769.0,Light Brown,odour free,30.0,0.0,44.0,173.5632,7.51,104.31,20.898,80.017,8.01,6.912,85.5,197.075,0.028024,2.4875388,1.08,47.500468337069016,Good
1337,BILIGUNDULU,CWC,33,Tamil Nadu,571,Dharmapuri,Denkanikotti,-,-,Cauvery,Cauvery,-,-,-,Cauvery,12.18222222,77.72388889,01-12-1995 08:30,416.0,Light Brown,odour free,27.0,0.0,15.8,115.7088,8.3,19.52,4.86,63.02,8.24,9.504,16.0,59.75,0.154132,3.5560946,0.99,43.04904315290826,Good
1338,BILIGUNDULU,CWC,33,Tamil Nadu,571,Dharmapuri,Denkanikotti,-,-,Cauvery,Cauvery,-,-,-,Cauvery,12.18222222,77.72388889,01-01-1996 08:30,526.0,Clear,odour free,25.5,0.0,36.2,114.858,7.51,21.96,18.1035,62.79,8.24,7.2,18.0,165.93126,0.014012,2.1274507,0.19,36.62647842330743,Good
1339,BILIGUNDULU,CWC,33,Tamil Nadu,571,Dharmapuri,Denkanikotti,-,-,Cauvery,Cauvery,-,-,-,Cauvery,12.18222222,77.72388889,01-02-1996 08:30,536.0,Clear,odour free,25.0,0.0,47.2,114.858,7.71,26.84,23.814,50.025,8.26,6.0,22.0,217.225,0.014012,1.4813935,0.59,42.850942656620084,Good
1340,BILIGUNDULU,CWC,33,Tamil Nadu,571,Dharmapuri,Denkanikotti,-,-,Cauvery,Cauvery,-,-,-,Cauvery,12.18222222,77.72388889,01-03-1996 08:30,467.0,Clear,odour free,28.0,0.0,23.58,115.7088,8.1,29.28,9.5499,63.02,8.18,6.48,24.0,98.74125,0.014012,2.7672095,2.27,61.0467684706392,Poor
1341,BILIGUNDULU,CWC,33,Tamil Nadu,571,Dharmapuri,Denkanikotti,-,-,Cauvery,Cauvery,-,-,-,Cauvery,12.18222222,77.72388889,01-04-1996 08:30,628.0,Clear,odour free,31.5,0.0,66.0,144.6,8.0,98.515,22.842,15.41,8.06,4.992,80.75,260.175,0.014012,0.41676986,1.28,50.070770291859425,Poor
1342,BILIGUNDULU,CWC,33,Tamil Nadu,571,Dharmapuri,Denkanikotti,-,-,Cauvery,Cauvery,-,-,-,Cauvery,12.18222222,77.72388889,01-05-1996 08:30,657.0,Clear,odour free,32.5,0.0,78.6,144.6,8.1,73.2,19.0998,20.01,8.48,25.488,59.999996,276.0825,0.014012,0.5251383,1.58,57.70683434053445,Poor
1343,BILIGUNDULU,CWC,33,Tamil Nadu,571,Dharmapuri,Denkanikotti,-,-,Cauvery,Cauvery,-,-,-,Cauvery,12.18222222,77.72388889,01-06-1996 08:30,539.0,Clear,odour free,31.5,0.0,24.36,86.7816,8.1,73.871,18.62595,44.827,8.1,12.768,60.550003,138.50813,0.042036,1.6633418,0.88,42.922775025454236,Good
1344,BILIGUNDULU,CWC,33,Tamil Nadu,571,Dharmapuri,Denkanikotti,-,-,Cauvery,Cauvery,-,-,-,Cauvery,12.18222222,77.72388889,01-07-1996 08:30,570.0,Light Brown,odour free,30.0,0.0,40.88,102.5923,7.71,70.943,21.00735,28.014,8.26,20.16,58.15,189.73064,0.742636,0.8876775,1.28,52.52484503187244,Poor
1345,BILIGUNDULU,CWC,33,Tamil Nadu,571,Dharmapuri,Denkanikotti,-,-,Cauvery,Cauvery,-,-,-,Cauvery,12.18222222,77.72388889,01-08-1996 08:30,235.0,Brown,odour free,27.0,0.0,22.0,29.7071,5.93,34.465,8.59005,8.809,8.16,44.64,28.25,90.79187,0.756648,0.40336263,1.08,50.773749740529674,Poor
1346,BILIGUNDULU,CWC,33,Tamil Nadu,571,Dharmapuri,Denkanikotti,-,-,Cauvery,Cauvery,-,-,-,Cauvery,12.18222222,77.72388889,01-09-1996 08:30,291.0,Brown,odour free,28.5,0.0,18.86,30.8415,7.02,36.966,9.5499,12.489,8.15,23.616,30.3,86.94125,0.182156,0.5845949,2.18,62.09027697891333,Poor
1347,BILIGUNDULU,CWC,33,Tamil Nadu,571,Dharmapuri,Denkanikotti,-,-,Cauvery,Cauvery,-,-,-,Cauvery,12.18222222,77.72388889,01-10-1996 08:30,412.0,Brown,odour free,28.5,0.0,20.44,50.1263,6.62,39.406,10.50975,23.506,8.28,22.272,32.3,94.890625,0.182156,1.053213,1.38,53.80156767372868,Poor
1349,BILIGUNDULU,CWC,33,Tamil Nadu,571,Dharmapuri,Denkanikotti,-,-,Cauvery,Cauvery,-,-,-,Cauvery,12.18222222,77.72388889,01-12-1996 08:30,470.0,Light Brown,odour free,25.5,0.0,44.02,67.4968,7.57,49.288,13.365,10.005,8.29,27.6,40.399998,165.7375,0.098084,0.33897197,2.08,61.993971053499614,Poor
1350,BILIGUNDULU,CWC,33,Tamil Nadu,571,Dharmapuri,Denkanikotti,-,-,Cauvery,Cauvery,-,-,-,Cauvery,12.18222222,77.72388889,01-01-1997 08:30,458.0,Light Brown,odour free,24.5,0.0,48.74,77.24555,8.1,56.669,18.13995,12.006,8.28,25.008,46.45,197.43314,0.126108,0.3727815,0.29,37.28192999737708,Good
1351,BILIGUNDULU,CWC,33,Tamil Nadu,571,Dharmapuri,Denkanikotti,-,-,Cauvery,Cauvery,-,-,-,Cauvery,12.18222222,77.72388889,01-02-1997 08:30,526.0,Dark Green,odour free,26.0,0.0,47.16,97.73565,7.78,61.61,17.19225,29.026,7.93,21.984,50.5,189.53438,0.14012,0.91980946,1.28,48.060500202441695,Good
1352,BILIGUNDULU,CWC,33,Tamil Nadu,571,Dharmapuri,Denkanikotti,-,-,Cauvery,Cauvery,-,-,-,Cauvery,12.18222222,77.72388889,01-03-1997 08:30,498.0,Clear,odour free,28.0,0.0,34.58,102.8758,7.61,61.61,19.0998,28.52,8.25,19.008,50.5,166.0325,0.168144,0.966148,2.17,63.51531839930373,Poor
1353,BILIGUNDULU,CWC,33,Tamil Nadu,571,Dharmapuri,Denkanikotti,-,-,Cauvery,Cauvery,-,-,-,Cauvery,12.18222222,77.72388889,01-04-1997 08:30,480.0,Clear,odour free,29.0,0.0,28.3,99.64995,7.51,73.871,13.365,54.027,8.24,9.984,60.550003,126.4375,0.014012,2.0968773,2.76,70.50032246933968,Poor
1354,BILIGUNDULU,CWC,33,Tamil Nadu,571,Dharmapuri,Denkanikotti,-,-,Cauvery,Cauvery,-,-,-,Cauvery,12.18222222,77.72388889,01-05-1997 08:30,414.0,Clear,odour free,31.0,0.0,28.3,64.397,7.0,83.753,17.19225,31.027,8.93,13.584,68.65,142.38437,0.07006,1.1351539,1.58,62.95664528291764,Poor
1355,BILIGUNDULU,CWC,33,Tamil Nadu,571,Dharmapuri,Denkanikotti,-,-,Cauvery,Cauvery,-,-,-,Cauvery,12.18222222,77.72388889,01-06-1997 00:00,356.0,Light Brown,odour free,30.0,0.0,29.400002,74.445,7.71,37.82,15.309,9.66,7.69,9.7439995,31.0,137.2875,0.14,0.35984716,0.29,31.564575007540896,Good
1356,BILIGUNDULU,CWC,33,Tamil Nadu,571,Dharmapuri,Denkanikotti,-,-,Cauvery,Cauvery,-,-,-,Cauvery,12.18222222,77.72388889,01-07-1997 00:00,390.0,Clear,odour free,29.0,0.0,33.399998,57.0745,6.32,65.880005,18.3465,5.9799995,8.28,18.383999,54.000004,159.94374,0.042,0.20639777,1.58,58.64364095940237,Poor
1357,BILIGUNDULU,CWC,33,Tamil Nadu,571,Dharmapuri,Denkanikotti,-,-,Cauvery,Cauvery,-,-,-,Cauvery,12.18222222,77.72388889,01-08-1997 00:00,258.0,Brown,odour free,27.5,0.0,29.8,50.338997,6.42,32.329998,12.2715,2.3,7.5,16.8,26.499998,125.63125,0.042,0.08953674,0.99,41.855801729740726,Good
1358,BILIGUNDULU,CWC,33,Tamil Nadu,571,Dharmapuri,Denkanikotti,-,-,Cauvery,Cauvery,-,-,-,Cauvery,12.18222222,77.72388889,01-09-1997 00:00,285.0,Brown,odour free,27.0,0.0,21.400002,46.4395,6.72,50.629997,10.449,10.349999,7.6,18.383999,41.499996,97.037506,0.042,0.45855328,1.09,42.95471683429507,Good
1359,BILIGUNDULU,CWC,33,Tamil Nadu,571,Dharmapuri,Denkanikotti,-,-,Cauvery,Cauvery,-,-,-,Cauvery,12.18222222,77.72388889,01-10-1997 00:00,200.0,Brown,odour free,28.5,0.0,27.6,50.693497,6.52,26.84,5.7105,9.66,7.7,8.784,22.0,92.79375,0.084,0.43720973,1.08,43.72514749901125,Good
1360,BILIGUNDULU,CWC,33,Tamil Nadu,571,Dharmapuri,Denkanikotti,-,-,Cauvery,Cauvery,-,-,-,Cauvery,12.18222222,77.72388889,01-11-1997 00:00,400.0,Brown,odour free,29.5,0.0,30.2,70.191,6.52,54.899998,15.309,25.070002,8.1,26.015999,45.0,139.2875,0.084,0.927127,0.5,41.41575755426661,Good
1361,BILIGUNDULU,CWC,33,Tamil Nadu,571,Dharmapuri,Denkanikotti,-,-,Cauvery,Cauvery,-,-,-,Cauvery,12.18222222,77.72388889,01-12-1997 00:00,372.0,Light Brown,odour free,26.0,0.0,39.4,65.937004,6.82,63.44,12.5145,18.86,6.5,27.84,52.0,150.64375,0.12599999,0.67026544,3.06,59.89089021431797,Poor
1362,BILIGUNDULU,CWC,33,Tamil Nadu,571,Dharmapuri,Denkanikotti,-,-,Cauvery,Cauvery,-,-,-,Cauvery,12.18222222,77.72388889,01-01-1998 00:00,926.0,Light Brown,odour free,24.5,0.0,59.4,119.4665,6.92,109.799995,22.2345,37.95,7.9,30.384,90.0,241.14375,0.056,1.0662105,3.24,77.6739070260464,Very Poor
1363,BILIGUNDULU,CWC,33,Tamil Nadu,571,Dharmapuri,Denkanikotti,-,-,Cauvery,Cauvery,-,-,-,Cauvery,12.18222222,77.72388889,01-02-1998 00:00,591.0,Clear,odour free,26.5,0.0,51.399998,105.641,6.82,77.47,19.8045,23.23,7.53,26.400002,63.5,211.01875,0.098000005,0.69770825,2.67,65.97215023578458,Poor
1365,BILIGUNDULU,CWC,33,Tamil Nadu,571,Dharmapuri,Denkanikotti,-,-,Cauvery,Cauvery,-,-,-,Cauvery,12.18222222,77.72388889,01-04-1998 00:00,470.0,Clear,odour free,30.0,0.0,35.0,79.0535,6.03,75.03,15.794999,29.9,7.59,26.400002,61.5,153.3125,0.042,1.0537959,1.09,46.01298195602239,Good
1366,BILIGUNDULU,CWC,33,Tamil Nadu,571,Dharmapuri,Denkanikotti,-,-,Cauvery,Cauvery,-,-,-,Cauvery,12.18222222,77.72388889,01-05-1998 00:00,480.0,Clear,odour free,31.0,0.0,33.800003,66.645996,7.21,77.47,14.458501,24.38,7.64,21.599998,63.5,144.74376,0.028,0.88425493,2.67,64.5508174957938,Poor
1367,BILIGUNDULU,CWC,33,Tamil Nadu,571,Dharmapuri,Denkanikotti,-,-,Cauvery,Cauvery,-,-,-,Cauvery,12.18222222,77.72388889,01-06-1998 00:00,476.0,Light Brown,odour free,30.5,0.0,38.0,75.86301,7.1,80.52,14.823,25.300001,8.21,25.584,66.0,156.7625,0.07,0.8816404,1.4,53.37374101038438,Poor
1368,BILIGUNDULU,CWC,33,Tamil Nadu,571,Dharmapuri,Denkanikotti,-,-,Cauvery,Cauvery,-,-,-,Cauvery,12.18222222,77.72388889,01-07-1998 00:00,427.0,Light Brown,odour free,27.0,0.0,32.8,63.100998,6.7,64.66,13.122,23.919998,7.89,31.199999,53.000004,136.675,0.084,0.89273524,1.8,56.29939285129556,Poor
1369,BILIGUNDULU,CWC,33,Tamil Nadu,571,Dharmapuri,Denkanikotti,-,-,Cauvery,Cauvery,-,-,-,Cauvery,12.18222222,77.72388889,01-08-1998 00:00,188.0,Brown,odour free,27.5,0.0,20.4,47.857502,6.7,36.6,11.421,6.21,8.2,6.384,29.999998,98.587494,0.056,0.27301043,3.4,79.98580314734131,Very Poor
1370,BILIGUNDULU,CWC,33,Tamil Nadu,571,Dharmapuri,Denkanikotti,-,-,Cauvery,Cauvery,-,-,-,Cauvery,12.18222222,77.72388889,01-09-1998 00:00,256.0,Brown,odour free,26.5,0.0,17.2,44.3125,6.6,41.48,8.6265,14.26,6.26,7.2000003,34.0,78.943756,0.042,0.70047945,0.2,18.009589050381916,Excellent
1371,BILIGUNDULU,CWC,33,Tamil Nadu,571,Dharmapuri,Denkanikotti,-,-,Cauvery,Cauvery,-,-,-,Cauvery,12.18222222,77.72388889,01-10-1998 00:00,242.0,Light Brown,odour free,27.5,0.0,21.2,50.055,6.6,45.14,9.72,13.34,6.87,6.24,37.0,93.5,0.07006,0.6020509,2.3,52.529351614287755,Poor
1372,BILIGUNDULU,CWC,33,Tamil Nadu,571,Dharmapuri,Denkanikotti,-,-,Cauvery,Cauvery,-,-,-,Cauvery,12.18222222,77.72388889,01-11-1998 00:00,152.0,Light Brown,odour free,27.0,0.0,19.400002,44.667,6.7,30.5,8.262,9.2,7.83,4.416,25.0,82.925,0.028,0.44084537,3.5,77.25760662199757,Very Poor
1373,BILIGUNDULU,CWC,33,Tamil Nadu,571,Dharmapuri,Denkanikotti,-,-,Cauvery,Cauvery,-,-,-,Cauvery,12.18222222,77.72388889,01-12-1998 00:00,253.0,Light Brown,odour free,25.5,0.0,21.6,46.505,5.9,53.68,12.393,9.89,8.22,6.384,44.0,105.6375,0.028024,0.4200491,2.0,63.48587315203396,Poor
1374,BILIGUNDULU,CWC,33,Tamil Nadu,571,Dharmapuri,Denkanikotti,-,-,Cauvery,Cauvery,-,-,-,Cauvery,12.18222222,77.72388889,01-01-1999 00:00,450.0,Light Brown,odour free,25.0,0.0,40.8,70.29,8.1,79.91,15.066,24.84,8.26,30.384,65.5,164.775,0.056048,0.84424335,3.5,79.79254060358944,Very Poor
1375,BILIGUNDULU,CWC,33,Tamil Nadu,571,Dharmapuri,Denkanikotti,-,-,Cauvery,Cauvery,-,-,-,Cauvery,12.18222222,77.72388889,01-02-1999 00:00,495.0,Clear,odour free,24.0,0.0,48.2,82.36,7.6,87.84,14.337,28.52,8.29,31.2,72.0,180.2375,0.028024,0.92655975,1.6,55.8063660939959,Poor
1376,BILIGUNDULU,CWC,33,Tamil Nadu,571,Dharmapuri,Denkanikotti,-,-,Cauvery,Cauvery,-,-,-,Cauvery,12.18222222,77.72388889,01-03-1999 00:00,531.0,Clear,odour free,25.5,0.0,36.2,83.78,6.2,80.52,20.0475,31.51,7.79,32.784,66.0,174.03125,0.028024,1.0426223,1.0,46.97079596964567,Good
1377,BILIGUNDULU,CWC,33,Tamil Nadu,571,Dharmapuri,Denkanikotti,-,-,Cauvery,Cauvery,-,-,-,Cauvery,12.18222222,77.72388889,01-04-1999 00:00,586.0,Clear,odour free,28.5,0.0,42.6,96.56,6.1,115.29,24.786,43.24,8.27,41.184,94.5,209.775,0.056048,1.3032563,0.5,46.14338944394106,Good
1378,BILIGUNDULU,CWC,33,Tamil Nadu,571,Dharmapuri,Denkanikotti,-,-,Cauvery,Cauvery,-,-,-,Cauvery,12.18222222,77.72388889,01-05-1999 00:00,581.0,Clear,odour free,28.5,0.0,41.6,91.945,6.1,115.29,24.057,38.64,8.28,36.0,94.5,204.2375,0.056048,1.1802847,2.2,69.03323297685473,Poor
1379,BILIGUNDULU,CWC,33,Tamil Nadu,571,Dharmapuri,Denkanikotti,-,-,Cauvery,Cauvery,-,-,-,Cauvery,12.18222222,77.72388889,01-06-1999 09:30,474.0,,odour free,28.5,0.0,37.8,93.9425,6.1,52.46,20.0475,10.12,8.22,10.608,43.0,178.03125,0.084072,0.3310545,1.6,59.361873504737154,Poor
1380,BILIGUNDULU,CWC,33,Tamil Nadu,571,Dharmapuri,Denkanikotti,-,-,Cauvery,Cauvery,-,-,-,Cauvery,12.18222222,77.72388889,01-07-1999 09:30,355.0,,odour free,27.0,0.0,34.0,77.99,6.3,50.02,18.8325,5.06,8.12,12.48,41.0,163.46875,0.056048,0.17275295,3.7,85.89868490688636,Very Poor
1381,BILIGUNDULU,CWC,33,Tamil Nadu,571,Dharmapuri,Denkanikotti,-,-,Cauvery,Cauvery,-,-,-,Cauvery,12.18222222,77.72388889,02-08-1999 09:30,216.0,,odour free,24.5,0.0,21.2,40.7675,6.8,24.4,12.2715,3.22,8.08,22.992,20.0,104.13125,0.056048,0.13774736,2.9,71.97974646005217,Poor
1382,BILIGUNDULU,CWC,33,Tamil Nadu,571,Dharmapuri,Denkanikotti,-,-,Cauvery,Cauvery,-,-,-,Cauvery,12.18222222,77.72388889,01-09-1999 09:30,378.0,,odour free,26.0,0.0,38.2,79.408,6.9,51.24,19.197,6.21,8.2,20.976,42.0,175.4875,0.056048,0.20459943,0.7,44.81854512335669,Good
1383,BILIGUNDULU,CWC,33,Tamil Nadu,571,Dharmapuri,Denkanikotti,-,-,Cauvery,Cauvery,-,-,-,Cauvery,12.18222222,77.72388889,01-10-1999 09:30,406.0,,odour free,27.5,0.0,38.2,89.6885,7.0,63.44,20.0475,10.81,8.23,8.88,52.0,179.03125,0.056048,0.35263246,2.8,73.3813746238495,Poor
1384,BILIGUNDULU,CWC,33,Tamil Nadu,571,Dharmapuri,Denkanikotti,-,-,Cauvery,Cauvery,-,-,-,Cauvery,12.18222222,77.72388889,01-11-1999 09:30,332.0,,odour free,26.5,0.0,32.8,74.7995,7.1,40.26,15.552,4.83,8.2,9.504,33.0,146.8,0.056048,0.17397487,3.3,78.66871029138251,Very Poor
1385,BILIGUNDULU,CWC,33,Tamil Nadu,571,Dharmapuri,Denkanikotti,-,-,Cauvery,Cauvery,-,-,-,Cauvery,12.18222222,77.72388889,01-12-1999 09:30,368.0,,odour free,26.0,0.0,36.8,74.7995,7.7,56.73,15.6735,9.2,8.18,9.504,46.5,157.30624,0.056048,0.3200782,3.3,77.14896059580015,Very Poor
1386,BILIGUNDULU,CWC,33,Tamil Nadu,571,Dharmapuri,Denkanikotti,-,-,Cauvery,Cauvery,-,-,-,Cauvery,12.18222222,77.72388889,01-01-2000 09:15,681.0,,odour free,24.0,0.0,44.0,99.26,9.0,92.72,20.5335,25.99,8.21,9.984,76.0,195.55626,0.546468,0.81108004,3.5,78.57566786247956,Very Poor
1387,BILIGUNDULU,CWC,33,Tamil Nadu,571,Dharmapuri,Denkanikotti,-,-,Cauvery,Cauvery,-,-,-,Cauvery,12.18222222,77.72388889,01-02-2000 09:15,700.0,,odour free,25.0,0.0,49.8,103.514,7.7,103.7,22.356,27.6,8.2,1.968,85.0,217.65001,0.266228,0.81639606,3.6,83.24025545666619,Very Poor
1388,BILIGUNDULU,CWC,33,Tamil Nadu,571,Dharmapuri,Denkanikotti,-,-,Cauvery,Cauvery,-,-,-,Cauvery,12.18222222,77.72388889,01-03-2000 09:15,655.0,,odour free,26.0,0.0,44.4,95.006,6.6,91.5,19.8045,23.23,8.03,24.0,75.0,193.51875,0.252216,0.7287107,1.5,55.48284700967301,Poor
1389,BILIGUNDULU,CWC,33,Tamil Nadu,571,Dharmapuri,Denkanikotti,-,-,Cauvery,Cauvery,-,-,-,Cauvery,12.18222222,77.72388889,01-04-2000 09:30,780.0,,odour free,27.5,0.0,59.8,120.1755,6.0,112.24,22.842,29.9,8.21,24.48,92.0,244.67499,0.294252,0.83398217,4.5,100.33495518841308,Unsuitable
1390,BILIGUNDULU,CWC,33,Tamil Nadu,571,Dharmapuri,Denkanikotti,-,-,Cauvery,Cauvery,-,-,-,Cauvery,12.18222222,77.72388889,01-05-2000 09:15,681.0,,odour free,28.5,0.0,48.8,103.1595,7.7,90.89,21.9915,28.29,8.12,23.664,74.5,213.63126,0.364312,0.84464437,3.9,86.60143619589235,Very Poor
1391,BILIGUNDULU,CWC,33,Tamil Nadu,571,Dharmapuri,Denkanikotti,-,-,Cauvery,Cauvery,-,-,-,Cauvery,12.18222222,77.72388889,01-06-2000 09:15,475.0,Clear,odour free,28.5,0.0,26.6,70.645,6.3,101.26,14.337,46.92,8.18,30.192,83.0,126.2375,0.224192,1.8228053,1.2,52.31579916185798,Poor
1392,BILIGUNDULU,CWC,33,Tamil Nadu,571,Dharmapuri,Denkanikotti,-,-,Cauvery,Cauvery,-,-,-,Cauvery,12.18222222,77.72388889,01-07-2000 09:20,317.0,Clear,odour free,25.5,0.0,32.6,58.575,7.3,52.46,5.7105,23.92,7.0,21.984,43.0,105.29375,0.126108,1.016158,2.9,60.03064383435072,Poor
1393,BILIGUNDULU,CWC,33,Tamil Nadu,571,Dharmapuri,Denkanikotti,-,-,Cauvery,Cauvery,-,-,-,Cauvery,12.18222222,77.72388889,01-08-2000 09:00,322.0,Light Brown,odour free,26.5,0.0,23.4,68.16,6.9,100.04,11.421,37.26,7.75,5.184,82.0,106.0875,0.224192,1.5788097,2.1,58.20922029941024,Poor
1394,BILIGUNDULU,CWC,33,Tamil Nadu,571,Dharmapuri,Denkanikotti,-,-,Cauvery,Cauvery,-,-,-,Cauvery,12.18222222,77.72388889,02-09-2000 09:15,257.0,Light Brown,odour free,26.5,0.0,14.4,46.86,,89.06,6.9255,34.5,7.8,0.0,73.0,64.85625,0.14012,1.8696219,0.9,21.83767349917338,Excellent
1395,BILIGUNDULU,CWC,33,Tamil Nadu,571,Dharmapuri,Denkanikotti,-,-,Cauvery,Cauvery,-,-,-,Cauvery,12.18222222,77.72388889,03-10-2000 09:00,375.0,Light Brown,odour free,28.0,0.0,32.4,70.645,5.9,93.94,10.449,26.91,7.68,0.0,77.0,124.5375,0.154132,1.0518464,0.1,33.030451783982706,Good
1396,BILIGUNDULU,CWC,33,Tamil Nadu,571,Dharmapuri,Denkanikotti,-,-,Cauvery,Cauvery,-,-,-,Cauvery,12.18222222,77.72388889,01-11-2000 09:00,432.0,Clear,odour free,27.5,0.0,31.6,67.45,6.9,125.66,14.337,43.01,8.2,19.968,103.0,138.7375,0.112096,1.5934912,1.0,48.30312784547029,Good
1397,BILIGUNDULU,CWC,33,Tamil Nadu,571,Dharmapuri,Denkanikotti,-,-,Cauvery,Cauvery,-,-,-,Cauvery,12.18222222,77.72388889,01-12-2000 09:00,393.0,Clear,odour free,26.0,0.0,32.8,29.11,8.0,155.55,16.281,22.77,8.19,11.184,127.5,149.8375,0.448384,0.8118608,2.0,59.57376189255567,Poor
1398,BILIGUNDULU,CWC,33,Tamil Nadu,571,Dharmapuri,Denkanikotti,-,-,Cauvery,Cauvery,-,-,-,Cauvery,12.18222222,77.72388889,01-01-2001 09:00,459.0,Clear,odour free,24.0,0.0,34.4,38.695,7.9,146.4,20.5335,18.17,8.14,15.504,120.0,171.55624,0.042036,0.60560226,1.9,58.17864713624875,Poor
1399,BILIGUNDULU,CWC,33,Tamil Nadu,571,Dharmapuri,Denkanikotti,-,-,Cauvery,Cauvery,-,-,-,Cauvery,12.18222222,77.72388889,01-02-2001 09:00,697.0,Clear,odour free,25.5,0.0,52.8,68.16,7.5,215.94,29.2815,27.83,8.17,10.512,177.0,254.00626,0.028024,0.7622265,1.0,49.38850246753143,Good
1400,BILIGUNDULU,CWC,33,Tamil Nadu,571,Dharmapuri,Denkanikotti,-,-,Cauvery,Cauvery,-,-,-,Cauvery,12.18222222,77.72388889,01-03-2001 09:00,454.0,Clear,odour free,26.0,0.0,31.2,70.29,7.9,123.22,17.1315,35.489,8.18,7.008,101.0,149.38126,0.028024,1.2674562,2.5,66.08431731325608,Poor
1401,BILIGUNDULU,CWC,33,Tamil Nadu,571,Dharmapuri,Denkanikotti,-,-,Cauvery,Cauvery,-,-,-,Cauvery,12.18222222,77.72388889,02-04-2001 09:00,435.0,Clear,odour free,26.35,0.0,34.4,62.125,6.5,145.18,20.0475,31.51,8.15,13.488,119.0,169.53125,0.028024,1.0564414,2.0,63.1589434413102,Poor
1402,BILIGUNDULU,CWC,33,Tamil Nadu,571,Dharmapuri,Denkanikotti,-,-,Cauvery,Cauvery,-,-,-,Cauvery,12.18222222,77.72388889,01-05-2001 09:15,502.0,Clear,odour free,27.0,0.0,35.2,57.865,6.2,172.63,17.1315,41.17,8.14,11.472,141.5,159.38126,0.14012,1.423245,2.0,63.639336313526314,Poor
1403,BILIGUNDULU,CWC,33,Tamil Nadu,571,Dharmapuri,Denkanikotti,-,-,Cauvery,Cauvery,-,-,-,Cauvery,12.18222222,77.72388889,01-06-2001 09:20,410.0,Clear,odour free,27.0,0.0,22.0,97.98,6.0,94.55,11.421,56.58,8.2,9.12,77.5,102.5875,0.252216,2.4382062,1.0,50.03118310164211,Poor
1404,BILIGUNDULU,CWC,33,Tamil Nadu,571,Dharmapuri,Denkanikotti,-,-,Cauvery,Cauvery,-,-,-,Cauvery,12.18222222,77.72388889,02-07-2001 09:30,465.0,Clear,odour free,26.5,0.0,38.8,52.895,6.4,198.86,19.5615,33.35,8.2,3.84,,178.50626,0.21018,1.0894489,0.4,42.14637127386459,Good
1405,BILIGUNDULU,CWC,33,Tamil Nadu,571,Dharmapuri,Denkanikotti,-,-,Cauvery,Cauvery,-,-,-,Cauvery,12.18222222,77.72388889,01-08-2001 09:00,425.0,Brown,odour free,25.5,0.0,34.6,51.12,6.4,168.36,19.0755,28.06,6.6,3.984,,165.98125,0.14012,0.95070934,0.1,22.531138777282333,Excellent
1406,BILIGUNDULU,CWC,33,Tamil Nadu,571,Dharmapuri,Denkanikotti,-,-,Cauvery,Cauvery,-,-,-,Cauvery,12.18222222,77.72388889,01-09-2001 09:30,332.0,Clear,odour free,26.5,0.0,23.6,52.185,7.7,115.9,15.4305,27.37,7.8,4.8,,123.29375,0.28024,1.0762005,1.6,50.25879148882478,Poor
1407,BILIGUNDULU,CWC,33,Tamil Nadu,571,Dharmapuri,Denkanikotti,-,-,Cauvery,Cauvery,-,-,-,Cauvery,12.18222222,77.72388889,03-10-2001 09:00,534.0,Clear,odour free,26.0,0.0,31.4,81.295,7.7,190.93,22.2345,56.12,8.0,7.68,156.5,171.14375,0.378324,1.8731489,1.6,54.158619250441134,Poor
1408,BILIGUNDULU,CWC,33,Tamil Nadu,571,Dharmapuri,Denkanikotti,-,-,Cauvery,Cauvery,-,-,-,Cauvery,12.18222222,77.72388889,02-11-2001 09:00,572.0,Clear,odour free,27.0,0.0,37.6,85.2,7.7,217.77,21.0195,62.1,6.5,1.44,178.5,181.58125,0.588504,2.0116563,2.6,53.69673724804077,Poor
1409,BILIGUNDULU,CWC,33,Tamil Nadu,571,Dharmapuri,Denkanikotti,-,-,Cauvery,Cauvery,-,-,-,Cauvery,12.18222222,77.72388889,01-12-2001 09:00,552.0,Clear,odour free,25.5,0.0,27.8,86.975,7.3,198.25,22.842,65.09,7.3,3.84,,164.675,0.14012,2.2152412,0.9,38.28383448980241,Good
1410,BILIGUNDULU,CWC,33,Tamil Nadu,571,Dharmapuri,Denkanikotti,-,-,Cauvery,Cauvery,-,-,-,Cauvery,12.18222222,77.72388889,01-01-2002 09:00,671.0,Clear,odour free,26.0,0.0,56.6,69.225,7.3,261.08,32.4405,43.93,6.9,29.76,214.0,276.66876,1.177008,1.1529046,1.4,45.3826603533788,Good
1411,BILIGUNDULU,CWC,33,Tamil Nadu,571,Dharmapuri,Denkanikotti,-,-,Cauvery,Cauvery,-,-,-,Cauvery,12.18222222,77.72388889,01-02-2002 09:30,401.0,Clear,odour free,25.5,0.0,31.4,56.09,7.9,123.83,17.1315,32.2,7.7,29.28,101.5,149.88126,1.162996,1.1480632,1.8,53.46252366151621,Poor
1412,BILIGUNDULU,CWC,33,Tamil Nadu,571,Dharmapuri,Denkanikotti,-,-,Cauvery,Cauvery,-,-,-,Cauvery,12.18222222,77.72388889,01-03-2002 09:00,449.0,Clear,odour free,26.0,0.0,31.4,46.505,7.7,184.83,27.216,25.07,7.3,14.88,151.5,191.9,0.28024,0.79043776,2.5,60.09983562242676,Poor
1413,BILIGUNDULU,CWC,33,Tamil Nadu,571,Dharmapuri,Denkanikotti,-,-,Cauvery,Cauvery,-,-,-,Cauvery,12.18222222,77.72388889,01-04-2002 09:00,411.0,Clear,odour free,27.0,0.0,21.4,86.62,7.7,94.55,17.1315,46.92,8.1,8.64,77.5,124.88125,0.28024,1.8336444,1.5,52.33405760984469,Poor
1414,BILIGUNDULU,CWC,33,Tamil Nadu,571,Dharmapuri,Denkanikotti,-,-,Cauvery,Cauvery,-,-,-,Cauvery,12.18222222,77.72388889,01-05-2002 09:00,382.0,Clear,odour free,27.5,0.0,17.2,88.75,7.7,91.5,8.6265,59.11,8.2,8.64,75.0,78.943756,0.14012,2.9036005,1.7,54.47223140246712,Poor
1415,BILIGUNDULU,CWC,33,Tamil Nadu,571,Dharmapuri,Denkanikotti,-,-,Cauvery,Cauvery,-,-,-,Cauvery,12.18222222,77.72388889,01-06-2002 09:20,347.0,Clear,odour free,26.5,0.0,28.2,41.89,6.0,128.71,16.1595,23.46,8.1,4.8,105.50001,137.83125,1.54132,0.87230074,0.7,47.33165934593925,Good
1417,BILIGUNDULU,CWC,33,Tamil Nadu,571,Dharmapuri,Denkanikotti,-,-,Cauvery,Cauvery,-,-,-,Cauvery,12.18222222,77.72388889,01-08-2002 09:00,251.0,Clear,odour free,26.0,0.0,17.2,26.625,6.5,118.34,13.365,17.48,8.0,3.36,97.0,98.6875,0.14012,0.7684207,1.1,47.99425126575739,Good
1418,BILIGUNDULU,CWC,33,Tamil Nadu,571,Dharmapuri,Denkanikotti,-,-,Cauvery,Cauvery,-,-,-,Cauvery,12.18222222,77.72388889,02-09-2002 09:00,264.0,Clear,odour free,27.0,0.0,26.6,19.88,7.1,125.66,12.393,12.19,8.0,8.16,103.0,118.1375,0.14012,0.48944303,1.2,47.96069716208053,Good
1422,BILIGUNDULU,CWC,33,Tamil Nadu,571,Dharmapuri,Denkanikotti,-,-,Cauvery,Cauvery,-,-,-,Cauvery,12.18222222,77.72388889,01-01-2003 09:15,389.0,Clear,odour free,23.5,0.0,31.4,52.185,7.4,151.28,18.1035,28.06,8.2,10.56,,153.93124,0.14012,0.987279,0.1,35.041225915239956,Good
1423,BILIGUNDULU,CWC,33,Tamil Nadu,571,Dharmapuri,Denkanikotti,-,-,Cauvery,Cauvery,-,-,-,Cauvery,12.18222222,77.72388889,01-02-2003 09:00,293.0,Clear,odour free,24.5,0.0,20.4,40.115,7.0,126.88,10.449,28.75,8.0,1.92,,94.5375,0.0,1.2905735,0.2,33.82235220841877,Good
1424,BILIGUNDULU,CWC,33,Tamil Nadu,571,Dharmapuri,Denkanikotti,-,-,Cauvery,Cauvery,-,-,-,Cauvery,12.18222222,77.72388889,01-03-2003 09:15,300.0,Clear,odour free,26.0,0.0,26.6,40.115,6.1,128.1,10.449,23.23,8.0,1.92,105.0,110.0375,0.14012,0.96621716,1.3,51.620091808145354,Poor
1425,BILIGUNDULU,CWC,33,Tamil Nadu,571,Dharmapuri,Denkanikotti,-,-,Cauvery,Cauvery,-,-,-,Cauvery,12.18222222,77.72388889,01-04-2003 09:15,405.0,Clear,odour free,26.5,0.0,29.8,77.035,5.8,112.24,14.337,40.02,8.1,14.88,,134.2375,1.12096,1.5074779,0.6,45.58514268483635,Good
1426,BILIGUNDULU,CWC,33,Tamil Nadu,571,Dharmapuri,Denkanikotti,-,-,Cauvery,Cauvery,-,-,-,Cauvery,12.18222222,77.72388889,01-05-2003 09:00,,Clear,odour free,26.5,0.0,15.8,69.935,5.8,48.19,7.6545,38.87,,14.88,39.5,71.39375,0.7006,2.0077019,1.1,40.02249846897008,Good
1427,BILIGUNDULU,CWC,33,Tamil Nadu,571,Dharmapuri,Denkanikotti,-,-,Cauvery,Cauvery,-,-,-,Cauvery,12.18222222,77.72388889,02-06-2003 09:00,431.0,Clear,odour free,30.8,0.0,25.17,52.98,1.12,122.5,13.36,40.0,7.56,9.5,100.409836,118.59167,1.12096,1.6032472,1.04,58.2005294326943,Poor
1428,BILIGUNDULU,CWC,33,Tamil Nadu,571,Dharmapuri,Denkanikotti,-,-,Cauvery,Cauvery,-,-,-,Cauvery,12.18222222,77.72388889,01-07-2003 09:00,423.0,Clear,odour free,26.0,0.0,27.19,42.21,5.8,136.0,16.72,28.8,8.2,13.0,111.47541,137.64166,0.01,1.0716938,2.7,74.07134331056163,Poor
1429,BILIGUNDULU,CWC,33,Tamil Nadu,571,Dharmapuri,Denkanikotti,-,-,Cauvery,Cauvery,-,-,-,Cauvery,12.18222222,77.72388889,01-08-2003 09:00,271.0,Clear,odour free,25.5,0.0,20.45,43.99,5.97,100.0,10.5,32.5,6.22,15.0,81.96722,94.875,0.42036,1.4563166,1.46,37.306452629675555,Good
1430,BILIGUNDULU,CWC,33,Tamil Nadu,571,Dharmapuri,Denkanikotti,-,-,Cauvery,Cauvery,-,-,-,Cauvery,12.18222222,77.72388889,01-09-2003 09:00,293.0,Light Brown,odour free,26.0,0.0,22.02,39.99,7.01,97.4,11.45,26.3,8.2,10.5,79.83607,102.75833,0.28024,1.1324078,0.59,41.77145572034908,Good
1431,BILIGUNDULU,CWC,33,Tamil Nadu,571,Dharmapuri,Denkanikotti,-,-,Cauvery,Cauvery,-,-,-,Cauvery,12.18222222,77.72388889,01-10-2003 09:00,340.0,Light Brown,odour free,26.0,0.0,34.61,44.99,6.86,170.0,17.17,33.2,6.48,21.5,139.34427,158.06667,0.98084,1.1525146,0.68,29.275205514092235,Good
1432,BILIGUNDULU,CWC,33,Tamil Nadu,571,Dharmapuri,Denkanikotti,-,-,Cauvery,Cauvery,-,-,-,Cauvery,12.18222222,77.72388889,03-11-2003 09:00,434.0,Clear,odour free,26.0,0.0,31.46,46.99,3.9,126.3,13.36,34.9,7.38,22.0,103.52459,134.31667,1.26108,1.3140144,0.9,47.923556392372866,Good
1433,BILIGUNDULU,CWC,33,Tamil Nadu,571,Dharmapuri,Denkanikotti,-,-,Cauvery,Cauvery,-,-,-,Cauvery,12.18222222,77.72388889,01-12-2003 09:00,466.0,Clear,odour free,,0.0,36.18,37.99,7.8,160.0,20.04,22.5,7.33,11.5,131.14754,173.95001,1.97,0.7446679,1.0,40.90302482136328,Good
1434,BILIGUNDULU,CWC,33,Tamil Nadu,571,Dharmapuri,Denkanikotti,-,-,Cauvery,Cauvery,-,-,-,Cauvery,12.18222222,77.72388889,02-01-2004 09:00,467.0,Clear,odour free,,0.0,31.46,43.99,6.61,157.3,18.13,32.0,8.2,11.0,128.93443,154.19167,1.96168,1.1249545,1.38,56.95247210366095,Poor
1435,BILIGUNDULU,CWC,33,Tamil Nadu,571,Dharmapuri,Denkanikotti,-,-,Cauvery,Cauvery,-,-,-,Cauvery,12.18222222,77.72388889,03-02-2004 09:00,439.0,Clear,odour free,24.5,0.0,19.73,49.99,6.95,122.8,17.63,37.4,7.78,10.5,100.65574,122.783325,1.68144,1.4742458,1.34,50.72633700830195,Poor
1436,BILIGUNDULU,CWC,33,Tamil Nadu,571,Dharmapuri,Denkanikotti,-,-,Cauvery,Cauvery,-,-,-,Cauvery,12.18222222,77.72388889,01-03-2004 09:00,411.0,Clear,odour free,24.5,0.0,22.02,43.98,5.7,123.0,14.41,30.5,7.99,12.5,100.81967,115.09167,1.12096,1.2412729,2.7,73.15434666690511,Poor
1437,BILIGUNDULU,CWC,33,Tamil Nadu,571,Dharmapuri,Denkanikotti,-,-,Cauvery,Cauvery,-,-,-,Cauvery,12.18222222,77.72388889,02-04-2004 09:00,486.0,Clear,odour free,,0.0,17.3,33.98,3.94,101.32,15.53,20.0,7.84,15.0,83.04918,107.95833,1.68144,0.8407608,3.4,86.25647619958828,Very Poor
1438,BILIGUNDULU,CWC,33,Tamil Nadu,571,Dharmapuri,Denkanikotti,-,-,Cauvery,Cauvery,-,-,-,Cauvery,12.18222222,77.72388889,05-05-2004 09:00,543.0,Clear,odour free,26.0,0.0,23.6,52.6,4.3,126.0,16.36,38.0,7.46,16.48,103.27869,127.16667,0.14012,1.471363,3.25,78.28562950228115,Very Poor
1439,BILIGUNDULU,CWC,33,Tamil Nadu,571,Dharmapuri,Denkanikotti,-,-,Cauvery,Cauvery,-,-,-,Cauvery,12.18222222,77.72388889,01-06-2004 08:30,396.0,Brown,odour free,25.5,0.0,31.2,40.115,5.49,151.24,18.1035,30.01,7.63,22.992,123.96722,153.43126,0.308264,1.0576171,4.835,99.01911971322745,Very Poor
1440,BILIGUNDULU,CWC,33,Tamil Nadu,571,Dharmapuri,Denkanikotti,-,-,Cauvery,Cauvery,-,-,-,Cauvery,12.18222222,77.72388889,02-07-2004 08:30,257.0,Light Brown,odour free,26.5,0.0,22.4,30.175,7.01,99.78,8.6265,21.796,8.22,6.48,81.78688,91.94375,0.042036,0.99174625,0.96,46.2247801037643,Good
1441,BILIGUNDULU,CWC,33,Tamil Nadu,571,Dharmapuri,Denkanikotti,-,-,Cauvery,Cauvery,-,-,-,Cauvery,12.18222222,77.72388889,02-08-2004 08:30,223.0,Light Brown,odour free,25.0,0.0,21.8,25.915,6.85,89.78,8.6265,14.49,7.82,8.0,73.590164,90.44375,0.532456,0.66478175,0.49,36.990561917632384,Good
1442,BILIGUNDULU,CWC,33,Tamil Nadu,571,Dharmapuri,Denkanikotti,-,-,Cauvery,Cauvery,-,-,-,Cauvery,12.18222222,77.72388889,01-09-2004 08:30,247.0,Clear,odour free,27.0,0.0,23.4,28.045,4.98,96.51,7.6545,19.688,8.17,10.992,79.10656,90.393745,0.196168,0.903293,0.55,45.4184525304219,Good
1443,BILIGUNDULU,CWC,33,Tamil Nadu,571,Dharmapuri,Denkanikotti,-,-,Cauvery,Cauvery,-,-,-,Cauvery,12.18222222,77.72388889,04-10-2004 08:30,393.0,Light Brown,odour free,25.0,0.0,31.2,40.115,7.3,166.5,18.1035,28.986,8.22,9.0,136.4754,153.43126,0.21018,1.0215291,0.98,47.8449738061742,Good
1444,BILIGUNDULU,CWC,33,Tamil Nadu,571,Dharmapuri,Denkanikotti,-,-,Cauvery,Cauvery,-,-,-,Cauvery,12.18222222,77.72388889,01-11-2004 08:30,346.0,Clear,odour free,28.5,0.0,21.8,44.02,7.85,128.4,11.421,22.989,8.21,10.992,105.245895,102.087494,0.644552,0.9931019,0.97,45.38496197396554,Good
1445,BILIGUNDULU,CWC,33,Tamil Nadu,571,Dharmapuri,Denkanikotti,-,-,Cauvery,Cauvery,-,-,-,Cauvery,12.18222222,77.72388889,03-12-2004 08:30,307.0,Dark Green,odour free,26.0,0.0,17.2,29.11,6.77,136.3,13.814,21.06,8.2,10.992,111.72131,100.558334,0.196168,0.91718495,0.75,44.70980006859332,Good
1446,BILIGUNDULU,CWC,33,Tamil Nadu,571,Dharmapuri,Denkanikotti,-,-,Cauvery,Cauvery,-,-,-,Cauvery,12.18222222,77.72388889,01-01-2005 08:30,325.0,Clear,odour free,24.5,0.0,18.0,26.0215,7.44,140.3,10.1035,17.898,8.2,12.48,115.0,87.097916,0.168144,0.83714503,1.99,59.20801844842385,Poor
1447,BILIGUNDULU,CWC,33,Tamil Nadu,571,Dharmapuri,Denkanikotti,-,-,Cauvery,Cauvery,-,-,-,Cauvery,12.18222222,77.72388889,01-02-2005 08:30,493.0,Clear,odour free,26.0,0.0,19.2,47.925,6.63,199.88,13.4495,35.793,8.1,16.512,163.83607,104.03959,0.21018,1.5322431,0.97,47.371628614065195,Good
1448,BILIGUNDULU,CWC,33,Tamil Nadu,571,Dharmapuri,Denkanikotti,-,-,Cauvery,Cauvery,-,-,-,Cauvery,12.18222222,77.72388889,01-03-2005 08:30,412.0,Clear,odour free,26.5,0.0,21.6,44.02,6.82,207.15,18.4495,31.489,8.23,20.976,169.79507,130.87291,0.294252,1.2021996,0.48,42.42723478190028,Good
1449,BILIGUNDULU,CWC,33,Tamil Nadu,571,Dharmapuri,Denkanikotti,-,-,Cauvery,Cauvery,-,-,-,Cauvery,12.18222222,77.72388889,04-04-2005 08:30,422.0,Clear,odour free,28.5,0.0,28.2,31.0,5.74,184.09,15.309,21.794,8.14,23.0,150.89343,134.2875,0.3503,0.8209181,0.14,39.40222638756419,Good
1450,BILIGUNDULU,CWC,33,Tamil Nadu,571,Dharmapuri,Denkanikotti,-,-,Cauvery,Cauvery,-,-,-,Cauvery,12.18222222,77.72388889,02-05-2005 08:30,501.0,Clear,odour free,30.0,0.0,29.6,59.225,6.05,196.989,15.702,41.36,8.1,16.0,161.46638,139.425,0.28024,1.5288942,0.99,49.86385817834264,Good
1451,BILIGUNDULU,CWC,33,Tamil Nadu,571,Dharmapuri,Denkanikotti,-,-,Cauvery,Cauvery,-,-,-,Cauvery,12.18222222,77.72388889,01-06-2005 08:30,304.0,Clear,odour free,26.5,0.0,13.8,37.8,6.0,85.3,8.1,30.8,8.24,11.52,69.91804,68.25,0.154132,1.6275166,1.04,49.88654292288617,Good
1452,BILIGUNDULU,CWC,33,Tamil Nadu,571,Dharmapuri,Denkanikotti,-,-,Cauvery,Cauvery,-,-,-,Cauvery,12.18222222,77.72388889,04-07-2005 08:30,393.0,Clear,odour free,25.5,0.0,24.0,35.3,7.24,157.0,10.4,30.0,8.22,3.25,128.68852,103.33333,0.056048,1.2878109,0.78,43.71084034070136,Good
1453,BILIGUNDULU,CWC,33,Tamil Nadu,571,Dharmapuri,Denkanikotti,-,-,Cauvery,Cauvery,-,-,-,Cauvery,12.18222222,77.72388889,01-08-2005 08:30,453.0,Brown,odour free,26.5,0.0,21.12,50.7,8.49,159.0,15.27,41.5,7.85,3.23,130.32787,116.425,0.084072,1.6794697,1.16,42.8922526410018,Good
1454,BILIGUNDULU,CWC,33,Tamil Nadu,571,Dharmapuri,Denkanikotti,-,-,Cauvery,Cauvery,-,-,-,Cauvery,12.18222222,77.72388889,01-09-2005 08:30,403.0,Clear,odour free,26.0,0.0,22.65,53.79,7.33,128.0,8.21,43.1,8.02,2.66,104.91803,90.833336,0.252216,1.972905,1.25,47.80362946488467,Good
1455,BILIGUNDULU,CWC,33,Tamil Nadu,571,Dharmapuri,Denkanikotti,-,-,Cauvery,Cauvery,-,-,-,Cauvery,12.18222222,77.72388889,03-10-2005 08:30,275.0,Clear,odour free,27.0,0.0,15.73,34.2,5.49,88.0,7.63,28.0,8.2,2.8,72.13115,71.11667,0.26,1.4490649,1.1,51.68664497710905,Poor
1456,BILIGUNDULU,CWC,33,Tamil Nadu,571,Dharmapuri,Denkanikotti,-,-,Cauvery,Cauvery,-,-,-,Cauvery,12.18222222,77.72388889,02-11-2005 08:30,310.0,Clear,odour free,25.5,0.0,14.6,35.68,6.82,103.0,11.45,29.1,8.06,2.9,84.42623,84.208336,0.05,1.3848714,1.98,59.1943041751713,Poor
1457,BILIGUNDULU,CWC,33,Tamil Nadu,571,Dharmapuri,Denkanikotti,-,-,Cauvery,Cauvery,-,-,-,Cauvery,12.18222222,77.72388889,01-12-2005 08:30,417.0,Clear,odour free,26.0,0.0,14.3,39.8,6.4,155.0,12.41,32.5,8.21,5.76,127.04918,87.458336,0.098084,1.5178691,0.99,48.666166458979134,Good
1458,BILIGUNDULU,CWC,33,Tamil Nadu,571,Dharmapuri,Denkanikotti,-,-,Cauvery,Cauvery,-,-,-,Cauvery,12.18222222,77.72388889,02-01-2006 08:30,350.0,Clear,odour free,26.0,0.0,16.5,41.5,6.86,118.0,11.2,33.6,8.17,14.4,96.72131,87.916664,0.084072,1.5646396,0.85,45.03307454699,Good
1459,BILIGUNDULU,CWC,33,Tamil Nadu,571,Dharmapuri,Denkanikotti,-,-,Cauvery,Cauvery,-,-,-,Cauvery,12.18222222,77.72388889,01-02-2006 08:30,350.0,Clear,odour free,25.5,0.0,14.6,45.0,7.54,120.0,13.6,40.0,8.26,17.28,98.36066,93.16667,0.196168,1.8101764,0.87,44.91444122057164,Good
1460,BILIGUNDULU,CWC,33,Tamil Nadu,571,Dharmapuri,Denkanikotti,-,-,Cauvery,Cauvery,-,-,-,Cauvery,12.18222222,77.72388889,01-03-2006 08:30,410.0,Clear,odour free,26.0,0.0,18.32,41.2,6.87,153.0,16.09,35.6,8.24,2.82,125.409836,112.84167,0.252216,1.4637723,0.95,48.067683716001405,Good
1461,BILIGUNDULU,CWC,33,Tamil Nadu,571,Dharmapuri,Denkanikotti,-,-,Cauvery,Cauvery,-,-,-,Cauvery,12.18222222,77.72388889,01-04-2006 08:30,360.0,Clear,odour free,27.0,0.0,13.33,56.5,7.36,121.3,12.7,46.9,8.21,3.13,99.42623,86.24167,0.308264,2.2060633,1.05,47.29605321148681,Good
1462,BILIGUNDULU,CWC,33,Tamil Nadu,571,Dharmapuri,Denkanikotti,-,-,Cauvery,Cauvery,-,-,-,Cauvery,12.18222222,77.72388889,01-05-2006 08:30,260.0,Clear,odour free,27.5,0.0,13.0,28.5,7.85,106.11,13.0,23.0,7.4,2.0,86.97541,86.666664,0.364312,1.079275,1.32,41.90620780918659,Good
1463,BILIGUNDULU,CWC,33,Tamil Nadu,571,Dharmapuri,Denkanikotti,-,-,Cauvery,Cauvery,-,-,-,Cauvery,12.18222222,77.72388889,01-06-2006 09:00,410.0,,,28.5,0.0,39.2,16.1,7.6,210.0,22.842,12.22,7.23,0.0,172.13115,193.175,0.2,0.38381115,0.8,36.116179696814356,Good
1464,BILIGUNDULU,CWC,33,Tamil Nadu,571,Dharmapuri,Denkanikotti,-,-,Cauvery,Cauvery,-,-,-,Cauvery,12.18222222,77.72388889,03-07-2006 09:00,300.0,,odour free,28.0,0.0,23.59,30.44,7.42,130.08,12.4,21.9,7.7,2.88,106.622955,110.64166,0.182156,0.90875477,1.18,44.02954715085365,Good
1465,BILIGUNDULU,CWC,33,Tamil Nadu,571,Dharmapuri,Denkanikotti,-,-,Cauvery,Cauvery,-,-,-,Cauvery,12.18222222,77.72388889,01-09-2006 09:00,135.0,,odour free,28.0,0.0,4.72,30.3,7.2,28.8,1.91,20.6,7.0,3.168,23.606556,19.758333,0.252216,2.022109,0.4,25.089904287619024,Good
1466,BILIGUNDULU,CWC,33,Tamil Nadu,571,Dharmapuri,Denkanikotti,-,-,Cauvery,Cauvery,-,-,-,Cauvery,12.18222222,77.72388889,01-11-2006 09:00,190.0,,,28.0,0.0,9.4,36.03,8.04,55.0,4.7385,22.1,8.24,1.344,45.081966,43.243748,0.26048,1.4667913,0.98,43.26895257765432,Good
1467,BILIGUNDULU,CWC,33,Tamil Nadu,571,Dharmapuri,Denkanikotti,-,-,Cauvery,Cauvery,-,-,-,Cauvery,12.18222222,77.72388889,02-01-2007 09:00,290.0,Clear,odour free,23.0,0.0,12.6,35.6,8.58,85.0,10.281,25.93,8.24,7.84,69.672134,74.3375,1.12096,1.3134549,1.07,45.186692021595384,Good
1468,BILIGUNDULU,CWC,33,Tamil Nadu,571,Dharmapuri,Denkanikotti,-,-,Cauvery,Cauvery,-,-,-,Cauvery,12.18222222,77.72388889,01-03-2007 09:00,215.0,,,28.0,0.0,12.3,35.865,7.99,66.3,5.309,24.29,8.18,3.44,54.344265,52.870834,0.308264,1.4577004,1.05,44.03857396130399,Good
1469,BILIGUNDULU,CWC,33,Tamil Nadu,571,Dharmapuri,Denkanikotti,-,-,Cauvery,Cauvery,-,-,-,Cauvery,12.18222222,77.72388889,01-05-2007 09:15,340.0,,,27.0,0.0,20.2,38.875,5.02,138.0,11.421,28.3,7.86,8.16,113.11475,98.0875,0.112096,1.2473372,1.9,61.109543442105014,Poor
1470,BILIGUNDULU,CWC,33,Tamil Nadu,571,Dharmapuri,Denkanikotti,-,-,Cauvery,Cauvery,-,-,-,Cauvery,12.18222222,77.72388889,02-07-2007 10:00,386.0,Clear,odour free,26.0,0.0,26.4,45.88,6.19,115.0,5.9535,30.525,8.24,15.88,94.2623,90.80625,2.998568,1.3967183,1.57,60.18313352150795,Poor
1471,BILIGUNDULU,CWC,33,Tamil Nadu,571,Dharmapuri,Denkanikotti,-,-,Cauvery,Cauvery,-,-,-,Cauvery,12.18222222,77.72388889,01-08-2007 09:30,310.0,Clear,odour free,27.5,0.0,11.0,62.105,4.84,45.32,5.7105,43.194,8.12,48.0,37.14754,51.29375,0.14012,2.6323638,0.78,47.8123155008584,Good
1472,BILIGUNDULU,CWC,33,Tamil Nadu,571,Dharmapuri,Denkanikotti,-,-,Cauvery,Cauvery,-,-,-,Cauvery,12.18222222,77.72388889,05-09-2007 10:00,315.0,Light Brown,odour free,27.0,0.0,14.0,60.07,5.8,82.0,7.6545,41.699,7.8,1.248,67.21311,66.89375,0.042036,2.225449,1.6,53.604592854928704,Poor
1473,BILIGUNDULU,CWC,33,Tamil Nadu,571,Dharmapuri,Denkanikotti,-,-,Cauvery,Cauvery,-,-,-,Cauvery,12.18222222,77.72388889,03-10-2007 09:15,390.0,Clear,odour free,27.0,0.0,21.8,60.6,5.3,132.0,12.393,39.997,8.23,0.096,108.196724,106.1375,0.84072,1.6947298,1.17,55.18294826632967,Poor
1474,BILIGUNDULU,CWC,33,Tamil Nadu,571,Dharmapuri,Denkanikotti,-,-,Cauvery,Cauvery,-,-,-,Cauvery,12.18222222,77.72388889,01-11-2007 09:30,407.0,Clear,odour free,27.0,0.0,20.4,73.2,7.2,128.06,12.393,55.315,7.84,0.096,104.96721,102.6375,0.084072,2.3836143,1.0,43.45360997245934,Good
1475,BILIGUNDULU,CWC,33,Tamil Nadu,571,Dharmapuri,Denkanikotti,-,-,Cauvery,Cauvery,-,-,-,Cauvery,12.18222222,77.72388889,03-12-2007 09:30,385.0,Clear,odour free,25.0,0.0,21.8,68.725,7.4,98.0,12.393,39.291,8.19,0.0768,80.327866,106.1375,1.247068,1.6648155,1.3,51.66039924010842,Poor
1476,BILIGUNDULU,CWC,33,Tamil Nadu,571,Dharmapuri,Denkanikotti,-,-,Cauvery,Cauvery,-,-,-,Cauvery,12.18222222,77.72388889,01-01-2008 08:00,609.0,Clear,odour free,23.5,0.0,36.0,75.115,6.08,228.071,21.0195,53.981,8.19,0.288,186.94344,177.58125,0.14012,1.7683383,1.42,57.363709908476004,Poor
1477,BILIGUNDULU,CWC,33,Tamil Nadu,571,Dharmapuri,Denkanikotti,-,-,Cauvery,Cauvery,-,-,-,Cauvery,12.18222222,77.72388889,01-02-2008 08:00,404.0,Clear,odour free,26.0,0.0,29.8,41.95,4.1,164.013,17.1315,29.003,7.88,0.384,134.43689,145.88126,0.21018,1.0482314,0.4,44.659599248692516,Good
1478,BILIGUNDULU,CWC,33,Tamil Nadu,571,Dharmapuri,Denkanikotti,-,-,Cauvery,Cauvery,-,-,-,Cauvery,12.18222222,77.72388889,03-03-2008 08:30,458.0,Clear,odour free,26.0,0.0,26.46,79.08,6.7,131.76,15.309,48.74,8.24,1.2576,107.99999,129.9375,0.014012,1.8665344,1.0,49.065297915375076,Good
1479,BILIGUNDULU,CWC,33,Tamil Nadu,571,Dharmapuri,Denkanikotti,-,-,Cauvery,Cauvery,-,-,-,Cauvery,12.18222222,77.72388889,01-04-2008 09:30,401.0,Clear,odour free,26.5,0.0,36.0,18.95,7.0,191.89,21.0195,10.787,8.24,1.728,157.28688,177.58125,0.126108,0.3533663,1.9,61.640881231222274,Poor
1480,BILIGUNDULU,CWC,33,Tamil Nadu,571,Dharmapuri,Denkanikotti,-,-,Cauvery,Cauvery,-,-,-,Cauvery,12.18222222,77.72388889,01-05-2008 08:00,417.0,Clear,odour free,28.0,0.0,23.6,78.02,6.7,128.23,12.393,55.2,8.24,0.288,105.10655,110.6375,0.224192,2.2906,1.8,59.6196014046529,Poor
1481,BILIGUNDULU,CWC,33,Tamil Nadu,571,Dharmapuri,Denkanikotti,-,-,Cauvery,Cauvery,-,-,-,Cauvery,12.18222222,77.72388889,02-06-2008 09:45,512.0,Brown,odour free,28.0,0.0,35.6,46.86,7.01,211.06,19.683,36.06,8.2,8.832,173.0,171.0125,1.96168,1.203658,0.96,50.76224775660896,Poor
1482,BILIGUNDULU,CWC,33,Tamil Nadu,571,Dharmapuri,Denkanikotti,-,-,Cauvery,Cauvery,-,-,-,Cauvery,12.18222222,77.72388889,01-07-2008 08:00,502.0,Clear,odour free,28.0,0.0,24.4,70.006,6.8,159.515,13.851,52.32,8.12,12.864,130.75,118.7125,3.36288,2.0961683,1.0,51.564285334303015,Poor
1483,BILIGUNDULU,CWC,33,Tamil Nadu,571,Dharmapuri,Denkanikotti,-,-,Cauvery,Cauvery,-,-,-,Cauvery,12.18222222,77.72388889,01-08-2008 10:30,152.0,Clear,odour free,25.5,0.0,12.8,13.5965,5.4,61.61,3.888,9.796,8.02,3.072,50.5,48.2,0.868744,0.61543554,0.6,43.376465379051616,Good
1484,BILIGUNDULU,CWC,33,Tamil Nadu,571,Dharmapuri,Denkanikotti,-,-,Cauvery,Cauvery,-,-,-,Cauvery,12.18222222,77.72388889,01-09-2008 10:30,292.0,Light Brown,odour free,25.0,0.0,24.0,17.324,5.2,136.03,12.636,13.38,8.2,7.776,111.5,112.65,1.064912,0.5502416,0.8,50.38651975296866,Poor
1485,BILIGUNDULU,CWC,33,Tamil Nadu,571,Dharmapuri,Denkanikotti,-,-,Cauvery,Cauvery,-,-,-,Cauvery,12.18222222,77.72388889,03-10-2008 10:30,310.0,Clear,odour free,26.0,0.0,25.65,17.91,5.67,157.41,12.64,21.8,8.29,3.8,129.0246,116.791664,0.924792,0.8803901,0.36,44.056208092740064,Good
1486,BILIGUNDULU,CWC,33,Tamil Nadu,571,Dharmapuri,Denkanikotti,-,-,Cauvery,Cauvery,-,-,-,Cauvery,12.18222222,77.72388889,03-11-2008 10:00,360.0,Clear,odour free,24.0,0.0,30.4,23.43,6.78,195.2,12.636,28.98,8.23,6.192,160.0,128.65,0.518444,1.1148617,1.36,53.964523113484994,Poor
1487,BILIGUNDULU,CWC,33,Tamil Nadu,571,Dharmapuri,Denkanikotti,-,-,Cauvery,Cauvery,-,-,-,Cauvery,12.18222222,77.72388889,01-12-2008 09:30,467.0,Light Brown,odour free,23.0,0.0,38.4,28.755,7.3,247.05,17.496,26.91,8.27,7.92,202.5,168.90001,0.546468,0.9036047,2.1,64.15790299032697,Poor
1488,BILIGUNDULU,CWC,33,Tamil Nadu,571,Dharmapuri,Denkanikotti,-,-,Cauvery,Cauvery,-,-,-,Cauvery,12.18222222,77.72388889,01-01-2009 08:30,457.0,Clear,odour free,24.6,0.0,35.2,25.205,7.08,248.27,19.44,36.8,8.22,7.776,203.5,169.0,0.644552,1.2356489,1.76,59.982591841925384,Poor
1489,BILIGUNDULU,CWC,33,Tamil Nadu,571,Dharmapuri,Denkanikotti,-,-,Cauvery,Cauvery,-,-,-,Cauvery,12.18222222,77.72388889,02-02-2009 08:00,469.0,Clear,odour free,23.0,18.6,33.6,24.495,7.15,232.41,20.412,36.8,8.46,7.728,221.5,169.05,0.588504,1.235624,1.39,57.177480431430546,Poor
1490,BILIGUNDULU,CWC,33,Tamil Nadu,571,Dharmapuri,Denkanikotti,-,-,Cauvery,Cauvery,-,-,-,Cauvery,12.18222222,77.72388889,02-03-2009 08:00,427.0,Clear,odour free,25.0,14.1,32.0,28.755,5.69,189.71,18.468,33.58,8.65,6.912,179.0,156.95,0.56048,1.170082,0.83,54.61827641597916,Poor
1491,BILIGUNDULU,CWC,33,Tamil Nadu,571,Dharmapuri,Denkanikotti,-,-,Cauvery,Cauvery,-,-,-,Cauvery,12.18222222,77.72388889,01-04-2009 08:30,574.0,Clear,odour free,26.3,32.4,35.2,47.57,6.48,192.15,21.384,57.73,8.4,8.016,211.5,177.1,0.63054,1.8938186,2.22,69.84381945570448,Poor
1492,BILIGUNDULU,CWC,33,Tamil Nadu,571,Dharmapuri,Denkanikotti,-,-,Cauvery,Cauvery,-,-,-,Cauvery,12.18222222,77.72388889,01-05-2009 08:30,440.0,Clear,odour free,27.5,0.0,28.8,26.98,6.28,225.09,19.44,40.48,8.13,2.592,184.5,153.0,0.532456,1.4289012,1.26,54.01185290985106,Poor
1493,BILIGUNDULU,CWC,33,Tamil Nadu,571,Dharmapuri,Denkanikotti,-,-,Cauvery,Cauvery,-,-,-,Cauvery,12.18222222,77.72388889,01-06-2009 08:20,538.0,Clear,odour free,28.0,9.3,35.2,50.765,5.5,197.03,19.44,50.6,8.38,8.736,177.0,169.0,1.919644,1.6990172,0.96,56.271012955632926,Poor
1494,BILIGUNDULU,CWC,33,Tamil Nadu,571,Dharmapuri,Denkanikotti,-,-,Cauvery,Cauvery,-,-,-,Cauvery,12.18222222,77.72388889,01-07-2009 08:20,611.0,Clear,odour free,28.0,16.2,36.8,62.835,7.03,197.03,21.384,64.86,8.6,12.768,188.5,181.1,3.08264,2.1039622,2.03,70.8172932900949,Poor
1495,BILIGUNDULU,CWC,33,Tamil Nadu,571,Dharmapuri,Denkanikotti,-,-,Cauvery,Cauvery,-,-,-,Cauvery,12.18222222,77.72388889,03-08-2009 08:00,141.0,Clear,odour free,24.0,0.0,14.4,9.727,7.64,66.49,4.86,5.497,7.96,4.272,54.5,56.25,0.728624,0.3197256,1.01,42.683691473921826,Good
1496,BILIGUNDULU,CWC,33,Tamil Nadu,571,Dharmapuri,Denkanikotti,-,-,Cauvery,Cauvery,-,-,-,Cauvery,12.18222222,77.72388889,01-09-2009 08:15,307.0,Clear,odour free,24.5,0.0,25.6,23.1105,6.75,145.424,11.664,24.104,8.19,7.488,119.2,112.6,1.008864,0.99128723,0.38,40.5913187912315,Good
1497,BILIGUNDULU,CWC,33,Tamil Nadu,571,Dharmapuri,Denkanikotti,-,-,Cauvery,Cauvery,-,-,-,Cauvery,12.18222222,77.72388889,05-10-2009 08:15,318.0,Clear,odour free,24.0,9.3,28.8,17.324,7.15,148.291,11.664,24.518,8.36,6.24,137.05,120.6,1.0509,0.9741466,0.99,49.62737513472268,Good
1498,BILIGUNDULU,CWC,33,Tamil Nadu,571,Dharmapuri,Denkanikotti,-,-,Cauvery,Cauvery,-,-,-,Cauvery,12.18222222,77.72388889,03-11-2009 08:15,337.0,Clear,odour free,24.0,0.0,32.0,19.454,7.0,186.538,13.608,24.817,8.15,4.464,152.9,136.7,0.49042,0.92620134,0.58,42.21260099591461,Good
1499,BILIGUNDULU,CWC,33,Tamil Nadu,571,Dharmapuri,Denkanikotti,-,-,Cauvery,Cauvery,-,-,-,Cauvery,12.18222222,77.72388889,01-12-2009 08:15,377.0,Clear,odour free,23.5,0.0,32.0,21.1935,6.95,208.437,14.58,28.106,8.2,5.376,170.84999,140.75,0.56048,1.0338427,0.2,37.983345017048975,Good
1500,BILIGUNDULU,CWC,33,Tamil Nadu,571,Dharmapuri,Denkanikotti,-,-,Cauvery,Cauvery,-,-,-,Cauvery,12.18222222,77.72388889,01-01-2010 08:30,454.0,Clear,odour free,23.5,27.9,35.2,29.181,7.49,175.253,17.496,38.019,8.49,8.64,190.15001,160.90001,0.714612,1.3081341,0.99,50.88605834764017,Poor
1501,BILIGUNDULU,CWC,33,Tamil Nadu,571,Dharmapuri,Denkanikotti,-,-,Cauvery,Cauvery,-,-,-,Cauvery,12.18222222,77.72388889,01-02-2010 08:15,454.0,Clear,odour free,23.0,37.26,33.6,29.181,7.0,161.04,19.44,37.513,8.51,6.624,194.09999,165.0,0.406348,1.2748454,0.97,51.91800675183206,Poor
1502,BILIGUNDULU,CWC,33,Tamil Nadu,571,Dharmapuri,Denkanikotti,-,-,Cauvery,Cauvery,-,-,-,Cauvery,12.18222222,77.72388889,01-03-2010 08:15,478.0,Clear,odour free,26.0,0.0,33.6,32.731,7.0,229.604,19.44,40.02,8.19,7.392,188.2,165.0,0.462396,1.3600435,1.02,49.60986556980939,Good
1503,BILIGUNDULU,CWC,33,Tamil Nadu,571,Dharmapuri,Denkanikotti,-,-,Cauvery,Cauvery,-,-,-,Cauvery,12.18222222,77.72388889,05-04-2010 08:30,447.0,Clear,odour free,27.0,23.52,32.0,28.897,6.0,186.538,19.44,37.306,8.47,8.4,192.09999,161.0,0.476408,1.2835472,1.6,62.61876500846489,Poor
1504,BILIGUNDULU,CWC,33,Tamil Nadu,571,Dharmapuri,Denkanikotti,-,-,Cauvery,Cauvery,-,-,-,Cauvery,12.18222222,77.72388889,01-05-2010 08:30,390.0,Clear,odour free,27.5,0.0,30.4,28.897,6.2,198.982,17.496,30.314,8.3,5.712,163.09999,148.9,0.49042,1.0844524,1.8,62.755338728400666,Poor
1511,BILIGUNDULU,CWC,33,Tamil Nadu,571,Dharmapuri,Denkanikotti,-,-,Cauvery,Cauvery,-,-,-,Cauvery,12.18222222,77.72388889,01-12-2010 08:30,427.0,Clear,odour free,25.0,18.18,36.0,23.643,7.36,189.466,16.524,32.016,8.39,7.584,185.6,158.85,0.98084,1.1085551,1.19,53.11997910725358,Poor
1512,BILIGUNDULU,CWC,33,Tamil Nadu,571,Dharmapuri,Denkanikotti,-,-,Cauvery,Cauvery,-,-,-,Cauvery,12.18222222,77.72388889,03-01-2011 08:45,482.0,Clear,odour free,24.0,31.8,38.4,29.82,7.44,194.041,20.412,39.606,8.5,6.432,212.05,181.05,0.896768,1.284784,0.81,49.48936783664775,Good
1518,BILIGUNDULU,CWC,33,Tamil Nadu,571,Dharmapuri,Denkanikotti,-,-,Cauvery,Cauvery,-,-,-,Cauvery,12.18222222,77.72388889,01-07-2011 08:30,347.0,Light Brown,odour free,28.0,0.0,30.4,31.24,6.95,133.407,10.692,26.105,8.09,5.328,,120.55,1.205032,1.0372304,2.78,71.44991849476212,Poor
1519,BILIGUNDULU,CWC,33,Tamil Nadu,571,Dharmapuri,Denkanikotti,-,-,Cauvery,Cauvery,-,-,-,Cauvery,12.18222222,77.72388889,01-08-2011 08:30,209.0,Light Brown,odour free,26.0,0.0,17.6,19.525,7.0,100.406,6.804,15.502,7.81,4.704,82.299995,72.35,1.177008,0.7951617,0.78,40.831748152729425,Good
1520,BILIGUNDULU,CWC,33,Tamil Nadu,571,Dharmapuri,Denkanikotti,-,-,Cauvery,Cauvery,-,-,-,Cauvery,12.18222222,77.72388889,02-09-2011 08:30,260.0,Light Brown,odour free,27.0,0.0,19.2,17.75,6.61,120.963,9.72,18.009,7.94,4.56,99.15,88.5,1.205032,0.8355225,2.83,71.32885341456436,Poor
1521,BILIGUNDULU,CWC,33,Tamil Nadu,571,Dharmapuri,Denkanikotti,-,-,Cauvery,Cauvery,-,-,-,Cauvery,12.18222222,77.72388889,04-10-2011 08:30,345.0,Light Brown,odour free,28.0,0.0,27.2,21.3,6.83,170.678,13.608,26.703,7.45,4.416,139.9,124.700005,1.919644,1.0436627,0.8,40.50730277562514,Good
1522,BILIGUNDULU,CWC,33,Tamil Nadu,571,Dharmapuri,Denkanikotti,-,-,Cauvery,Cauvery,-,-,-,Cauvery,12.18222222,77.72388889,01-11-2011 08:30,372.0,Light Brown,odour free,28.0,0.0,30.4,20.59,6.822,197.945,15.552,27.002,7.54,5.136,162.25,140.8,1.26108,0.9932094,0.38,35.36199613715485,Good
1523,BILIGUNDULU,CWC,33,Tamil Nadu,571,Dharmapuri,Denkanikotti,-,-,Cauvery,Cauvery,-,-,-,Cauvery,12.18222222,77.72388889,02-12-2011 08:30,386.0,Light Brown,odour free,26.0,0.0,32.0,26.27,7.08,199.897,15.552,27.715,7.65,6.096,163.85,144.8,1.219044,1.0051879,0.59,38.61243391434976,Good
1524,BILIGUNDULU,CWC,33,Tamil Nadu,571,Dharmapuri,Denkanikotti,-,-,Cauvery,Cauvery,-,-,-,Cauvery,12.18222222,77.72388889,02-01-2012 08:30,462.0,Clear,odour free,26.0,0.0,36.8,31.95,7.315,243.939,22.356,30.314,8.16,7.728,199.95,185.15,1.429224,0.9725848,0.77,46.852717479771734,Good
1526,BILIGUNDULU,CWC,33,Tamil Nadu,571,Dharmapuri,Denkanikotti,-,-,Cauvery,Cauvery,-,-,-,Cauvery,12.18222222,77.72388889,02-03-2012 08:30,481.0,Clear,odour free,26.0,0.0,35.2,33.725,5.575,248.209,19.44,35.604,8.17,9.216,203.45,169.0,1.036888,1.1954904,0.193,42.64087517287424,Good
1527,BILIGUNDULU,CWC,33,Tamil Nadu,571,Dharmapuri,Denkanikotti,-,-,Cauvery,Cauvery,-,-,-,Cauvery,12.18222222,77.72388889,03-04-2012 08:30,439.0,Clear,odour free,29.0,0.0,30.4,30.53,5.84,220.82,17.496,30.015,8.04,6.576,181.0,148.9,1.54132,1.073756,0.58,46.04283872621488,Good
1529,BILIGUNDULU,CWC,33,Tamil Nadu,571,Dharmapuri,Denkanikotti,-,-,Cauvery,Cauvery,-,-,-,Cauvery,12.18222222,77.72388889,01-06-2012 08:30,412.0,Light Brown,odour free,30.0,0.0,32.0,40.825,6.49,183.488,16.524,30.015,8.08,5.664,150.4,148.85,1.12096,1.0737805,0.79,46.92977953566376,Good
1530,BILIGUNDULU,CWC,33,Tamil Nadu,571,Dharmapuri,Denkanikotti,-,-,Cauvery,Cauvery,-,-,-,Cauvery,12.18222222,77.72388889,02-07-2012 08:30,384.0,Light Brown,odour free,26.0,15.0,25.6,29.82,6.09,157.563,18.468,28.819,8.4,5.952,154.15001,140.95,0.784672,1.0599669,0.59,47.96995654954933,Good
1531,BILIGUNDULU,CWC,33,Tamil Nadu,571,Dharmapuri,Denkanikotti,-,-,Cauvery,Cauvery,-,-,-,Cauvery,12.18222222,77.72388889,01-08-2012 08:30,390.0,Light Brown,odour free,30.0,15.0,26.4,36.92,6.36,153.11,16.038,32.407,8.46,6.192,150.5,132.825,0.98084,1.2275666,0.8,50.61319460473397,Poor
1532,BILIGUNDULU,CWC,33,Tamil Nadu,571,Dharmapuri,Denkanikotti,-,-,Cauvery,Cauvery,-,-,-,Cauvery,12.18222222,77.72388889,03-09-2012 08:30,333.0,Light Brown,odour free,25.0,0.0,27.2,25.915,6.61,152.5,11.664,23.414,8.04,11.472,125.0,116.6,1.415212,0.946175,0.58,42.79314085077972,Good
1533,BILIGUNDULU,CWC,33,Tamil Nadu,571,Dharmapuri,Denkanikotti,-,-,Cauvery,Cauvery,-,-,-,Cauvery,12.18222222,77.72388889,03-10-2012 08:30,333.0,Light Brown,odour free,26.0,0.0,30.4,16.33,6.5,175.741,7.776,25.001,8.04,7.056,144.05,108.4,1.569344,1.0471612,0.39,40.24155136550781,Good
1534,BILIGUNDULU,CWC,33,Tamil Nadu,571,Dharmapuri,Denkanikotti,-,-,Cauvery,Cauvery,-,-,-,Cauvery,12.18222222,77.72388889,02-11-2012 08:30,420.0,Light Brown,odour free,26.0,0.0,32.0,1.775,7.52,220.82,13.608,28.911,8.13,6.816,181.0,136.7,1.148984,1.0789945,1.39,52.52513153941535,Poor
1535,BILIGUNDULU,CWC,33,Tamil Nadu,571,Dharmapuri,Denkanikotti,-,-,Cauvery,Cauvery,-,-,-,Cauvery,12.18222222,77.72388889,03-12-2012 08:30,452.0,Clear,odour free,24.5,0.0,41.6,31.24,6.43,230.519,15.552,32.016,8.25,4.992,188.95,168.8,1.625392,1.0751011,0.58,46.720750973659534,Good
1536,BILIGUNDULU,CWC,33,Tamil Nadu,571,Dharmapuri,Denkanikotti,-,-,Cauvery,Cauvery,-,-,-,Cauvery,12.18222222,77.72388889,01-01-2013 08:30,469.0,Clear,odour free,25.0,0.0,48.0,29.11,7.09,243.939,12.636,34.316,8.25,8.352,199.95,172.65,1.485272,1.1389333,0.59,44.8168443416472,Good
1537,BILIGUNDULU,CWC,33,Tamil Nadu,571,Dharmapuri,Denkanikotti,-,-,Cauvery,Cauvery,-,-,-,Cauvery,12.18222222,77.72388889,01-02-2013 08:30,551.0,Clear,odour free,24.0,19.2,40.0,53.96,6.77,216.428,22.356,46.023,8.42,9.552,209.4,193.15001,1.303116,1.4455234,0.6,48.486100690900855,Good
1538,BILIGUNDULU,CWC,33,Tamil Nadu,571,Dharmapuri,Denkanikotti,-,-,Cauvery,Cauvery,-,-,-,Cauvery,12.18222222,77.72388889,01-03-2013 08:30,362.0,Clear,odour free,25.0,0.0,33.6,27.69,6.5,180.926,12.636,22.701,8.15,5.28,148.3,136.65,0.91078,0.8472507,0.99,49.43300872319457,Good
1539,BILIGUNDULU,CWC,33,Tamil Nadu,571,Dharmapuri,Denkanikotti,-,-,Cauvery,Cauvery,-,-,-,Cauvery,12.18222222,77.72388889,01-04-2013 08:30,448.0,Clear,odour free,26.0,0.0,24.0,47.57,5.88,190.32,19.44,37.513,8.18,10.56,156.0,141.0,1.008864,1.3797001,1.18,54.82933656429331,Poor
1540,BILIGUNDULU,CWC,33,Tamil Nadu,571,Dharmapuri,Denkanikotti,-,-,Cauvery,Cauvery,-,-,-,Cauvery,12.18222222,77.72388889,01-05-2013 08:30,496.0,Clear,odour free,27.0,14.7,25.6,38.695,6.97,197.518,19.44,43.516,8.4,11.04,186.40001,145.0,1.625392,1.5781215,1.19,55.19523253234935,Poor
1541,BILIGUNDULU,CWC,33,Tamil Nadu,571,Dharmapuri,Denkanikotti,-,-,Cauvery,Cauvery,-,-,-,Cauvery,12.18222222,77.72388889,01-06-2013 08:30,561.0,Clear,odour free,26.5,0.0,41.6,79.52,5.68,192.577,12.636,54.832,7.84,25.92,,156.65,1.68144,1.9108484,1.24,52.92385490485955,Poor
1542,BILIGUNDULU,CWC,33,Tamil Nadu,571,Dharmapuri,Denkanikotti,-,-,Cauvery,Cauvery,-,-,-,Cauvery,12.18222222,77.72388889,01-07-2013 08:30,118.0,Clear,odour free,26.0,0.0,11.2,11.715,7.25,42.639,3.888,4.807,7.6,7.536,34.95,44.2,0.952816,0.31542134,0.78,37.11685227796589,Good
1543,BILIGUNDULU,CWC,33,Tamil Nadu,571,Dharmapuri,Denkanikotti,-,-,Cauvery,Cauvery,-,-,-,Cauvery,12.18222222,77.72388889,02-08-2013 08:30,109.0,Clear,odour free,26.0,0.0,12.8,10.295,6.79,40.321,1.944,7.107,7.36,4.8,33.05,40.100002,1.26108,0.48916993,0.78,36.117144827006534,Good
1544,BILIGUNDULU,CWC,33,Tamil Nadu,571,Dharmapuri,Denkanikotti,-,-,Cauvery,Cauvery,-,-,-,Cauvery,12.18222222,77.72388889,02-09-2013 08:30,263.0,Clear,odour free,27.0,0.0,24.0,17.75,6.9,116.144,9.72,17.503,7.76,17.664,95.2,100.5,1.82156,0.76180255,1.67,54.11984284340375,Poor
1545,BILIGUNDULU,CWC,33,Tamil Nadu,571,Dharmapuri,Denkanikotti,-,-,Cauvery,Cauvery,-,-,-,Cauvery,12.18222222,77.72388889,04-10-2013 08:30,317.0,Clear,odour free,26.0,0.0,30.4,17.75,7.31,160.491,9.72,24.219,8.06,8.256,131.55,116.5,1.905632,0.9787627,0.61,42.01423377764002,Good
1546,BILIGUNDULU,CWC,33,Tamil Nadu,571,Dharmapuri,Denkanikotti,-,-,Cauvery,Cauvery,-,-,-,Cauvery,12.18222222,77.72388889,04-11-2013 08:30,394.0,Clear,odour free,25.0,0.0,33.6,21.655,6.55,211.487,13.608,34.523,8.07,6.144,173.35,140.7,1.513296,1.2699143,1.58,57.496458140588494,Poor
1547,BILIGUNDULU,CWC,33,Tamil Nadu,571,Dharmapuri,Denkanikotti,-,-,Cauvery,Cauvery,-,-,-,Cauvery,12.18222222,77.72388889,02-12-2013 08:30,422.0,Clear,odour free,26.0,0.0,35.2,21.655,6.77,227.042,14.58,36.524,8.24,7.68,186.1,148.75,1.653416,1.3066984,0.8,48.43298875323891,Good
1548,BILIGUNDULU,CWC,33,Tamil Nadu,571,Dharmapuri,Denkanikotti,-,-,Cauvery,Cauvery,-,-,-,Cauvery,12.18222222,77.72388889,01-01-2014 08:30,499.0,Clear,odour free,25.0,0.0,24.0,27.69,7.25,260.226,11.664,64.032,8.46,9.168,213.30002,108.6,1.849584,2.6816294,1.12,53.30618469844375,Poor
1549,BILIGUNDULU,CWC,33,Tamil Nadu,571,Dharmapuri,Denkanikotti,-,-,Cauvery,Cauvery,-,-,-,Cauvery,12.18222222,77.72388889,03-02-2014 08:30,521.0,Clear,odour free,26.0,15.3,33.6,41.18,6.27,217.099,17.496,42.918,8.46,10.08,203.45,156.9,0.98084,1.4954933,0.39,45.9472657573879,Good
1550,BILIGUNDULU,CWC,33,Tamil Nadu,571,Dharmapuri,Denkanikotti,-,-,Cauvery,Cauvery,-,-,-,Cauvery,12.18222222,77.72388889,03-03-2014 08:30,480.0,Clear,odour free,26.0,0.0,36.8,28.755,3.92,240.767,19.44,38.617,8.18,9.936,197.35,173.0,1.134972,1.281505,0.39,49.740174682467774,Good
1551,BILIGUNDULU,CWC,33,Tamil Nadu,571,Dharmapuri,Denkanikotti,-,-,Cauvery,Cauvery,-,-,-,Cauvery,12.18222222,77.72388889,01-04-2014 08:30,465.0,Clear,odour free,29.0,0.0,32.0,37.985,5.63,223.26,17.496,36.524,8.02,8.976,183.0,152.9,1.205032,1.2893159,0.97,51.340674519528825,Poor
1552,BILIGUNDULU,CWC,33,Tamil Nadu,571,Dharmapuri,Denkanikotti,-,-,Cauvery,Cauvery,-,-,-,Cauvery,12.18222222,77.72388889,02-05-2014 08:30,420.0,Clear,odour free,30.0,0.0,41.6,31.595,5.15,211.914,11.664,31.51,8.32,6.768,173.7,152.59999,1.485272,1.1124679,1.03,55.92315364883877,Poor
1553,BILIGUNDULU,CWC,33,Tamil Nadu,571,Dharmapuri,Denkanikotti,-,-,Cauvery,Cauvery,-,-,-,Cauvery,12.18222222,77.72388889,02-06-2014 08:30,453.0,Clear,odour free,29.0,0.0,38.4,66.385,5.97,158.905,16.524,31.717,8.08,10.08,130.25,164.85,1.709464,1.0779402,1.23,55.10444817349421,Poor
1554,BILIGUNDULU,CWC,33,Tamil Nadu,571,Dharmapuri,Denkanikotti,-,-,Cauvery,Cauvery,-,-,-,Cauvery,12.18222222,77.72388889,01-07-2014 08:30,224.0,Clear,odour free,29.0,16.8,16.0,22.01,6.14,67.771,13.608,9.614,8.33,4.08,83.55,96.7,1.022876,0.42700312,1.59,59.67599675711766,Poor
1555,BILIGUNDULU,CWC,33,Tamil Nadu,571,Dharmapuri,Denkanikotti,-,-,Cauvery,Cauvery,-,-,-,Cauvery,12.18222222,77.72388889,01-08-2014 08:30,135.0,Clear,odour free,29.0,0.0,9.6,13.135,6.6,59.231,3.888,14.099,7.63,4.368,48.55,40.2,0.574492,0.9702602,1.06,42.3899504546394,Good
1556,BILIGUNDULU,CWC,33,Tamil Nadu,571,Dharmapuri,Denkanikotti,-,-,Cauvery,Cauvery,-,-,-,Cauvery,12.18222222,77.72388889,01-09-2014 08:30,299.0,Clear,odour free,28.0,0.0,27.2,23.43,6.93,130.174,9.72,20.217,7.87,16.8,106.7,108.5,1.737488,0.8467313,2.57,67.29866334827604,Poor
1558,BILIGUNDULU,CWC,33,Tamil Nadu,571,Dharmapuri,Denkanikotti,-,-,Cauvery,Cauvery,-,-,-,Cauvery,12.18222222,77.72388889,07-11-2014 08:30,381.0,Clear,odour free,28.0,16.2,38.4,21.655,7.77,157.38,12.636,22.609,8.37,15.264,156.0,148.65001,1.667428,0.80890644,0.63,44.552641036172446,Good
1559,BILIGUNDULU,CWC,33,Tamil Nadu,571,Dharmapuri,Denkanikotti,-,-,Cauvery,Cauvery,-,-,-,Cauvery,12.18222222,77.72388889,01-12-2014 08:30,410.0,Clear,odour free,29.0,0.0,38.4,17.75,7.09,227.042,17.496,20.516,8.25,6.864,186.1,168.90001,1.61138,0.688902,1.38,55.96855035071614,Poor
1560,BILIGUNDULU,CWC,33,Tamil Nadu,571,Dharmapuri,Denkanikotti,-,-,Cauvery,Cauvery,-,-,-,Cauvery,12.18222222,77.72388889,01-01-2015 08:30,528.0,Clear,odour free,27.0,0.0,51.2,32.66,6.44,269.925,16.524,38.111,8.3,10.128,221.24998,196.85,1.82156,1.1848727,0.98,53.379042935205945,Poor
1561,BILIGUNDULU,CWC,33,Tamil Nadu,571,Dharmapuri,Denkanikotti,-,-,Cauvery,Cauvery,-,-,-,Cauvery,12.18222222,77.72388889,02-02-2015 08:30,582.0,Clear,odour free,26.0,0.0,43.2,43.31,6.56,289.445,19.44,41.814,8.38,12.0,237.25,189.0,0.392336,1.3272823,0.96,52.1161856073251,Poor
1562,BILIGUNDULU,CWC,33,Tamil Nadu,571,Dharmapuri,Denkanikotti,-,-,Cauvery,Cauvery,-,-,-,Cauvery,12.18222222,77.72388889,02-03-2015 08:30,613.0,Clear,odour free,26.0,15.9,44.8,61.06,5.61,249.368,21.384,50.025,8.41,13.92,230.9,201.1,0.504432,1.539527,1.75,66.0017124207163,Poor
1567,BILIGUNDULU,CWC,33,Tamil Nadu,571,Dharmapuri,Denkanikotti,-,-,Cauvery,Cauvery,-,-,-,Cauvery,12.18222222,77.72388889,01-08-2015 08:30,167.0,Clear,odour free,28.0,0.0,14.4,15.265,6.86,75.152,6.804,7.406,7.72,4.704,61.6,64.35,0.49042,0.4029117,0.98,42.003876214093815,Good
1568,BILIGUNDULU,CWC,33,Tamil Nadu,571,Dharmapuri,Denkanikotti,-,-,Cauvery,Cauvery,-,-,-,Cauvery,12.18222222,77.72388889,01-09-2015 08:30,310.0,Clear,odour free,28.0,0.0,24.0,27.335,6.51,115.717,9.72,23.414,7.84,11.136,94.850006,100.5,1.092936,1.0190735,1.26,49.463200186743926,Good
1569,BILIGUNDULU,CWC,33,Tamil Nadu,571,Dharmapuri,Denkanikotti,-,-,Cauvery,Cauvery,-,-,-,Cauvery,12.18222222,77.72388889,05-10-2015 08:30,370.0,Light Brown,odour free,28.0,0.0,27.2,29.11,6.39,166.591,14.58,25.622,7.9,8.88,136.55,128.75,1.359164,0.9856272,0.75,44.717201464066015,Good
1570,BILIGUNDULU,CWC,33,Tamil Nadu,571,Dharmapuri,Denkanikotti,-,-,Cauvery,Cauvery,-,-,-,Cauvery,12.18222222,77.72388889,02-11-2015 08:30,440.0,Light Brown,odour free,28.0,0.0,40.0,33.37,6.63,221.308,14.58,31.418,8.21,6.864,181.4,160.75,1.064912,1.0810795,1.0,50.62000454639389,Poor
1571,BILIGUNDULU,CWC,33,Tamil Nadu,571,Dharmapuri,Denkanikotti,-,-,Cauvery,Cauvery,-,-,-,Cauvery,12.18222222,77.72388889,01-12-2015 08:30,574.0,Clear,odour free,28.0,0.0,48.0,42.955,7.13,286.7,21.384,43.309,8.28,9.6,235.00002,209.1,1.625392,1.3069769,1.19,54.74239758810626,Poor
1572,BILIGUNDULU,CWC,33,Tamil Nadu,571,Dharmapuri,Denkanikotti,-,-,Cauvery,Cauvery,-,-,-,Cauvery,12.18222222,77.72388889,01-01-2016 08:30,566.0,Clear,odour free,28.0,18.6,43.2,39.405,7.09,243.939,22.356,46.529,8.41,14.496,230.95,201.15001,1.064912,1.4319128,2.56,73.92194426951691,Poor
1573,BILIGUNDULU,CWC,33,Tamil Nadu,571,Dharmapuri,Denkanikotti,-,-,Cauvery,Cauvery,-,-,-,Cauvery,12.18222222,77.72388889,01-02-2016 08:30,589.0,Clear,odour free,28.0,0.0,28.8,53.605,8.51,283.589,26.244,54.924,8.39,9.12,232.45,181.34999,0.756648,1.7814857,2.55,69.82006512927816,Poor
1574,BILIGUNDULU,CWC,33,Tamil Nadu,571,Dharmapuri,Denkanikotti,-,-,Cauvery,Cauvery,-,-,-,Cauvery,12.18222222,77.72388889,01-03-2016 08:30,647.0,Clear,odour free,28.0,13.8,41.6,63.9,6.17,250.466,20.412,58.029,8.28,20.208,228.3,189.05,1.148984,1.8419544,0.8,51.096200736801954,Poor
1575,BILIGUNDULU,CWC,33,Tamil Nadu,571,Dharmapuri,Denkanikotti,-,-,Cauvery,Cauvery,-,-,-,Cauvery,12.18222222,77.72388889,01-04-2016 08:30,517.0,Clear,odour free,28.0,28.5,33.6,56.445,6.37,156.831,18.468,47.311,8.07,10.896,176.04999,160.95,1.625392,1.627813,1.74,61.10484910800866,Poor
1576,BILIGUNDULU,CWC,33,Tamil Nadu,571,Dharmapuri,Denkanikotti,-,-,Cauvery,Cauvery,-,-,-,Cauvery,12.18222222,77.72388889,02-05-2016 08:30,539.0,Clear,odour free,28.0,0.0,30.4,67.805,6.37,208.254,22.356,51.612,7.96,11.232,170.7,169.15001,1.247068,1.7328929,1.77,60.50318904752254,Poor
1577,BILIGUNDULU,CWC,33,Tamil Nadu,571,Dharmapuri,Denkanikotti,-,-,Cauvery,Cauvery,-,-,-,Cauvery,12.18222222,77.72388889,01-06-2016 09:00,391.0,Clear,odour free,28.0,0.0,49.8,23.075,6.63,198.372,4.2525,34.017,8.03,10.56,162.59999,142.21875,2.073776,1.2427492,1.48,55.31518875920009,Poor
1578,BILIGUNDULU,CWC,33,Tamil Nadu,571,Dharmapuri,Denkanikotti,-,-,Cauvery,Cauvery,-,-,-,Cauvery,12.18222222,77.72388889,01-07-2016 08:00,443.0,Clear,odour free,28.0,0.0,29.8,18.815,6.02,237.9,14.4585,40.02,7.87,7.344,195.0,134.74374,0.504432,1.5046601,1.2,50.668173800610425,Poor
1579,BILIGUNDULU,CWC,33,Tamil Nadu,571,Dharmapuri,Denkanikotti,-,-,Cauvery,Cauvery,-,-,-,Cauvery,12.18222222,77.72388889,01-08-2016 08:00,470.0,Clear,odour free,28.0,0.0,24.8,70.645,5.82,149.938,13.0005,54.533,7.0,5.136,122.9,116.16875,2.606232,2.2083867,2.7,65.25982864685172,Poor
1580,BILIGUNDULU,CWC,33,Tamil Nadu,571,Dharmapuri,Denkanikotti,-,-,Cauvery,Cauvery,-,-,-,Cauvery,12.18222222,77.72388889,01-09-2016 09:00,255.0,Clear,odour free,28.0,0.0,34.0,24.14,5.82,109.007,14.58,10.396,7.15,9.552,89.35,145.75,1.625392,0.37575704,0.62,37.57013772712099,Good
1581,BILIGUNDULU,CWC,33,Tamil Nadu,571,Dharmapuri,Denkanikotti,-,-,Cauvery,Cauvery,-,-,-,Cauvery,12.18222222,77.72388889,03-10-2016 08:00,409.0,Clear,odour free,28.0,19.8,29.2,51.83,6.08,126.88,13.608,38.525,8.5,6.624,137.0,129.7,2.143836,1.4762679,0.47,48.391024325591744,Good
1582,BILIGUNDULU,CWC,33,Tamil Nadu,571,Dharmapuri,Denkanikotti,-,-,Cauvery,Cauvery,-,-,-,Cauvery,12.18222222,77.72388889,01-11-2016 09:00,550.0,Clear,odour free,27.0,15.3,33.8,66.03,6.01,187.575,17.496,52.026,8.48,6.288,179.25,157.4,1.4012,1.809969,2.57,76.7624586611983,Very Poor
1583,BILIGUNDULU,CWC,33,Tamil Nadu,571,Dharmapuri,Denkanikotti,-,-,Cauvery,Cauvery,-,-,-,Cauvery,12.18222222,77.72388889,01-12-2016 08:00,539.0,Clear,odour free,27.0,62.1,38.6,56.445,6.08,84.119,20.169,44.62,8.43,19.2,172.45,180.5375,1.387188,1.4494536,2.02,69.171686527334,Poor
1584,BILIGUNDULU,CWC,33,Tamil Nadu,571,Dharmapuri,Denkanikotti,-,-,Cauvery,Cauvery,-,-,-,Cauvery,12.18222222,77.72388889,02-01-2017 08:00,471.0,Clear,odour free,28.0,30.6,27.0,55.735,5.74,130.235,20.169,41.308,8.6,13.776,157.75,151.5375,0.56048,1.4653459,1.86,68.07199728766274,Poor
1585,BILIGUNDULU,CWC,33,Tamil Nadu,571,Dharmapuri,Denkanikotti,-,-,Cauvery,Cauvery,-,-,-,Cauvery,12.18222222,77.72388889,01-02-2017 08:00,650.0,Clear,odour free,28.0,35.1,25.2,60.705,5.82,182.695,24.3,70.127,8.56,24.48,208.25,164.25,0.588504,2.3902476,1.52,63.778745795380495,Poor
1586,BILIGUNDULU,CWC,33,Tamil Nadu,571,Dharmapuri,Denkanikotti,-,-,Cauvery,Cauvery,-,-,-,Cauvery,12.18222222,77.72388889,01-03-2017 08:00,765.0,Clear,odour free,28.0,30.0,25.0,125.67,5.74,158.173,24.057,95.036,8.93,18.0,179.65001,162.7375,0.42036,3.2542696,2.06,74.66239519111545,Poor
1587,BILIGUNDULU,CWC,33,Tamil Nadu,571,Dharmapuri,Denkanikotti,-,-,Cauvery,Cauvery,-,-,-,Cauvery,12.18222222,77.72388889,01-04-2017 08:00,530.0,Clear,odour free,28.0,34.2,31.0,64.965,6.28,139.385,15.795,54.027,8.45,25.968,171.25,143.3125,0.196168,1.9697572,2.62,74.70769850533328,Poor
1588,BILIGUNDULU,CWC,33,Tamil Nadu,571,Dharmapuri,Denkanikotti,-,-,Cauvery,Cauvery,-,-,-,Cauvery,12.18222222,77.72388889,01-05-2017 08:00,414.0,Clear,odour free,28.0,25.8,18.0,53.605,,115.107,16.4025,44.022,8.58,7.008,137.35,113.34375,0.742636,1.8061337,2.32,50.970264409167505,Poor
1589,BILIGUNDULU,CWC,33,Tamil Nadu,571,Dharmapuri,Denkanikotti,-,-,Cauvery,Cauvery,-,-,-,Cauvery,12.18222222,77.72388889,01-06-2017 08:00,396.0,,odour free,28.0,0.0,27.6,37.985,5.71,160.369,12.0285,35.006,7.92,23.184,131.45,119.11875,0.812696,1.399609,2.01,62.701116234083656,Poor
1590,BILIGUNDULU,CWC,33,Tamil Nadu,571,Dharmapuri,Denkanikotti,-,-,Cauvery,Cauvery,-,-,-,Cauvery,12.18222222,77.72388889,03-07-2017 08:00,945.0,Clear,odour free,28.0,47.7,50.4,134.9,6.63,193.553,29.0385,100.05,8.52,25.968,238.15,246.99376,3.306832,2.7790053,0.89,57.92156826108381,Poor
1591,BILIGUNDULU,CWC,33,Tamil Nadu,571,Dharmapuri,Denkanikotti,-,-,Cauvery,Cauvery,-,-,-,Cauvery,12.18222222,77.72388889,30-07-2017 08:00,945.0,Clear,odour free,28.0,49.2,50.4,135.0,,97.2,29.0,100.0,8.5,26.0,240.016,282.5,,,0.89,33.625982561559134,Good
1592,BILIGUNDULU,CWC,33,Tamil Nadu,571,Dharmapuri,Denkanikotti,-,-,Cauvery,Cauvery,-,-,-,Cauvery,12.18222222,77.72388889,01-08-2017 08:00,163.0,Other,other-dis-agreeable,27.0,0.0,18.8,12.425,6.5,68.32,3.7665,6.992,7.89,7.392,56.0,62.69375,1.723476,0.384988,1.5,52.72692710966188,Poor
1593,BILIGUNDULU,CWC,33,Tamil Nadu,571,Dharmapuri,Denkanikotti,-,-,Cauvery,Cauvery,-,-,-,Cauvery,12.18222222,77.72388889,04-09-2017 08:00,,Clear,odour free,28.0,0.0,21.44,54.6,,155.0,12.22,40.0,8.0,10.2,127.049,119.883,,,,12.662151032476514,Excellent
1594,BILIGUNDULU,CWC,33,Tamil Nadu,571,Dharmapuri,Denkanikotti,-,-,Cauvery,Cauvery,-,-,-,Cauvery,12.18222222,77.72388889,03-10-2017 08:00,,Clear,odour free,28.0,0.0,40.0,48.0,,178.0,10.9,38.0,8.0,13.6,145.902,193.917,,,2.0,40.18287446150667,Good
1595,BILIGUNDULU,CWC,33,Tamil Nadu,571,Dharmapuri,Denkanikotti,-,-,Cauvery,Cauvery,-,-,-,Cauvery,12.18222222,77.72388889,01-11-2017 09:00,,,,,28.0,43.0,22.0,,213.0,31.2,12.0,8.4,19.0,221.257,257.167,,,,20.089976314241667,Excellent
1596,BILIGUNDULU,CWC,33,Tamil Nadu,571,Dharmapuri,Denkanikotti,-,-,Cauvery,Cauvery,-,-,-,Cauvery,12.18222222,77.72388889,04-12-2017 08:00,460.0,,,,0.0,33.26,49.0,,205.0,19.26,38.0,8.0,10.2,168.033,186.733,,,,14.204658424340693,Excellent
1597,BILIGUNDULU,CWC,33,Tamil Nadu,571,Dharmapuri,Denkanikotti,-,-,Cauvery,Cauvery,-,-,-,Cauvery,12.18222222,77.72388889,01-01-2018 08:00,484.0,Clear,odour free,27.0,33.0,33.0,25.0,,170.0,34.5,12.0,8.5,9.6,194.344,223.75,,,1.1,35.95668331823168,Good
1598,BILIGUNDULU,CWC,33,Tamil Nadu,571,Dharmapuri,Denkanikotti,-,-,Cauvery,Cauvery,-,-,-,Cauvery,12.18222222,77.72388889,01-02-2018 08:00,490.0,Clear,odour free,27.0,18.7,26.0,55.0,,176.0,26.0,41.0,8.4,13.5,175.429,173.333,,,1.0,32.299773594353574,Good
1599,BILIGUNDULU,CWC,33,Tamil Nadu,571,Dharmapuri,Denkanikotti,-,-,Cauvery,Cauvery,-,-,-,Cauvery,12.18222222,77.72388889,01-03-2018 09:00,,Clear,odour free,27.0,0.0,29.0,72.0,,217.0,25.0,47.0,8.2,15.0,177.869,183.333,,,1.2,33.09155074157089,Good
1643,Chengalpet,CWC,33,Tamil Nadu,730,Chengalpattu,chengalpattu,-,-,Duplicate-Palar,East flowing rivers between Pennar and Kanyakumari,-,-,-,Palar,12.65,79.94722222,09-11-2009 09:30,250.0,Light Brown,odour free,24.0,0.0,21.22,47.641,,118.95,13.608,41.515,6.85,21.84,97.5,109.75,,1.7301366,0.662,10.740643563514393,Excellent
1644,Chengalpet,CWC,33,Tamil Nadu,730,Chengalpattu,chengalpattu,-,-,Duplicate-Palar,East flowing rivers between Pennar and Kanyakumari,-,-,-,Palar,12.65,79.94722222,01-12-2009 09:30,504.0,Clear,odour free,25.5,0.0,32.64,65.107,,305.183,15.552,84.226,7.75,13.488,250.15,146.4,,3.0379517,0.556,19.129716673820088,Excellent
1645,Chengalpet,CWC,33,Tamil Nadu,730,Chengalpattu,chengalpattu,-,-,Duplicate-Palar,East flowing rivers between Pennar and Kanyakumari,-,-,-,Palar,12.65,79.94722222,01-01-2010 08:00,464.0,Clear,odour free,24.5,0.0,26.12,27.903,,268.949,28.188,22.103,7.7,10.32,220.45,182.75,,0.71432215,0.556,19.966411145818434,Excellent
1646,Chengalpet,CWC,33,Tamil Nadu,730,Chengalpattu,chengalpattu,-,-,Duplicate-Palar,East flowing rivers between Pennar and Kanyakumari,-,-,-,Palar,12.65,79.94722222,01-02-2010 08:00,650.0,Clear,odour free,25.0,0.0,31.0,100.4295,,346.541,19.44,110.538,8.05,10.272,284.05,158.5,,3.833201,0.288,19.146441108302746,Excellent
1647,Chengalpet,CWC,33,Tamil Nadu,730,Chengalpattu,chengalpattu,-,-,Duplicate-Palar,East flowing rivers between Pennar and Kanyakumari,-,-,-,Palar,12.65,79.94722222,24-08-2010 09:30,444.0,Clear,odour free,26.0,0.0,24.53,68.51,,184.21,16.53,47.4,7.47,16.64,150.9918,130.20001,0.731,1.8137578,0.29,13.260974258230402,Excellent
1648,Chengalpet,CWC,33,Tamil Nadu,730,Chengalpattu,chengalpattu,-,-,Duplicate-Palar,East flowing rivers between Pennar and Kanyakumari,-,-,-,Palar,12.65,79.94722222,01-09-2010 09:00,486.0,Clear,odour free,27.0,0.0,29.43,70.31,,228.32,20.42,50.7,7.57,11.83,187.14755,158.65834,0.597,1.7575185,0.926,23.474619405829245,Excellent
1649,Chengalpet,CWC,33,Tamil Nadu,730,Chengalpattu,chengalpattu,-,-,Duplicate-Palar,East flowing rivers between Pennar and Kanyakumari,-,-,-,Palar,12.65,79.94722222,01-10-2010 09:00,602.0,Clear,odour free,28.0,0.0,31.07,81.83,,269.4,22.36,63.3,8.1,10.56,220.81967,170.84167,0.627,2.1147125,1.575,37.83560570802931,Good
1650,Chengalpet,CWC,33,Tamil Nadu,730,Chengalpattu,chengalpattu,-,-,Duplicate-Palar,East flowing rivers between Pennar and Kanyakumari,-,-,-,Palar,12.65,79.94722222,01-11-2010 09:00,477.0,Clear,odour free,27.0,0.0,32.8,74.22,,215.07,15.56,56.6,7.59,8.38,176.2869,146.83333,0.316,2.0384817,0.266,13.767505953033844,Excellent
1651,Chengalpet,CWC,33,Tamil Nadu,730,Chengalpattu,chengalpattu,-,-,Duplicate-Palar,East flowing rivers between Pennar and Kanyakumari,-,-,-,Palar,12.65,79.94722222,03-12-2010 09:00,467.0,Clear,odour free,24.0,0.0,27.8,68.91,,200.82,18.47,44.2,7.78,6.44,164.60657,146.45833,0.414,1.5946429,0.532,19.487059407140706,Excellent
1652,Chengalpet,CWC,33,Tamil Nadu,730,Chengalpattu,chengalpattu,-,-,Duplicate-Palar,East flowing rivers between Pennar and Kanyakumari,-,-,-,Palar,12.65,79.94722222,03-01-2011 08:30,571.0,Clear,odour free,25.0,0.0,29.43,80.4,,239.53,21.39,57.3,8.03,14.56,196.33606,162.7,0.64,1.9616028,0.575,23.39550497520148,Excellent
1653,Chengalpet,CWC,33,Tamil Nadu,730,Chengalpattu,chengalpattu,-,-,Duplicate-Palar,East flowing rivers between Pennar and Kanyakumari,-,-,-,Palar,12.65,79.94722222,01-02-2011 08:30,600.0,Clear,odour free,22.0,0.0,27.8,102.61,,285.97,26.25,77.0,7.85,10.46,234.40164,178.875,1.03,2.5148647,0.288,19.153565523709602,Excellent
1654,Chengalpet,CWC,33,Tamil Nadu,730,Chengalpattu,chengalpattu,-,-,Duplicate-Palar,East flowing rivers between Pennar and Kanyakumari,-,-,-,Palar,12.65,79.94722222,01-03-2011 09:00,553.0,Clear,odour free,24.0,0.0,19.24,80.34,,247.16,29.17,60.1,7.84,21.3,202.59016,169.64166,0.837,2.0167496,0.267,18.560141185798084,Excellent
1655,Chengalpet,CWC,33,Tamil Nadu,730,Chengalpattu,chengalpattu,-,-,Duplicate-Palar,East flowing rivers between Pennar and Kanyakumari,-,-,-,Palar,12.65,79.94722222,01-09-2011 08:00,590.0,Clear,odour free,23.5,0.0,40.08,86.01,,258.64,27.22,64.9,7.78,7.18,212.00002,213.61667,0.195,1.9388227,0.3,17.98709866886833,Excellent
1656,Chengalpet,CWC,33,Tamil Nadu,730,Chengalpattu,chengalpattu,-,-,Duplicate-Palar,East flowing rivers between Pennar and Kanyakumari,-,-,-,Palar,12.65,79.94722222,01-10-2011 08:00,553.0,Clear,odour free,28.0,0.0,40.08,72.78,,214.72,20.42,52.2,7.32,5.44,176.0,185.28334,0.45,1.6737715,1.43,27.992295941230708,Good
1657,Chengalpet,CWC,33,Tamil Nadu,730,Chengalpattu,chengalpattu,-,-,Duplicate-Palar,East flowing rivers between Pennar and Kanyakumari,-,-,-,Palar,12.65,79.94722222,01-11-2011 09:00,430.0,Clear,odour free,23.0,0.0,25.65,65.29,,140.54,15.56,41.1,7.88,27.73,115.19672,128.95833,0.365,1.5800192,0.45,18.676433255639278,Excellent
1658,Chengalpet,CWC,33,Tamil Nadu,730,Chengalpattu,chengalpattu,-,-,Duplicate-Palar,East flowing rivers between Pennar and Kanyakumari,-,-,-,Palar,12.65,79.94722222,01-12-2011 08:00,460.0,Clear,odour free,22.0,0.0,9.62,58.42,,140.54,22.36,42.0,7.84,10.13,115.19672,117.21667,0.328,1.6962173,2.14,41.55926576275296,Good
1659,Chengalpet,CWC,33,Tamil Nadu,730,Chengalpattu,chengalpattu,-,-,Duplicate-Palar,East flowing rivers between Pennar and Kanyakumari,-,-,-,Palar,12.65,79.94722222,02-01-2012 08:30,416.0,Clear,odour free,20.0,0.0,19.24,61.86,,168.65,19.44,39.3,7.4,8.59,138.2377,129.1,0.753,1.5110031,2.74,45.89766260710255,Good
1660,Chengalpet,CWC,33,Tamil Nadu,730,Chengalpattu,chengalpattu,-,-,Duplicate-Palar,East flowing rivers between Pennar and Kanyakumari,-,-,-,Palar,12.65,79.94722222,01-02-2012 08:30,598.0,Clear,odour free,19.0,13.82,30.46,92.78,,203.79,21.39,62.6,8.29,12.43,190.07431,165.275,0.919,2.1261852,2.11,47.00182197589297,Good
1661,Chengalpet,CWC,33,Tamil Nadu,730,Chengalpattu,chengalpattu,-,-,Duplicate-Palar,East flowing rivers between Pennar and Kanyakumari,-,-,-,Palar,12.65,79.94722222,22-10-2012 14:10,519.0,Clear,odour free,30.0,0.0,31.0,91.87,,174.29,12.38,78.5,8.05,25.66,142.86066,129.08333,0.12,3.0146692,1.96,40.337472397149774,Good
1662,Chengalpet,CWC,33,Tamil Nadu,730,Chengalpattu,chengalpattu,-,-,Duplicate-Palar,East flowing rivers between Pennar and Kanyakumari,-,-,-,Palar,12.65,79.94722222,01-11-2012 10:00,575.0,Clear,odour free,25.0,0.0,29.83,92.6,,169.31,12.38,61.6,7.83,14.16,138.77869,126.15833,1.1,2.3930368,0.72,22.54751212225985,Excellent
1663,Chengalpet,CWC,33,Tamil Nadu,730,Chengalpattu,chengalpattu,-,-,Duplicate-Palar,East flowing rivers between Pennar and Kanyakumari,-,-,-,Palar,12.65,79.94722222,01-12-2012 08:00,567.0,Clear,odour free,22.5,0.0,32.97,98.39,,174.29,18.09,56.3,7.77,10.95,142.86066,157.8,0.31,1.9563282,0.82,23.29872430293926,Excellent
1664,Chengalpet,CWC,33,Tamil Nadu,730,Chengalpattu,chengalpattu,-,-,Duplicate-Palar,East flowing rivers between Pennar and Kanyakumari,-,-,-,Palar,12.65,79.94722222,16-09-2013 09:30,353.0,Clear,odour free,28.0,0.0,23.28,62.39,,107.9,10.13,40.4,7.88,23.42,88.44263,100.40833,3.5,1.7593405,1.43,34.75250539844533,Good
1665,Chengalpet,CWC,33,Tamil Nadu,730,Chengalpattu,chengalpattu,-,-,Duplicate-Palar,East flowing rivers between Pennar and Kanyakumari,-,-,-,Palar,12.65,79.94722222,01-10-2013 08:30,575.0,Clear,odour free,28.0,0.0,38.41,102.1,,184.9,13.16,64.8,7.61,16.0,151.55737,150.85834,3.06,2.3015022,0.36,18.40700787730301,Excellent
1666,Chengalpet,CWC,33,Tamil Nadu,730,Chengalpattu,chengalpattu,-,-,Duplicate-Palar,East flowing rivers between Pennar and Kanyakumari,-,-,-,Palar,12.65,79.94722222,01-11-2013 09:30,566.0,Clear,odour free,28.0,0.0,17.78,120.3,,112.0,15.68,65.0,7.51,8.27,91.803276,109.78333,3.56,2.7096035,0.73,22.660693498299075,Excellent
1667,Chengalpet,CWC,33,Tamil Nadu,730,Chengalpattu,chengalpattu,-,-,Duplicate-Palar,East flowing rivers between Pennar and Kanyakumari,-,-,-,Palar,12.65,79.94722222,02-12-2013 09:30,669.0,Clear,odour free,27.0,0.0,37.13,107.77,,215.6,17.39,71.6,7.79,8.71,176.72131,165.28334,5.2,2.43049,1.55,39.48439958689018,Good
1668,Chengalpet,CWC,33,Tamil Nadu,730,Chengalpattu,chengalpattu,-,-,Duplicate-Palar,East flowing rivers between Pennar and Kanyakumari,-,-,-,Palar,12.65,79.94722222,13-11-2014 08:00,471.0,Clear,odour free,25.0,0.0,18.56,80.63,,103.7,12.29,57.5,7.91,37.35,85.0,97.60833,1.43,2.5410936,1.46,33.23375804938242,Good
1669,Chengalpet,CWC,33,Tamil Nadu,730,Chengalpattu,chengalpattu,-,-,Duplicate-Palar,East flowing rivers between Pennar and Kanyakumari,-,-,-,Palar,12.65,79.94722222,11-11-2015 10:30,172.0,Brown,odour free,26.0,0.0,10.69,24.78,,56.09,5.67,16.9,7.63,12.54,45.97541,50.35,0.45,1.0395709,0.73,17.856977866731842,Excellent
1670,Chengalpet,CWC,33,Tamil Nadu,730,Chengalpattu,chengalpattu,-,-,Duplicate-Palar,East flowing rivers between Pennar and Kanyakumari,-,-,-,Palar,12.65,79.94722222,08-12-2015 09:30,252.0,Brown,odour free,24.0,0.0,18.7,33.04,,95.36,9.73,19.0,8.17,9.03,78.16393,87.291664,0.227,0.88761216,2.01,40.97966070314115,Good
1671,Chengalpet,CWC,33,Tamil Nadu,730,Chengalpattu,chengalpattu,-,-,Duplicate-Palar,East flowing rivers between Pennar and Kanyakumari,-,-,-,Palar,12.65,79.94722222,02-01-2016 09:30,674.0,Brown,odour free,,11.29,42.75,115.05,,160.75,22.7,72.4,8.53,32.79,150.57896,201.45834,0.283,2.2264543,1.82,45.17077497138633,Good
1672,Chengalpet,CWC,33,Tamil Nadu,730,Chengalpattu,chengalpattu,-,-,Duplicate-Palar,East flowing rivers between Pennar and Kanyakumari,-,-,-,Palar,12.65,79.94722222,01-02-2016 08:30,515.0,Brown,odour free,,0.0,25.65,90.97,,126.31,16.54,56.0,7.85,23.39,103.53278,133.04167,0.384,2.119703,1.46,32.25656809357464,Good
1673,Chengalpet,CWC,33,Tamil Nadu,730,Chengalpattu,chengalpattu,-,-,Duplicate-Palar,East flowing rivers between Pennar and Kanyakumari,-,-,-,Palar,12.65,79.94722222,24-05-2016 08:00,420.0,Brown,odour free,28.0,0.0,25.65,69.56,,116.7,13.62,40.9,7.41,23.97,95.65574,120.875,0.746,1.6237639,2.37,40.249623023272456,Good
1674,Chengalpet,CWC,33,Tamil Nadu,730,Chengalpattu,chengalpattu,-,-,Duplicate-Palar,East flowing rivers between Pennar and Kanyakumari,-,-,-,Palar,12.65,79.94722222,21-07-2016 09:00,634.0,Light Brown,odour free,24.0,0.0,28.86,101.67,,204.65,17.51,78.0,7.53,17.7,167.7459,145.10834,1.094,2.8267915,3.28,55.168925658511775,Poor
1675,Chengalpet,CWC,33,Tamil Nadu,730,Chengalpattu,chengalpattu,-,-,Duplicate-Palar,East flowing rivers between Pennar and Kanyakumari,-,-,-,Palar,12.65,79.94722222,01-08-2016 09:00,500.0,Clear,odour free,28.0,0.0,22.44,80.26,,162.67,12.65,60.9,7.71,14.79,133.33606,108.808334,0.646,2.5485244,1.81,35.35810087673074,Good
1676,Chengalpet,CWC,33,Tamil Nadu,730,Chengalpattu,chengalpattu,-,-,Duplicate-Palar,East flowing rivers between Pennar and Kanyakumari,-,-,-,Palar,12.65,79.94722222,01-09-2016 09:00,539.0,Light Green,odour free,28.0,0.0,24.05,89.13,,167.75,12.65,66.1,7.88,17.43,137.5,112.83333,0.771,2.7160957,5.62,88.71521410753176,Very Poor
1677,Chengalpet,CWC,33,Tamil Nadu,730,Chengalpattu,chengalpattu,-,-,Duplicate-Palar,East flowing rivers between Pennar and Kanyakumari,-,-,-,Palar,12.65,79.94722222,01-10-2016 10:00,296.0,Brown,odour free,29.0,0.0,28.86,40.51,,91.5,6.81,23.0,7.47,14.9,75.0,100.525,0.469,1.0002831,2.45,40.445347183143376,Good
1678,Chengalpet,CWC,33,Tamil Nadu,730,Chengalpattu,chengalpattu,-,-,Duplicate-Palar,East flowing rivers between Pennar and Kanyakumari,-,-,-,Palar,12.65,79.94722222,05-12-2016 09:00,708.0,Light Brown,odour free,29.0,0.0,38.48,137.67,,146.92,11.67,86.4,7.44,33.46,120.42623,144.825,0.387,3.1314716,0.37,13.552447752038729,Excellent
1679,Chengalpet,CWC,33,Tamil Nadu,730,Chengalpattu,chengalpattu,-,-,Duplicate-Palar,East flowing rivers between Pennar and Kanyakumari,-,-,-,Palar,12.65,79.94722222,02-01-2017 09:00,482.0,Clear,odour free,26.0,0.0,28.86,90.86,,125.94,13.62,53.5,7.65,12.49,103.22951,128.9,0.438,2.056492,0.67,19.358768027206835,Excellent
1680,Chengalpet,CWC,33,Tamil Nadu,730,Chengalpattu,chengalpattu,-,-,Duplicate-Palar,East flowing rivers between Pennar and Kanyakumari,-,-,-,Palar,12.65,79.94722222,08-09-2017 08:00,574.0,Dark Green,Odour free,29.0,0.0,21.0,83.5,,190.0,25.6,62.6,7.2,15.3,156.0,159.0,0.14,2.2,2.6,42.51012009792234,Good
1682,Chengalpet,CWC,33,Tamil Nadu,730,Chengalpattu,chengalpattu,-,-,Duplicate-Palar,East flowing rivers between Pennar and Kanyakumari,-,-,-,Palar,12.65,79.94722222,01-11-2017 08:00,580.0,Clear,Odour free,27.0,0.0,34.0,94.1,,164.0,12.7,68.0,7.2,5.8,135.0,137.0,0.1,2.5,0.7,15.204414294116713,Excellent
1683,Chengalpet,CWC,33,Tamil Nadu,730,Chengalpattu,chengalpattu,-,-,Duplicate-Palar,East flowing rivers between Pennar and Kanyakumari,-,-,-,Palar,12.65,79.94722222,01-12-2017 08:00,468.0,Clear,Odour free,26.0,0.0,24.0,72.5,,149.0,17.5,53.0,8.3,13.7,122.0,133.0,0.32,2.0,1.1,31.67946850112071,Good
1684,Chengalpet,CWC,33,Tamil Nadu,730,Chengalpattu,chengalpattu,-,-,Duplicate-Palar,East flowing rivers between Pennar and Kanyakumari,-,-,-,Palar,12.65,79.94722222,01-01-2018 08:00,623.0,Clear,Odour free,26.0,0.0,34.0,86.3,,211.0,22.4,62.6,8.1,17.4,173.0,177.0,0.49,2.1,0.6,24.465382548841937,Excellent
1685,Chengalpet,CWC,33,Tamil Nadu,730,Chengalpattu,chengalpattu,-,-,Duplicate-Palar,East flowing rivers between Pennar and Kanyakumari,-,-,-,Palar,12.65,79.94722222,22-09-2018 08:00,416.0,Clear,odour free,30.0,0.0,27.0,68.2,,104.0,4.8,52.8,7.8,25.8,85.0,88.0,2.8,2.5,1.6,34.80694644475178,Good
1686,Chengalpet,CWC,33,Tamil Nadu,730,Chengalpattu,chengalpattu,-,-,Duplicate-Palar,East flowing rivers between Pennar and Kanyakumari,-,-,-,Palar,12.65,79.94722222,22-11-2018 08:00,487.0,Brown,Odour free,,0.0,27.0,74.5,,154.0,10.5,58.2,7.9,25.7,126.0,111.0,0.3,2.4,2.5,45.878308057926795,Good
1687,Chengalpet,CWC,33,Tamil Nadu,730,Chengalpattu,chengalpattu,-,-,Duplicate-Palar,East flowing rivers between Pennar and Kanyakumari,-,-,-,Palar,12.65,79.94722222,01-12-2018 08:00,506.0,Clear,Odour free,,0.0,28.0,66.7,,184.0,15.7,58.1,7.9,32.3,151.0,134.0,0.36,2.2,3.1,54.93426375443115,Poor
1688,Chengalpet,CWC,33,Tamil Nadu,730,Chengalpattu,chengalpattu,-,-,Duplicate-Palar,East flowing rivers between Pennar and Kanyakumari,-,-,-,Palar,12.65,79.94722222,21-08-2019 08:00,217.0,Brown,odour free,30.0,0.0,16.0,28.6,,61.0,6.6,21.9,7.5,26.6,50.0,66.0,0.81,1.2,2.8,45.392787209690496,Good
1689,Chengalpet,CWC,33,Tamil Nadu,730,Chengalpattu,chengalpattu,-,-,Duplicate-Palar,East flowing rivers between Pennar and Kanyakumari,-,-,-,Palar,12.65,79.94722222,03-09-2019 08:00,362.0,Clear,odour free,29.0,0.0,31.0,49.0,,122.0,9.4,38.0,7.9,23.8,100.0,117.0,0.74,1.5,2.8,50.22046672071471,Poor
1690,Chengalpet,CWC,33,Tamil Nadu,730,Chengalpattu,chengalpattu,-,-,Duplicate-Palar,East flowing rivers between Pennar and Kanyakumari,-,-,-,Palar,12.65,79.94722222,01-10-2019 08:00,534.0,Clear,Odour free,31.0,0.0,32.0,68.6,,185.0,15.8,52.7,8.0,29.7,152.0,146.0,0.61,1.9,2.0,41.44926224426535,Good
1691,Chengalpet,CWC,33,Tamil Nadu,730,Chengalpattu,chengalpattu,-,-,Duplicate-Palar,East flowing rivers between Pennar and Kanyakumari,-,-,-,Palar,12.65,79.94722222,01-11-2019 08:00,287.0,Clear,odour free,28.0,0.0,22.0,36.2,,113.0,7.6,26.4,7.8,3.4,93.0,86.0,0.32,1.2,0.8,21.052342028709052,Excellent
1692,Chengalpet,CWC,33,Tamil Nadu,730,Chengalpattu,chengalpattu,-,-,Duplicate-Palar,East flowing rivers between Pennar and Kanyakumari,-,-,-,Palar,12.65,79.94722222,02-12-2019 08:00,286.0,Clear,odour free,29.0,0.0,20.0,30.5,,115.0,8.3,24.1,7.7,11.7,94.0,84.0,0.2,1.1,2.2,38.92483904811866,Good
1693,Chengalpet,CWC,33,Tamil Nadu,730,Chengalpattu,chengalpattu,-,-,Duplicate-Palar,East flowing rivers between Pennar and Kanyakumari,-,-,-,Palar,12.65,79.94722222,01-01-2020 08:00,522.0,Clear,odour free,26.0,0.0,30.0,66.0,,184.0,19.5,49.2,7.8,17.2,150.0,155.0,0.54,1.7,1.4,31.772989492425324,Good
1694,Chengalpet,CWC,33,Tamil Nadu,730,Chengalpattu,chengalpattu,-,-,Duplicate-Palar,East flowing rivers between Pennar and Kanyakumari,-,-,-,Palar,12.65,79.94722222,01-02-2020 08:00,631.0,Clear,odour free,26.0,0.0,41.0,89.7,,208.0,19.5,64.5,7.9,20.7,171.0,184.0,0.5,2.1,2.8,52.09393120002544,Poor
1695,Chengalpet,CWC,33,Tamil Nadu,730,Chengalpattu,chengalpattu,-,-,Duplicate-Palar,East flowing rivers between Pennar and Kanyakumari,-,-,-,Palar,12.65,79.94722222,25-09-2020 08:00,572.4,Clear,odour free,29.0,0.0,28.74,87.35,5.42,209.89,19.27,67.6,7.98,23.8,,,0.34,,2.21,66.5835590633793,Poor
1696,Chengalpet,CWC,33,Tamil Nadu,730,Chengalpattu,chengalpattu,-,-,Duplicate-Palar,East flowing rivers between Pennar and Kanyakumari,-,-,-,Palar,12.65,79.94722222,01-10-2020 08:00,578.2,Clear,Odour free,29.0,0.0,29.97,79.18,5.76,215.14,15.46,61.1,7.54,3.02,,,0.25,,2.58,65.8287577217162,Poor
1697,Chengalpet,CWC,33,Tamil Nadu,730,Chengalpattu,chengalpattu,-,-,Duplicate-Palar,East flowing rivers between Pennar and Kanyakumari,-,-,-,Palar,12.65,79.94722222,02-11-2020 08:00,547.8,Clear,odour free,26.0,0.0,27.48,75.22,4.82,203.33,16.68,58.2,7.75,3.37,,,0.26,,1.61,57.21263151159649,Poor
1698,Chengalpet,CWC,33,Tamil Nadu,730,Chengalpattu,chengalpattu,-,-,Duplicate-Palar,East flowing rivers between Pennar and Kanyakumari,-,-,-,Palar,12.65,79.94722222,01-12-2020 08:00,472.9,Clear,Odour free,28.0,0.0,33.59,68.61,6.62,176.08,15.75,52.9,7.87,27.43,,,0.11,,3.01,72.57783293592128,Poor
1702,ELUNUTHIMANGALAM,CWC,33,Tamil Nadu,573,Erode,ERODE,-,-,Cauvery,Cauvery,Noyyal,-,-,Noyyal,11.03166667,77.8875,01-12-2001 08:30,2030.0,Clear,odour free,27.5,15.66,152.3,319.25,9.1,411.69,29.17,253.0,8.71,144.52,363.5508,502.2917,4.52,4.921314,1.8,71.86818284332428,Poor
1703,ELUNUTHIMANGALAM,CWC,33,Tamil Nadu,573,Erode,ERODE,-,-,Cauvery,Cauvery,Noyyal,-,-,Noyyal,11.03166667,77.8875,01-01-2002 08:00,2180.0,Clear,odour free,25.5,42.62,160.32,343.64,9.7,427.94,34.03,277.5,8.38,153.01,421.80383,542.5917,5.36,5.194095,1.5,65.45403402820833,Poor
1704,ELUNUTHIMANGALAM,CWC,33,Tamil Nadu,573,Erode,ERODE,-,-,Cauvery,Cauvery,Noyyal,-,-,Noyyal,11.03166667,77.8875,01-02-2002 08:20,8221.0,Light Brown,odour free,25.5,53.28,136.27,2303.38,10.7,487.53,199.3,1512.0,8.38,442.5,488.41476,1171.0917,16.74,19.31003,4.6,151.34426291946843,Unsuitable
1705,ELUNUTHIMANGALAM,CWC,33,Tamil Nadu,573,Erode,ERODE,-,-,Cauvery,Cauvery,Noyyal,-,-,Noyyal,11.03166667,77.8875,21-09-2002 08:10,12000.0,Clear,odour free,26.5,0.0,96.19,3213.33,11.5,175.3,196.87,2042.0,8.11,392.133,143.68852,1060.7666,9.96,27.410843,5.2,147.45906608088134,Unsuitable
1706,ELUNUTHIMANGALAM,CWC,33,Tamil Nadu,573,Erode,ERODE,-,-,Cauvery,Cauvery,Noyyal,-,-,Noyyal,11.03166667,77.8875,21-10-2002 08:30,6930.0,Clear,odour free,29.5,15.49,104.21,2160.68,8.8,146.92,175.0,1106.0,8.65,245.55,146.24289,989.69165,10.7,15.367258,2.7,117.96638291883256,Unsuitable
1707,ELUNUTHIMANGALAM,CWC,33,Tamil Nadu,573,Erode,ERODE,-,-,Cauvery,Cauvery,Noyyal,-,-,Noyyal,11.03166667,77.8875,01-11-2002 08:45,6570.0,Clear,odour free,,20.65,128.26,1987.82,7.2,230.87,218.75,1026.0,8.48,261.48,223.65437,1232.1083,13.7,12.776772,1.4,113.33438136673978,Unsuitable
1709,ELUNUTHIMANGALAM,CWC,33,Tamil Nadu,573,Erode,ERODE,-,-,Cauvery,Cauvery,Noyyal,-,-,Noyyal,11.03166667,77.8875,02-12-2002 09:15,8880.0,Clear,odour free,26.5,0.0,92.99,2508.3,7.7,276.62,152.64,1455.0,7.89,336.55,226.7377,868.475,22.02,21.580683,3.3,134.10948203498816,Unsuitable
1710,ELUNUTHIMANGALAM,CWC,33,Tamil Nadu,573,Erode,ERODE,-,-,Cauvery,Cauvery,Noyyal,-,-,Noyyal,11.03166667,77.8875,01-11-2003 08:30,9780.0,Clear,odour free,29.0,16.7,128.26,2927.21,7.1,203.66,126.39,1724.0,8.39,336.0,194.76776,847.27496,2.97,25.873034,2.1,99.75160592938784,Very Poor
1711,ELUNUTHIMANGALAM,CWC,33,Tamil Nadu,573,Erode,ERODE,-,-,Cauvery,Cauvery,Noyyal,-,-,Noyyal,11.03166667,77.8875,01-12-2003 08:10,7740.0,Clear,odour free,26.5,4.05,104.21,2484.3,7.2,144.13,170.14,1405.0,8.49,244.8,124.88935,969.44165,1.56,19.72395,1.0,87.20555699286248,Very Poor
1712,ELUNUTHIMANGALAM,CWC,33,Tamil Nadu,573,Erode,ERODE,-,-,Cauvery,Cauvery,Noyyal,-,-,Noyyal,11.03166667,77.8875,01-11-2004 08:15,3100.0,Clear,odour free,28.0,15.48,88.18,799.79,7.1,177.1,105.0,412.0,8.63,122.07,170.96394,657.95,4.62,7.0181766,1.2,78.34219203784954,Very Poor
1713,ELUNUTHIMANGALAM,CWC,33,Tamil Nadu,573,Erode,ERODE,-,-,Cauvery,Cauvery,Noyyal,-,-,Noyyal,11.03166667,77.8875,01-12-2004 08:15,2550.0,Clear,odour free,25.2,7.65,80.16,632.4,7.1,186.64,97.22,338.5,8.41,182.59,165.73361,605.48334,3.48,6.0109158,1.5,77.11621225280972,Very Poor
1714,ELUNUTHIMANGALAM,CWC,33,Tamil Nadu,573,Erode,ERODE,-,-,Cauvery,Cauvery,Noyyal,-,-,Noyyal,11.03166667,77.8875,01-01-2005 08:15,3170.0,Clear,odour free,25.5,14.54,120.24,863.88,7.0,192.24,100.14,366.5,8.5,173.9,181.80711,717.85,3.57,5.9742775,1.3,77.82916423112691,Very Poor
1715,ELUNUTHIMANGALAM,CWC,33,Tamil Nadu,573,Erode,ERODE,-,-,Cauvery,Cauvery,Noyyal,-,-,Noyyal,11.03166667,77.8875,01-02-2005 08:50,2620.0,Clear,odour free,27.0,9.97,59.32,679.35,7.3,199.64,85.55,389.0,8.5,196.44,180.25601,504.75833,2.14,7.567069,3.2,96.81009319352378,Very Poor
1716,ELUNUTHIMANGALAM,CWC,33,Tamil Nadu,573,Erode,ERODE,-,-,Cauvery,Cauvery,Noyyal,-,-,Noyyal,11.03166667,77.8875,01-03-2005 08:10,5610.0,Clear,odour free,26.2,0.0,144.29,1667.43,7.9,238.49,227.49,586.0,8.34,174.89,195.48361,1308.6,5.79,7.0803766,1.5,101.35581946226178,Unsuitable
1719,ELUNUTHIMANGALAM,CWC,33,Tamil Nadu,573,Erode,ERODE,-,-,Cauvery,Cauvery,Noyyal,-,-,Noyyal,11.03166667,77.8875,02-05-2005 08:10,4580.0,Clear,odour free,30.0,0.0,88.18,1326.48,7.4,238.58,132.22,705.0,8.27,114.11,195.55737,771.3667,4.53,11.094232,2.3,94.97117916746149,Very Poor
1721,ELUNUTHIMANGALAM,CWC,33,Tamil Nadu,573,Erode,ERODE,-,-,Cauvery,Cauvery,Noyyal,-,-,Noyyal,11.03166667,77.8875,01-06-2005 08:50,8860.0,Light Brown,odour free,29.0,0.0,120.24,2561.0,5.9,298.85,130.27,1702.0,8.2,273.42,244.95901,843.39166,13.8,25.604633,1.1,100.11001066077704,Unsuitable
1725,ELUNUTHIMANGALAM,CWC,33,Tamil Nadu,573,Erode,ERODE,-,-,Cauvery,Cauvery,Noyyal,-,-,Noyyal,11.03166667,77.8875,01-08-2005 09:00,9730.0,Brown,odour free,27.0,58.05,116.23,3282.84,6.3,236.05,125.9,1920.0,8.32,367.28,290.2336,815.1583,8.43,29.380136,1.4,99.53869071605705,Very Poor
1726,ELUNUTHIMANGALAM,CWC,33,Tamil Nadu,573,Erode,ERODE,-,-,Cauvery,Cauvery,Noyyal,-,-,Noyyal,11.03166667,77.8875,16-08-2005 08:15,661.0,Dark Brown,other-dis-agreeable,26.0,0.0,128.26,2960.48,6.45,278.3,116.66,1880.0,8.16,298.83,228.11475,806.73334,6.72,28.911509,3.29,118.44080844282036,Unsuitable
1727,ELUNUTHIMANGALAM,CWC,33,Tamil Nadu,573,Erode,ERODE,-,-,Cauvery,Cauvery,Noyyal,-,-,Noyyal,11.03166667,77.8875,01-09-2005 08:45,8240.0,Brown,odour free,30.0,0.0,112.22,2183.96,6.5,399.81,131.25,1382.0,8.01,224.91,327.7131,827.425,9.06,20.992197,1.8,98.74650043914032,Very Poor
1728,ELUNUTHIMANGALAM,CWC,33,Tamil Nadu,573,Erode,ERODE,-,-,Cauvery,Cauvery,Noyyal,-,-,Noyyal,11.03166667,77.8875,15-09-2005 08:15,7150.0,Brown,odour free,27.0,23.14,92.18,2086.9,7.24,235.18,114.23,1306.0,8.45,202.15,231.33716,706.4083,8.39,21.471352,6.38,158.19668505452492,Unsuitable
1729,ELUNUTHIMANGALAM,CWC,33,Tamil Nadu,573,Erode,ERODE,-,-,Cauvery,Cauvery,Noyyal,-,-,Noyyal,11.03166667,77.8875,01-10-2005 08:45,6810.0,Dark Brown,odour free,28.5,34.16,112.22,1980.62,6.9,323.02,118.61,1290.0,8.39,187.43,321.70383,774.75836,10.9,20.247293,1.8,100.842203082924,Unsuitable
1731,ELUNUTHIMANGALAM,CWC,33,Tamil Nadu,573,Erode,ERODE,-,-,Cauvery,Cauvery,Noyyal,-,-,Noyyal,11.03166667,77.8875,02-11-2005 08:15,3040.0,Dark Brown,odour free,29.0,37.36,64.13,714.75,6.7,281.03,79.72,489.0,8.56,118.77,292.61914,492.49167,6.54,9.628423,1.4,79.71162438063332,Very Poor
1733,ELUNUTHIMANGALAM,CWC,33,Tamil Nadu,573,Erode,ERODE,-,-,Cauvery,Cauvery,Noyyal,-,-,Noyyal,11.03166667,77.8875,01-12-2005 08:15,2790.0,Brown,odour free,27.0,18.54,96.19,607.0,7.1,290.16,104.51,345.0,8.39,167.97,268.73608,675.93335,7.64,5.797521,1.4,82.43092566785096,Very Poor
1734,ELUNUTHIMANGALAM,CWC,33,Tamil Nadu,573,Erode,ERODE,-,-,Cauvery,Cauvery,Noyyal,-,-,Noyyal,11.03166667,77.8875,15-12-2005 08:40,1950.0,Light Brown,odour free,26.0,18.54,75.35,397.23,7.1,278.85,79.72,209.0,8.49,107.65,259.46558,520.5417,10.2,4.002022,0.39,67.49956533931042,Poor
1735,ELUNUTHIMANGALAM,CWC,33,Tamil Nadu,573,Erode,ERODE,-,-,Cauvery,Cauvery,Noyyal,-,-,Noyyal,11.03166667,77.8875,02-01-2006 08:15,4280.0,,odour free,25.2,33.26,94.59,1164.72,7.3,410.69,105.97,668.0,8.36,175.0,392.06448,678.01666,9.09,11.208508,1.4,86.11442917362136,Very Poor
1737,ELUNUTHIMANGALAM,CWC,33,Tamil Nadu,573,Erode,ERODE,-,-,Cauvery,Cauvery,Noyyal,-,-,Noyyal,11.03166667,77.8875,01-02-2006 08:15,4330.0,Dark Brown,odour free,25.8,80.8,99.4,1110.79,7.4,299.57,85.55,750.0,8.61,178.83,380.21585,604.9584,9.69,13.318196,7.3,165.94146929296423,Unsuitable
1739,ELUNUTHIMANGALAM,CWC,33,Tamil Nadu,573,Erode,ERODE,-,-,Cauvery,Cauvery,Noyyal,-,-,Noyyal,11.03166667,77.8875,01-03-2006 08:15,7730.0,Dark Brown,odour free,28.0,57.02,120.24,2018.53,5.3,488.0,123.96,1322.0,8.65,286.0,495.03333,817.1,13.83,20.204159,5.4,161.65441797196658,Unsuitable
1740,ELUNUTHIMANGALAM,CWC,33,Tamil Nadu,573,Erode,ERODE,-,-,Cauvery,Cauvery,Noyyal,-,-,Noyyal,11.03166667,77.8875,15-03-2006 08:20,7370.0,Dark Brown,odour free,29.0,85.54,120.24,1846.33,6.68,488.0,123.96,1246.0,8.61,327.95,542.56665,817.1,14.58,19.042648,3.64,134.59407341492204,Unsuitable
1741,ELUNUTHIMANGALAM,CWC,33,Tamil Nadu,573,Erode,ERODE,-,-,Cauvery,Cauvery,Noyyal,-,-,Noyyal,11.03166667,77.8875,01-04-2006 08:15,9360.0,Dark Brown,other-dis-agreeable,30.8,80.4,56.11,2285.04,7.8,500.02,146.8,1398.0,8.7,315.68,543.8525,751.94165,16.23,22.293873,7.6,191.02054504566266,Unsuitable
1742,ELUNUTHIMANGALAM,CWC,33,Tamil Nadu,573,Erode,ERODE,-,-,Cauvery,Cauvery,Noyyal,-,-,Noyyal,11.03166667,77.8875,15-04-2006 08:15,7720.0,Dark Brown,odour free,31.0,85.12,112.22,1675.61,7.23,456.75,94.79,1136.0,8.66,270.3,516.2519,675.50836,14.85,19.089706,0.96,92.34544070969845,Very Poor
1743,ELUNUTHIMANGALAM,CWC,33,Tamil Nadu,573,Erode,ERODE,-,-,Cauvery,Cauvery,Noyyal,-,-,Noyyal,11.03166667,77.8875,01-05-2006 08:15,5380.0,Dark Brown,odour free,30.5,33.1,120.24,1755.71,6.7,504.83,114.23,1144.0,8.32,263.83,468.96173,776.55835,14.3,17.93251,5.5,154.1185878646256,Unsuitable
1745,ELUNUTHIMANGALAM,CWC,33,Tamil Nadu,573,Erode,ERODE,-,-,Cauvery,Cauvery,Noyyal,-,-,Noyyal,11.03166667,77.8875,01-06-2006 08:15,9290.0,Light Brown,other-dis-agreeable,26.0,46.84,141.08,2960.33,7.9,614.17,111.8,1906.0,8.65,438.72,581.4847,818.5333,16.1,29.094082,6.6,177.27348044732705,Unsuitable
1747,ELUNUTHIMANGALAM,CWC,33,Tamil Nadu,573,Erode,ERODE,-,-,Cauvery,Cauvery,Noyyal,-,-,Noyyal,11.03166667,77.8875,01-07-2006 08:15,10000.0,Light Brown,other-dis-agreeable,27.0,109.31,132.26,2572.39,5.9,652.28,138.54,1985.0,8.95,455.07,716.8391,907.89996,13.59,28.780415,6.7,187.1797473846313,Unsuitable
1749,ELUNUTHIMANGALAM,CWC,33,Tamil Nadu,573,Erode,ERODE,-,-,Cauvery,Cauvery,Noyyal,-,-,Noyyal,11.03166667,77.8875,01-08-2006 08:15,9720.0,Light Brown,other-dis-agreeable,27.0,74.61,144.29,2523.62,5.0,581.56,140.97,1962.0,8.49,603.24,601.0385,948.1,15.6,27.834888,5.3,169.22907428624796,Unsuitable
1751,ELUNUTHIMANGALAM,CWC,33,Tamil Nadu,573,Erode,ERODE,-,-,Cauvery,Cauvery,Noyyal,-,-,Noyyal,11.03166667,77.8875,01-09-2006 08:15,10200.0,Light Brown,other-dis-agreeable,29.0,75.78,128.26,2415.66,6.0,606.14,160.41,1726.0,8.68,594.41,623.13605,989.025,14.0,23.982033,5.9,176.2125772539225,Unsuitable
1753,ELUNUTHIMANGALAM,CWC,33,Tamil Nadu,573,Erode,ERODE,-,-,Cauvery,Cauvery,Noyyal,-,-,Noyyal,11.03166667,77.8875,03-10-2006 08:15,3300.0,Light Brown,other-dis-agreeable,28.8,34.82,70.54,678.52,6.4,343.88,62.22,476.0,8.43,181.31,339.9022,435.6,12.69,9.961476,1.7,88.6031853569555,Very Poor
1755,ELUNUTHIMANGALAM,CWC,33,Tamil Nadu,573,Erode,ERODE,-,-,Cauvery,Cauvery,Noyyal,-,-,Noyyal,11.03166667,77.8875,01-11-2006 10:00,1070.0,Light Brown,other-dis-agreeable,28.8,0.0,49.7,161.42,6.5,273.08,35.0,117.0,8.08,98.12,223.83606,270.08334,11.0,3.1086295,0.9,64.69119642090708,Poor
1757,ELUNUTHIMANGALAM,CWC,33,Tamil Nadu,573,Erode,ERODE,-,-,Cauvery,Cauvery,Noyyal,-,-,Noyyal,11.03166667,77.8875,01-12-2006 08:15,2550.0,Light Brown,other-dis-agreeable,26.5,41.06,92.99,541.12,6.3,307.94,58.33,353.0,8.41,214.61,320.84317,475.51666,,7.06735,1.1,64.56906573175482,Poor
1759,ELUNUTHIMANGALAM,CWC,33,Tamil Nadu,573,Erode,ERODE,-,-,Cauvery,Cauvery,Noyyal,-,-,Noyyal,11.03166667,77.8875,02-01-2007 08:15,3390.0,Light Brown,other-dis-agreeable,24.0,47.76,89.78,713.41,6.6,427.3,75.83,541.0,8.35,158.9,429.8459,540.4083,10.35,10.164183,2.0,91.59068426009826,Very Poor
1761,ELUNUTHIMANGALAM,CWC,33,Tamil Nadu,573,Erode,ERODE,-,-,Cauvery,Cauvery,Noyyal,-,-,Noyyal,11.03166667,77.8875,01-02-2007 08:15,4840.0,Light Brown,other-dis-agreeable,26.2,67.2,136.27,1230.38,6.5,453.84,121.52,870.0,8.72,325.31,484.0,847.0083,13.29,13.056966,5.2,153.05264258150925,Unsuitable
1765,ELUNUTHIMANGALAM,CWC,33,Tamil Nadu,573,Erode,ERODE,-,-,Cauvery,Cauvery,Noyyal,-,-,Noyyal,11.03166667,77.8875,02-04-2007 08:30,6180.0,Light Brown,other-dis-agreeable,29.0,82.02,80.16,1603.48,6.5,451.21,102.08,1154.0,8.81,318.91,506.54425,625.73334,13.8,20.15901,3.7,131.46160488637994,Unsuitable
1767,ELUNUTHIMANGALAM,CWC,33,Tamil Nadu,573,Erode,ERODE,-,-,Cauvery,Cauvery,Noyyal,-,-,Noyyal,11.03166667,77.8875,01-05-2007 08:30,5680.0,Light Brown,other-dis-agreeable,30.5,57.6,108.22,1568.16,6.2,566.08,102.08,1232.0,8.52,247.96,560.0,695.88336,24.36,20.400492,4.0,147.2591925636257,Unsuitable
1769,ELUNUTHIMANGALAM,CWC,33,Tamil Nadu,573,Erode,ERODE,-,-,Cauvery,Cauvery,Noyyal,-,-,Noyyal,11.03166667,77.8875,01-06-2007 08:15,8480.0,Dark Brown,other-dis-agreeable,28.8,81.69,136.25,2098.9,6.2,507.52,121.5,1620.0,8.65,472.19,552.15,846.875,25.29,24.314884,3.2,145.53097793170875,Unsuitable
1771,ELUNUTHIMANGALAM,CWC,33,Tamil Nadu,573,Erode,ERODE,-,-,Cauvery,Cauvery,Noyyal,-,-,Noyyal,11.03166667,77.8875,02-07-2007 08:15,6600.0,Dark Brown,other-dis-agreeable,27.0,62.71,136.28,1507.05,6.1,343.32,104.51,930.0,8.73,351.87,385.9265,776.1583,15.96,14.577698,2.3,116.30840090133053,Unsuitable
1773,ELUNUTHIMANGALAM,CWC,33,Tamil Nadu,573,Erode,ERODE,-,-,Cauvery,Cauvery,Noyyal,-,-,Noyyal,11.03166667,77.8875,01-08-2007 08:15,5160.0,Dark Brown,other-dis-agreeable,27.0,0.0,108.22,1439.57,6.1,536.8,82.64,984.0,8.22,239.37,440.0,614.88336,21.18,17.329157,1.5,102.70780712957223,Unsuitable
1775,ELUNUTHIMANGALAM,CWC,33,Tamil Nadu,573,Erode,ERODE,-,-,Cauvery,Cauvery,Noyyal,-,-,Noyyal,11.03166667,77.8875,01-09-2007 08:15,3180.0,Dark Brown,other-dis-agreeable,26.5,47.76,92.18,771.32,5.9,267.06,65.62,555.0,8.39,144.69,298.50165,503.86667,12.8,10.796262,1.4,86.88043495477451,Very Poor
1777,ELUNUTHIMANGALAM,CWC,33,Tamil Nadu,573,Erode,ERODE,-,-,Cauvery,Cauvery,Noyyal,-,-,Noyyal,11.03166667,77.8875,03-10-2007 08:15,2670.0,Dark Brown,other-dis-agreeable,28.0,0.0,72.14,689.79,6.1,354.91,46.18,522.0,8.27,148.2,290.90985,372.76666,11.7,11.803983,1.1,76.08040565497481,Very Poor
1779,ELUNUTHIMANGALAM,CWC,33,Tamil Nadu,573,Erode,ERODE,-,-,Cauvery,Cauvery,Noyyal,-,-,Noyyal,11.03166667,77.8875,01-11-2007 08:15,1520.0,Dark Brown,other-dis-agreeable,26.5,24.12,64.13,295.83,6.3,255.03,39.86,214.0,8.37,87.38,249.24098,326.40833,6.44,5.171215,2.8,89.85659382163352,Very Poor
1781,ELUNUTHIMANGALAM,CWC,33,Tamil Nadu,573,Erode,ERODE,-,-,Cauvery,Cauvery,Noyyal,-,-,Noyyal,11.03166667,77.8875,01-12-2007 08:15,3040.0,Dark Brown,other-dis-agreeable,24.0,38.59,92.18,700.81,6.9,407.07,72.92,465.0,8.46,170.47,397.98062,534.2833,10.77,8.785492,1.4,83.58722489071171,Very Poor
1783,ELUNUTHIMANGALAM,CWC,33,Tamil Nadu,573,Erode,ERODE,-,-,Cauvery,Cauvery,Noyyal,-,-,Noyyal,11.03166667,77.8875,01-01-2008 08:30,2520.0,Dark Brown,other-dis-agreeable,21.5,34.11,88.18,523.88,6.7,386.44,68.05,347.0,8.52,171.88,373.6041,503.99167,6.17,6.749981,1.3,76.08349155121847,Very Poor
1785,ELUNUTHIMANGALAM,CWC,33,Tamil Nadu,573,Erode,ERODE,-,-,Cauvery,Cauvery,Noyyal,-,-,Noyyal,11.03166667,77.8875,01-02-2008 08:30,3410.0,Dark Brown,other-dis-agreeable,24.0,43.64,64.13,772.72,6.6,330.26,94.79,488.0,8.48,180.73,343.43826,555.2833,5.82,9.050951,7.1,158.0446029670784,Unsuitable
1787,ELUNUTHIMANGALAM,CWC,33,Tamil Nadu,573,Erode,ERODE,-,-,Cauvery,Cauvery,Noyyal,-,-,Noyyal,11.03166667,77.8875,01-03-2008 08:30,4890.0,Brown,other-dis-agreeable,23.5,62.27,144.29,1133.92,6.5,490.64,92.36,806.0,8.57,311.22,505.94727,745.55835,15.9,12.887563,3.0,120.63869653337467,Unsuitable
1789,ELUNUTHIMANGALAM,CWC,33,Tamil Nadu,573,Erode,ERODE,-,-,Cauvery,Cauvery,Noyyal,-,-,Noyyal,11.03166667,77.8875,01-04-2008 08:30,2180.0,Dark Brown,other-dis-agreeable,24.0,41.74,68.14,450.36,6.4,328.87,58.33,302.0,8.39,127.01,339.13223,413.39166,6.39,6.4873886,1.9,81.41685059631679,Very Poor
1791,ELUNUTHIMANGALAM,CWC,33,Tamil Nadu,573,Erode,ERODE,-,-,Cauvery,Cauvery,Noyyal,-,-,Noyyal,11.03166667,77.8875,01-05-2008 08:30,6460.0,Dark Brown,other-dis-agreeable,24.0,95.47,104.21,1714.47,6.5,576.98,92.36,1224.0,8.77,264.76,632.0511,645.35834,15.21,21.044777,2.4,115.15623274675313,Unsuitable
1793,ELUNUTHIMANGALAM,CWC,33,Tamil Nadu,573,Erode,ERODE,-,-,Cauvery,Cauvery,Noyyal,-,-,Noyyal,11.03166667,77.8875,02-06-2008 08:00,5220.0,Dark Brown,other-dis-agreeable,23.5,73.85,92.18,1441.88,6.2,546.99,85.07,1010.0,8.78,227.25,571.4358,584.9083,13.5,18.241623,5.0,146.0881743466546,Unsuitable
1797,ELUNUTHIMANGALAM,CWC,33,Tamil Nadu,573,Erode,ERODE,-,-,Cauvery,Cauvery,Noyyal,-,-,Noyyal,11.03166667,77.8875,01-08-2008 08:00,8160.0,Dark Brown,other-dis-agreeable,20.5,107.86,128.26,2383.9,6.1,657.97,106.94,1620.0,8.9,326.93,719.0863,766.23334,16.98,25.56015,3.8,144.3882589163368,Unsuitable
1799,ELUNUTHIMANGALAM,CWC,33,Tamil Nadu,573,Erode,ERODE,-,-,Cauvery,Cauvery,Noyyal,-,-,Noyyal,11.03166667,77.8875,01-09-2008 08:00,3730.0,Dark Brown,other-dis-agreeable,23.0,31.48,76.15,956.24,6.5,368.0,58.33,672.0,8.34,193.78,354.10602,433.4167,12.7,14.096034,1.8,89.68439793981592,Very Poor
1801,ELUNUTHIMANGALAM,CWC,33,Tamil Nadu,573,Erode,ERODE,-,-,Cauvery,Cauvery,Noyyal,-,-,Noyyal,11.03166667,77.8875,03-10-2008 08:00,4680.0,Dark Brown,other-dis-agreeable,21.5,72.66,32.06,1089.67,6.3,437.91,75.34,783.0,8.61,204.0,480.04263,394.06665,,17.246778,1.6,76.90763917846981,Very Poor
1803,ELUNUTHIMANGALAM,CWC,33,Tamil Nadu,573,Erode,ERODE,-,-,Cauvery,Cauvery,Noyyal,-,-,Noyyal,11.03166667,77.8875,01-11-2008 08:00,1580.0,Dark Brown,other-dis-agreeable,20.0,46.71,68.13,329.9,6.1,221.59,63.19,201.0,8.44,112.0,259.48114,433.61667,1.88,4.2163033,1.6,72.971962836608,Poor
1805,ELUNUTHIMANGALAM,CWC,33,Tamil Nadu,573,Erode,ERODE,-,-,Cauvery,Cauvery,Noyyal,-,-,Noyyal,11.03166667,77.8875,01-12-2008 08:00,1760.0,Dark Brown,other-dis-agreeable,19.0,0.0,80.16,369.88,6.3,527.6,63.19,247.0,8.28,16.0,432.45898,463.69168,4.62,5.0093255,1.0,66.97696561153766,Poor
1807,ELUNUTHIMANGALAM,CWC,33,Tamil Nadu,573,Erode,ERODE,-,-,Cauvery,Cauvery,Noyyal,-,-,Noyyal,11.03166667,77.8875,01-01-2009 08:00,2660.0,Dark Brown,other-dis-agreeable,20.0,24.0,96.0,576.0,6.3,427.0,82.6,442.0,8.39,215.0,390.0,584.1667,,7.987311,1.6,75.36489629731193,Very Poor
1809,ELUNUTHIMANGALAM,CWC,33,Tamil Nadu,573,Erode,ERODE,-,-,Cauvery,Cauvery,Noyyal,-,-,Noyyal,11.03166667,77.8875,02-02-2009 08:00,3680.0,Dark Brown,other-dis-agreeable,,86.4,112.0,1029.0,6.1,451.0,94.8,824.0,8.54,304.0,513.6721,675.0,9.33,13.852009,3.3,116.63372341909484,Unsuitable
1811,ELUNUTHIMANGALAM,CWC,33,Tamil Nadu,573,Erode,ERODE,-,-,Cauvery,Cauvery,Noyyal,-,-,Noyyal,11.03166667,77.8875,02-03-2009 08:00,4460.0,Dark Brown,other-dis-agreeable,,84.0,104.0,1424.0,6.3,528.0,86.5,966.0,8.72,426.0,572.78687,620.4167,8.22,16.93803,3.7,122.23145727442893,Unsuitable
1813,ELUNUTHIMANGALAM,CWC,33,Tamil Nadu,573,Erode,ERODE,-,-,Cauvery,Cauvery,Noyyal,-,-,Noyyal,11.03166667,77.8875,01-04-2009 08:00,4360.0,Dark Brown,other-dis-agreeable,,96.0,120.0,1435.0,6.5,456.0,89.9,1082.0,8.75,413.0,533.7705,674.5833,8.51,18.191862,2.4,105.97845890361964,Unsuitable
1815,ELUNUTHIMANGALAM,CWC,33,Tamil Nadu,573,Erode,ERODE,-,-,Cauvery,Cauvery,Noyyal,-,-,Noyyal,11.03166667,77.8875,01-05-2009 08:00,4640.0,Dark Brown,other-dis-agreeable,30.0,120.0,112.0,1396.0,6.3,528.0,82.6,1130.0,8.87,370.0,632.78687,624.1667,7.1,19.750896,4.1,127.8283222894511,Unsuitable
1817,ELUNUTHIMANGALAM,CWC,33,Tamil Nadu,573,Erode,ERODE,-,-,Cauvery,Cauvery,Noyyal,-,-,Noyyal,11.03166667,77.8875,01-06-2009 08:20,6840.0,Dark Brown,other-dis-agreeable,28.8,144.0,120.0,2293.0,6.5,576.0,121.5,1460.0,8.58,441.0,712.13116,806.25,8.59,22.462345,5.4,153.24047159855027,Unsuitable
1819,ELUNUTHIMANGALAM,CWC,33,Tamil Nadu,573,Erode,ERODE,-,-,Cauvery,Cauvery,Noyyal,-,-,Noyyal,11.03166667,77.8875,01-07-2009 08:20,8550.0,Dark Brown,other-dis-agreeable,25.8,84.0,112.0,2277.0,6.3,684.0,111.6,1752.0,8.6,605.99,700.65576,745.0,7.45,28.040407,3.1,121.19286488943997,Unsuitable
1821,ELUNUTHIMANGALAM,CWC,33,Tamil Nadu,573,Erode,ERODE,-,-,Cauvery,Cauvery,Noyyal,-,-,Noyyal,11.03166667,77.8875,01-08-2009 08:25,7760.0,Dark Brown,other-dis-agreeable,26.8,72.0,104.0,2266.0,6.5,475.8,121.3,1420.0,8.4,353.0,510.0,765.4167,8.06,22.426016,2.5,110.19075132934331,Unsuitable
1823,ELUNUTHIMANGALAM,CWC,33,Tamil Nadu,573,Erode,ERODE,-,-,Cauvery,Cauvery,Noyyal,-,-,Noyyal,11.03166667,77.8875,01-09-2009 08:15,6790.0,Dark Brown,other-dis-agreeable,27.8,120.0,144.0,2460.0,6.3,720.0,116.4,1630.0,8.61,630.0,790.16394,845.0,15.1,24.48897,1.2,106.79801299577154,Unsuitable
1825,ELUNUTHIMANGALAM,CWC,33,Tamil Nadu,573,Erode,ERODE,-,-,Cauvery,Cauvery,Noyyal,-,-,Noyyal,11.03166667,77.8875,01-10-2009 08:20,3400.0,Dark Brown,other-dis-agreeable,27.5,48.0,88.0,893.0,6.5,336.0,72.8,616.0,8.33,213.0,355.40985,523.3334,4.91,11.760234,0.4,63.43493723373393,Poor
1827,ELUNUTHIMANGALAM,CWC,33,Tamil Nadu,573,Erode,ERODE,-,-,Cauvery,Cauvery,Noyyal,-,-,Noyyal,11.03166667,77.8875,03-11-2009 08:30,2900.0,Dark Brown,other-dis-agreeable,28.3,0.0,56.0,310.4,6.3,346.0,42.7,241.5,8.2,113.0,283.60657,317.91666,3.55,5.914777,0.8,58.24772923104742,Poor
1829,ELUNUTHIMANGALAM,CWC,33,Tamil Nadu,573,Erode,ERODE,-,-,Cauvery,Cauvery,Noyyal,-,-,Noyyal,11.03166667,77.8875,01-12-2009 08:20,2610.0,Dark Brown,other-dis-agreeable,27.8,38.4,91.2,560.6,6.3,389.0,58.3,352.5,8.3,204.0,382.85245,470.91666,8.01,7.091904,0.1,59.88784884492187,Poor
1830,ELUNUTHIMANGALAM,CWC,33,Tamil Nadu,573,Erode,ERODE,-,-,Cauvery,Cauvery,Noyyal,-,-,Noyyal,11.03166667,77.8875,01-01-2010 08:30,2230.0,Dark Brown,other-dis-agreeable,27.0,72.0,88.0,450.0,6.1,310.0,32.1,335.5,8.42,200.0,374.09836,353.75,7.67,7.782145,1.6,77.10191034145645,Very Poor
1831,ELUNUTHIMANGALAM,CWC,33,Tamil Nadu,573,Erode,ERODE,-,-,Cauvery,Cauvery,Noyyal,-,-,Noyyal,11.03166667,77.8875,01-02-2010 08:20,3120.0,Dark Brown,other-dis-agreeable,25.8,132.0,113.6,787.0,5.9,384.0,103.5,450.0,8.74,217.0,534.7541,715.25,6.06,7.3495784,4.6,132.130960531022,Unsuitable
1832,ELUNUTHIMANGALAM,CWC,33,Tamil Nadu,573,Erode,ERODE,-,-,Cauvery,Cauvery,Noyyal,-,-,Noyyal,11.03166667,77.8875,01-03-2010 08:20,4880.0,Dark Brown,other-dis-agreeable,27.3,120.0,128.0,958.8,6.1,537.0,92.3,744.0,8.76,540.0,640.16394,704.5834,5.13,12.239183,1.9,95.59285212734672,Very Poor
1833,ELUNUTHIMANGALAM,CWC,33,Tamil Nadu,573,Erode,ERODE,-,-,Cauvery,Cauvery,Noyyal,-,-,Noyyal,11.03166667,77.8875,01-04-2010 08:25,5000.0,Dark Brown,other-dis-agreeable,29.3,115.2,92.184,1389.64,5.9,492.88,194.42,1080.0,9.08,707.4,596.0,1040.5433,5.72,14.638024,3.0,131.0188664556409,Unsuitable
1834,ELUNUTHIMANGALAM,CWC,33,Tamil Nadu,573,Erode,ERODE,-,-,Cauvery,Cauvery,Noyyal,-,-,Noyyal,11.03166667,77.8875,01-05-2010 08:20,4320.0,Dark Brown,other-dis-agreeable,28.8,120.0,108.22,1198.21,6.1,268.4,85.06,927.0,8.6,315.84,420.0,624.9667,6.29,16.193718,3.9,120.49459734806938,Unsuitable
1835,ELUNUTHIMANGALAM,CWC,33,Tamil Nadu,573,Erode,ERODE,-,-,Cauvery,Cauvery,Noyyal,-,-,Noyyal,11.03166667,77.8875,01-06-2010 08:25,3620.0,Dark Brown,other-dis-agreeable,29.3,204.0,124.25,1276.2,5.9,341.6,140.97,842.0,8.92,579.1,620.0,898.0,7.21,12.276431,4.8,147.3281233408047,Unsuitable
1836,ELUNUTHIMANGALAM,CWC,33,Tamil Nadu,573,Erode,ERODE,-,-,Cauvery,Cauvery,Noyyal,-,-,Noyyal,11.03166667,77.8875,01-07-2010 08:20,5910.0,Dark Brown,other-dis-agreeable,26.3,156.0,104.21,1680.33,6.3,500.2,107.36,1302.0,8.78,643.3,670.0,707.85834,29.5,21.37885,2.7,140.81371746427268,Unsuitable
1837,ELUNUTHIMANGALAM,CWC,33,Tamil Nadu,573,Erode,ERODE,-,-,Cauvery,Cauvery,Noyyal,-,-,Noyyal,11.03166667,77.8875,02-08-2010 08:25,7560.0,Dark Brown,other-dis-agreeable,27.3,240.0,132.26,2389.33,6.1,573.4,109.36,1848.0,8.72,715.3,870.0,786.31665,26.2,28.782427,2.9,144.50825466661107,Unsuitable
1838,ELUNUTHIMANGALAM,CWC,33,Tamil Nadu,573,Erode,ERODE,-,-,Cauvery,Cauvery,Noyyal,-,-,Noyyal,11.03166667,77.8875,01-09-2010 08:20,5250.0,Dark Brown,other-dis-agreeable,27.3,132.0,140.28,1608.4,6.2,390.4,75.34,1216.0,8.67,345.49,540.0,664.61664,21.6,20.588388,4.7,152.0189621965759,Unsuitable
1839,ELUNUTHIMANGALAM,CWC,33,Tamil Nadu,573,Erode,ERODE,-,-,Cauvery,Cauvery,Noyyal,-,-,Noyyal,11.03166667,77.8875,01-10-2010 08:25,3550.0,Dark Brown,other-dis-agreeable,28.8,60.0,88.18,1031.03,5.9,454.4,65.62,718.0,8.31,164.42,472.459,493.86667,19.4,14.108584,1.8,101.0411874892699,Unsuitable
1840,ELUNUTHIMANGALAM,CWC,33,Tamil Nadu,573,Erode,ERODE,-,-,Cauvery,Cauvery,Noyyal,-,-,Noyyal,11.03166667,77.8875,01-11-2010 08:20,1680.0,Dark Brown,other-dis-agreeable,28.5,24.0,60.92,422.9,5.7,273.28,38.89,286.0,8.32,108.54,264.0,314.34167,10.9,7.0427136,1.1,73.69994244499819,Poor
1841,ELUNUTHIMANGALAM,CWC,33,Tamil Nadu,573,Erode,ERODE,-,-,Cauvery,Cauvery,Noyyal,-,-,Noyyal,11.03166667,77.8875,01-12-2010 08:00,2050.0,Dark Brown,other-dis-agreeable,27.0,28.8,86.57,485.68,5.9,370.88,70.0,267.0,8.3,158.02,352.0,508.09167,9.91,5.1731095,1.3,80.35047830746183,Very Poor
1842,ELUNUTHIMANGALAM,CWC,33,Tamil Nadu,573,Erode,ERODE,-,-,Cauvery,Cauvery,Noyyal,-,-,Noyyal,11.03166667,77.8875,01-01-2011 08:10,2210.0,Dark Brown,other-dis-agreeable,25.3,48.0,88.18,558.37,5.9,395.28,75.83,385.0,8.45,183.0,404.0,536.4083,7.48,7.2603803,1.6,84.53119486503887,Very Poor
1843,ELUNUTHIMANGALAM,CWC,33,Tamil Nadu,573,Erode,ERODE,-,-,Cauvery,Cauvery,Noyyal,-,-,Noyyal,11.03166667,77.8875,01-02-2011 08:20,3600.0,Dark Brown,other-dis-agreeable,24.8,100.8,123.45,1027.53,5.9,453.84,108.89,650.0,8.69,243.59,540.0,762.3333,8.47,10.282568,2.2,104.43916421264724,Unsuitable
1844,ELUNUTHIMANGALAM,CWC,33,Tamil Nadu,573,Erode,ERODE,-,-,Cauvery,Cauvery,Noyyal,-,-,Noyyal,11.03166667,77.8875,01-03-2011 08:25,4390.0,Light Green,other-dis-agreeable,24.5,124.8,144.29,1035.47,5.7,424.56,88.47,698.0,8.9,282.66,556.0,729.35,9.79,11.283373,5.6,152.45749821959402,Unsuitable
1845,ELUNUTHIMANGALAM,CWC,33,Tamil Nadu,573,Erode,ERODE,-,-,Cauvery,Cauvery,Noyyal,-,-,Noyyal,11.03166667,77.8875,01-04-2011 08:30,2070.0,Brown,other-dis-agreeable,26.3,0.0,46.49,595.48,5.9,370.88,77.78,382.0,8.05,130.08,304.0,440.30832,3.29,7.9574594,5.7,129.68052709873308,Unsuitable
1846,ELUNUTHIMANGALAM,CWC,33,Tamil Nadu,573,Erode,ERODE,-,-,Cauvery,Cauvery,Noyyal,-,-,Noyyal,11.03166667,77.8875,02-05-2011 08:35,1730.0,Brown,other-dis-agreeable,26.3,48.0,78.56,412.38,6.1,302.56,55.42,256.0,8.3,125.09,328.0,427.31665,4.14,5.407519,3.7,102.5005831435691,Unsuitable
1847,ELUNUTHIMANGALAM,CWC,33,Tamil Nadu,573,Erode,ERODE,-,-,Cauvery,Cauvery,Noyyal,-,-,Noyyal,11.03166667,77.8875,01-06-2011 08:30,3750.0,Dark Brown,other-dis-agreeable,27.5,0.0,40.08,1120.67,5.9,448.73,101.11,780.0,7.9,258.34,367.8115,521.4917,2.66,14.935793,4.8,121.49010555264123,Unsuitable
1848,ELUNUTHIMANGALAM,CWC,33,Tamil Nadu,573,Erode,ERODE,-,-,Cauvery,Cauvery,Noyyal,-,-,Noyyal,11.03166667,77.8875,01-07-2011 08:40,2230.0,Light Brown,other-dis-agreeable,26.0,89.37,70.54,679.96,5.7,128.27,73.89,406.0,8.87,191.97,254.08936,484.225,2.06,8.060426,2.5,93.6843338237398,Very Poor
1849,ELUNUTHIMANGALAM,CWC,33,Tamil Nadu,573,Erode,ERODE,-,-,Cauvery,Cauvery,Noyyal,-,-,Noyyal,11.03166667,77.8875,01-08-2011 08:40,3480.0,Light Brown,other-dis-agreeable,26.3,94.63,48.1,1067.16,5.9,304.63,110.83,708.0,8.52,245.69,407.4134,582.0417,3.85,12.83157,4.8,130.26590656643938,Unsuitable
1850,ELUNUTHIMANGALAM,CWC,33,Tamil Nadu,573,Erode,ERODE,-,-,Cauvery,Cauvery,Noyyal,-,-,Noyyal,11.03166667,77.8875,02-09-2011 08:45,2940.0,Brown,other-dis-agreeable,24.8,73.6,86.57,856.25,5.8,277.91,99.16,529.0,8.63,254.0,350.46176,629.5917,9.85,9.21148,3.7,122.26946403778597,Unsuitable
1851,ELUNUTHIMANGALAM,CWC,33,Tamil Nadu,573,Erode,ERODE,-,-,Cauvery,Cauvery,Noyyal,-,-,Noyyal,11.03166667,77.8875,01-10-2011 08:45,2550.0,Light Green,other-dis-agreeable,24.3,15.77,92.99,705.14,6.0,443.59,73.89,468.0,8.89,165.31,389.88168,540.35,3.51,8.792447,4.1,117.74012243947416,Unsuitable
1852,ELUNUTHIMANGALAM,CWC,33,Tamil Nadu,573,Erode,ERODE,-,-,Cauvery,Cauvery,Noyyal,-,-,Noyyal,11.03166667,77.8875,01-11-2011 08:00,1090.0,Brown,other-dis-agreeable,26.0,0.0,68.94,254.98,5.6,256.53,31.11,158.5,7.9,67.59,210.2705,301.975,2.1,3.980319,2.2,72.15954689263518,Poor
1853,ELUNUTHIMANGALAM,CWC,33,Tamil Nadu,573,Erode,ERODE,-,-,Cauvery,Cauvery,Noyyal,-,-,Noyyal,11.03166667,77.8875,01-12-2011 08:00,1220.0,Clear,other-dis-agreeable,24.0,31.54,94.59,280.17,6.0,267.22,31.11,170.5,8.33,85.17,271.59946,366.1,2.85,3.8870814,1.9,73.18780290309506,Poor
1854,ELUNUTHIMANGALAM,CWC,33,Tamil Nadu,573,Erode,ERODE,-,-,Cauvery,Cauvery,Noyyal,-,-,Noyyal,11.03166667,77.8875,02-01-2012 08:15,1260.0,Clear,other-dis-agreeable,26.3,47.31,65.73,245.54,5.9,283.25,53.47,164.0,8.4,88.83,311.02213,387.11667,4.54,3.6403053,1.1,67.86162396871573,Poor
1855,ELUNUTHIMANGALAM,CWC,33,Tamil Nadu,573,Erode,ERODE,-,-,Cauvery,Cauvery,Noyyal,-,-,Noyyal,11.03166667,77.8875,01-02-2012 08:15,2130.0,Light Green,other-dis-agreeable,23.3,63.08,99.4,607.56,5.7,256.53,55.42,391.0,8.39,177.24,315.40384,479.41666,5.05,7.795004,8.1,166.47287527024022,Unsuitable
1856,ELUNUTHIMANGALAM,CWC,33,Tamil Nadu,573,Erode,ERODE,-,-,Cauvery,Cauvery,Noyyal,-,-,Noyyal,11.03166667,77.8875,01-03-2012 08:15,2150.0,Green,other-dis-agreeable,26.3,0.0,32.06,617.0,5.7,320.66,84.58,400.0,8.12,196.55,262.83606,432.56668,4.63,8.41021,2.4,88.65596613294227,Very Poor
1857,ELUNUTHIMANGALAM,CWC,33,Tamil Nadu,573,Erode,ERODE,-,-,Cauvery,Cauvery,Noyyal,-,-,Noyyal,11.03166667,77.8875,02-04-2012 08:15,1890.0,Green,other-dis-agreeable,27.5,42.06,44.89,576.08,5.8,251.19,57.36,380.0,8.34,124.1,275.99344,351.225,1.3,8.860346,3.0,90.57598110941551,Very Poor
1858,ELUNUTHIMANGALAM,CWC,33,Tamil Nadu,573,Erode,ERODE,-,-,Cauvery,Cauvery,Noyyal,-,-,Noyyal,11.03166667,77.8875,01-05-2012 08:15,1810.0,Green,odour free,30.0,47.31,52.91,503.67,5.9,224.46,52.5,361.0,8.7,142.66,262.83362,351.025,2.41,8.417134,6.0,134.97168429705758,Unsuitable
1859,ELUNUTHIMANGALAM,CWC,33,Tamil Nadu,573,Erode,ERODE,-,-,Cauvery,Cauvery,Noyyal,-,-,Noyyal,11.03166667,77.8875,01-06-2012 08:15,3210.0,Green,odour free,29.0,47.31,44.89,786.99,5.8,384.8,86.53,517.0,8.82,211.0,394.25983,472.76666,1.58,10.394863,4.5,121.59562198503347,Unsuitable
1860,ELUNUTHIMANGALAM,CWC,33,Tamil Nadu,573,Erode,ERODE,-,-,Cauvery,Cauvery,Noyyal,-,-,Noyyal,11.03166667,77.8875,01-11-2012 08:15,3340.0,Green,odour free,25.3,47.76,131.46,781.97,6.1,335.04,84.58,492.0,8.42,238.9,354.22296,681.0667,2.85,8.2309475,5.0,127.44656398294309,Unsuitable
1861,ELUNUTHIMANGALAM,CWC,33,Tamil Nadu,573,Erode,ERODE,-,-,Cauvery,Cauvery,Noyyal,-,-,Noyyal,11.03166667,77.8875,17-10-2013 09:00,2198.0,Light Brown,odour free,25.0,32.94,80.48,539.91,5.8,306.2,53.69,401.0,8.51,161.3,305.8836,424.90833,2.52,8.493709,4.3,111.95828469983469,Unsuitable
1862,ELUNUTHIMANGALAM,CWC,33,Tamil Nadu,573,Erode,ERODE,-,-,Cauvery,Cauvery,Noyyal,-,-,Noyyal,11.03166667,77.8875,01-11-2013 08:30,2036.0,Brown,odour free,26.5,61.18,72.59,495.59,5.6,301.41,51.67,364.0,8.84,113.8,349.02405,396.76666,3.49,7.979432,6.1,140.36389812401643,Unsuitable
1863,ELUNUTHIMANGALAM,CWC,33,Tamil Nadu,573,Erode,ERODE,-,-,Cauvery,Cauvery,Noyyal,-,-,Noyyal,11.03166667,77.8875,02-12-2013 08:40,1513.0,Light Green,odour free,28.0,43.2,68.67,257.28,6.0,351.4,47.81,181.7,8.46,91.25,360.03278,370.88333,1.55,4.1196623,2.1,77.55259137357531,Very Poor
1864,ELUNUTHIMANGALAM,CWC,33,Tamil Nadu,573,Erode,ERODE,-,-,Cauvery,Cauvery,Noyyal,-,-,Noyyal,11.03166667,77.8875,01-01-2014 08:40,1867.0,Light Green,odour free,29.0,50.94,66.27,357.18,6.0,334.44,62.2,253.0,8.68,94.9,359.03116,424.84167,3.12,5.361698,2.5,89.45984366982213,Very Poor
1865,ELUNUTHIMANGALAM,CWC,33,Tamil Nadu,573,Erode,ERODE,-,-,Cauvery,Cauvery,Noyyal,-,-,Noyyal,11.03166667,77.8875,01-10-2014 08:15,1872.0,Light Green,odour free,29.5,0.0,44.7,411.86,5.8,262.77,45.81,316.0,7.45,143.0,215.38524,302.625,9.42,7.9355745,5.5,123.38748744018947,Unsuitable
1866,ELUNUTHIMANGALAM,CWC,33,Tamil Nadu,573,Erode,ERODE,-,-,Cauvery,Cauvery,Noyyal,-,-,Noyyal,11.03166667,77.8875,01-11-2014 08:00,1788.0,Light Brown,odour free,29.0,0.0,63.2,335.1,5.6,319.08,54.22,256.0,8.09,157.75,261.541,383.9167,8.3,5.7064567,1.53,76.6260656624064,Very Poor
1867,ELUNUTHIMANGALAM,CWC,33,Tamil Nadu,573,Erode,ERODE,-,-,Cauvery,Cauvery,Noyyal,-,-,Noyyal,11.03166667,77.8875,01-12-2014 08:30,1918.0,Light Green,odour free,24.0,9.23,84.78,368.95,5.6,384.77,57.96,257.0,8.32,148.4,330.76855,453.44998,9.48,5.2696676,2.53,95.20802174420176,Very Poor
1868,ELUNUTHIMANGALAM,CWC,33,Tamil Nadu,573,Erode,ERODE,-,-,Cauvery,Cauvery,Noyyal,-,-,Noyyal,11.03166667,77.8875,01-01-2015 08:20,1995.0,Clear,odour free,29.0,13.85,72.6,379.07,8.1,398.85,73.37,275.5,8.32,135.1,350.00958,487.20834,10.8,5.4525585,1.82,82.90563602142848,Very Poor
1869,ELUNUTHIMANGALAM,CWC,33,Tamil Nadu,573,Erode,ERODE,-,-,Cauvery,Cauvery,Noyyal,-,-,Noyyal,11.03166667,77.8875,02-02-2015 08:40,2769.0,Clear,odour free,25.0,96.92,68.06,577.1,5.8,314.38,91.72,417.5,8.74,170.5,419.22186,552.31665,4.3,7.763346,4.3,122.10000445161113,Unsuitable
1870,ELUNUTHIMANGALAM,CWC,33,Tamil Nadu,573,Erode,ERODE,-,-,Cauvery,Cauvery,Noyyal,-,-,Noyyal,11.03166667,77.8875,02-03-2015 08:45,4401.0,Clear,odour free,27.0,110.77,77.13,973.21,5.6,445.77,114.65,739.0,8.84,321.0,550.0019,670.5333,7.5,12.472935,5.3,147.3092574912172,Unsuitable
1871,ELUNUTHIMANGALAM,CWC,33,Tamil Nadu,573,Erode,ERODE,-,-,Cauvery,Cauvery,Noyyal,-,-,Noyyal,11.03166667,77.8875,01-04-2015 08:04,3660.0,Clear,odour free,27.0,60.0,42.35,869.68,5.6,361.31,98.14,648.0,8.31,240.1,396.15573,514.7917,6.63,12.487773,4.53,126.10387799430111,Unsuitable
1872,ELUNUTHIMANGALAM,CWC,33,Tamil Nadu,573,Erode,ERODE,-,-,Cauvery,Cauvery,Noyyal,-,-,Noyyal,11.03166667,77.8875,01-05-2015 08:04,2883.0,Clear,odour free,27.0,34.8,72.6,583.2,,337.85,55.03,448.0,8.49,198.2,334.92624,410.79166,9.79,9.652541,5.1,109.55563257467374,Unsuitable
1873,ELUNUTHIMANGALAM,CWC,33,Tamil Nadu,573,Erode,ERODE,-,-,Cauvery,Cauvery,Noyyal,-,-,Noyyal,11.03166667,77.8875,01-06-2015 08:45,3091.0,Light Green,odour free,27.0,45.71,61.91,642.81,5.1,334.63,111.66,452.0,8.34,308.3,350.4702,620.025,8.56,7.935181,4.1,125.76365151731922,Unsuitable
1874,ELUNUTHIMANGALAM,CWC,33,Tamil Nadu,573,Erode,ERODE,-,-,Cauvery,Cauvery,Noyyal,-,-,Noyyal,11.03166667,77.8875,01-07-2015 08:00,1013.0,Light Brown,odour free,29.0,0.0,50.79,181.04,6.0,213.79,32.73,131.0,8.04,83.05,175.2377,263.35,4.77,3.5243993,2.67,81.49696943305196,Very Poor
1875,ELUNUTHIMANGALAM,CWC,33,Tamil Nadu,573,Erode,ERODE,-,-,Cauvery,Cauvery,Noyyal,-,-,Noyyal,11.03166667,77.8875,01-08-2015 08:45,4984.0,Clear,odour free,27.0,23.19,58.73,1175.26,5.7,471.5,132.83,859.0,8.5,360.6,425.1254,700.2833,9.35,14.19295,5.65,153.47132493800373,Unsuitable
1876,ELUNUTHIMANGALAM,CWC,33,Tamil Nadu,573,Erode,ERODE,-,-,Cauvery,Cauvery,Noyyal,-,-,Noyyal,11.03166667,77.8875,01-09-2015 08:40,4995.0,Light Green,odour free,28.5,69.57,76.19,1157.87,5.1,405.49,107.81,839.0,8.85,356.8,448.31885,639.68335,10.1,14.497397,5.07,148.1822270772728,Unsuitable
1877,ELUNUTHIMANGALAM,CWC,33,Tamil Nadu,573,Erode,ERODE,-,-,Cauvery,Cauvery,Noyyal,-,-,Noyyal,11.03166667,77.8875,01-10-2015 08:45,3761.0,Light Brown,odour free,28.5,73.49,102.67,771.3,3.7,410.95,90.04,591.0,8.32,389.6,459.3276,631.8417,18.8,10.2692995,3.7,135.4504124918531,Unsuitable
1878,ELUNUTHIMANGALAM,CWC,33,Tamil Nadu,573,Erode,ERODE,-,-,Cauvery,Cauvery,Noyyal,-,-,Noyyal,11.03166667,77.8875,02-11-2015 08:15,1069.0,Light Brown,odour free,26.5,0.0,50.54,180.8,6.6,289.53,39.27,136.5,8.01,81.75,237.31967,289.975,7.8,3.5005884,4.44,108.45501038258861,Unsuitable
1879,ELUNUTHIMANGALAM,CWC,33,Tamil Nadu,573,Erode,ERODE,-,-,Cauvery,Cauvery,Noyyal,-,-,Noyyal,11.03166667,77.8875,01-12-2015 08:30,1801.0,Clear,odour free,26.5,36.75,56.86,317.37,6.1,336.23,75.67,242.0,8.38,153.0,336.84836,457.44165,12.4,4.9445615,1.91,91.36873960628388,Very Poor
1880,ELUNUTHIMANGALAM,CWC,33,Tamil Nadu,573,Erode,ERODE,-,-,Cauvery,Cauvery,Noyyal,-,-,Noyyal,11.03166667,77.8875,01-01-2016 08:15,2829.0,Clear,odour free,26.5,45.93,48.96,516.89,6.8,532.36,186.78,302.5,8.46,307.8,512.91064,900.64996,6.88,4.408961,2.27,106.33331546171334,Unsuitable
1881,ELUNUTHIMANGALAM,CWC,33,Tamil Nadu,573,Erode,ERODE,-,-,Cauvery,Cauvery,Noyyal,-,-,Noyyal,11.03166667,77.8875,01-02-2016 08:25,2805.0,Clear,odour free,26.5,55.12,66.34,513.42,5.4,438.97,102.49,372.0,8.44,229.3,451.67813,592.89166,11.7,6.677409,3.93,125.81015793691482,Unsuitable
1882,ELUNUTHIMANGALAM,CWC,33,Tamil Nadu,573,Erode,ERODE,-,-,Cauvery,Cauvery,Noyyal,-,-,Noyyal,11.03166667,77.8875,01-03-2016 08:45,4060.0,Light Green,odour free,27.0,112.15,99.02,871.57,3.7,305.57,95.31,643.0,8.86,347.5,437.38388,644.675,20.2,11.062414,3.67,142.74485754844454,Unsuitable
1893,Gopurajapuram,CWC,33,Tamil Nadu,579,Nagapattinam,NAGAPATTINAM,-,-,Cauvery,Cauvery,-,-,-,Puravidaiyanar,10.85055556,79.78944444,03-11-2009 09:30,461.0,Light Brown,odour free,27.0,0.0,24.48,85.7325,,268.949,10.692,93.541,7.45,6.096,220.45,105.75,,3.9693313,1.987,34.6007150913253,Good
1894,Gopurajapuram,CWC,33,Tamil Nadu,579,Nagapattinam,NAGAPATTINAM,-,-,Cauvery,Cauvery,-,-,-,Puravidaiyanar,10.85055556,79.78944444,01-12-2009 08:30,381.0,Brown,odour free,24.0,0.0,22.84,55.806,,217.221,4.86,70.242,7.68,7.584,178.05,77.35,,3.4821804,1.76,32.55961859411512,Good
1895,Gopurajapuram,CWC,33,Tamil Nadu,579,Nagapattinam,NAGAPATTINAM,-,-,Cauvery,Cauvery,-,-,-,Puravidaiyanar,10.85055556,79.78944444,01-02-2010 08:00,545.0,Clear,odour free,26.0,0.0,34.28,72.5265,,299.998,14.58,84.042,7.9,17.472,245.9,146.45,,3.0303457,1.668,35.50530995914605,Good
1896,Gopurajapuram,CWC,33,Tamil Nadu,579,Nagapattinam,NAGAPATTINAM,-,-,Cauvery,Cauvery,-,-,-,Puravidaiyanar,10.85055556,79.78944444,01-11-2010 09:30,379.0,Brown,odour free,29.0,0.0,21.26,54.87,,170.38,13.61,41.4,7.6,8.5,139.65575,109.85833,0.31,1.7244891,0.975,22.610062962786333,Excellent
1897,Gopurajapuram,CWC,33,Tamil Nadu,579,Nagapattinam,NAGAPATTINAM,-,-,Cauvery,Cauvery,-,-,-,Puravidaiyanar,10.85055556,79.78944444,01-12-2010 09:00,193.0,Light Brown,odour free,27.0,0.0,13.08,27.63,,99.05,7.78,21.2,7.7,3.53,81.18853,65.11667,,1.1468948,2.126,37.32124237366271,Good
1898,Gopurajapuram,CWC,33,Tamil Nadu,579,Nagapattinam,NAGAPATTINAM,-,-,Cauvery,Cauvery,-,-,-,Puravidaiyanar,10.85055556,79.78944444,13-07-2011 07:20,521.0,Clear,odour free,29.0,28.8,22.44,56.24,,170.8,35.0,43.2,8.8,14.15,188.0,201.93333,1.55,1.3287306,1.146,41.249646507741595,Good
1899,Gopurajapuram,CWC,33,Tamil Nadu,579,Nagapattinam,NAGAPATTINAM,-,-,Cauvery,Cauvery,-,-,-,Puravidaiyanar,10.85055556,79.78944444,01-10-2011 07:30,363.0,Light Brown,odour free,25.0,0.0,17.64,36.39,,156.16,23.33,27.3,7.85,8.6,128.0,141.30833,0.28,1.003589,2.16,42.18568409099942,Good
1900,Gopurajapuram,CWC,33,Tamil Nadu,579,Nagapattinam,NAGAPATTINAM,-,-,Cauvery,Cauvery,-,-,-,Puravidaiyanar,10.85055556,79.78944444,01-11-2011 07:00,380.0,Light Brown,odour free,26.0,0.0,11.22,65.29,,112.44,13.61,43.2,7.9,2.19,92.16393,84.75833,0.21,2.050339,2.32,43.09234132489231,Good
1901,Gopurajapuram,CWC,33,Tamil Nadu,579,Nagapattinam,NAGAPATTINAM,-,-,Cauvery,Cauvery,-,-,-,Puravidaiyanar,10.85055556,79.78944444,01-12-2011 09:50,324.0,Brown,odour free,26.5,0.0,11.22,41.24,,119.46,16.53,27.6,7.44,1.13,97.91803,96.925,0.359,1.2252403,1.52,28.425062679630255,Good
1902,Gopurajapuram,CWC,33,Tamil Nadu,579,Nagapattinam,NAGAPATTINAM,-,-,Cauvery,Cauvery,-,-,-,Puravidaiyanar,10.85055556,79.78944444,02-01-2012 10:00,517.0,Brown,odour free,24.0,0.0,17.64,75.6,,182.71,23.33,56.3,7.26,13.96,149.7623,141.30833,0.772,2.0696726,2.73,45.11372538807287,Good
1903,Gopurajapuram,CWC,33,Tamil Nadu,579,Nagapattinam,NAGAPATTINAM,-,-,Cauvery,Cauvery,-,-,-,Puravidaiyanar,10.85055556,79.78944444,18-10-2012 12:00,335.0,Clear,odour free,30.0,0.0,28.26,51.93,,149.39,12.38,37.3,7.74,13.28,122.45082,122.23334,0.12,1.4722149,2.67,46.581590325400995,Good
1904,Gopurajapuram,CWC,33,Tamil Nadu,579,Nagapattinam,NAGAPATTINAM,-,-,Cauvery,Cauvery,-,-,-,Puravidaiyanar,10.85055556,79.78944444,01-11-2012 07:00,134.0,Brown,odour free,23.0,0.0,9.42,20.26,,54.78,4.76,13.1,6.97,5.31,44.901638,43.383335,0.256,0.8680584,2.8,39.076669330698486,Good
1905,Gopurajapuram,CWC,33,Tamil Nadu,579,Nagapattinam,NAGAPATTINAM,-,-,Cauvery,Cauvery,-,-,-,Puravidaiyanar,10.85055556,79.78944444,15-08-2013 12:30,280.0,Light Brown,odour free,25.0,0.0,23.38,25.52,,94.61,6.08,13.8,7.53,8.17,77.54918,83.78333,0.84,0.6574749,1.64,30.185337928012782,Good
1906,Gopurajapuram,CWC,33,Tamil Nadu,579,Nagapattinam,NAGAPATTINAM,-,-,Cauvery,Cauvery,-,-,-,Puravidaiyanar,10.85055556,79.78944444,13-10-2014 10:30,315.0,Brown,odour free,31.0,0.0,23.63,42.54,,134.2,12.29,24.6,7.91,5.11,110.0,110.28333,0.76,1.0224355,1.87,37.90247381630821,Good
1907,Gopurajapuram,CWC,33,Tamil Nadu,579,Nagapattinam,NAGAPATTINAM,-,-,Cauvery,Cauvery,-,-,-,Puravidaiyanar,10.85055556,79.78944444,01-12-2014 07:00,332.0,Brown,odour free,23.0,0.0,23.63,47.27,,140.3,12.29,34.6,7.47,8.5,115.0,110.28333,2.82,1.4380597,1.64,33.1691983382215,Good
1908,Gopurajapuram,CWC,33,Tamil Nadu,579,Nagapattinam,NAGAPATTINAM,-,-,Cauvery,Cauvery,-,-,-,Puravidaiyanar,10.85055556,79.78944444,19-10-2015 09:00,480.0,Light Brown,odour free,30.0,0.0,18.7,74.34,,172.24,27.56,45.2,7.35,18.67,141.18033,161.58333,0.485,1.5540695,0.91,21.63740765693802,Excellent
1909,Gopurajapuram,CWC,33,Tamil Nadu,579,Nagapattinam,NAGAPATTINAM,-,-,Cauvery,Cauvery,-,-,-,Puravidaiyanar,10.85055556,79.78944444,02-11-2015 08:30,387.0,Light Brown,odour free,29.0,0.0,22.71,57.82,,140.23,11.35,43.8,7.28,14.98,114.94262,104.066666,0.858,1.8739198,2.19,36.30784759959147,Good
1910,Gopurajapuram,CWC,33,Tamil Nadu,579,Nagapattinam,NAGAPATTINAM,-,-,Cauvery,Cauvery,-,-,-,Puravidaiyanar,10.85055556,79.78944444,08-12-2015 08:30,143.0,Brown,odour free,28.5,0.0,8.02,22.03,,50.48,4.86,15.1,7.65,3.47,41.37705,40.300003,0.166,1.0384105,1.64,29.74662789333858,Good
1911,Gopurajapuram,CWC,33,Tamil Nadu,579,Nagapattinam,NAGAPATTINAM,-,-,Cauvery,Cauvery,-,-,-,Puravidaiyanar,10.85055556,79.78944444,13-01-2016 09:00,546.0,Clear,odour free,28.5,0.0,29.39,77.59,,189.46,19.46,52.6,7.76,21.81,155.29509,154.55833,0.326,1.8472929,1.28,29.554154467308887,Good
1912,Gopurajapuram,CWC,33,Tamil Nadu,579,Nagapattinam,NAGAPATTINAM,-,-,Cauvery,Cauvery,-,-,-,Puravidaiyanar,10.85055556,79.78944444,31-10-2017 08:00,147.0,Brown,Odour free,23.0,0.0,5.0,23.3,,26.0,3.9,17.5,6.9,11.8,21.0,28.0,0.24,1.4,1.5,20.53247802311349,Excellent
1913,Gopurajapuram,CWC,33,Tamil Nadu,579,Nagapattinam,NAGAPATTINAM,-,-,Cauvery,Cauvery,-,-,-,Puravidaiyanar,10.85055556,79.78944444,01-11-2017 08:00,200.0,Light Brown,Odour free,25.0,0.0,11.0,25.5,,62.0,7.8,18.0,7.1,11.9,51.0,60.0,0.14,1.0,1.7,25.874995231055365,Good
1914,Gopurajapuram,CWC,33,Tamil Nadu,579,Nagapattinam,NAGAPATTINAM,-,-,Cauvery,Cauvery,-,-,-,Puravidaiyanar,10.85055556,79.78944444,01-12-2017 08:00,166.0,Light Brown,Odour free,26.0,10.1,8.0,23.5,,31.0,5.8,17.0,8.5,5.4,42.0,44.0,0.06,1.1,2.7,52.20313001732717,Poor
1915,Gopurajapuram,CWC,33,Tamil Nadu,579,Nagapattinam,NAGAPATTINAM,-,-,Cauvery,Cauvery,-,-,-,Puravidaiyanar,10.85055556,79.78944444,03-10-2018 08:00,260.0,Clear,Odour free,26.5,0.0,16.0,29.1,,104.0,13.5,20.3,7.6,9.4,85.0,96.0,1.43,0.9,1.8,34.664619438218324,Good
1916,Gopurajapuram,CWC,33,Tamil Nadu,579,Nagapattinam,NAGAPATTINAM,-,-,Cauvery,Cauvery,-,-,-,Puravidaiyanar,10.85055556,79.78944444,05-11-2018 08:00,262.0,Clear,Odour free,27.5,0.0,17.0,33.3,,92.0,7.6,25.8,7.2,8.0,76.0,75.0,0.36,1.3,1.9,30.053407728869605,Good
1917,Gopurajapuram,CWC,33,Tamil Nadu,579,Nagapattinam,NAGAPATTINAM,-,-,Cauvery,Cauvery,-,-,-,Puravidaiyanar,10.85055556,79.78944444,01-12-2018 08:00,272.0,Clear,Odour free,25.5,0.0,21.0,31.4,,115.0,9.8,21.7,8.0,7.5,94.0,94.0,0.17,1.0,3.0,52.794961768960526,Poor
1918,Gopurajapuram,CWC,33,Tamil Nadu,579,Nagapattinam,NAGAPATTINAM,-,-,Cauvery,Cauvery,-,-,-,Puravidaiyanar,10.85055556,79.78944444,11-01-2019 08:00,569.0,Clear,Odour free,26.0,0.0,32.0,72.8,,202.0,22.3,56.1,7.8,33.7,166.0,173.0,3.61,1.9,3.5,64.49343189152242,Poor
1919,Gopurajapuram,CWC,33,Tamil Nadu,579,Nagapattinam,NAGAPATTINAM,-,-,Cauvery,Cauvery,-,-,-,Puravidaiyanar,10.85055556,79.78944444,13-09-2019 08:00,241.0,Light Green,odour free,24.5,0.0,25.0,28.3,,99.0,9.4,15.0,7.5,16.4,81.0,102.0,0.12,0.6,3.4,53.38622601618262,Poor
1920,Gopurajapuram,CWC,33,Tamil Nadu,579,Nagapattinam,NAGAPATTINAM,-,-,Cauvery,Cauvery,-,-,-,Puravidaiyanar,10.85055556,79.78944444,29-10-2019 08:00,308.0,Brown,odour free,27.0,0.0,18.0,34.3,,117.0,10.2,28.4,7.9,20.4,96.0,88.0,0.01,1.3,2.0,38.178796000445104,Good
1921,Gopurajapuram,CWC,33,Tamil Nadu,579,Nagapattinam,NAGAPATTINAM,-,-,Cauvery,Cauvery,-,-,-,Puravidaiyanar,10.85055556,79.78944444,01-11-2019 08:00,251.0,Brown,odour free,27.5,0.0,19.0,32.4,,99.0,8.5,24.6,7.5,19.9,81.0,82.0,0.2,1.2,1.0,20.790906178962597,Excellent
1922,Gopurajapuram,CWC,33,Tamil Nadu,579,Nagapattinam,NAGAPATTINAM,-,-,Cauvery,Cauvery,-,-,-,Puravidaiyanar,10.85055556,79.78944444,02-12-2019 08:00,199.0,Light Brown,Odour free,24.5,0.0,15.0,28.6,,80.0,4.6,21.8,7.5,5.1,65.0,57.0,0.04,1.3,0.6,14.389723957588187,Excellent
1924,Gopurajapuram,CWC,33,Tamil Nadu,579,Nagapattinam,NAGAPATTINAM,-,-,Cauvery,Cauvery,-,-,-,Puravidaiyanar,10.85055556,79.78944444,01-10-2020 08:00,336.2,Light Brown,odour free,26.0,0.0,20.98,37.61,4.37,141.68,14.55,29.1,7.93,17.61,,,0.04,,2.58,72.35051554675951,Poor
1925,Gopurajapuram,CWC,33,Tamil Nadu,579,Nagapattinam,NAGAPATTINAM,-,-,Cauvery,Cauvery,-,-,-,Puravidaiyanar,10.85055556,79.78944444,16-11-2020 08:00,371.9,Light Brown,odour free,25.0,0.0,29.01,41.57,5.02,167.75,13.9,31.5,7.59,3.62,,,0.16,,1.61,54.56031010857297,Poor
1926,Gopurajapuram,CWC,33,Tamil Nadu,579,Nagapattinam,NAGAPATTINAM,-,-,Cauvery,Cauvery,-,-,-,Puravidaiyanar,10.85055556,79.78944444,01-12-2020 08:00,456.4,Clear,Odour free,25.0,0.0,35.12,58.81,6.42,206.27,23.16,43.8,7.92,11.07,,,0.72,,1.61,56.323377231468676,Poor
2176,GUMMANUR,CWC,33,Tamil Nadu,577,Krishnagiri,Krishnagiri,-,-,Duplicate-Ponnaiyar,East flowing rivers between Pennar and Kanyakumari,-,-,-,Ponnaiyar,12.555,78.13833333,01-01-2002 07:00,818.0,Clear,odour free,23.0,39.96,68.14,121.94,6.4,338.56,21.87,117.6,8.31,32.57,344.1082,261.475,8.79,3.1723304,2.0,77.99004650515842,Very Poor
2177,GUMMANUR,CWC,33,Tamil Nadu,577,Krishnagiri,Krishnagiri,-,-,Duplicate-Ponnaiyar,East flowing rivers between Pennar and Kanyakumari,-,-,-,Ponnaiyar,12.555,78.13833333,01-02-2002 07:20,1073.0,Clear,odour free,24.2,53.28,68.14,139.81,5.4,257.31,26.74,97.2,8.32,24.11,299.70984,281.76666,6.88,2.5264854,1.7,74.78816764628739,Poor
2178,GUMMANUR,CWC,33,Tamil Nadu,577,Krishnagiri,Krishnagiri,-,-,Duplicate-Ponnaiyar,East flowing rivers between Pennar and Kanyakumari,-,-,-,Ponnaiyar,12.555,78.13833333,01-06-2002 08:30,886.0,Light Brown,odour free,24.7,0.0,38.48,94.9,5.2,322.65,25.28,95.8,7.62,25.41,264.4672,201.53334,5.56,2.946346,4.7,106.26178288227067,Unsuitable
2179,GUMMANUR,CWC,33,Tamil Nadu,577,Krishnagiri,Krishnagiri,-,-,Duplicate-Ponnaiyar,East flowing rivers between Pennar and Kanyakumari,-,-,-,Ponnaiyar,12.555,78.13833333,01-07-2002 08:40,872.0,Light Green,odour free,23.5,32.26,52.91,106.76,5.8,273.3,27.22,85.4,8.57,21.67,277.78305,245.69167,8.18,2.3780017,5.3,125.82417698666286,Unsuitable
2180,GUMMANUR,CWC,33,Tamil Nadu,577,Krishnagiri,Krishnagiri,-,-,Duplicate-Ponnaiyar,East flowing rivers between Pennar and Kanyakumari,-,-,-,Ponnaiyar,12.555,78.13833333,01-11-2002 08:50,747.0,Light Brown,odour free,23.2,15.49,48.1,99.87,6.5,220.37,19.44,73.0,8.24,19.34,206.44781,201.25,9.63,2.2452602,2.0,76.504754942415,Very Poor
2181,GUMMANUR,CWC,33,Tamil Nadu,577,Krishnagiri,Krishnagiri,-,-,Duplicate-Ponnaiyar,East flowing rivers between Pennar and Kanyakumari,-,-,-,Ponnaiyar,12.555,78.13833333,01-10-2003 07:45,724.0,Clear,odour free,23.8,12.0,48.1,109.62,7.9,230.35,19.44,77.1,8.41,22.7,208.81148,201.25,2.15,2.3713639,3.3,83.09621498481887,Very Poor
2182,GUMMANUR,CWC,33,Tamil Nadu,577,Krishnagiri,Krishnagiri,-,-,Duplicate-Ponnaiyar,East flowing rivers between Pennar and Kanyakumari,-,-,-,Ponnaiyar,12.555,78.13833333,01-12-2003 08:30,1330.0,Clear,odour free,23.2,8.1,64.13,150.97,7.1,304.73,32.08,109.7,8.6,22.56,263.2787,293.99167,2.55,2.7923663,3.7,95.54036452640408,Very Poor
2183,GUMMANUR,CWC,33,Tamil Nadu,577,Krishnagiri,Krishnagiri,-,-,Duplicate-Ponnaiyar,East flowing rivers between Pennar and Kanyakumari,-,-,-,Ponnaiyar,12.555,78.13833333,01-01-2004 08:00,914.0,Clear,odour free,22.5,12.41,60.92,144.39,3.8,222.97,25.27,101.0,8.83,21.07,203.44563,257.59167,5.652,2.7458818,2.6,93.65530715381438,Very Poor
2184,GUMMANUR,CWC,33,Tamil Nadu,577,Krishnagiri,Krishnagiri,-,-,Duplicate-Ponnaiyar,East flowing rivers between Pennar and Kanyakumari,-,-,-,Ponnaiyar,12.555,78.13833333,01-06-2004 08:00,885.0,Clear,odour free,26.0,0.0,72.14,129.91,6.8,212.85,14.58,96.9,8.26,25.18,174.46722,241.09999,18.09,2.7207391,1.7,82.2131942854134,Very Poor
2185,GUMMANUR,CWC,33,Tamil Nadu,577,Krishnagiri,Krishnagiri,-,-,Duplicate-Ponnaiyar,East flowing rivers between Pennar and Kanyakumari,-,-,-,Ponnaiyar,12.555,78.13833333,02-08-2004 08:00,912.0,Light Brown,odour free,24.0,11.34,62.52,132.51,5.5,199.84,23.33,95.9,8.35,25.63,182.70328,253.50833,14.2,2.627786,3.2,102.94455000099354,Unsuitable
2186,GUMMANUR,CWC,33,Tamil Nadu,577,Krishnagiri,Krishnagiri,-,-,Duplicate-Ponnaiyar,East flowing rivers between Pennar and Kanyakumari,-,-,-,Ponnaiyar,12.555,78.13833333,01-10-2004 08:00,1040.0,Light Brown,odour free,24.7,15.3,67.33,126.48,6.0,198.31,20.42,97.7,8.64,28.2,188.04918,253.40834,11.3,2.6769521,2.6,92.54515519258591,Very Poor
2188,GUMMANUR,CWC,33,Tamil Nadu,577,Krishnagiri,Krishnagiri,-,-,Duplicate-Ponnaiyar,East flowing rivers between Pennar and Kanyakumari,-,-,-,Ponnaiyar,12.555,78.13833333,01-12-2004 08:50,1000.0,Clear,odour free,23.0,3.82,70.54,158.1,7.5,268.3,32.08,98.7,8.53,43.44,226.28468,310.01666,4.96,2.446263,1.2,63.11094546354142,Poor
2189,GUMMANUR,CWC,33,Tamil Nadu,577,Krishnagiri,Krishnagiri,-,-,Duplicate-Ponnaiyar,East flowing rivers between Pennar and Kanyakumari,-,-,-,Ponnaiyar,12.555,78.13833333,01-01-2005 08:30,1010.0,Light Green,odour free,23.5,0.0,73.75,179.57,7.4,262.49,23.33,102.8,8.01,18.07,215.15573,281.58334,10.4,2.6721952,1.7,70.52054783470045,Poor
2190,GUMMANUR,CWC,33,Tamil Nadu,577,Krishnagiri,Krishnagiri,-,-,Duplicate-Ponnaiyar,East flowing rivers between Pennar and Kanyakumari,-,-,-,Ponnaiyar,12.555,78.13833333,01-02-2005 07:30,1230.0,Light Green,odour free,23.0,6.64,76.95,205.75,6.0,266.18,34.03,110.4,8.35,33.8,229.247,334.16666,4.63,2.6354218,3.3,93.76419019306277,Very Poor
2191,GUMMANUR,CWC,33,Tamil Nadu,577,Krishnagiri,Krishnagiri,-,-,Duplicate-Ponnaiyar,East flowing rivers between Pennar and Kanyakumari,-,-,-,Ponnaiyar,12.555,78.13833333,01-03-2005 08:10,1180.0,Clear,odour free,23.8,7.22,65.73,174.6,4.6,293.52,34.03,121.0,8.32,28.8,252.62349,306.11667,1.63,3.0185266,3.8,99.829655612253,Very Poor
2192,GUMMANUR,CWC,33,Tamil Nadu,577,Krishnagiri,Krishnagiri,-,-,Duplicate-Ponnaiyar,East flowing rivers between Pennar and Kanyakumari,-,-,-,Ponnaiyar,12.555,78.13833333,02-05-2005 08:10,1030.0,Light Green,odour free,25.5,8.53,64.13,146.3,5.7,290.63,34.03,108.0,8.31,28.98,252.43799,302.11667,3.31,2.7120883,0.7,56.95374797280112,Poor
2193,GUMMANUR,CWC,33,Tamil Nadu,577,Krishnagiri,Krishnagiri,-,-,Duplicate-Ponnaiyar,East flowing rivers between Pennar and Kanyakumari,-,-,-,Ponnaiyar,12.555,78.13833333,01-06-2005 08:00,1010.0,Light Green,odour free,25.5,11.16,67.33,149.72,7.9,257.24,25.28,120.0,8.51,30.8,229.45245,273.65836,13.3,3.164811,4.3,112.85757499821166,Unsuitable
2194,GUMMANUR,CWC,33,Tamil Nadu,577,Krishnagiri,Krishnagiri,-,-,Duplicate-Ponnaiyar,East flowing rivers between Pennar and Kanyakumari,-,-,-,Ponnaiyar,12.555,78.13833333,01-07-2005 08:00,942.0,Light Green,odour free,25.8,0.0,64.13,137.9,6.9,271.11,28.19,102.1,7.94,29.38,222.2213,277.78333,10.0,2.6732023,3.0,88.60496439962962,Very Poor
2195,GUMMANUR,CWC,33,Tamil Nadu,577,Krishnagiri,Krishnagiri,-,-,Duplicate-Ponnaiyar,East flowing rivers between Pennar and Kanyakumari,-,-,-,Ponnaiyar,12.555,78.13833333,01-08-2005 08:00,978.0,Light Green,odour free,25.0,0.0,64.13,137.28,6.4,272.37,29.17,104.2,8.06,28.93,223.25409,281.86667,11.7,2.7084727,3.4,98.64213092104218,Very Poor
2196,GUMMANUR,CWC,33,Tamil Nadu,577,Krishnagiri,Krishnagiri,-,-,Duplicate-Ponnaiyar,East flowing rivers between Pennar and Kanyakumari,-,-,-,Ponnaiyar,12.555,78.13833333,01-09-2005 08:00,803.0,Light Brown,odour free,23.5,0.0,52.91,120.36,6.3,195.99,20.42,82.2,8.13,19.7,160.64755,217.35834,8.53,2.4325945,3.0,88.35470401485527,Very Poor
2197,GUMMANUR,CWC,33,Tamil Nadu,577,Krishnagiri,Krishnagiri,-,-,Duplicate-Ponnaiyar,East flowing rivers between Pennar and Kanyakumari,-,-,-,Ponnaiyar,12.555,78.13833333,01-10-2005 08:00,801.0,Light Brown,odour free,22.5,0.0,48.1,113.18,6.3,236.05,22.98,87.6,8.01,20.11,193.48361,216.0,9.46,2.6012614,4.9,114.35513392647083,Unsuitable
2198,GUMMANUR,CWC,33,Tamil Nadu,577,Krishnagiri,Krishnagiri,-,-,Duplicate-Ponnaiyar,East flowing rivers between Pennar and Kanyakumari,-,-,-,Ponnaiyar,12.555,78.13833333,02-11-2005 08:00,298.0,Light Brown,odour free,22.0,0.0,19.24,19.9,6.7,109.8,9.72,25.8,8.07,18.39,90.0,88.6,1.65,1.1963047,4.2,91.43865464097796,Very Poor
2199,GUMMANUR,CWC,33,Tamil Nadu,577,Krishnagiri,Krishnagiri,-,-,Duplicate-Ponnaiyar,East flowing rivers between Pennar and Kanyakumari,-,-,-,Ponnaiyar,12.555,78.13833333,01-12-2005 08:00,664.0,Clear,odour free,27.0,16.0,43.73,55.34,7.6,215.054,20.33,74.9,8.35,30.08,202.94044,194.03333,6.33,2.346577,1.0,57.182470544017356,Poor
2200,GUMMANUR,CWC,33,Tamil Nadu,577,Krishnagiri,Krishnagiri,-,-,Duplicate-Ponnaiyar,East flowing rivers between Pennar and Kanyakumari,-,-,-,Ponnaiyar,12.555,78.13833333,02-01-2006 08:00,887.0,Clear,odour free,31.7,19.0,56.11,91.24,7.4,304.4,30.14,93.5,8.34,25.41,281.17487,265.85834,7.46,2.5030007,0.7,57.08799998271258,Poor
2201,GUMMANUR,CWC,33,Tamil Nadu,577,Krishnagiri,Krishnagiri,-,-,Duplicate-Ponnaiyar,East flowing rivers between Pennar and Kanyakumari,-,-,-,Ponnaiyar,12.555,78.13833333,01-02-2006 08:00,930.0,Clear,odour free,21.0,28.52,67.33,111.08,5.8,289.9,26.25,100.0,8.51,26.3,285.15628,277.7,6.95,2.6182058,0.4,57.917690090927884,Poor
2202,GUMMANUR,CWC,33,Tamil Nadu,577,Krishnagiri,Krishnagiri,-,-,Duplicate-Ponnaiyar,East flowing rivers between Pennar and Kanyakumari,-,-,-,Ponnaiyar,12.555,78.13833333,01-03-2006 08:00,1060.0,Light Green,odour free,22.0,19.0,68.94,137.76,4.9,357.55,25.28,112.0,8.53,24.21,324.74042,277.68335,2.81,2.93225,4.0,104.11036025422449,Unsuitable
2203,GUMMANUR,CWC,33,Tamil Nadu,577,Krishnagiri,Krishnagiri,-,-,Duplicate-Ponnaiyar,East flowing rivers between Pennar and Kanyakumari,-,-,-,Ponnaiyar,12.555,78.13833333,01-04-2006 08:00,1160.0,Light Green,odour free,25.0,18.92,68.94,119.01,5.5,350.98,32.08,116.0,8.36,19.47,319.22186,306.0167,4.48,2.8938572,3.5,97.19851902173049,Very Poor
2204,GUMMANUR,CWC,33,Tamil Nadu,577,Krishnagiri,Krishnagiri,-,-,Duplicate-Ponnaiyar,East flowing rivers between Pennar and Kanyakumari,-,-,-,Ponnaiyar,12.555,78.13833333,01-05-2006 08:00,1010.0,Light Green,odour free,28.0,18.92,67.33,138.14,10.7,360.59,28.19,118.4,8.55,16.52,327.0989,285.78333,1.99,3.056081,12.4,202.49480681780253,Unsuitable
2205,GUMMANUR,CWC,33,Tamil Nadu,577,Krishnagiri,Krishnagiri,-,-,Duplicate-Ponnaiyar,East flowing rivers between Pennar and Kanyakumari,-,-,-,Ponnaiyar,12.555,78.13833333,01-06-2006 08:00,1040.0,Light Green,odour free,24.0,32.78,70.54,137.83,4.6,299.94,32.08,118.8,8.71,20.23,300.48578,310.01666,5.88,2.9444382,5.2,127.52060774079199,Unsuitable
2206,GUMMANUR,CWC,33,Tamil Nadu,577,Krishnagiri,Krishnagiri,-,-,Duplicate-Ponnaiyar,East flowing rivers between Pennar and Kanyakumari,-,-,-,Ponnaiyar,12.555,78.13833333,01-08-2006 08:00,1050.0,Light Green,odour free,23.0,24.88,65.73,138.62,6.8,257.91,22.36,118.8,8.43,19.08,252.8683,257.49167,11.7,3.2296243,3.7,104.36264298508117,Unsuitable
2207,GUMMANUR,CWC,33,Tamil Nadu,577,Krishnagiri,Krishnagiri,-,-,Duplicate-Ponnaiyar,East flowing rivers between Pennar and Kanyakumari,-,-,-,Ponnaiyar,12.555,78.13833333,01-09-2006 08:00,1120.0,Clear,odour free,24.0,25.26,67.33,133.84,6.7,277.39,22.36,104.8,8.43,20.53,269.46887,261.49167,8.58,2.8270705,1.2,67.09534522032524,Poor
2208,GUMMANUR,CWC,33,Tamil Nadu,577,Krishnagiri,Krishnagiri,-,-,Duplicate-Ponnaiyar,East flowing rivers between Pennar and Kanyakumari,-,-,-,Ponnaiyar,12.555,78.13833333,03-10-2006 08:00,1070.0,Clear,odour free,23.0,34.82,70.54,148.37,6.2,262.96,22.36,108.4,8.53,12.97,273.5743,269.51666,15.1,2.8801565,0.4,66.55493103470202,Poor
2209,GUMMANUR,CWC,33,Tamil Nadu,577,Krishnagiri,Krishnagiri,-,-,Duplicate-Ponnaiyar,East flowing rivers between Pennar and Kanyakumari,-,-,-,Ponnaiyar,12.555,78.13833333,01-11-2006 08:00,1090.0,Clear,odour free,25.0,24.88,75.35,150.41,6.6,298.36,24.3,109.8,8.32,15.17,286.02402,289.625,10.59,2.8143172,0.9,65.29115315584913,Poor
2210,GUMMANUR,CWC,33,Tamil Nadu,577,Krishnagiri,Krishnagiri,-,-,Duplicate-Ponnaiyar,East flowing rivers between Pennar and Kanyakumari,-,-,-,Ponnaiyar,12.555,78.13833333,01-12-2006 08:00,1080.0,Light Green,odour free,21.5,25.66,72.14,146.74,8.8,313.16,25.28,114.4,8.35,20.25,299.4552,285.68335,,2.9526825,3.2,78.31652973735038,Very Poor
2211,GUMMANUR,CWC,33,Tamil Nadu,577,Krishnagiri,Krishnagiri,-,-,Duplicate-Ponnaiyar,East flowing rivers between Pennar and Kanyakumari,-,-,-,Ponnaiyar,12.555,78.13833333,02-01-2007 08:00,1080.0,Clear,odour free,14.0,28.66,76.95,150.86,6.5,315.62,25.28,118.8,8.36,24.59,306.4716,297.70834,6.82,3.0034437,0.9,61.65147781685663,Poor
2212,GUMMANUR,CWC,33,Tamil Nadu,577,Krishnagiri,Krishnagiri,-,-,Duplicate-Ponnaiyar,East flowing rivers between Pennar and Kanyakumari,-,-,-,Ponnaiyar,12.555,78.13833333,01-02-2007 08:00,1080.0,Light Green,odour free,23.0,19.2,62.52,166.98,5.4,317.2,23.33,132.0,8.31,17.28,292.0,253.50833,2.86,3.6169732,3.3,90.8700275027024,Very Poor
2213,GUMMANUR,CWC,33,Tamil Nadu,577,Krishnagiri,Krishnagiri,-,-,Duplicate-Ponnaiyar,East flowing rivers between Pennar and Kanyakumari,-,-,-,Ponnaiyar,12.555,78.13833333,01-03-2007 08:00,1230.0,Clear,odour free,21.0,0.0,70.54,201.05,5.5,403.02,33.05,142.0,8.11,11.46,330.34424,314.05832,5.88,3.496864,1.3,67.23216231262022,Poor
2214,GUMMANUR,CWC,33,Tamil Nadu,577,Krishnagiri,Krishnagiri,-,-,Duplicate-Ponnaiyar,East flowing rivers between Pennar and Kanyakumari,-,-,-,Ponnaiyar,12.555,78.13833333,01-05-2007 08:00,1260.0,Clear,odour free,24.0,0.0,73.75,172.5,,375.76,29.17,124.2,7.7,19.04,308.0,305.91666,5.25,3.0982733,1.4,40.21927943193922,Good
2215,GUMMANUR,CWC,33,Tamil Nadu,577,Krishnagiri,Krishnagiri,-,-,Duplicate-Ponnaiyar,East flowing rivers between Pennar and Kanyakumari,-,-,-,Ponnaiyar,12.555,78.13833333,01-06-2007 07:30,1120.0,Light Green,odour free,23.5,28.8,65.73,137.51,,292.8,22.36,132.4,8.74,19.04,288.0,257.49167,10.2,3.5993454,2.9,75.0740013971021,Very Poor
2216,GUMMANUR,CWC,33,Tamil Nadu,577,Krishnagiri,Krishnagiri,-,-,Duplicate-Ponnaiyar,East flowing rivers between Pennar and Kanyakumari,-,-,-,Ponnaiyar,12.555,78.13833333,02-07-2007 08:00,1050.0,Light Brown,odour free,24.0,38.59,68.94,150.71,,274.65,24.3,114.6,8.75,21.46,289.4396,273.6,10.3,3.0224762,2.3,67.54380438583941,Poor
2217,GUMMANUR,CWC,33,Tamil Nadu,577,Krishnagiri,Krishnagiri,-,-,Duplicate-Ponnaiyar,East flowing rivers between Pennar and Kanyakumari,-,-,-,Ponnaiyar,12.555,78.13833333,01-08-2007 08:00,867.0,Light Brown,odour free,22.5,0.0,59.32,131.96,,268.4,21.39,101.2,8.02,20.98,220.0,237.425,14.4,2.8652728,2.1,61.853837573719936,Poor
2218,GUMMANUR,CWC,33,Tamil Nadu,577,Krishnagiri,Krishnagiri,-,-,Duplicate-Ponnaiyar,East flowing rivers between Pennar and Kanyakumari,-,-,-,Ponnaiyar,12.555,78.13833333,01-09-2007 08:00,977.0,Light Brown,odour free,23.5,19.1,68.94,133.97,,233.07,16.53,104.8,8.38,31.12,222.87433,241.225,12.8,2.9423196,1.7,57.560157452469525,Poor
2219,GUMMANUR,CWC,33,Tamil Nadu,577,Krishnagiri,Krishnagiri,-,-,Duplicate-Ponnaiyar,East flowing rivers between Pennar and Kanyakumari,-,-,-,Ponnaiyar,12.555,78.13833333,03-10-2007 08:00,850.0,Light Brown,odour free,23.0,29.09,62.52,117.96,,202.1,15.56,88.6,8.43,29.8,214.13908,221.13333,11.2,2.5981495,3.1,74.55935511807114,Poor
2220,GUMMANUR,CWC,33,Tamil Nadu,577,Krishnagiri,Krishnagiri,-,-,Duplicate-Ponnaiyar,East flowing rivers between Pennar and Kanyakumari,-,-,-,Ponnaiyar,12.555,78.13833333,01-11-2007 07:30,948.0,Clear,odour free,22.0,0.0,64.13,128.53,,245.23,16.53,97.6,8.08,35.66,201.0082,229.2,18.3,2.8113637,3.6,86.83279071089069,Very Poor
2221,GUMMANUR,CWC,33,Tamil Nadu,577,Krishnagiri,Krishnagiri,-,-,Duplicate-Ponnaiyar,East flowing rivers between Pennar and Kanyakumari,-,-,-,Ponnaiyar,12.555,78.13833333,01-12-2007 08:00,994.0,Clear,odour free,24.0,19.3,75.35,144.28,,274.65,20.42,107.4,8.67,23.94,257.2896,273.45834,13.35,2.8324223,2.1,67.27367050606452,Poor
2222,GUMMANUR,CWC,33,Tamil Nadu,577,Krishnagiri,Krishnagiri,-,-,Duplicate-Ponnaiyar,East flowing rivers between Pennar and Kanyakumari,-,-,-,Ponnaiyar,12.555,78.13833333,01-01-2008 08:00,1090.0,Light Brown,odour free,22.0,0.0,76.95,149.96,,322.03,19.44,116.4,8.29,22.47,263.959,273.375,5.48,3.07,4.9,91.87367254836506,Very Poor
2223,GUMMANUR,CWC,33,Tamil Nadu,577,Krishnagiri,Krishnagiri,-,-,Duplicate-Ponnaiyar,East flowing rivers between Pennar and Kanyakumari,-,-,-,Ponnaiyar,12.555,78.13833333,01-02-2008 08:00,1150.0,Clear,odour free,22.0,38.79,78.56,156.48,,271.11,23.33,116.0,8.71,21.8,286.8713,293.60834,14.88,2.9527009,4.4,101.25901303749983,Unsuitable
2224,GUMMANUR,CWC,33,Tamil Nadu,577,Krishnagiri,Krishnagiri,-,-,Duplicate-Ponnaiyar,East flowing rivers between Pennar and Kanyakumari,-,-,-,Ponnaiyar,12.555,78.13833333,01-03-2008 07:30,1080.0,Clear,odour free,22.0,57.08,80.16,162.91,,279.61,27.22,126.0,9.01,17.96,324.32184,313.81668,7.89,3.102764,9.7,167.9965842585086,Unsuitable
2225,GUMMANUR,CWC,33,Tamil Nadu,577,Krishnagiri,Krishnagiri,-,-,Duplicate-Ponnaiyar,East flowing rivers between Pennar and Kanyakumari,-,-,-,Ponnaiyar,12.555,78.13833333,01-04-2008 07:30,1070.0,Clear,odour free,22.5,15.65,67.33,152.43,,297.04,21.39,114.6,8.35,37.07,269.55875,257.45,11.19,3.1154368,3.5,80.53971009486227,Very Poor
2226,GUMMANUR,CWC,33,Tamil Nadu,577,Krishnagiri,Krishnagiri,-,-,Duplicate-Ponnaiyar,East flowing rivers between Pennar and Kanyakumari,-,-,-,Ponnaiyar,12.555,78.13833333,01-05-2008 07:30,1210.0,Clear,odour free,24.0,37.13,80.16,175.79,,323.54,27.22,119.4,8.58,26.32,327.08008,313.81668,3.63,2.9402382,3.3,72.28374825297662,Poor
2227,GUMMANUR,CWC,33,Tamil Nadu,577,Krishnagiri,Krishnagiri,-,-,Duplicate-Ponnaiyar,East flowing rivers between Pennar and Kanyakumari,-,-,-,Ponnaiyar,12.555,78.13833333,02-06-2008 08:00,706.0,Light Brown,odour free,22.0,21.1,51.3,101.89,,193.05,14.58,74.2,8.53,15.27,193.40437,189.0,4.31,2.3539443,2.1,52.95961831374091,Poor
2228,GUMMANUR,CWC,33,Tamil Nadu,577,Krishnagiri,Krishnagiri,-,-,Duplicate-Ponnaiyar,East flowing rivers between Pennar and Kanyakumari,-,-,-,Ponnaiyar,12.555,78.13833333,01-07-2008 08:00,889.0,Clear,odour free,24.0,26.67,73.75,169.18,6.13,314.49,26.25,112.8,8.65,22.25,302.22867,293.75,11.01,2.871189,2.6,93.45757570918182,Very Poor
2229,GUMMANUR,CWC,33,Tamil Nadu,577,Krishnagiri,Krishnagiri,-,-,Duplicate-Ponnaiyar,East flowing rivers between Pennar and Kanyakumari,-,-,-,Ponnaiyar,12.555,78.13833333,01-08-2008 08:00,1060.0,Light Brown,odour free,24.0,26.97,72.14,148.03,6.22,274.16,20.42,109.8,8.52,31.23,269.67133,265.43332,16.11,2.9393125,1.9,87.71188458855929,Very Poor
2230,GUMMANUR,CWC,33,Tamil Nadu,577,Krishnagiri,Krishnagiri,-,-,Duplicate-Ponnaiyar,East flowing rivers between Pennar and Kanyakumari,-,-,-,Ponnaiyar,12.555,78.13833333,01-09-2008 08:00,614.0,Light Brown,odour free,25.5,0.0,48.1,100.45,4.39,197.33,14.58,72.9,7.86,22.37,161.74591,181.0,12.0,2.3634396,2.2,82.95925688377288,Very Poor
2231,GUMMANUR,CWC,33,Tamil Nadu,577,Krishnagiri,Krishnagiri,-,-,Duplicate-Ponnaiyar,East flowing rivers between Pennar and Kanyakumari,-,-,-,Ponnaiyar,12.555,78.13833333,03-10-2008 08:00,758.0,Light Brown,odour free,25.0,41.52,67.33,129.96,6.68,216.32,22.36,95.1,8.47,55.3,246.51147,261.49167,,2.5654047,1.9,66.53127163153545,Poor
2232,GUMMANUR,CWC,33,Tamil Nadu,577,Krishnagiri,Krishnagiri,-,-,Duplicate-Ponnaiyar,East flowing rivers between Pennar and Kanyakumari,-,-,-,Ponnaiyar,12.555,78.13833333,01-11-2008 08:00,683.0,Light Brown,odour free,23.0,0.0,60.12,108.97,6.307,287.54,23.81,90.3,7.95,44.0,235.68854,249.50833,0.517,2.4942827,2.8,75.18296023316165,Very Poor
2233,GUMMANUR,CWC,33,Tamil Nadu,577,Krishnagiri,Krishnagiri,-,-,Duplicate-Ponnaiyar,East flowing rivers between Pennar and Kanyakumari,-,-,-,Ponnaiyar,12.555,78.13833333,01-12-2008 08:00,915.0,Light Brown,odour free,22.5,0.0,64.12,113.97,6.6,332.39,18.47,98.8,8.3,23.94,272.45084,237.25833,8.12,2.7975397,1.8,72.93933952918596,Poor
2234,GUMMANUR,CWC,33,Tamil Nadu,577,Krishnagiri,Krishnagiri,-,-,Duplicate-Ponnaiyar,East flowing rivers between Pennar and Kanyakumari,-,-,-,Ponnaiyar,12.555,78.13833333,01-01-2009 08:00,925.0,Light Green,odour free,19.0,19.2,76.0,140.0,6.307,259.0,36.2,85.5,8.45,57.3,244.29509,340.83334,,2.0211573,5.5,118.22617812385742,Unsuitable
2235,GUMMANUR,CWC,33,Tamil Nadu,577,Krishnagiri,Krishnagiri,-,-,Duplicate-Ponnaiyar,East flowing rivers between Pennar and Kanyakumari,-,-,-,Ponnaiyar,12.555,78.13833333,02-02-2009 08:00,896.0,Light Green,odour free,20.0,28.8,76.8,14.8,5.876,302.0,31.1,26.6,8.61,68.0,295.541,321.58334,10.4,0.64721376,4.2,114.95955458096874,Unsuitable
2237,GUMMANUR,CWC,33,Tamil Nadu,577,Krishnagiri,Krishnagiri,-,-,Duplicate-Ponnaiyar,East flowing rivers between Pennar and Kanyakumari,-,-,-,Ponnaiyar,12.555,78.13833333,01-05-2009 08:00,995.0,Light Green,odour free,26.0,29.0,76.8,174.0,5.5,346.0,26.2,133.0,8.68,10.0,331.93988,301.1667,9.37,3.3432348,3.9,111.12239470051028,Unsuitable
2238,GUMMANUR,CWC,33,Tamil Nadu,577,Krishnagiri,Krishnagiri,-,-,Duplicate-Ponnaiyar,East flowing rivers between Pennar and Kanyakumari,-,-,-,Ponnaiyar,12.555,78.13833333,01-06-2009 07:30,916.0,Light Green,odour free,26.0,0.0,72.0,131.0,5.3,278.0,12.6,100.6,7.98,38.0,227.86885,232.5,13.6,2.8759904,4.9,121.04072825858016,Unsuitable
2239,GUMMANUR,CWC,33,Tamil Nadu,577,Krishnagiri,Krishnagiri,-,-,Duplicate-Ponnaiyar,East flowing rivers between Pennar and Kanyakumari,-,-,-,Ponnaiyar,12.555,78.13833333,01-07-2009 07:30,963.0,Clear,odour free,25.0,43.2,67.2,134.4,4.7,250.0,26.2,101.4,8.69,54.047,276.91803,277.16666,4.86,2.6574137,2.0,81.59850566252562,Very Poor
2240,GUMMANUR,CWC,33,Tamil Nadu,577,Krishnagiri,Krishnagiri,-,-,Duplicate-Ponnaiyar,East flowing rivers between Pennar and Kanyakumari,-,-,-,Ponnaiyar,12.555,78.13833333,01-08-2009 07:30,1090.0,Clear,odour free,26.0,28.8,80.0,165.0,7.0,273.0,13.6,109.0,8.85,64.0,271.77048,256.66666,9.01,2.965726,4.1,109.33547702203252,Unsuitable
2241,GUMMANUR,CWC,33,Tamil Nadu,577,Krishnagiri,Krishnagiri,-,-,Duplicate-Ponnaiyar,East flowing rivers between Pennar and Kanyakumari,-,-,-,Ponnaiyar,12.555,78.13833333,01-09-2009 07:30,968.0,Light Green,odour free,26.5,0.0,80.0,153.7,4.6,327.0,20.4,108.0,8.27,62.0,268.03278,285.0,9.88,2.7897842,2.8,94.33217446667302,Very Poor
2242,GUMMANUR,CWC,33,Tamil Nadu,577,Krishnagiri,Krishnagiri,-,-,Duplicate-Ponnaiyar,East flowing rivers between Pennar and Kanyakumari,-,-,-,Ponnaiyar,12.555,78.13833333,01-10-2009 07:30,785.0,Clear,odour free,24.5,0.0,60.8,106.4,7.0,278.4,23.3,82.4,8.16,43.0,228.19672,249.08333,8.06,2.2779126,0.8,57.47425436855199,Poor
2243,GUMMANUR,CWC,33,Tamil Nadu,577,Krishnagiri,Krishnagiri,-,-,Duplicate-Ponnaiyar,East flowing rivers between Pennar and Kanyakumari,-,-,-,Ponnaiyar,12.555,78.13833333,03-11-2009 07:35,941.0,Clear,odour free,26.0,38.4,75.2,152.0,6.6,278.0,23.3,108.0,8.6,46.2,291.86887,285.0833,9.77,2.7900083,1.2,70.96768328663742,Poor
2244,GUMMANUR,CWC,33,Tamil Nadu,577,Krishnagiri,Krishnagiri,-,-,Duplicate-Ponnaiyar,East flowing rivers between Pennar and Kanyakumari,-,-,-,Ponnaiyar,12.555,78.13833333,01-12-2009 07:30,939.0,Clear,odour free,23.5,38.4,73.6,146.3,7.0,283.0,30.1,112.4,8.4,49.5,295.96722,309.41666,9.75,2.788129,0.4,58.19565011922363,Poor
2245,GUMMANUR,CWC,33,Tamil Nadu,577,Krishnagiri,Krishnagiri,-,-,Duplicate-Ponnaiyar,East flowing rivers between Pennar and Kanyakumari,-,-,-,Ponnaiyar,12.555,78.13833333,01-01-2010 07:30,1000.0,Light Green,odour free,21.5,0.0,75.2,164.5,6.2,326.0,24.3,114.0,8.23,48.3,267.2131,289.25,12.06,2.9238691,4.0,109.19548290134644,Unsuitable
2246,GUMMANUR,CWC,33,Tamil Nadu,577,Krishnagiri,Krishnagiri,-,-,Duplicate-Ponnaiyar,East flowing rivers between Pennar and Kanyakumari,-,-,-,Ponnaiyar,12.555,78.13833333,01-02-2010 07:30,1060.0,Clear,odour free,22.5,38.4,80.0,167.3,6.5,283.0,27.2,128.0,8.55,63.7,295.96722,313.33334,12.4,3.1544492,1.2,74.8217269477165,Poor
2247,GUMMANUR,CWC,33,Tamil Nadu,577,Krishnagiri,Krishnagiri,-,-,Duplicate-Ponnaiyar,East flowing rivers between Pennar and Kanyakumari,-,-,-,Ponnaiyar,12.555,78.13833333,01-03-2010 07:30,1100.0,Clear,odour free,24.3,28.8,83.2,181.5,7.3,332.0,25.3,120.0,8.8,62.0,320.13113,313.41666,8.56,2.9565015,2.8,92.01533398250594,Very Poor
2248,GUMMANUR,CWC,33,Tamil Nadu,577,Krishnagiri,Krishnagiri,-,-,Duplicate-Ponnaiyar,East flowing rivers between Pennar and Kanyakumari,-,-,-,Ponnaiyar,12.555,78.13833333,01-04-2010 07:30,1140.0,Clear,odour free,25.0,43.2,92.986,232.55,6.3,406.02,37.916,151.0,8.46,39.3,404.80328,390.44833,4.54,3.3343556,4.9,117.3271070852608,Unsuitable
2249,GUMMANUR,CWC,33,Tamil Nadu,577,Krishnagiri,Krishnagiri,-,-,Duplicate-Ponnaiyar,East flowing rivers between Pennar and Kanyakumari,-,-,-,Ponnaiyar,12.555,78.13833333,01-05-2010 07:30,962.0,Clear,odour free,26.5,33.6,59.32,158.82,6.5,204.96,28.19,109.3,8.8,42.72,224.0,265.75833,3.68,2.9260411,3.4,95.5092147712099,Very Poor
2250,GUMMANUR,CWC,33,Tamil Nadu,577,Krishnagiri,Krishnagiri,-,-,Duplicate-Ponnaiyar,East flowing rivers between Pennar and Kanyakumari,-,-,-,Ponnaiyar,12.555,78.13833333,01-06-2010 07:30,747.0,Clear,odour free,27.5,14.4,76.95,161.65,6.5,244.0,29.17,84.5,8.64,19.3,224.0,313.91666,10.8,2.0807776,3.8,108.55371534527161,Unsuitable
2251,GUMMANUR,CWC,33,Tamil Nadu,577,Krishnagiri,Krishnagiri,-,-,Duplicate-Ponnaiyar,East flowing rivers between Pennar and Kanyakumari,-,-,-,Ponnaiyar,12.555,78.13833333,01-07-2010 07:30,915.0,Light Green,odour free,26.0,28.8,73.75,133.29,5.3,258.64,33.05,71.0,8.71,20.1,260.0,322.08334,34.0,1.7264117,4.8,154.49130477967478,Unsuitable
2252,GUMMANUR,CWC,33,Tamil Nadu,577,Krishnagiri,Krishnagiri,-,-,Duplicate-Ponnaiyar,East flowing rivers between Pennar and Kanyakumari,-,-,-,Ponnaiyar,12.555,78.13833333,02-08-2010 07:30,919.0,Clear,odour free,25.0,28.8,78.56,184.34,6.5,292.8,27.22,107.5,8.33,26.7,288.0,309.81665,25.6,2.6643002,3.3,116.93825965810642,Unsuitable
2253,GUMMANUR,CWC,33,Tamil Nadu,577,Krishnagiri,Krishnagiri,-,-,Duplicate-Ponnaiyar,East flowing rivers between Pennar and Kanyakumari,-,-,-,Ponnaiyar,12.555,78.13833333,01-09-2010 07:30,883.0,Light Green,odour free,24.0,0.0,72.14,171.8,6.5,287.92,20.42,107.0,7.73,21.15,236.00002,265.43332,30.2,2.8643572,3.6,119.46772590927877,Unsuitable
2254,GUMMANUR,CWC,33,Tamil Nadu,577,Krishnagiri,Krishnagiri,-,-,Duplicate-Ponnaiyar,East flowing rivers between Pennar and Kanyakumari,-,-,-,Ponnaiyar,12.555,78.13833333,01-10-2010 07:30,900.0,Light Green,odour free,25.0,0.0,80.16,151.98,6.9,268.4,9.72,99.0,7.13,19.12,220.0,240.90001,27.9,2.7796092,3.8,111.17324032162558,Unsuitable
2255,GUMMANUR,CWC,33,Tamil Nadu,577,Krishnagiri,Krishnagiri,-,-,Duplicate-Ponnaiyar,East flowing rivers between Pennar and Kanyakumari,-,-,-,Ponnaiyar,12.555,78.13833333,01-11-2010 07:30,833.0,Clear,odour free,23.0,38.4,83.37,161.89,6.3,263.52,22.36,103.0,8.3,17.36,280.0,301.59167,14.3,2.5865545,1.6,79.7542641182619,Very Poor
2256,GUMMANUR,CWC,33,Tamil Nadu,577,Krishnagiri,Krishnagiri,-,-,Duplicate-Ponnaiyar,East flowing rivers between Pennar and Kanyakumari,-,-,-,Ponnaiyar,12.555,78.13833333,01-12-2010 07:30,849.0,Clear,odour free,23.0,0.0,78.56,151.98,6.5,234.24,11.67,100.0,8.25,26.94,192.0,245.025,20.8,2.7844038,1.1,77.93284305800627,Very Poor
2257,GUMMANUR,CWC,33,Tamil Nadu,577,Krishnagiri,Krishnagiri,-,-,Duplicate-Ponnaiyar,East flowing rivers between Pennar and Kanyakumari,-,-,-,Ponnaiyar,12.555,78.13833333,01-01-2011 07:30,962.0,Clear,odour free,21.8,28.8,84.97,158.59,6.5,292.8,28.19,86.0,8.36,25.12,288.0,329.88333,17.7,2.0654848,2.5,97.02045563868093,Very Poor
2258,GUMMANUR,CWC,33,Tamil Nadu,577,Krishnagiri,Krishnagiri,-,-,Duplicate-Ponnaiyar,East flowing rivers between Pennar and Kanyakumari,-,-,-,Ponnaiyar,12.555,78.13833333,01-02-2011 07:30,919.0,Clear,odour free,21.0,19.2,91.38,208.15,6.3,322.08,24.31,120.0,8.5,13.4,296.0,329.74167,12.7,2.8819366,2.4,91.23090124131654,Very Poor
2259,GUMMANUR,CWC,33,Tamil Nadu,577,Krishnagiri,Krishnagiri,-,-,Duplicate-Ponnaiyar,East flowing rivers between Pennar and Kanyakumari,-,-,-,Ponnaiyar,12.555,78.13833333,01-03-2011 07:30,1190.0,Dark Green,odour free,22.0,57.6,99.4,201.8,6.1,287.92,23.33,132.0,8.46,24.7,332.0,345.70834,11.1,3.095627,2.1,85.62883963668592,Very Poor
2260,GUMMANUR,CWC,33,Tamil Nadu,577,Krishnagiri,Krishnagiri,-,-,Duplicate-Ponnaiyar,East flowing rivers between Pennar and Kanyakumari,-,-,-,Ponnaiyar,12.555,78.13833333,01-04-2011 07:30,1090.0,Clear,odour free,26.0,0.0,97.8,224.96,5.3,448.96,27.22,138.5,8.22,25.4,368.0,357.91666,4.5,3.192798,1.6,71.2835461908055,Poor
2261,GUMMANUR,CWC,33,Tamil Nadu,577,Krishnagiri,Krishnagiri,-,-,Duplicate-Ponnaiyar,East flowing rivers between Pennar and Kanyakumari,-,-,-,Ponnaiyar,12.555,78.13833333,02-05-2011 07:30,864.0,Clear,odour free,26.0,0.0,81.76,166.84,7.0,332.08,15.56,104.0,8.16,26.45,272.19672,269.23334,17.7,2.7631516,5.0,125.6872760976521,Unsuitable
2262,GUMMANUR,CWC,33,Tamil Nadu,577,Krishnagiri,Krishnagiri,-,-,Duplicate-Ponnaiyar,East flowing rivers between Pennar and Kanyakumari,-,-,-,Ponnaiyar,12.555,78.13833333,01-06-2011 07:30,825.0,Light Green,odour free,26.0,0.0,72.14,154.25,7.3,326.01,19.44,98.0,7.73,20.75,267.2213,261.35,6.39,2.6436946,3.8,91.07266756680498,Very Poor
2263,GUMMANUR,CWC,33,Tamil Nadu,577,Krishnagiri,Krishnagiri,-,-,Duplicate-Ponnaiyar,East flowing rivers between Pennar and Kanyakumari,-,-,-,Ponnaiyar,12.555,78.13833333,01-07-2011 07:30,860.0,Light Green,odour free,25.5,0.0,68.94,157.4,6.5,320.66,23.33,102.5,7.36,20.67,262.83606,269.55835,8.92,2.7234025,5.8,120.1606713626862,Unsuitable
2264,GUMMANUR,CWC,33,Tamil Nadu,577,Krishnagiri,Krishnagiri,-,-,Duplicate-Ponnaiyar,East flowing rivers between Pennar and Kanyakumari,-,-,-,Ponnaiyar,12.555,78.13833333,01-08-2011 07:30,868.0,Light Brown,odour free,25.0,0.0,62.52,173.14,7.3,320.66,27.22,114.0,7.81,24.16,262.83606,269.71667,8.12,3.0290377,4.0,97.59537166948829,Very Poor
2265,GUMMANUR,CWC,33,Tamil Nadu,577,Krishnagiri,Krishnagiri,-,-,Duplicate-Ponnaiyar,East flowing rivers between Pennar and Kanyakumari,-,-,-,Ponnaiyar,12.555,78.13833333,02-09-2011 07:30,732.0,Light Brown,odour free,25.0,0.0,60.92,135.36,6.9,261.88,19.44,89.5,7.76,24.95,214.65575,233.3,7.75,2.555929,1.5,62.40594311741936,Poor
2266,GUMMANUR,CWC,33,Tamil Nadu,577,Krishnagiri,Krishnagiri,-,-,Duplicate-Ponnaiyar,East flowing rivers between Pennar and Kanyakumari,-,-,-,Ponnaiyar,12.555,78.13833333,01-10-2011 07:30,772.0,Clear,odour free,25.0,10.51,59.32,160.55,6.5,197.74,19.44,93.5,8.42,13.97,179.59863,229.3,6.5,2.6934369,2.9,86.98768532098974,Very Poor
2267,GUMMANUR,CWC,33,Tamil Nadu,577,Krishnagiri,Krishnagiri,-,-,Duplicate-Ponnaiyar,East flowing rivers between Pennar and Kanyakumari,-,-,-,Ponnaiyar,12.555,78.13833333,01-11-2011 07:30,276.0,Light Brown,odour free,25.0,0.0,22.44,56.66,6.9,154.99,15.56,43.2,7.99,11.78,127.040985,120.933334,2.95,1.715275,3.5,83.4637559811905,Very Poor
2268,GUMMANUR,CWC,33,Tamil Nadu,577,Krishnagiri,Krishnagiri,-,-,Duplicate-Ponnaiyar,East flowing rivers between Pennar and Kanyakumari,-,-,-,Ponnaiyar,12.555,78.13833333,01-12-2011 07:30,796.0,Clear,odour free,24.0,36.8,64.13,141.66,6.5,256.53,22.36,102.5,8.39,19.48,271.60382,253.49167,6.35,2.8084874,2.6,83.32599029460157,Very Poor
2269,GUMMANUR,CWC,33,Tamil Nadu,577,Krishnagiri,Krishnagiri,-,-,Duplicate-Ponnaiyar,East flowing rivers between Pennar and Kanyakumari,-,-,-,Ponnaiyar,12.555,78.13833333,02-01-2012 07:30,922.0,Clear,odour free,,15.77,78.56,173.14,,331.35,27.22,110.0,8.37,26.19,297.8817,309.81665,5.45,2.7262607,2.2,57.44563217030696,Poor
2270,GUMMANUR,CWC,33,Tamil Nadu,577,Krishnagiri,Krishnagiri,-,-,Duplicate-Ponnaiyar,East flowing rivers between Pennar and Kanyakumari,-,-,-,Ponnaiyar,12.555,78.13833333,01-02-2012 07:30,962.0,Clear,odour free,,42.06,88.18,176.29,,288.6,31.11,118.0,8.45,30.59,306.65738,350.075,6.15,2.7513022,1.9,55.934973868965294,Poor
2271,GUMMANUR,CWC,33,Tamil Nadu,577,Krishnagiri,Krishnagiri,-,-,Duplicate-Ponnaiyar,East flowing rivers between Pennar and Kanyakumari,-,-,-,Ponnaiyar,12.555,78.13833333,01-03-2012 07:30,891.0,Clear,odour free,24.0,31.54,67.33,163.69,6.3,304.63,30.14,120.5,8.53,14.84,302.2634,293.90833,1.86,3.0672603,2.1,74.3769051832467,Poor
2272,GUMMANUR,CWC,33,Tamil Nadu,577,Krishnagiri,Krishnagiri,-,-,Duplicate-Ponnaiyar,East flowing rivers between Pennar and Kanyakumari,-,-,-,Ponnaiyar,12.555,78.13833333,02-04-2012 07:30,930.0,Light Green,odour free,26.5,57.83,81.76,173.14,6.5,309.98,26.25,126.5,8.54,20.74,350.4653,313.775,0.991,3.1150692,3.2,87.82198393461776,Very Poor
2273,GUMMANUR,CWC,33,Tamil Nadu,577,Krishnagiri,Krishnagiri,-,-,Duplicate-Ponnaiyar,East flowing rivers between Pennar and Kanyakumari,-,-,-,Ponnaiyar,12.555,78.13833333,01-05-2012 07:30,816.0,Clear,odour free,27.0,31.54,54.51,166.84,6.9,215.19,30.14,115.0,8.32,19.13,228.95192,261.85834,4.08,3.102101,5.0,112.13929357186007,Unsuitable
2274,GUMMANUR,CWC,33,Tamil Nadu,577,Krishnagiri,Krishnagiri,-,-,Duplicate-Ponnaiyar,East flowing rivers between Pennar and Kanyakumari,-,-,-,Ponnaiyar,12.555,78.13833333,02-07-2012 07:30,1100.0,Clear,odour free,23.0,73.6,107.41,185.73,6.9,277.91,26.25,126.5,8.84,24.0,350.46176,377.90002,7.03,2.837598,4.9,120.7773501744639,Unsuitable
2275,GUMMANUR,CWC,33,Tamil Nadu,577,Krishnagiri,Krishnagiri,-,-,Duplicate-Ponnaiyar,East flowing rivers between Pennar and Kanyakumari,-,-,-,Ponnaiyar,12.555,78.13833333,01-09-2012 08:30,880.0,Light Brown,odour free,22.0,0.0,83.37,176.16,7.3,301.05,16.53,111.5,7.43,24.77,246.76228,277.30002,6.83,2.9191291,1.5,57.60349780429841,Poor
2276,GUMMANUR,CWC,33,Tamil Nadu,577,Krishnagiri,Krishnagiri,-,-,Duplicate-Ponnaiyar,East flowing rivers between Pennar and Kanyakumari,-,-,-,Ponnaiyar,12.555,78.13833333,01-10-2012 08:30,781.0,Clear,odour free,23.5,38.21,80.16,137.49,7.3,237.92,8.75,104.5,8.45,28.8,258.69974,236.85834,1.9,2.9587343,1.3,57.33755200216192,Poor
2277,GUMMANUR,CWC,33,Tamil Nadu,577,Krishnagiri,Krishnagiri,-,-,Duplicate-Ponnaiyar,East flowing rivers between Pennar and Kanyakumari,-,-,-,Ponnaiyar,12.555,78.13833333,01-11-2012 08:30,989.0,Light Brown,odour free,22.0,0.0,86.57,171.86,7.7,291.34,23.33,100.0,8.18,23.73,238.80327,313.63333,4.41,2.4625518,2.1,69.94146639086271,Poor
2278,GUMMANUR,CWC,33,Tamil Nadu,577,Krishnagiri,Krishnagiri,-,-,Duplicate-Ponnaiyar,East flowing rivers between Pennar and Kanyakumari,-,-,-,Ponnaiyar,12.555,78.13833333,01-12-2012 08:30,1110.0,Clear,odour free,21.5,42.98,112.22,197.64,5.3,276.77,14.58,114.5,8.39,24.4,298.494,341.3,4.21,2.7010164,2.3,80.22465009458409,Very Poor
2279,GUMMANUR,CWC,33,Tamil Nadu,577,Krishnagiri,Krishnagiri,-,-,Duplicate-Ponnaiyar,East flowing rivers between Pennar and Kanyakumari,-,-,-,Ponnaiyar,12.555,78.13833333,01-01-2013 08:30,1210.0,Clear,odour free,23.0,38.21,102.6,244.9,6.7,296.19,31.11,128.5,8.47,26.33,306.46204,386.125,5.23,2.8523026,1.8,74.25702654553548,Poor
2280,GUMMANUR,CWC,33,Tamil Nadu,577,Krishnagiri,Krishnagiri,-,-,Duplicate-Ponnaiyar,East flowing rivers between Pennar and Kanyakumari,-,-,-,Ponnaiyar,12.555,78.13833333,01-02-2013 08:30,1190.0,Clear,odour free,21.0,0.0,113.83,206.23,6.9,383.59,26.25,124.0,8.17,26.64,314.41803,393.95,4.42,2.7240968,5.9,124.84819078540545,Unsuitable
2281,GUMMANUR,CWC,33,Tamil Nadu,577,Krishnagiri,Krishnagiri,-,-,Duplicate-Ponnaiyar,East flowing rivers between Pennar and Kanyakumari,-,-,-,Ponnaiyar,12.555,78.13833333,01-03-2013 08:30,1220.0,Light Green,odour free,23.5,52.54,84.97,206.23,5.6,291.34,35.97,136.0,8.36,26.58,326.36993,362.30002,2.72,3.1177592,2.6,83.96444441695678,Very Poor
2282,GUMMANUR,CWC,33,Tamil Nadu,577,Krishnagiri,Krishnagiri,-,-,Duplicate-Ponnaiyar,East flowing rivers between Pennar and Kanyakumari,-,-,-,Ponnaiyar,12.555,78.13833333,15-05-2013 08:30,1210.0,Clear,odour free,25.5,38.21,97.8,214.83,8.1,339.89,29.17,137.0,8.37,22.9,342.2817,366.0417,0.861,3.1232245,3.2,82.99893362026485,Very Poor
2283,GUMMANUR,CWC,33,Tamil Nadu,577,Krishnagiri,Krishnagiri,-,-,Duplicate-Ponnaiyar,East flowing rivers between Pennar and Kanyakumari,-,-,-,Ponnaiyar,12.555,78.13833333,01-06-2013 08:45,1090.0,Light Green,odour free,27.0,23.88,76.95,184.75,7.7,291.34,24.31,118.5,8.31,17.8,278.60327,293.66666,4.45,3.0162606,3.3,87.49793980181062,Very Poor
2284,GUMMANUR,CWC,33,Tamil Nadu,577,Krishnagiri,Krishnagiri,-,-,Duplicate-Ponnaiyar,East flowing rivers between Pennar and Kanyakumari,-,-,-,Ponnaiyar,12.555,78.13833333,01-07-2013 08:45,1030.0,Light Green,odour free,28.0,0.0,68.94,171.86,7.3,301.05,27.22,113.0,8.05,25.28,246.76228,285.76666,6.18,2.9165633,5.2,113.88503304520962,Unsuitable
2285,GUMMANUR,CWC,33,Tamil Nadu,577,Krishnagiri,Krishnagiri,-,-,Duplicate-Ponnaiyar,East flowing rivers between Pennar and Kanyakumari,-,-,-,Ponnaiyar,12.555,78.13833333,01-08-2013 08:30,1026.0,Light Green,odour free,27.0,0.0,59.32,173.67,7.7,273.78,32.08,110.0,7.95,25.6,224.40984,281.96667,6.87,2.8593822,2.6,77.99006971461841,Very Poor
2286,GUMMANUR,CWC,33,Tamil Nadu,577,Krishnagiri,Krishnagiri,-,-,Duplicate-Ponnaiyar,East flowing rivers between Pennar and Kanyakumari,-,-,-,Ponnaiyar,12.555,78.13833333,02-09-2013 08:45,915.0,Light Brown,odour free,25.0,0.0,57.71,156.73,8.1,224.48,24.4,94.2,7.94,22.81,184.0,245.94167,2.18,2.6210299,2.3,65.72388381082392,Poor
2287,GUMMANUR,CWC,33,Tamil Nadu,577,Krishnagiri,Krishnagiri,-,-,Duplicate-Ponnaiyar,East flowing rivers between Pennar and Kanyakumari,-,-,-,Ponnaiyar,12.555,78.13833333,01-10-2013 08:45,950.0,Clear,odour free,25.0,0.0,78.9,160.27,8.7,295.47,22.01,98.0,8.24,32.74,242.18852,288.95834,6.28,2.5143297,1.9,67.13965711248352,Poor
2288,GUMMANUR,CWC,33,Tamil Nadu,577,Krishnagiri,Krishnagiri,-,-,Duplicate-Ponnaiyar,East flowing rivers between Pennar and Kanyakumari,-,-,-,Ponnaiyar,12.555,78.13833333,01-11-2013 08:45,1022.0,Clear,odour free,24.5,0.0,78.9,161.17,8.1,282.27,22.97,115.5,7.76,26.34,231.36885,292.95834,18.5,2.9431643,5.1,122.32888204949371,Unsuitable
2289,GUMMANUR,CWC,33,Tamil Nadu,577,Krishnagiri,Krishnagiri,-,-,Duplicate-Ponnaiyar,East flowing rivers between Pennar and Kanyakumari,-,-,-,Ponnaiyar,12.555,78.13833333,02-12-2013 08:50,1092.0,Light Green,odour free,23.2,0.0,80.12,141.15,7.3,317.2,18.92,83.2,7.59,30.67,260.0,279.13333,17.9,2.1714506,2.8,90.33091940264994,Very Poor
2290,GUMMANUR,CWC,33,Tamil Nadu,577,Krishnagiri,Krishnagiri,-,-,Duplicate-Ponnaiyar,East flowing rivers between Pennar and Kanyakumari,-,-,-,Ponnaiyar,12.555,78.13833333,01-01-2014 08:45,1072.0,Clear,odour free,21.3,0.0,96.25,169.29,7.5,320.31,23.92,108.5,8.02,31.05,262.54916,340.29166,14.3,2.5648437,3.3,97.65337149005676,Very Poor
2291,GUMMANUR,CWC,33,Tamil Nadu,577,Krishnagiri,Krishnagiri,-,-,Duplicate-Ponnaiyar,East flowing rivers between Pennar and Kanyakumari,-,-,-,Ponnaiyar,12.555,78.13833333,01-02-2014 08:45,1116.0,Light Green,odour free,21.3,0.0,81.69,166.61,7.5,359.34,40.03,100.5,8.16,26.75,294.541,371.01666,11.4,2.2771451,3.5,100.17689333420766,Unsuitable
2292,GUMMANUR,CWC,33,Tamil Nadu,577,Krishnagiri,Krishnagiri,-,-,Duplicate-Ponnaiyar,East flowing rivers between Pennar and Kanyakumari,-,-,-,Ponnaiyar,12.555,78.13833333,01-03-2014 08:30,1305.0,Clear,odour free,19.0,0.0,95.52,220.62,7.1,444.45,52.97,138.0,8.28,30.17,364.30328,459.50833,12.34,2.8101234,4.6,121.10944840657636,Unsuitable
2293,GUMMANUR,CWC,33,Tamil Nadu,577,Krishnagiri,Krishnagiri,-,-,Duplicate-Ponnaiyar,East flowing rivers between Pennar and Kanyakumari,-,-,-,Ponnaiyar,12.555,78.13833333,07-04-2014 08:30,1337.0,Clear,odour free,22.0,0.0,105.31,221.21,7.3,430.31,25.73,157.5,8.17,29.53,352.7131,370.48334,5.3,3.5681648,2.8,82.9560591134532,Very Poor
2294,GUMMANUR,CWC,33,Tamil Nadu,577,Krishnagiri,Krishnagiri,-,-,Duplicate-Ponnaiyar,East flowing rivers between Pennar and Kanyakumari,-,-,-,Ponnaiyar,12.555,78.13833333,01-05-2014 08:30,1265.0,Clear,odour free,27.5,0.0,78.59,209.86,7.5,411.4,38.13,155.0,7.95,29.18,337.2131,355.35,6.68,3.5885515,3.1,87.05286982172096,Very Poor
2295,GUMMANUR,CWC,33,Tamil Nadu,577,Krishnagiri,Krishnagiri,-,-,Duplicate-Ponnaiyar,East flowing rivers between Pennar and Kanyakumari,-,-,-,Ponnaiyar,12.555,78.13833333,02-06-2014 08:20,1100.0,Light Green,odour free,26.5,32.56,75.44,181.5,8.1,269.53,28.59,140.5,8.37,24.1,275.1929,307.725,15.5,3.4943864,4.6,118.7184144590427,Unsuitable
2297,GUMMANUR,CWC,33,Tamil Nadu,577,Krishnagiri,Krishnagiri,-,-,Duplicate-Ponnaiyar,East flowing rivers between Pennar and Kanyakumari,-,-,-,Ponnaiyar,12.555,78.13833333,01-08-2014 08:45,1207.0,Clear,odour free,26.0,41.14,99.84,194.88,7.3,255.62,19.21,146.5,8.51,30.85,278.09125,329.64166,14.2,3.5176857,3.1,99.63770516059422,Very Poor
2298,GUMMANUR,CWC,33,Tamil Nadu,577,Krishnagiri,Krishnagiri,-,-,Duplicate-Ponnaiyar,East flowing rivers between Pennar and Kanyakumari,-,-,-,Ponnaiyar,12.555,78.13833333,01-09-2014 08:45,1129.0,Clear,odour free,26.5,0.0,78.9,189.08,7.5,306.18,22.97,146.0,8.2,23.07,250.96721,292.95834,16.4,3.7203636,5.0,124.34313972908421,Unsuitable
2299,GUMMANUR,CWC,33,Tamil Nadu,577,Krishnagiri,Krishnagiri,-,-,Duplicate-Ponnaiyar,East flowing rivers between Pennar and Kanyakumari,-,-,-,Ponnaiyar,12.555,78.13833333,01-10-2014 08:30,1080.0,Light Green,odour free,30.0,0.0,64.74,164.74,9.3,248.69,22.44,127.5,7.58,22.54,203.84427,255.34999,20.2,3.4807234,4.9,116.39604699357783,Unsuitable
2300,GUMMANUR,CWC,33,Tamil Nadu,577,Krishnagiri,Krishnagiri,-,-,Duplicate-Ponnaiyar,East flowing rivers between Pennar and Kanyakumari,-,-,-,Ponnaiyar,12.555,78.13833333,01-11-2014 08:45,775.0,Light Brown,odour free,24.0,0.0,52.41,119.81,7.3,206.46,22.44,88.0,7.41,20.67,169.2295,224.52501,15.4,2.5626812,4.6,109.25562388188119,Unsuitable
2301,GUMMANUR,CWC,33,Tamil Nadu,577,Krishnagiri,Krishnagiri,-,-,Duplicate-Ponnaiyar,East flowing rivers between Pennar and Kanyakumari,-,-,-,Ponnaiyar,12.555,78.13833333,01-12-2014 06:45,1060.0,Clear,odour free,23.5,0.0,81.7,176.95,7.7,290.92,25.24,121.5,7.51,26.93,238.45903,309.41666,24.4,3.012802,5.45,133.35353209042714,Unsuitable
2302,GUMMANUR,CWC,33,Tamil Nadu,577,Krishnagiri,Krishnagiri,-,-,Duplicate-Ponnaiyar,East flowing rivers between Pennar and Kanyakumari,-,-,-,Ponnaiyar,12.555,78.13833333,01-01-2015 08:15,1118.0,Clear,odour free,23.0,0.0,77.13,175.39,7.3,309.69,37.6,130.0,7.42,27.3,253.84427,349.49164,28.6,3.0348926,4.64,129.43829548043146,Unsuitable
2303,GUMMANUR,CWC,33,Tamil Nadu,577,Krishnagiri,Krishnagiri,-,-,Duplicate-Ponnaiyar,East flowing rivers between Pennar and Kanyakumari,-,-,-,Ponnaiyar,12.555,78.13833333,02-02-2015 08:15,1100.0,Clear,odour free,22.0,23.08,77.13,194.25,7.7,300.31,33.94,136.0,8.5,27.25,284.6224,334.24167,16.5,3.2461486,4.7,124.42843905904748,Unsuitable
2304,GUMMANUR,CWC,33,Tamil Nadu,577,Krishnagiri,Krishnagiri,-,-,Duplicate-Ponnaiyar,East flowing rivers between Pennar and Kanyakumari,-,-,-,Ponnaiyar,12.555,78.13833333,02-03-2015 08:20,1267.0,Clear,odour free,29.0,46.15,71.09,199.54,7.5,290.92,46.78,140.0,8.41,30.25,315.3757,372.64166,16.1,3.166467,3.7,111.9334895734974,Unsuitable
2305,GUMMANUR,CWC,33,Tamil Nadu,577,Krishnagiri,Krishnagiri,-,-,Duplicate-Ponnaiyar,East flowing rivers between Pennar and Kanyakumari,-,-,-,Ponnaiyar,12.555,78.13833333,01-04-2015 08:10,1296.0,Clear,odour free,25.0,0.0,89.23,190.12,7.3,408.23,35.77,142.5,8.16,26.45,334.61478,372.11667,9.71,3.2231648,2.96,91.22675481762762,Very Poor
2306,GUMMANUR,CWC,33,Tamil Nadu,577,Krishnagiri,Krishnagiri,-,-,Duplicate-Ponnaiyar,East flowing rivers between Pennar and Kanyakumari,-,-,-,Ponnaiyar,12.555,78.13833333,01-05-2015 08:10,870.0,Clear,odour free,27.0,0.0,55.96,140.21,7.9,234.62,21.09,107.0,7.41,21.58,192.31148,227.775,16.3,3.0931695,2.95,86.61492788242963,Very Poor
2307,GUMMANUR,CWC,33,Tamil Nadu,577,Krishnagiri,Krishnagiri,-,-,Duplicate-Ponnaiyar,East flowing rivers between Pennar and Kanyakumari,-,-,-,Ponnaiyar,12.555,78.13833333,01-06-2015 08:10,1046.0,Light Brown,odour free,27.0,0.0,36.51,162.74,6.7,311.39,53.9,119.5,8.2,21.99,255.23772,315.85834,20.0,2.9386837,5.46,140.16920151930628,Unsuitable
2308,GUMMANUR,CWC,33,Tamil Nadu,577,Krishnagiri,Krishnagiri,-,-,Duplicate-Ponnaiyar,East flowing rivers between Pennar and Kanyakumari,-,-,-,Ponnaiyar,12.555,78.13833333,01-07-2015 08:15,1083.0,Clear,odour free,27.0,22.86,79.37,170.87,7.1,260.27,29.84,129.0,8.3,26.23,251.43605,322.75833,21.2,3.1327271,4.51,126.47709794895641,Unsuitable
2309,GUMMANUR,CWC,33,Tamil Nadu,577,Krishnagiri,Krishnagiri,-,-,Duplicate-Ponnaiyar,East flowing rivers between Pennar and Kanyakumari,-,-,-,Ponnaiyar,12.555,78.13833333,01-08-2015 08:20,1171.0,Light Brown,odour free,25.0,0.0,100.0,175.9,8.7,315.9,23.1,94.5,8.1,27.58,258.93442,346.25,25.3,2.2144153,3.5,111.3979903718982,Unsuitable
2310,GUMMANUR,CWC,33,Tamil Nadu,577,Krishnagiri,Krishnagiri,-,-,Duplicate-Ponnaiyar,East flowing rivers between Pennar and Kanyakumari,-,-,-,Ponnaiyar,12.555,78.13833333,01-09-2015 08:20,991.0,Light Brown,odour free,26.0,0.0,74.6,162.37,8.1,264.04,24.06,119.5,7.71,24.92,216.42624,286.75,21.8,3.0782576,1.62,78.841778639897,Very Poor
2311,GUMMANUR,CWC,33,Tamil Nadu,577,Krishnagiri,Krishnagiri,-,-,Duplicate-Ponnaiyar,East flowing rivers between Pennar and Kanyakumari,-,-,-,Ponnaiyar,12.555,78.13833333,01-10-2015 08:10,977.0,Light Brown,odour free,26.0,0.0,75.82,161.57,9.3,266.18,21.07,114.0,7.57,25.02,218.18033,277.34167,24.2,2.9854455,3.5,102.36781002909058,Unsuitable
2312,GUMMANUR,CWC,33,Tamil Nadu,577,Krishnagiri,Krishnagiri,-,-,Duplicate-Ponnaiyar,East flowing rivers between Pennar and Kanyakumari,-,-,-,Ponnaiyar,12.555,78.13833333,02-11-2015 08:10,1020.0,Light Brown,odour free,26.0,0.0,86.87,157.72,8.7,280.19,19.16,116.5,7.75,28.4,229.66394,297.00833,26.1,2.9474227,2.51,94.62662064058851,Very Poor
2313,GUMMANUR,CWC,33,Tamil Nadu,577,Krishnagiri,Krishnagiri,-,-,Duplicate-Ponnaiyar,East flowing rivers between Pennar and Kanyakumari,-,-,-,Ponnaiyar,12.555,78.13833333,01-12-2015 08:20,978.0,Light Brown,odour free,24.0,0.0,67.92,144.26,7.9,270.85,29.69,106.0,7.69,34.58,222.00821,293.50833,24.7,2.6999247,4.58,123.28611739989189,Unsuitable
2314,GUMMANUR,CWC,33,Tamil Nadu,577,Krishnagiri,Krishnagiri,-,-,Duplicate-Ponnaiyar,East flowing rivers between Pennar and Kanyakumari,-,-,-,Ponnaiyar,12.555,78.13833333,01-01-2016 08:10,505.0,Light Brown,odour free,22.0,0.0,97.93,164.78,7.7,312.88,20.11,104.0,7.63,26.26,256.459,328.61667,21.1,2.501251,3.4,102.44728438627656,Unsuitable
2315,GUMMANUR,CWC,33,Tamil Nadu,577,Krishnagiri,Krishnagiri,-,-,Duplicate-Ponnaiyar,East flowing rivers between Pennar and Kanyakumari,-,-,-,Ponnaiyar,12.555,78.13833333,01-02-2016 08:10,1259.0,Clear,odour free,21.0,0.0,67.92,173.45,9.3,345.57,47.89,126.0,7.58,28.21,283.2541,369.34167,20.5,2.8627875,4.84,120.08498551055526,Unsuitable
2316,GUMMANUR,CWC,33,Tamil Nadu,577,Krishnagiri,Krishnagiri,-,-,Duplicate-Ponnaiyar,East flowing rivers between Pennar and Kanyakumari,-,-,-,Ponnaiyar,12.555,78.13833333,01-03-2016 08:20,1224.0,Light Brown,odour free,24.0,40.37,113.17,192.87,8.7,287.33,21.92,140.5,8.2,31.67,302.7997,374.25833,28.9,3.1661675,4.45,130.09804073851083,Unsuitable
2317,GUMMANUR,CWC,33,Tamil Nadu,577,Krishnagiri,Krishnagiri,-,-,Duplicate-Ponnaiyar,East flowing rivers between Pennar and Kanyakumari,-,-,-,Ponnaiyar,12.555,78.13833333,01-04-2016 08:15,1278.0,Dark Brown,odour free,26.0,0.0,117.88,183.78,9.3,360.3,15.25,138.5,7.65,23.95,295.32785,358.24167,31.0,3.1889682,2.35,96.59549660928037,Very Poor
2318,GUMMANUR,CWC,33,Tamil Nadu,577,Krishnagiri,Krishnagiri,-,-,Duplicate-Ponnaiyar,East flowing rivers between Pennar and Kanyakumari,-,-,-,Ponnaiyar,12.555,78.13833333,02-05-2016 08:20,1317.0,Clear,odour free,29.0,13.46,81.73,212.89,7.7,332.93,40.03,156.0,8.54,33.35,295.32678,371.11667,30.1,3.5341945,3.77,129.9768123310999,Unsuitable
2319,GUMMANUR,CWC,33,Tamil Nadu,577,Krishnagiri,Krishnagiri,-,-,Duplicate-Ponnaiyar,East flowing rivers between Pennar and Kanyakumari,-,-,-,Ponnaiyar,12.555,78.13833333,01-06-2016 08:15,1083.0,Dark Brown,odour free,27.0,0.0,81.73,161.94,1.3,250.84,19.06,118.0,7.45,27.45,205.60655,283.74167,22.6,3.0545487,5.07,140.62281010976525,Unsuitable
2320,GUMMANUR,CWC,33,Tamil Nadu,577,Krishnagiri,Krishnagiri,-,-,Duplicate-Ponnaiyar,East flowing rivers between Pennar and Kanyakumari,-,-,-,Ponnaiyar,12.555,78.13833333,01-07-2016 08:15,1105.0,Dark Brown,odour free,24.0,0.0,72.3,167.4,7.7,301.01,25.73,120.5,7.82,27.11,246.72952,287.95834,24.8,3.0978742,18.25,309.5546874866867,Unsuitable
2321,GUMMANUR,CWC,33,Tamil Nadu,577,Krishnagiri,Krishnagiri,-,-,Duplicate-Ponnaiyar,East flowing rivers between Pennar and Kanyakumari,-,-,-,Ponnaiyar,12.555,78.13833333,01-08-2016 08:15,744.0,Dark Brown,odour free,25.0,0.0,40.87,114.63,8.61,155.07,17.16,87.5,7.47,22.7,127.10656,173.675,17.3,2.8971608,17.55,282.5474110250052,Unsuitable
2322,GUMMANUR,CWC,33,Tamil Nadu,577,Krishnagiri,Krishnagiri,-,-,Duplicate-Ponnaiyar,East flowing rivers between Pennar and Kanyakumari,-,-,-,Ponnaiyar,12.555,78.13833333,01-09-2016 08:20,1059.0,Light Brown,odour free,25.5,0.0,59.73,176.5,7.09,264.52,27.64,134.0,7.31,26.24,216.81966,264.49167,19.3,3.5957317,14.69,251.32226845760408,Unsuitable
2323,GUMMANUR,CWC,33,Tamil Nadu,577,Krishnagiri,Krishnagiri,-,-,Duplicate-Ponnaiyar,East flowing rivers between Pennar and Kanyakumari,-,-,-,Ponnaiyar,12.555,78.13833333,01-10-2016 08:10,1083.0,Clear,odour free,26.0,0.0,79.17,193.18,5.75,308.98,25.93,137.5,7.75,25.25,253.2623,305.96667,18.0,3.428961,4.98,126.59880235923667,Unsuitable
2324,GUMMANUR,CWC,33,Tamil Nadu,577,Krishnagiri,Krishnagiri,-,-,Duplicate-Ponnaiyar,East flowing rivers between Pennar and Kanyakumari,-,-,-,Ponnaiyar,12.555,78.13833333,01-11-2016 08:20,1250.0,Clear,odour free,26.0,0.0,102.92,210.39,7.6,353.13,18.24,148.0,8.05,26.94,289.45084,333.3,15.8,3.5338666,3.8,105.9007154871477,Unsuitable
2325,GUMMANUR,CWC,33,Tamil Nadu,577,Krishnagiri,Krishnagiri,-,-,Duplicate-Ponnaiyar,East flowing rivers between Pennar and Kanyakumari,-,-,-,Ponnaiyar,12.555,78.13833333,01-12-2016 08:10,1320.0,Clear,odour free,24.0,14.4,102.67,215.31,6.08,317.2,27.78,148.5,8.35,28.41,284.0,372.425,19.3,3.355873,2.47,100.30367785381596,Unsuitable
2326,GUMMANUR,CWC,33,Tamil Nadu,577,Krishnagiri,Krishnagiri,-,-,Duplicate-Ponnaiyar,East flowing rivers between Pennar and Kanyakumari,-,-,-,Ponnaiyar,12.555,78.13833333,02-01-2017 08:20,1194.0,Light Green,odour free,23.0,0.0,112.15,195.91,4.28,297.68,10.54,141.0,7.42,29.27,244.0,324.29166,22.9,3.4114757,3.91,117.3717217714245,Unsuitable
2327,GUMMANUR,CWC,33,Tamil Nadu,577,Krishnagiri,Krishnagiri,-,-,Duplicate-Ponnaiyar,East flowing rivers between Pennar and Kanyakumari,-,-,-,Ponnaiyar,12.555,78.13833333,01-02-2017 08:10,1315.0,Clear,odour free,22.0,0.0,108.99,203.67,5.13,346.48,22.03,148.0,8.08,30.85,284.0,364.26666,18.4,3.3807557,3.99,118.89692592597008,Unsuitable
2328,GUMMANUR,CWC,33,Tamil Nadu,577,Krishnagiri,Krishnagiri,-,-,Duplicate-Ponnaiyar,East flowing rivers between Pennar and Kanyakumari,-,-,-,Ponnaiyar,12.555,78.13833333,01-03-2017 08:15,1347.0,Clear,odour free,21.0,0.0,101.67,209.42,5.7,328.6,18.02,156.0,7.72,30.96,269.34427,329.25833,22.8,3.7476785,3.23,108.28731866485448,Unsuitable
2329,GUMMANUR,CWC,33,Tamil Nadu,577,Krishnagiri,Krishnagiri,-,-,Duplicate-Ponnaiyar,East flowing rivers between Pennar and Kanyakumari,-,-,-,Ponnaiyar,12.555,78.13833333,01-04-2017 08:15,1349.0,Clear,odour free,23.0,0.0,93.85,215.13,4.83,348.22,29.4,159.0,7.92,29.39,285.42624,357.125,18.5,3.6699522,2.71,101.66143313383249,Unsuitable
2330,GUMMANUR,CWC,33,Tamil Nadu,577,Krishnagiri,Krishnagiri,-,-,Duplicate-Ponnaiyar,East flowing rivers between Pennar and Kanyakumari,-,-,-,Ponnaiyar,12.555,78.13833333,01-05-2017 09:00,1407.0,Clear,odour free,22.5,0.0,87.59,226.55,5.99,377.65,37.94,159.5,7.44,25.76,309.54916,377.05832,18.0,3.584324,2.13,86.86774644395696,Very Poor
2338,HOGENAKKAL,CWC,33,Tamil Nadu,571,Dharmapuri,DHARMAPURI,-,-,Cauvery,Cauvery,Chinnar,-,-,Chinnar,12.12111111,77.78194444,01-11-2017 08:00,,,,,42.0,53.0,83.0,,189.0,32.1,66.0,8.3,62.4,224.918,301.083,,,,20.03343652137283,Excellent
2339,HOGENAKKAL,CWC,33,Tamil Nadu,571,Dharmapuri,DHARMAPURI,-,-,Cauvery,Cauvery,Chinnar,-,-,Chinnar,12.12111111,77.78194444,04-12-2017 08:00,,,,,0.0,63.5,109.0,,314.0,32.1,87.0,8.2,61.8,257.377,344.833,,,,19.6509492186879,Excellent
2828,KODUMUDI,CWC,33,Tamil Nadu,573,Erode,ERODE,-,-,Cauvery,Cauvery,-,-,-,Cauvery,11.08,77.89,02-04-2001 08:35,502.0,Clear,odour free,29.2,0.0,24.0,46.39,7.0,213.14621,24.329159,50.9,8.23,20.08,174.71,161.37149,2.0,1.7504195,1.5,58.8475574651867,Poor
2829,KODUMUDI,CWC,33,Tamil Nadu,573,Erode,ERODE,-,-,Cauvery,Cauvery,-,-,-,Cauvery,11.08,77.89,01-05-2001 08:40,669.0,Clear,odour free,29.7,12.1,33.6,56.69,7.0,196.75,22.38759,55.8,8.37,26.76,181.43716,177.28162,2.7,1.829794,2.35,72.59762089552831,Poor
2830,KODUMUDI,CWC,33,Tamil Nadu,573,Erode,ERODE,-,-,Cauvery,Cauvery,-,-,-,Cauvery,11.08,77.89,01-06-2001 08:40,536.0,Clear,odour free,29.5,24.4,22.44,50.18,7.0,169.45,29.17,49.1,8.59,21.0,179.5601,177.64166,2.13,1.6098207,0.6,50.96959469693356,Poor
2831,KODUMUDI,CWC,33,Tamil Nadu,573,Erode,ERODE,-,-,Cauvery,Cauvery,-,-,-,Cauvery,11.08,77.89,03-07-2001 10:00,455.0,Clear,odour free,28.3,0.0,27.25,27.55,7.5,220.5,19.44,44.7,8.22,12.47,180.7377,149.125,1.81,1.5983496,0.8,47.10551486917196,Good
2832,KODUMUDI,CWC,33,Tamil Nadu,573,Erode,ERODE,-,-,Cauvery,Cauvery,-,-,-,Cauvery,11.08,77.89,01-08-2001 09:10,372.0,Clear,odour free,28.0,0.0,28.86,34.16,7.5,137.05,11.67,29.6,7.97,21.57,112.33607,120.775,1.46,1.1752094,2.2,61.89314128217051,Poor
2833,KODUMUDI,CWC,33,Tamil Nadu,573,Erode,ERODE,-,-,Cauvery,Cauvery,-,-,-,Cauvery,11.08,77.89,01-09-2001 09:30,426.0,Clear,odour free,28.3,0.0,27.25,18.86,7.5,136.07,11.67,21.6,7.41,10.47,111.53279,116.75,0.745,0.87230766,0.8,36.631206941795035,Good
2834,KODUMUDI,CWC,33,Tamil Nadu,573,Erode,ERODE,-,-,Cauvery,Cauvery,-,-,-,Cauvery,11.08,77.89,01-10-2001 09:30,482.0,Clear,odour free,28.2,0.0,36.87,49.92,7.4,166.61,15.56,40.9,8.05,24.76,136.56557,157.00833,1.96,1.4242889,0.8,45.56401817564025,Good
2835,KODUMUDI,CWC,33,Tamil Nadu,573,Erode,ERODE,-,-,Cauvery,Cauvery,-,-,-,Cauvery,11.08,77.89,01-11-2001 09:50,498.0,Clear,odour free,29.2,0.0,33.67,34.06,7.3,185.68,17.5,40.9,8.16,21.75,152.19672,157.09166,2.02,1.4243022,2.8,74.16510180385332,Poor
2836,KODUMUDI,CWC,33,Tamil Nadu,573,Erode,ERODE,-,-,Cauvery,Cauvery,-,-,-,Cauvery,11.08,77.89,01-12-2001 09:30,522.0,Clear,odour free,29.2,10.66,33.67,39.91,7.4,173.34,14.58,53.3,8.35,23.04,159.84863,144.92499,2.12,1.9319959,1.1,52.52116559087225,Poor
2837,KODUMUDI,CWC,33,Tamil Nadu,573,Erode,ERODE,-,-,Cauvery,Cauvery,-,-,-,Cauvery,11.08,77.89,01-01-2002 08:35,492.0,Clear,odour free,28.2,21.32,28.86,48.77,7.3,162.51,28.19,24.6,8.36,20.51,168.73825,189.60834,1.85,0.78041184,0.7,48.95528988566455,Good
2838,KODUMUDI,CWC,33,Tamil Nadu,573,Erode,ERODE,-,-,Cauvery,Cauvery,-,-,-,Cauvery,11.08,77.89,01-02-2002 08:30,414.0,Clear,odour free,27.0,0.0,36.87,29.08,7.1,200.43,19.44,36.8,7.94,16.08,164.28688,173.175,3.29,1.2205875,0.5,43.4133018034559,Good
2839,KODUMUDI,CWC,33,Tamil Nadu,573,Erode,ERODE,-,-,Cauvery,Cauvery,-,-,-,Cauvery,11.08,77.89,01-03-2002 08:45,526.0,Clear,odour free,28.3,0.0,36.87,46.98,7.1,215.21,16.53,55.8,8.02,19.8,176.40164,161.05,2.01,1.9187758,1.1,50.443680006199635,Poor
2840,KODUMUDI,CWC,33,Tamil Nadu,573,Erode,ERODE,-,-,Cauvery,Cauvery,-,-,-,Cauvery,11.08,77.89,01-04-2002 08:55,587.0,Clear,odour free,28.2,0.0,32.06,63.17,7.2,216.12,22.36,64.9,7.74,29.5,177.14754,173.31667,5.3,2.1525385,0.7,46.931099689422474,Good
2841,KODUMUDI,CWC,33,Tamil Nadu,573,Erode,ERODE,-,-,Cauvery,Cauvery,-,-,-,Cauvery,11.08,77.89,01-05-2002 08:30,516.0,Clear,odour free,29.7,0.0,27.25,24.67,7.2,245.97,22.36,54.5,8.07,21.74,201.61476,161.29167,2.76,1.8741759,1.1,52.19444199751221,Poor
2842,KODUMUDI,CWC,33,Tamil Nadu,573,Erode,ERODE,-,-,Cauvery,Cauvery,-,-,-,Cauvery,11.08,77.89,01-06-2002 08:40,532.0,Clear,odour free,28.7,0.0,30.47,72.12,7.4,250.34,23.33,66.6,7.99,27.04,205.19672,173.38333,2.36,2.2087715,2.7,72.45191429511026,Poor
2843,KODUMUDI,CWC,33,Tamil Nadu,573,Erode,ERODE,-,-,Cauvery,Cauvery,-,-,-,Cauvery,11.08,77.89,01-07-2002 08:35,528.0,Clear,odour free,28.7,21.5,28.86,73.15,7.1,191.31,17.5,72.4,8.43,27.61,192.6448,145.06667,2.77,2.6242173,0.9,52.659959799982516,Poor
2844,KODUMUDI,CWC,33,Tamil Nadu,573,Erode,ERODE,-,-,Cauvery,Cauvery,-,-,-,Cauvery,11.08,77.89,01-08-2002 08:40,564.0,Clear,odour free,28.3,0.0,30.46,63.08,7.5,218.64,20.42,61.4,8.19,29.79,179.21312,161.23334,3.07,2.111273,1.1,52.81768586921964,Poor
2845,KODUMUDI,CWC,33,Tamil Nadu,573,Erode,ERODE,-,-,Cauvery,Cauvery,-,-,-,Cauvery,11.08,77.89,02-09-2002 08:40,459.0,Clear,odour free,28.7,13.98,28.86,44.39,7.4,151.61,17.5,44.7,8.31,19.51,147.5705,145.06667,1.8,1.6202004,0.8,47.91900038568841,Good
2846,KODUMUDI,CWC,33,Tamil Nadu,573,Erode,ERODE,-,-,Cauvery,Cauvery,-,-,-,Cauvery,11.08,77.89,01-10-2002 09:25,262.0,Clear,odour free,29.0,0.0,22.44,24.5,7.3,123.19,13.61,21.2,8.19,13.05,100.97541,112.808334,3.19,0.8713857,1.4,55.7807867731731,Poor
2847,KODUMUDI,CWC,33,Tamil Nadu,573,Erode,ERODE,-,-,Cauvery,Cauvery,-,-,-,Cauvery,11.08,77.89,01-11-2002 08:45,599.0,Light Brown,odour free,27.0,0.0,38.48,67.22,7.2,183.65,22.36,54.1,8.09,33.59,150.53278,189.36667,7.01,1.7161913,0.8,53.794865600211416,Poor
2848,KODUMUDI,CWC,33,Tamil Nadu,573,Erode,ERODE,-,-,Cauvery,Cauvery,-,-,-,Cauvery,11.08,77.89,02-12-2002 09:25,439.0,Clear,odour free,28.2,0.0,30.46,29.73,7.2,193.11,19.44,29.7,7.68,14.94,158.28688,157.15,5.54,1.0343657,1.0,49.94431232295293,Good
2849,KODUMUDI,CWC,33,Tamil Nadu,573,Erode,ERODE,-,-,Cauvery,Cauvery,-,-,-,Cauvery,11.08,77.89,01-01-2003 08:45,507.0,Clear,odour free,26.8,0.0,43.29,38.97,6.8,214.62,15.56,41.7,8.1,19.68,175.91803,173.05833,7.95,1.3828872,0.8,55.11960166356685,Poor
2850,KODUMUDI,CWC,33,Tamil Nadu,573,Erode,ERODE,-,-,Cauvery,Cauvery,-,-,-,Cauvery,11.08,77.89,01-02-2003 09:10,446.0,Clear,odour free,27.3,20.32,32.06,29.59,7.1,180.74,19.44,37.3,8.45,14.36,182.0142,161.15001,7.39,1.2827401,2.1,74.79513323099974,Poor
2851,KODUMUDI,CWC,33,Tamil Nadu,573,Erode,ERODE,-,-,Cauvery,Cauvery,-,-,-,Cauvery,11.08,77.89,01-04-2003 08:35,579.0,Clear,odour free,30.7,0.0,32.06,56.53,7.0,199.4,19.44,55.5,7.99,27.6,163.44261,161.15001,7.82,1.9086348,1.6,64.52669314344986,Poor
2852,KODUMUDI,CWC,33,Tamil Nadu,573,Erode,ERODE,-,-,Cauvery,Cauvery,-,-,-,Cauvery,11.08,77.89,02-06-2003 08:35,1750.0,Clear,odour free,30.5,0.0,40.08,351.54,7.3,288.0,31.11,247.0,8.21,70.26,236.06557,229.82501,0.515,7.115188,2.5,72.67132186282926,Poor
2853,KODUMUDI,CWC,33,Tamil Nadu,573,Erode,ERODE,-,-,Cauvery,Cauvery,-,-,-,Cauvery,11.08,77.89,01-08-2003 08:45,1140.0,Clear,odour free,30.0,15.65,32.06,195.05,5.8,206.87,25.28,159.5,8.63,70.06,195.6489,185.48334,10.2,5.1145253,4.0,110.70034512693341,Unsuitable
2854,KODUMUDI,CWC,33,Tamil Nadu,573,Erode,ERODE,-,-,Cauvery,Cauvery,-,-,-,Cauvery,11.08,77.89,01-10-2003 08:50,455.0,Clear,odour free,31.0,12.0,27.25,57.6,6.1,109.81,18.47,39.1,8.36,29.6,110.008194,145.08333,2.1,1.4173522,3.0,81.80194364641456,Very Poor
2855,KODUMUDI,CWC,33,Tamil Nadu,573,Erode,ERODE,-,-,Cauvery,Cauvery,-,-,-,Cauvery,11.08,77.89,01-11-2003 09:45,352.0,Clear,odour free,32.0,12.52,30.46,33.29,6.8,110.32,10.69,30.9,8.4,20.12,111.2929,120.691666,1.09,1.2270261,2.4,69.91585545722259,Poor
2856,KODUMUDI,CWC,33,Tamil Nadu,573,Erode,ERODE,-,-,Cauvery,Cauvery,-,-,-,Cauvery,11.08,77.89,01-12-2003 08:35,602.0,Clear,odour free,30.5,4.05,32.06,84.08,6.7,148.25,22.36,53.0,8.35,32.08,128.26639,173.31667,0.98,1.7578511,2.3,70.24626197760186,Poor
2857,KODUMUDI,CWC,33,Tamil Nadu,573,Erode,ERODE,-,-,Cauvery,Cauvery,-,-,-,Cauvery,11.08,77.89,01-01-2004 09:30,409.0,Clear,odour free,30.0,8.28,35.27,29.67,6.6,151.45,11.67,37.9,8.71,19.03,137.93935,136.8,0.94,1.4135088,2.0,68.17247955215637,Poor
2858,KODUMUDI,CWC,33,Tamil Nadu,573,Erode,ERODE,-,-,Cauvery,Cauvery,-,-,-,Cauvery,11.08,77.89,01-06-2004 08:30,1540.0,Clear,odour free,33.5,0.0,43.29,290.85,6.9,200.8,45.69,188.4,8.27,96.44,164.59016,298.6,9.33,4.7631645,4.6,115.15520861112437,Unsuitable
2859,KODUMUDI,CWC,33,Tamil Nadu,573,Erode,ERODE,-,-,Cauvery,Cauvery,-,-,-,Cauvery,11.08,77.89,01-07-2004 09:15,1360.0,Light Green,odour free,33.5,0.0,54.51,267.47,7.1,230.02,28.19,231.8,7.64,79.52,188.54099,253.73334,14.76,6.351513,7.4,150.91624689800025,Unsuitable
2860,KODUMUDI,CWC,33,Tamil Nadu,573,Erode,ERODE,-,-,Cauvery,Cauvery,-,-,-,Cauvery,11.08,77.89,02-08-2004 08:45,395.0,Clear,odour free,34.0,18.9,27.25,43.54,7.0,84.55,14.58,36.1,8.61,16.31,100.80328,128.875,4.76,1.3880179,2.2,73.64842830766052,Poor
2861,KODUMUDI,CWC,33,Tamil Nadu,573,Erode,ERODE,-,-,Cauvery,Cauvery,-,-,-,Cauvery,11.08,77.89,01-09-2004 10:30,268.0,Clear,odour free,30.5,0.0,16.03,27.9,6.6,83.31,13.61,18.8,8.01,10.92,68.28688,96.78333,3.39,0.83463526,3.2,80.10874127938864,Very Poor
2862,KODUMUDI,CWC,33,Tamil Nadu,573,Erode,ERODE,-,-,Cauvery,Cauvery,-,-,-,Cauvery,11.08,77.89,01-10-2004 09:30,480.0,Clear,odour free,29.0,7.65,33.67,55.8,7.0,128.32,20.41,39.4,8.33,25.6,117.930336,169.21666,2.96,1.3222681,1.9,65.90325771352951,Poor
2863,KODUMUDI,CWC,33,Tamil Nadu,573,Erode,ERODE,-,-,Cauvery,Cauvery,-,-,-,Cauvery,11.08,77.89,01-11-2004 09:00,690.0,Clear,odour free,29.5,3.87,48.1,76.08,7.2,192.84,23.33,58.5,8.44,47.91,164.51556,217.45833,3.15,1.7313437,0.3,46.22907801933806,Good
2864,KODUMUDI,CWC,33,Tamil Nadu,573,Erode,ERODE,-,-,Cauvery,Cauvery,-,-,-,Cauvery,11.08,77.89,01-12-2004 09:20,417.0,Clear,odour free,28.0,3.82,32.06,35.34,7.1,143.87,15.56,34.4,8.3,27.78,124.29289,144.98334,0.994,1.246853,0.9,48.66468787237511,Good
2865,KODUMUDI,CWC,33,Tamil Nadu,573,Erode,ERODE,-,-,Cauvery,Cauvery,-,-,-,Cauvery,11.08,77.89,01-01-2005 09:30,577.0,Clear,odour free,27.5,7.27,28.86,48.53,7.1,210.73,31.11,35.2,8.3,16.66,184.84618,201.77501,1.06,1.0826298,0.3,43.02936874413818,Good
2866,KODUMUDI,CWC,33,Tamil Nadu,573,Erode,ERODE,-,-,Cauvery,Cauvery,-,-,-,Cauvery,11.08,77.89,01-02-2005 08:45,588.0,Clear,odour free,27.0,6.64,36.87,54.35,7.1,177.46,22.36,43.6,8.3,29.41,156.5257,185.34166,0.964,1.398122,2.8,75.62367677841895,Very Poor
2867,KODUMUDI,CWC,33,Tamil Nadu,573,Erode,ERODE,-,-,Cauvery,Cauvery,-,-,-,Cauvery,11.08,77.89,01-03-2005 08:50,950.0,Clear,odour free,27.0,0.0,40.08,127.46,7.0,253.16,26.25,117.8,8.12,50.75,207.5082,209.57501,1.47,3.5527565,3.6,86.86111649597818,Very Poor
2868,KODUMUDI,CWC,33,Tamil Nadu,573,Erode,ERODE,-,-,Cauvery,Cauvery,-,-,-,Cauvery,11.08,77.89,01-04-2005 08:55,654.0,Clear,odour free,31.0,0.0,32.06,67.61,6.8,221.13,24.31,65.2,8.03,38.56,181.2541,181.44167,0.638,2.1137505,0.4,41.32890346086286,Good
2869,KODUMUDI,CWC,33,Tamil Nadu,573,Erode,ERODE,-,-,Cauvery,Cauvery,-,-,-,Cauvery,11.08,77.89,02-05-2005 09:00,747.0,Clear,odour free,30.5,0.0,48.1,95.58,7.0,221.23,24.31,67.0,8.01,32.92,181.33606,221.54166,0.747,1.964655,1.9,61.548720427774334,Poor
2870,KODUMUDI,CWC,33,Tamil Nadu,573,Erode,ERODE,-,-,Cauvery,Cauvery,-,-,-,Cauvery,11.08,77.89,01-06-2005 09:00,708.0,Clear,odour free,31.5,0.0,40.08,159.57,6.7,177.8,24.31,73.8,8.11,23.05,145.7377,201.49167,3.28,2.269724,1.4,59.3573854660451,Poor
2871,KODUMUDI,CWC,33,Tamil Nadu,573,Erode,ERODE,-,-,Cauvery,Cauvery,-,-,-,Cauvery,11.08,77.89,01-07-2005 09:30,624.0,Clear,odour free,30.0,0.0,36.87,70.92,6.9,212.37,14.58,65.5,8.05,20.4,174.07376,152.925,3.66,2.3110092,1.6,59.786983894479164,Poor
2872,KODUMUDI,CWC,33,Tamil Nadu,573,Erode,ERODE,-,-,Cauvery,Cauvery,-,-,-,Cauvery,11.08,77.89,01-08-2005 10:00,390.0,Clear,odour free,30.0,0.0,25.65,33.82,7.1,163.42,15.56,36.9,7.96,13.32,133.95082,128.95833,0.703,1.4185575,1.9,58.38122177082837,Poor
2873,KODUMUDI,CWC,33,Tamil Nadu,573,Erode,ERODE,-,-,Cauvery,Cauvery,-,-,-,Cauvery,11.08,77.89,01-09-2005 10:00,196.0,Light Brown,odour free,29.0,0.0,16.03,17.47,6.4,78.39,7.78,13.4,7.67,6.79,64.2541,72.49167,0.818,0.6868732,2.3,61.15696971740028,Poor
2874,KODUMUDI,CWC,33,Tamil Nadu,573,Erode,ERODE,-,-,Cauvery,Cauvery,-,-,-,Cauvery,11.08,77.89,01-10-2005 10:00,265.0,Clear,odour free,30.0,0.0,20.41,22.64,6.6,99.87,8.84,19.8,7.74,5.97,81.86066,87.85834,1.99,0.921774,3.7,82.02889991972278,Very Poor
2875,KODUMUDI,CWC,33,Tamil Nadu,573,Erode,ERODE,-,-,Cauvery,Cauvery,-,-,-,Cauvery,11.08,77.89,02-11-2005 10:45,231.0,Light Brown,odour free,29.5,8.0,25.65,36.19,6.6,113.87,16.53,29.8,8.35,21.5,106.6694,133.0,1.91,1.1281606,3.6,87.86568988745292,Very Poor
2876,KODUMUDI,CWC,33,Tamil Nadu,573,Erode,ERODE,-,-,Cauvery,Cauvery,-,-,-,Cauvery,11.08,77.89,01-12-2005 09:30,433.0,Clear,odour free,28.0,0.0,30.61,32.14,6.9,150.47,13.26,34.7,8.16,22.98,123.33607,131.77501,2.88,1.3190578,3.0,78.100601364713,Very Poor
2877,KODUMUDI,CWC,33,Tamil Nadu,573,Erode,ERODE,-,-,Cauvery,Cauvery,-,-,-,Cauvery,11.08,77.89,02-01-2006 09:30,436.0,Clear,odour free,28.5,0.0,27.25,33.0,6.9,212.59,24.31,37.0,8.13,17.32,174.25409,169.41667,2.18,1.2416258,1.8,62.43009256283085,Poor
2878,KODUMUDI,CWC,33,Tamil Nadu,573,Erode,ERODE,-,-,Cauvery,Cauvery,-,-,-,Cauvery,11.08,77.89,01-02-2006 08:35,590.0,Clear,odour free,28.0,23.76,40.08,49.56,7.2,202.93,22.36,56.0,8.31,24.0,205.93607,193.36667,2.49,1.7578982,1.3,57.30948214069977,Poor
2879,KODUMUDI,CWC,33,Tamil Nadu,573,Erode,ERODE,-,-,Cauvery,Cauvery,-,-,-,Cauvery,11.08,77.89,01-03-2006 08:30,674.0,Clear,odour free,28.5,0.0,33.67,63.14,6.5,246.42,24.3,60.2,8.24,24.83,201.98361,185.42499,1.26,1.93045,2.0,66.51155703260369,Poor
2880,KODUMUDI,CWC,33,Tamil Nadu,573,Erode,ERODE,-,-,Cauvery,Cauvery,-,-,-,Cauvery,11.08,77.89,01-04-2006 08:50,638.0,Clear,odour free,31.0,0.0,30.46,53.32,6.0,245.2,25.28,54.8,8.11,21.22,200.9836,181.48334,2.27,1.7765951,1.3,58.30776853569555,Poor
2881,KODUMUDI,CWC,33,Tamil Nadu,573,Erode,ERODE,-,-,Cauvery,Cauvery,-,-,-,Cauvery,11.08,77.89,01-05-2006 08:45,625.0,Clear,odour free,31.0,0.0,30.46,49.08,6.5,230.78,21.39,53.9,8.22,21.71,189.16394,165.275,0.702,1.8306931,2.2,67.7231524595832,Poor
2882,KODUMUDI,CWC,33,Tamil Nadu,573,Erode,ERODE,-,-,Cauvery,Cauvery,-,-,-,Cauvery,11.08,77.89,01-06-2006 08:45,581.0,Clear,odour free,29.0,23.42,27.25,54.35,6.6,195.2,28.19,58.3,8.3,22.98,199.03333,185.58333,1.34,1.8695964,1.9,65.92136926295963,Poor
2883,KODUMUDI,CWC,33,Tamil Nadu,573,Erode,ERODE,-,-,Cauvery,Cauvery,-,-,-,Cauvery,11.08,77.89,01-07-2006 09:30,471.0,Clear,odour free,29.0,0.0,24.05,31.79,6.1,212.59,19.44,41.6,8.1,19.81,174.25409,141.125,1.1,1.5293349,1.9,63.41645459905097,Poor
2884,KODUMUDI,CWC,33,Tamil Nadu,573,Erode,ERODE,-,-,Cauvery,Cauvery,-,-,-,Cauvery,11.08,77.89,01-08-2006 10:00,307.0,Clear,odour free,28.0,0.0,20.84,21.33,6.8,136.54,10.69,23.0,7.94,9.35,111.91803,96.64166,1.77,1.021159,2.0,60.58890060267538,Poor
2885,KODUMUDI,CWC,33,Tamil Nadu,573,Erode,ERODE,-,-,Cauvery,Cauvery,-,-,-,Cauvery,11.08,77.89,01-09-2006 10:00,235.0,Clear,odour free,29.0,0.0,17.64,16.32,6.8,102.74,7.78,14.0,8.12,5.66,84.21311,76.51666,1.04,0.698411,2.4,66.16277221155833,Poor
2886,KODUMUDI,CWC,33,Tamil Nadu,573,Erode,ERODE,-,-,Cauvery,Cauvery,-,-,-,Cauvery,11.08,77.89,03-10-2006 10:00,321.0,Clear,odour free,29.0,0.0,24.05,27.14,6.1,126.42,10.69,23.2,7.8,12.11,103.62295,104.666664,4.63,0.98957634,1.9,63.243474687673874,Poor
2887,KODUMUDI,CWC,33,Tamil Nadu,573,Erode,ERODE,-,-,Cauvery,Cauvery,-,-,-,Cauvery,11.08,77.89,01-11-2006 10:00,550.0,Clear,odour free,28.5,0.0,35.27,34.85,6.6,177.0,15.56,36.4,7.71,38.77,145.08197,153.00833,5.03,1.2841184,2.1,65.62932380140526,Poor
2888,KODUMUDI,CWC,33,Tamil Nadu,573,Erode,ERODE,-,-,Cauvery,Cauvery,-,-,-,Cauvery,11.08,77.89,01-12-2006 09:30,632.0,Clear,odour free,28.0,0.0,40.08,47.69,6.2,240.09,22.36,53.0,7.96,54.41,196.79507,193.36667,,1.663725,2.4,68.39406506867282,Poor
2889,KODUMUDI,CWC,33,Tamil Nadu,573,Erode,ERODE,-,-,Cauvery,Cauvery,-,-,-,Cauvery,11.08,77.89,02-01-2007 09:30,433.0,Clear,odour free,26.0,0.0,35.27,32.72,6.4,213.65,16.53,37.0,8.11,15.97,175.12294,157.05,2.61,1.2884824,1.1,53.6529784487418,Poor
2890,KODUMUDI,CWC,33,Tamil Nadu,573,Erode,ERODE,-,-,Cauvery,Cauvery,-,-,-,Cauvery,11.08,77.89,01-02-2007 09:15,515.0,Clear,odour free,27.0,0.0,36.87,46.14,6.2,229.36,19.44,51.3,8.25,22.55,188.0,173.175,2.77,1.7015256,1.1,56.29954166070549,Poor
2891,KODUMUDI,CWC,33,Tamil Nadu,573,Erode,ERODE,-,-,Cauvery,Cauvery,-,-,-,Cauvery,11.08,77.89,01-03-2007 09:15,522.0,Clear,odour free,27.0,0.0,33.67,72.91,6.2,218.51,16.53,69.6,8.13,21.34,179.10655,153.05,2.94,2.455359,0.9,52.21314637778785,Poor
2892,KODUMUDI,CWC,33,Tamil Nadu,573,Erode,ERODE,-,-,Cauvery,Cauvery,-,-,-,Cauvery,11.08,77.89,02-04-2007 09:15,515.0,Clear,odour free,30.0,0.0,28.86,41.57,6.4,201.08,17.5,44.6,7.81,18.41,164.81967,145.06667,2.44,1.6165757,0.4,41.10337789157009,Good
2893,KODUMUDI,CWC,33,Tamil Nadu,573,Erode,ERODE,-,-,Cauvery,Cauvery,-,-,-,Cauvery,11.08,77.89,01-05-2007 09:15,620.0,Clear,odour free,31.5,0.0,28.86,54.89,6.2,219.6,17.5,58.0,7.97,16.85,180.0,145.06667,3.99,2.1022735,0.7,49.18840827153576,Good
2894,KODUMUDI,CWC,33,Tamil Nadu,573,Erode,ERODE,-,-,Cauvery,Cauvery,-,-,-,Cauvery,11.08,77.89,01-06-2007 09:15,610.0,Clear,odour free,30.5,0.0,32.06,45.24,6.3,209.84,17.5,52.8,8.16,26.58,172.0,153.06667,3.77,1.862848,1.1,55.948160008226445,Poor
2895,KODUMUDI,CWC,33,Tamil Nadu,573,Erode,ERODE,-,-,Cauvery,Cauvery,-,-,-,Cauvery,11.08,77.89,02-07-2007 09:15,598.0,Clear,odour free,28.0,0.0,35.27,66.31,6.2,230.51,19.44,65.0,8.14,27.91,188.94261,169.175,3.91,2.1813972,0.8,52.64089488312111,Poor
2896,KODUMUDI,CWC,33,Tamil Nadu,573,Erode,ERODE,-,-,Cauvery,Cauvery,-,-,-,Cauvery,11.08,77.89,01-08-2007 09:30,239.0,Clear,odour free,27.0,0.0,20.84,21.99,6.4,112.24,9.72,18.4,7.83,8.45,92.0,92.6,3.35,0.83445954,0.6,43.33470660657797,Good
2897,KODUMUDI,CWC,33,Tamil Nadu,573,Erode,ERODE,-,-,Cauvery,Cauvery,-,-,-,Cauvery,11.08,77.89,01-09-2007 09:30,228.0,Clear,odour free,27.5,0.0,17.64,20.3,6.3,87.4,9.72,18.0,7.9,7.05,71.63934,84.6,2.31,0.85423356,0.5,41.475025136709746,Good
2898,KODUMUDI,CWC,33,Tamil Nadu,573,Erode,ERODE,-,-,Cauvery,Cauvery,-,-,-,Cauvery,11.08,77.89,03-10-2007 10:00,307.0,Clear,odour free,28.0,0.0,19.24,17.99,6.4,108.44,6.81,18.4,7.83,6.89,88.88525,76.475,2.52,0.91790277,0.9,45.88382908599202,Good
2899,KODUMUDI,CWC,33,Tamil Nadu,573,Erode,ERODE,-,-,Cauvery,Cauvery,-,-,-,Cauvery,11.08,77.89,01-11-2007 10:00,312.0,Clear,odour free,28.0,0.0,20.84,20.4,6.6,127.52,9.72,21.4,8.0,6.62,104.52459,92.6,2.86,0.97051275,3.4,81.72968132063998,Very Poor
2900,KODUMUDI,CWC,33,Tamil Nadu,573,Erode,ERODE,-,-,Cauvery,Cauvery,-,-,-,Cauvery,11.08,77.89,01-12-2007 09:30,364.0,Clear,odour free,27.0,0.0,28.86,26.8,6.7,181.47,14.58,29.3,8.01,15.13,148.7459,132.9,1.54,1.1092874,0.6,43.28504039097397,Good
2901,KODUMUDI,CWC,33,Tamil Nadu,573,Erode,ERODE,-,-,Cauvery,Cauvery,-,-,-,Cauvery,11.08,77.89,01-01-2008 09:00,809.0,Clear,odour free,26.5,24.36,52.1,80.74,6.6,267.53,29.17,80.6,8.57,46.75,259.88687,251.79166,3.08,2.2172413,2.2,75.92586488566458,Very Poor
2902,KODUMUDI,CWC,33,Tamil Nadu,573,Erode,ERODE,-,-,Cauvery,Cauvery,-,-,-,Cauvery,11.08,77.89,01-02-2008 09:00,566.0,Clear,odour free,28.0,0.0,35.27,44.43,6.5,221.82,17.5,44.2,8.19,23.18,181.81967,161.09167,1.54,1.5198975,0.4,43.64054160546521,Good
2903,KODUMUDI,CWC,33,Tamil Nadu,573,Erode,ERODE,-,-,Cauvery,Cauvery,-,-,-,Cauvery,11.08,77.89,01-03-2008 09:00,512.0,Clear,odour free,27.5,0.0,64.13,55.54,6.6,271.03,17.5,54.2,8.16,21.76,222.15573,233.24165,1.96,1.5477434,1.3,56.78331179240785,Poor
2904,KODUMUDI,CWC,33,Tamil Nadu,573,Erode,ERODE,-,-,Cauvery,Cauvery,-,-,-,Cauvery,11.08,77.89,01-04-2008 09:00,852.0,Clear,odour free,28.5,0.0,43.29,102.94,6.7,291.74,25.28,96.6,8.13,70.99,239.13113,213.55833,1.92,2.8856387,1.4,58.528017593034164,Poor
2905,KODUMUDI,CWC,33,Tamil Nadu,573,Erode,ERODE,-,-,Cauvery,Cauvery,-,-,-,Cauvery,11.08,77.89,01-05-2008 09:00,549.0,Clear,odour free,31.0,0.0,28.86,50.23,6.6,204.91,17.5,51.5,8.05,26.17,167.95901,145.06667,1.58,1.8666738,0.4,41.912742632775384,Good
2906,KODUMUDI,CWC,33,Tamil Nadu,573,Erode,ERODE,-,-,Cauvery,Cauvery,-,-,-,Cauvery,11.08,77.89,02-06-2008 08:00,510.0,Clear,odour free,31.0,0.0,32.06,57.68,6.6,198.42,16.53,54.2,8.26,29.78,162.63934,149.02501,1.86,1.9378514,0.8,49.626553705271284,Good
2907,KODUMUDI,CWC,33,Tamil Nadu,573,Erode,ERODE,-,-,Cauvery,Cauvery,-,-,-,Cauvery,11.08,77.89,01-07-2008 08:00,456.0,Clear,odour free,29.0,0.0,25.65,30.76,6.3,200.62,16.53,35.3,8.04,9.9,164.44261,133.0,1.57,1.3363781,1.8,61.09260214542896,Poor
2908,KODUMUDI,CWC,33,Tamil Nadu,573,Erode,ERODE,-,-,Cauvery,Cauvery,-,-,-,Cauvery,11.08,77.89,01-08-2008 08:00,452.0,Clear,odour free,30.0,0.0,25.65,32.68,6.4,213.84,17.5,38.4,8.24,12.51,175.27869,137.04167,1.39,1.4322491,1.8,62.725112282416895,Poor
2909,KODUMUDI,CWC,33,Tamil Nadu,573,Erode,ERODE,-,-,Cauvery,Cauvery,-,-,-,Cauvery,11.08,77.89,01-09-2008 08:00,301.0,Clear,odour free,29.0,0.0,24.05,25.11,6.4,133.33,8.75,24.5,8.0,13.74,109.28689,96.58333,2.46,1.0875984,1.1,50.67688720770344,Poor
2910,KODUMUDI,CWC,33,Tamil Nadu,573,Erode,ERODE,-,-,Cauvery,Cauvery,-,-,-,Cauvery,11.08,77.89,03-10-2008 08:00,360.0,Clear,odour free,29.0,0.0,25.65,27.99,6.6,153.01,11.66,25.5,8.03,4.7,125.41803,112.70833,,1.0481911,0.7,42.57016536077065,Good
2911,KODUMUDI,CWC,33,Tamil Nadu,573,Erode,ERODE,-,-,Cauvery,Cauvery,-,-,-,Cauvery,11.08,77.89,01-11-2008 08:00,466.0,Clear,odour free,28.5,0.0,33.66,36.99,6.5,205.76,20.41,38.3,6.96,40.3,168.65573,169.19167,,1.2854474,1.8,49.310214145484615,Good
2912,KODUMUDI,CWC,33,Tamil Nadu,573,Erode,ERODE,-,-,Cauvery,Cauvery,-,-,-,Cauvery,11.08,77.89,01-12-2008 08:00,878.0,Clear,odour free,28.0,0.0,57.71,75.98,6.4,390.42,31.11,68.5,8.25,15.13,320.01642,273.9,0.384,1.8066379,0.9,53.03126050876691,Poor
2913,KODUMUDI,CWC,33,Tamil Nadu,573,Erode,ERODE,-,-,Cauvery,Cauvery,-,-,-,Cauvery,11.08,77.89,01-01-2009 08:00,475.0,Clear,odour free,25.5,0.0,40.0,35.6,6.4,216.0,12.6,44.1,8.2,32.0,177.04918,152.5,,1.5576862,1.3,53.68127308049978,Poor
2914,KODUMUDI,CWC,33,Tamil Nadu,573,Erode,ERODE,-,-,Cauvery,Cauvery,-,-,-,Cauvery,11.08,77.89,02-02-2009 08:00,480.0,Clear,odour free,27.0,0.0,46.4,49.5,6.0,250.0,15.6,54.2,8.16,47.0,204.91803,181.0,0.207,1.757401,1.3,55.38360791704421,Poor
2915,KODUMUDI,CWC,33,Tamil Nadu,573,Erode,ERODE,-,-,Cauvery,Cauvery,-,-,-,Cauvery,11.08,77.89,02-03-2009 08:00,473.0,Clear,odour free,29.0,0.0,33.6,55.4,6.6,221.0,22.4,52.3,8.16,39.0,181.14754,177.33333,0.393,1.7147732,0.5,43.81976968203062,Good
2916,KODUMUDI,CWC,33,Tamil Nadu,573,Erode,ERODE,-,-,Cauvery,Cauvery,-,-,-,Cauvery,11.08,77.89,01-04-2009 08:00,475.0,,,,0.0,49.6,61.3,7.0,216.0,14.6,66.0,8.15,42.6,177.04918,184.83333,1.23,2.1173608,0.9,48.50014942752794,Good
2917,KODUMUDI,CWC,33,Tamil Nadu,573,Erode,ERODE,-,-,Cauvery,Cauvery,-,-,-,Cauvery,11.08,77.89,01-05-2009 08:00,497.0,Clear,odour free,31.5,0.0,30.4,59.4,6.6,250.0,24.3,68.0,8.18,38.4,204.91803,177.25,0.939,2.2305949,2.0,65.257069892659,Poor
2918,KODUMUDI,CWC,33,Tamil Nadu,573,Erode,ERODE,-,-,Cauvery,Cauvery,-,-,-,Cauvery,11.08,77.89,01-06-2009 09:00,580.0,Clear,odour free,30.5,0.0,38.4,85.4,6.8,250.0,25.3,65.5,7.82,53.0,204.91803,201.41667,0.844,2.0150552,1.3,52.21620163694025,Poor
2919,KODUMUDI,CWC,33,Tamil Nadu,573,Erode,ERODE,-,-,Cauvery,Cauvery,-,-,-,Cauvery,11.08,77.89,01-07-2009 09:00,627.0,Clear,odour free,29.0,0.0,30.4,90.8,6.8,219.4,24.3,69.7,8.2,59.099,179.83606,177.25,0.602,2.2863595,0.3,41.620856784221154,Good
2920,KODUMUDI,CWC,33,Tamil Nadu,573,Erode,ERODE,-,-,Cauvery,Cauvery,-,-,-,Cauvery,11.08,77.89,01-08-2009 09:30,404.0,Clear,odour free,29.0,0.0,22.4,33.5,7.0,161.0,14.6,28.6,7.77,12.7,131.96721,116.833336,0.993,1.1552334,0.7,40.69076938055383,Good
2921,KODUMUDI,CWC,33,Tamil Nadu,573,Erode,ERODE,-,-,Cauvery,Cauvery,-,-,-,Cauvery,11.08,77.89,01-09-2009 09:30,242.0,Clear,odour free,28.0,0.0,19.2,22.7,6.8,122.0,10.7,18.5,7.87,1.0,100.0,92.583336,1.49,0.83926904,2.4,64.86295989333462,Poor
2922,KODUMUDI,CWC,33,Tamil Nadu,573,Erode,ERODE,-,-,Cauvery,Cauvery,-,-,-,Cauvery,11.08,77.89,01-10-2009 09:30,390.0,Clear,odour free,27.5,0.0,27.2,25.8,6.8,144.0,11.6,22.1,7.72,1.5,118.03278,116.333336,0.828,0.89409196,0.8,41.45610090586104,Good
2923,KODUMUDI,CWC,33,Tamil Nadu,573,Erode,ERODE,-,-,Cauvery,Cauvery,-,-,-,Cauvery,11.08,77.89,03-11-2009 09:15,570.0,Clear,odour free,27.5,0.0,41.6,46.2,6.6,228.4,18.4,40.4,8.56,38.8,187.2131,180.66666,1.32,1.311611,0.9,53.77863964423673,Poor
2924,KODUMUDI,CWC,33,Tamil Nadu,573,Erode,ERODE,-,-,Cauvery,Cauvery,-,-,-,Cauvery,11.08,77.89,01-12-2009 09:00,655.0,Clear,odour free,27.5,0.0,42.0,64.4,6.6,235.2,17.5,55.5,8.22,51.5,192.78688,177.91667,1.73,1.8155724,0.6,47.00089598832404,Good
2925,KODUMUDI,CWC,33,Tamil Nadu,573,Erode,ERODE,-,-,Cauvery,Cauvery,-,-,-,Cauvery,11.08,77.89,01-01-2010 09:00,425.0,Clear,odour free,26.5,0.0,33.6,36.2,6.4,207.0,16.5,34.5,8.03,24.0,169.67213,152.75,2.49,1.2182912,1.6,59.45337144296342,Poor
2926,KODUMUDI,CWC,33,Tamil Nadu,573,Erode,ERODE,-,-,Cauvery,Cauvery,-,-,-,Cauvery,11.08,77.89,01-02-2010 08:45,430.0,Clear,odour free,25.0,0.0,33.6,43.5,6.2,225.4,20.4,37.2,8.15,30.0,184.75409,169.0,0.79,1.2492385,2.1,66.45643361966873,Poor
2927,KODUMUDI,CWC,33,Tamil Nadu,573,Erode,ERODE,-,-,Cauvery,Cauvery,-,-,-,Cauvery,11.08,77.89,01-03-2010 09:00,514.0,Clear,odour free,26.0,0.0,32.0,56.8,6.4,220.5,19.4,48.4,8.1,36.0,180.7377,160.83333,1.69,1.6661046,1.0,51.5800607164147,Poor
2928,KODUMUDI,CWC,33,Tamil Nadu,573,Erode,ERODE,-,-,Cauvery,Cauvery,-,-,-,Cauvery,11.08,77.89,01-04-2010 09:15,568.0,Clear,odour free,30.0,0.0,28.857,87.92,6.2,204.96,23.333,59.4,8.1,31.7,168.0,169.36334,1.74,1.9933714,0.9,51.33088911846058,Poor
2929,KODUMUDI,CWC,33,Tamil Nadu,573,Erode,ERODE,-,-,Cauvery,Cauvery,-,-,-,Cauvery,11.08,77.89,01-05-2010 09:30,449.0,Clear,odour free,30.0,14.4,24.05,56.72,6.6,161.04,22.36,42.6,8.25,26.47,156.0,153.29167,0.868,1.5029359,0.4,43.4768912424293,Good
2930,KODUMUDI,CWC,33,Tamil Nadu,573,Erode,ERODE,-,-,Cauvery,Cauvery,-,-,-,Cauvery,11.08,77.89,01-06-2010 09:00,395.0,Clear,odour free,30.0,24.0,36.87,62.39,6.4,126.88,15.56,44.8,8.35,27.4,144.0,157.00833,0.98,1.5601012,1.2,55.23397760364506,Poor
2931,KODUMUDI,CWC,33,Tamil Nadu,573,Erode,ERODE,-,-,Cauvery,Cauvery,-,-,-,Cauvery,11.08,77.89,01-07-2010 09:00,442.0,Clear,odour free,30.0,0.0,33.67,82.24,6.4,214.72,24.31,48.5,8.15,15.3,176.0,185.46666,7.36,1.5550889,0.6,54.290340100863176,Poor
2932,KODUMUDI,CWC,33,Tamil Nadu,573,Erode,ERODE,-,-,Cauvery,Cauvery,-,-,-,Cauvery,11.08,77.89,02-08-2010 09:30,378.0,Clear,odour free,28.0,0.0,27.25,51.05,6.6,209.84,21.39,37.8,7.87,13.1,172.0,157.25,5.48,1.3164093,1.3,57.55054934268047,Poor
2933,KODUMUDI,CWC,33,Tamil Nadu,573,Erode,ERODE,-,-,Cauvery,Cauvery,-,-,-,Cauvery,11.08,77.89,01-09-2010 08:45,323.0,Clear,odour free,29.0,0.0,27.25,49.56,6.6,161.04,15.56,35.4,7.65,11.51,132.0,132.95833,5.4,1.3401566,2.6,71.91932793031778,Poor
2934,KODUMUDI,CWC,33,Tamil Nadu,573,Erode,ERODE,-,-,Cauvery,Cauvery,-,-,-,Cauvery,11.08,77.89,01-10-2010 09:30,339.0,Clear,odour free,29.5,0.0,27.25,42.95,6.2,165.92,13.61,29.6,7.71,11.88,136.0,124.83333,4.73,1.1562687,1.7,60.22488919138569,Poor
2935,KODUMUDI,CWC,33,Tamil Nadu,573,Erode,ERODE,-,-,Cauvery,Cauvery,-,-,-,Cauvery,11.08,77.89,01-11-2010 08:00,444.0,Clear,odour free,28.5,0.0,38.48,62.77,6.4,234.14,19.44,47.7,7.81,23.35,191.91803,177.2,7.34,1.5639595,1.6,63.98862739818303,Poor
2936,KODUMUDI,CWC,33,Tamil Nadu,573,Erode,ERODE,-,-,Cauvery,Cauvery,-,-,-,Cauvery,11.08,77.89,01-12-2010 09:00,784.0,Clear,odour free,27.5,0.0,64.13,105.73,6.6,375.76,35.0,81.0,8.05,58.76,308.0,306.15833,10.2,2.0206716,1.0,64.85463672743099,Poor
2937,KODUMUDI,CWC,33,Tamil Nadu,573,Erode,ERODE,-,-,Cauvery,Cauvery,-,-,-,Cauvery,11.08,77.89,01-01-2011 08:00,485.0,Clear,odour free,26.0,0.0,46.49,66.08,6.4,229.36,22.36,50.6,8.24,34.53,188.0,209.39168,2.5,1.5260944,0.6,49.39721912187833,Good
2938,KODUMUDI,CWC,33,Tamil Nadu,573,Erode,ERODE,-,-,Cauvery,Cauvery,-,-,-,Cauvery,11.08,77.89,01-02-2011 08:30,449.0,Clear,odour free,26.5,24.0,33.67,59.47,6.2,180.56,24.31,45.5,8.31,19.72,188.0,185.46666,1.15,1.4588978,1.2,56.875319944123866,Poor
2939,KODUMUDI,CWC,33,Tamil Nadu,573,Erode,ERODE,-,-,Cauvery,Cauvery,-,-,-,Cauvery,11.08,77.89,01-03-2011 09:00,532.0,Clear,odour free,28.0,24.0,46.49,69.47,6.6,190.32,14.58,52.6,8.3,17.46,196.0,176.975,1.46,1.7246611,0.9,51.0895253588631,Poor
2940,KODUMUDI,CWC,33,Tamil Nadu,573,Erode,ERODE,-,-,Cauvery,Cauvery,-,-,-,Cauvery,11.08,77.89,01-04-2011 09:00,452.0,Clear,odour free,30.0,0.0,38.48,82.7,6.4,209.84,16.53,54.2,8.08,18.66,172.0,165.075,1.72,1.8407922,0.6,45.77156991670244,Good
2941,KODUMUDI,CWC,33,Tamil Nadu,573,Erode,ERODE,-,-,Cauvery,Cauvery,-,-,-,Cauvery,11.08,77.89,02-05-2011 09:00,590.0,Clear,odour free,32.0,0.0,43.29,84.99,6.6,244.0,18.47,63.5,8.16,31.84,200.0,185.18333,2.33,2.0361748,2.1,67.63036328011988,Poor
2942,KODUMUDI,CWC,33,Tamil Nadu,573,Erode,ERODE,-,-,Cauvery,Cauvery,-,-,-,Cauvery,11.08,77.89,01-06-2011 09:00,418.0,Clear,odour free,31.0,0.0,38.78,59.81,6.4,197.74,17.5,41.4,7.39,22.5,162.08197,169.86667,0.806,1.3861824,0.8,40.82968185416567,Good
2943,KODUMUDI,CWC,33,Tamil Nadu,573,Erode,ERODE,-,-,Cauvery,Cauvery,-,-,-,Cauvery,11.08,77.89,01-07-2011 09:30,313.0,Clear,odour free,30.0,26.29,24.05,37.78,6.2,106.89,15.56,29.0,8.39,12.36,131.43143,124.958336,0.787,1.1326563,3.5,86.4062284761235,Very Poor
2944,KODUMUDI,CWC,33,Tamil Nadu,573,Erode,ERODE,-,-,Cauvery,Cauvery,-,-,-,Cauvery,11.08,77.89,01-08-2011 09:30,277.0,Clear,odour free,30.0,0.0,24.05,34.628,6.4,133.6,11.66,25.6,7.87,9.87,109.5082,108.70833,0.878,1.071578,2.4,65.51827008222456,Poor
2945,KODUMUDI,CWC,33,Tamil Nadu,573,Erode,ERODE,-,-,Cauvery,Cauvery,-,-,-,Cauvery,11.08,77.89,02-09-2011 10:00,243.0,Clear,odour free,28.0,0.0,19.24,31.48,6.6,122.9,10.69,22.4,7.64,8.49,100.73771,92.64166,0.382,1.015872,0.8,40.263011572837684,Good
2946,KODUMUDI,CWC,33,Tamil Nadu,573,Erode,ERODE,-,-,Cauvery,Cauvery,-,-,-,Cauvery,11.08,77.89,01-10-2011 09:30,167.0,Clear,odour free,29.0,0.0,17.64,25.18,6.4,74.82,4.86,18.5,7.01,7.25,61.32787,64.35,0.549,1.0057846,1.8,47.41577745143625,Good
2947,KODUMUDI,CWC,33,Tamil Nadu,573,Erode,ERODE,-,-,Cauvery,Cauvery,-,-,-,Cauvery,11.08,77.89,01-11-2011 09:00,445.0,Clear,odour free,29.0,0.0,44.89,62.96,6.2,197.74,15.56,44.4,7.8,29.1,162.08197,177.05833,0.495,1.4556336,0.6,42.094912511723656,Good
2948,KODUMUDI,CWC,33,Tamil Nadu,573,Erode,ERODE,-,-,Cauvery,Cauvery,-,-,-,Cauvery,11.08,77.89,01-12-2011 09:30,515.0,Clear,odour free,27.5,0.0,48.1,72.4,6.4,213.78,19.44,54.2,7.92,35.82,175.2295,201.25,0.501,1.6670289,0.8,46.22201486917195,Good
2949,KODUMUDI,CWC,33,Tamil Nadu,573,Erode,ERODE,-,-,Cauvery,Cauvery,-,-,-,Cauvery,11.08,77.89,02-01-2012 08:00,473.0,Clear,odour free,26.0,0.0,36.87,59.81,6.2,224.46,22.36,46.3,8.07,27.07,183.98361,185.34166,0.359,1.484703,0.6,45.33694365313081,Good
2950,KODUMUDI,CWC,33,Tamil Nadu,573,Erode,ERODE,-,-,Cauvery,Cauvery,-,-,-,Cauvery,11.08,77.89,01-02-2012 08:00,332.0,Clear,odour free,26.5,0.0,28.86,44.07,6.4,165.68,17.5,30.7,7.4,12.4,135.80327,145.06667,0.415,1.1127551,0.6,37.27890884996901,Good
2951,KODUMUDI,CWC,33,Tamil Nadu,573,Erode,ERODE,-,-,Cauvery,Cauvery,-,-,-,Cauvery,11.08,77.89,01-03-2012 09:00,380.0,Clear,odour free,28.0,0.0,25.65,59.81,6.2,176.37,21.39,40.0,8.02,17.66,144.56557,153.25,0.454,1.4112006,1.3,53.790157641637656,Poor
2952,KODUMUDI,CWC,33,Tamil Nadu,573,Erode,ERODE,-,-,Cauvery,Cauvery,-,-,-,Cauvery,11.08,77.89,02-04-2012 09:00,350.0,Clear,odour free,30.5,0.0,25.65,50.37,6.2,165.68,17.5,38.0,7.83,16.2,135.80327,137.04167,0.306,1.4173298,1.4,52.517138518368384,Poor
2953,KODUMUDI,CWC,33,Tamil Nadu,573,Erode,ERODE,-,-,Cauvery,Cauvery,-,-,-,Cauvery,11.08,77.89,01-05-2012 09:00,344.0,Clear,odour free,32.0,0.0,22.44,50.37,6.4,144.3,17.5,37.1,8.01,15.6,118.278694,129.01666,0.408,1.4264014,0.3,38.8361295158329,Good
2954,KODUMUDI,CWC,33,Tamil Nadu,573,Erode,ERODE,-,-,Cauvery,Cauvery,-,-,-,Cauvery,11.08,77.89,01-06-2012 09:00,510.0,Clear,odour free,30.5,0.0,33.67,66.11,6.2,219.12,20.42,50.0,7.92,21.64,179.60655,169.25833,0.286,1.6777997,1.3,52.891373333651266,Poor
2955,KODUMUDI,CWC,33,Tamil Nadu,573,Erode,ERODE,-,-,Cauvery,Cauvery,-,-,-,Cauvery,11.08,77.89,02-07-2012 09:00,505.0,Clear,odour free,29.0,0.0,35.27,69.26,6.2,224.46,20.42,52.1,8.18,21.9,183.98361,173.25833,0.336,1.7278607,1.5,58.20752293107285,Poor
2956,KODUMUDI,CWC,33,Tamil Nadu,573,Erode,ERODE,-,-,Cauvery,Cauvery,-,-,-,Cauvery,11.08,77.89,01-08-2012 09:00,457.0,Clear,odour free,29.0,0.0,38.48,62.96,6.4,197.74,15.56,47.8,7.9,20.46,162.08197,161.03334,0.25,1.6435468,1.2,50.14868666503728,Poor
2957,KODUMUDI,CWC,33,Tamil Nadu,573,Erode,ERODE,-,-,Cauvery,Cauvery,-,-,-,Cauvery,11.08,77.89,01-09-2012 09:00,381.0,Clear,odour free,30.0,0.0,33.67,55.86,6.2,160.23,8.75,40.1,8.1,17.0,131.33606,120.63333,0.28,1.5921693,0.8,45.902338131487745,Good
2958,KODUMUDI,CWC,33,Tamil Nadu,573,Erode,ERODE,-,-,Cauvery,Cauvery,-,-,-,Cauvery,11.08,77.89,01-10-2012 09:30,237.0,Clear,odour free,29.0,0.0,22.44,38.67,6.2,97.11,3.89,29.7,7.95,10.43,79.59836,72.308334,0.311,1.5225073,2.6,67.53447034078086,Poor
2959,KODUMUDI,CWC,33,Tamil Nadu,573,Erode,ERODE,-,-,Cauvery,Cauvery,-,-,-,Cauvery,11.08,77.89,01-11-2012 09:00,473.0,Clear,odour free,25.5,0.0,32.06,55.86,6.4,194.22,18.47,42.1,8.09,22.37,159.19672,157.10834,0.59,1.466215,1.6,57.98838434872113,Poor
2960,KODUMUDI,CWC,33,Tamil Nadu,573,Erode,ERODE,-,-,Cauvery,Cauvery,-,-,-,Cauvery,11.08,77.89,01-12-2012 09:00,384.0,Clear,odour free,27.0,0.0,28.86,47.26,6.2,165.09,15.56,32.6,8.23,12.66,135.31967,136.98334,0.14,1.215795,1.7,59.958251858497455,Poor
2961,KODUMUDI,CWC,33,Tamil Nadu,573,Erode,ERODE,-,-,Cauvery,Cauvery,-,-,-,Cauvery,11.08,77.89,01-01-2013 09:00,469.0,Clear,odour free,26.0,0.0,35.27,60.15,6.4,194.22,18.47,41.8,7.85,16.67,159.19672,165.13333,0.311,1.4197721,1.7,56.79489038680115,Poor
2962,KODUMUDI,CWC,33,Tamil Nadu,573,Erode,ERODE,-,-,Cauvery,Cauvery,-,-,-,Cauvery,11.08,77.89,01-02-2013 08:45,565.0,Clear,odour free,26.0,0.0,40.08,77.34,6.4,237.92,26.25,53.1,7.79,24.11,195.01639,209.57501,0.014,1.6014546,3.1,76.27309733018583,Very Poor
2963,KODUMUDI,CWC,33,Tamil Nadu,573,Erode,ERODE,-,-,Cauvery,Cauvery,-,-,-,Cauvery,11.08,77.89,01-03-2013 08:00,650.0,Clear,odour free,27.5,0.0,38.48,107.41,6.2,223.36,20.42,74.1,7.79,31.58,183.08197,181.28333,0.266,2.4021864,5.0,101.96408901433865,Unsuitable
2964,KODUMUDI,CWC,33,Tamil Nadu,573,Erode,ERODE,-,-,Cauvery,Cauvery,-,-,-,Cauvery,11.08,77.89,01-04-2013 09:15,667.0,Clear,odour free,28.0,0.0,32.06,98.82,6.4,252.49,25.28,75.1,8.14,26.56,206.95901,185.48334,0.107,2.4081557,1.7,60.5878923241849,Poor
2965,KODUMUDI,CWC,33,Tamil Nadu,573,Erode,ERODE,-,-,Cauvery,Cauvery,-,-,-,Cauvery,11.08,77.89,01-07-2013 09:00,1206.0,Clear,odour free,28.0,23.88,36.87,219.12,6.4,286.48,33.05,170.5,8.6,58.4,274.6197,229.88333,0.341,4.9117966,6.1,126.85732458212122,Unsuitable
2966,KODUMUDI,CWC,33,Tamil Nadu,573,Erode,ERODE,-,-,Cauvery,Cauvery,-,-,-,Cauvery,11.08,77.89,01-08-2013 09:00,215.0,Clear,odour free,25.0,0.0,22.44,25.41,6.6,91.26,6.81,13.4,7.7,11.27,74.80328,84.475,0.952,0.6359128,1.1,44.9910612896816,Good
2967,KODUMUDI,CWC,33,Tamil Nadu,573,Erode,ERODE,-,-,Cauvery,Cauvery,-,-,-,Cauvery,11.08,77.89,03-09-2013 09:00,144.8,Clear,odour free,27.0,0.0,9.62,12.71,6.4,43.92,4.88,6.6,7.87,6.2,36.0,44.383335,0.249,0.43238968,1.3,48.12431107537715,Good
2968,KODUMUDI,CWC,33,Tamil Nadu,573,Erode,ERODE,-,-,Cauvery,Cauvery,-,-,-,Cauvery,11.08,77.89,01-10-2013 09:30,198.0,Clear,odour free,27.0,0.0,18.94,20.55,6.4,95.31,8.61,12.1,8.06,9.32,78.12295,83.225,0.435,0.578811,2.1,61.968283186887,Poor
2969,KODUMUDI,CWC,33,Tamil Nadu,573,Erode,ERODE,-,-,Cauvery,Cauvery,-,-,-,Cauvery,11.08,77.89,01-11-2013 09:00,267.0,Clear,odour free,28.5,0.0,28.4,36.26,6.6,119.61,9.57,20.7,8.23,13.55,98.040985,110.875,0.531,0.8575622,3.0,75.91272860939563,Very Poor
2970,KODUMUDI,CWC,33,Tamil Nadu,573,Erode,ERODE,-,-,Cauvery,Cauvery,-,-,-,Cauvery,11.08,77.89,02-12-2013 09:00,428.0,Clear,odour free,28.0,0.0,37.61,35.73,6.2,190.28,11.95,27.0,8.0,22.91,155.96721,143.81667,0.49,0.9820645,2.2,64.72518331107827,Poor
2971,KODUMUDI,CWC,33,Tamil Nadu,573,Erode,ERODE,-,-,Cauvery,Cauvery,-,-,-,Cauvery,11.08,77.89,01-01-2014 08:30,391.0,Clear,odour free,25.5,0.0,31.56,37.21,6.2,193.13,21.05,27.8,8.22,14.85,158.30328,166.60832,0.195,0.94036597,1.5,58.16036625494779,Poor
2972,KODUMUDI,CWC,33,Tamil Nadu,573,Erode,ERODE,-,-,Cauvery,Cauvery,-,-,-,Cauvery,11.08,77.89,01-02-2014 09:00,457.1,Clear,odour free,26.5,0.0,31.42,50.54,6.4,208.81,34.31,29.7,7.82,23.2,171.15573,221.50835,0.211,0.87184507,2.3,66.72289357782124,Poor
2973,KODUMUDI,CWC,33,Tamil Nadu,573,Erode,ERODE,-,-,Cauvery,Cauvery,-,-,-,Cauvery,11.08,77.89,01-03-2014 09:00,686.3,Clear,odour free,26.5,0.0,35.62,84.87,6.2,236.72,42.08,44.9,8.1,27.43,194.03279,264.38333,0.203,1.2065594,5.2,110.55414188325625,Unsuitable
2974,KODUMUDI,CWC,33,Tamil Nadu,573,Erode,ERODE,-,-,Cauvery,Cauvery,-,-,-,Cauvery,11.08,77.89,01-04-2014 09:00,608.0,Clear,odour free,27.0,27.91,29.86,88.86,6.4,160.78,24.78,69.0,8.54,30.27,178.30354,177.90001,0.105,2.25937,8.0,149.27114757399812,Unsuitable
2975,KODUMUDI,CWC,33,Tamil Nadu,573,Erode,ERODE,-,-,Cauvery,Cauvery,-,-,-,Cauvery,11.08,77.89,01-05-2014 09:00,469.0,Clear,odour free,28.5,0.0,28.29,62.39,6.4,184.42,20.97,48.4,7.81,20.15,151.16394,158.1,1.13,1.6808968,4.1,90.01426633005865,Very Poor
2976,KODUMUDI,CWC,33,Tamil Nadu,573,Erode,ERODE,-,-,Cauvery,Cauvery,-,-,-,Cauvery,11.08,77.89,02-06-2014 09:00,766.0,Clear,odour free,27.5,27.91,33.01,132.35,6.2,184.42,21.92,102.5,8.8,33.86,197.6806,173.85832,1.2,3.3940952,4.4,104.88027260002862,Unsuitable
2978,KODUMUDI,CWC,33,Tamil Nadu,573,Erode,ERODE,-,-,Cauvery,Cauvery,-,-,-,Cauvery,11.08,77.89,01-08-2014 09:00,448.0,Clear,odour free,26.5,0.0,34.86,50.11,6.4,185.9,16.33,38.8,8.1,24.03,152.37704,155.19167,0.507,1.3592302,3.6,84.73413955978667,Very Poor
2979,KODUMUDI,CWC,33,Tamil Nadu,573,Erode,ERODE,-,-,Cauvery,Cauvery,-,-,-,Cauvery,11.08,77.89,01-09-2014 09:30,184.0,Clear,odour free,27.0,0.0,18.94,22.46,6.4,80.08,5.74,15.9,7.79,5.06,65.63934,71.26667,0.762,0.82150465,1.5,51.22296371488864,Poor
2980,KODUMUDI,CWC,33,Tamil Nadu,573,Erode,ERODE,-,-,Cauvery,Cauvery,-,-,-,Cauvery,11.08,77.89,01-10-2014 08:30,231.0,Clear,odour free,27.5,0.0,15.42,26.21,6.6,103.23,11.22,19.0,7.07,8.33,84.61475,85.3,0.449,0.89831775,0.6,32.10145552064953,Good
2981,KODUMUDI,CWC,33,Tamil Nadu,573,Erode,ERODE,-,-,Cauvery,Cauvery,-,-,-,Cauvery,11.08,77.89,01-11-2014 09:00,429.0,Clear,odour free,26.5,0.0,33.91,46.8,6.4,154.85,16.83,33.5,7.65,32.06,126.92623,154.9,4.54,1.1747564,0.19,39.240182117848576,Good
2982,KODUMUDI,CWC,33,Tamil Nadu,573,Erode,ERODE,-,-,Cauvery,Cauvery,-,-,-,Cauvery,11.08,77.89,01-12-2014 09:00,650.0,Clear,odour free,23.5,0.0,37.0,69.65,6.2,272.15,38.33,53.8,8.02,38.67,223.07376,252.20834,4.66,1.4799672,0.97,57.65944567575945,Poor
2983,KODUMUDI,CWC,33,Tamil Nadu,573,Erode,ERODE,-,-,Cauvery,Cauvery,-,-,-,Cauvery,11.08,77.89,01-01-2015 09:00,536.0,Clear,odour free,24.0,0.0,27.22,58.46,6.2,225.23,31.18,45.0,7.98,22.2,184.61475,197.96666,4.24,1.3973968,2.25,72.49841509947224,Poor
2984,KODUMUDI,CWC,33,Tamil Nadu,573,Erode,ERODE,-,-,Cauvery,Cauvery,-,-,-,Cauvery,11.08,77.89,02-02-2015 08:00,394.0,Clear,odour free,25.0,0.0,21.17,43.38,6.2,183.0,26.6,30.1,8.04,14.25,150.0,163.75833,0.75,1.0278175,1.2,53.57358847365953,Poor
2985,KODUMUDI,CWC,33,Tamil Nadu,573,Erode,ERODE,-,-,Cauvery,Cauvery,-,-,-,Cauvery,11.08,77.89,02-03-2015 09:00,472.0,Clear,odour free,25.5,0.0,22.69,60.24,6.4,178.31,22.01,46.4,8.08,19.05,146.15573,148.43333,1.91,1.663665,2.8,75.93382367979716,Very Poor
2986,KODUMUDI,CWC,33,Tamil Nadu,573,Erode,ERODE,-,-,Cauvery,Cauvery,-,-,-,Cauvery,11.08,77.89,01-04-2015 09:00,584.0,Clear,odour free,26.5,0.0,16.64,71.53,6.2,220.54,32.1,54.1,8.03,25.2,180.7705,175.34999,1.9,1.7860612,3.55,87.5752371073569,Very Poor
2987,KODUMUDI,CWC,33,Tamil Nadu,573,Erode,ERODE,-,-,Cauvery,Cauvery,-,-,-,Cauvery,11.08,77.89,01-05-2015 08:00,462.0,Clear,odour free,28.5,0.0,19.66,52.83,,173.62,22.93,40.2,7.6,28.75,142.31148,144.69167,2.31,1.4602157,3.35,58.5303834539479,Poor
2988,KODUMUDI,CWC,33,Tamil Nadu,573,Erode,ERODE,-,-,Cauvery,Cauvery,-,-,-,Cauvery,11.08,77.89,01-06-2015 09:10,710.0,Clear,odour free,26.5,0.0,22.22,101.71,6.7,246.32,35.62,77.9,8.24,36.06,201.90164,203.96666,1.98,2.3841183,5.1,110.27075152804936,Unsuitable
2989,KODUMUDI,CWC,33,Tamil Nadu,573,Erode,ERODE,-,-,Cauvery,Cauvery,-,-,-,Cauvery,11.08,77.89,01-07-2015 08:45,644.0,Clear,odour free,29.0,41.14,28.57,91.54,6.8,153.37,25.59,70.7,8.36,30.36,194.27977,178.05,1.47,2.3142896,2.67,76.32505268908865,Very Poor
2990,KODUMUDI,CWC,33,Tamil Nadu,573,Erode,ERODE,-,-,Cauvery,Cauvery,-,-,-,Cauvery,11.08,77.89,01-08-2015 08:00,436.0,Clear,odour free,27.0,0.0,30.16,46.39,4.3,183.88,22.14,34.5,7.93,19.53,150.72131,167.65,1.91,1.1635185,2.14,71.0933184945634,Poor
2991,KODUMUDI,CWC,33,Tamil Nadu,573,Erode,ERODE,-,-,Cauvery,Cauvery,-,-,-,Cauvery,11.08,77.89,01-09-2015 08:45,305.0,Clear,odour free,27.5,0.0,23.81,32.86,5.9,136.73,15.4,25.1,7.41,10.17,112.07377,123.691666,1.6,0.98534,1.22,47.88240881197641,Good
2992,KODUMUDI,CWC,33,Tamil Nadu,573,Erode,ERODE,-,-,Cauvery,Cauvery,-,-,-,Cauvery,11.08,77.89,01-10-2015 08:50,352.0,Clear,odour free,27.5,0.0,28.43,38.47,4.9,149.44,14.37,28.0,7.6,16.41,122.491806,130.95,2.43,1.0679343,1.17,52.61754631277123,Poor
2993,KODUMUDI,CWC,33,Tamil Nadu,573,Erode,ERODE,-,-,Cauvery,Cauvery,-,-,-,Cauvery,11.08,77.89,02-11-2015 08:15,521.0,Clear,odour free,25.5,0.0,41.07,59.63,6.6,196.13,20.11,45.6,7.7,30.46,160.7623,186.46667,4.92,1.4574214,2.68,74.17607464213046,Poor
2994,KODUMUDI,CWC,33,Tamil Nadu,573,Erode,ERODE,-,-,Cauvery,Cauvery,-,-,-,Cauvery,11.08,77.89,01-12-2015 08:20,892.0,Clear,odour free,24.0,0.0,31.59,100.02,5.5,322.22,47.89,96.5,8.18,72.15,264.11475,278.51666,8.69,2.5272343,2.48,87.94621771285391,Very Poor
2995,KODUMUDI,CWC,33,Tamil Nadu,573,Erode,ERODE,-,-,Cauvery,Cauvery,-,-,-,Cauvery,11.08,77.89,01-01-2016 09:15,450.0,Clear,odour free,24.0,0.0,30.01,41.63,6.6,214.81,26.82,31.8,8.12,18.67,176.07376,186.775,2.41,1.0163325,1.89,65.05351272274946,Poor
2996,KODUMUDI,CWC,33,Tamil Nadu,573,Erode,ERODE,-,-,Cauvery,Cauvery,-,-,-,Cauvery,11.08,77.89,01-02-2016 09:10,571.0,Clear,odour free,24.0,0.0,28.43,57.24,5.2,242.83,32.57,50.6,8.02,24.05,199.04099,206.78333,3.09,1.5374324,1.59,65.4038197609169,Poor
2997,KODUMUDI,CWC,33,Tamil Nadu,573,Erode,ERODE,-,-,Cauvery,Cauvery,-,-,-,Cauvery,11.08,77.89,01-03-2016 08:45,603.0,Clear,odour free,25.0,0.0,48.72,72.78,5.8,228.04,20.02,54.4,8.03,31.6,186.91803,205.21667,2.58,1.6569663,2.71,77.26009718115631,Very Poor
2998,KODUMUDI,CWC,33,Tamil Nadu,573,Erode,ERODE,-,-,Cauvery,Cauvery,-,-,-,Cauvery,11.08,77.89,01-04-2016 09:00,606.0,Clear,odour free,27.0,0.0,44.01,70.96,5.3,218.92,21.92,54.3,7.99,32.87,179.44263,201.35832,5.5,1.6701127,1.96,71.68290409950404,Poor
2999,KODUMUDI,CWC,33,Tamil Nadu,573,Erode,ERODE,-,-,Cauvery,Cauvery,-,-,-,Cauvery,11.08,77.89,02-05-2016 09:00,611.0,Clear,odour free,30.0,0.0,28.29,70.96,6.4,237.16,32.41,58.3,8.17,27.49,194.39345,205.76666,4.83,1.7757604,3.96,97.95460382052076,Very Poor
3000,KODUMUDI,CWC,33,Tamil Nadu,573,Erode,ERODE,-,-,Cauvery,Cauvery,-,-,-,Cauvery,11.08,77.89,01-06-2016 09:00,710.0,Clear,odour free,27.0,0.0,31.44,101.9,5.1,228.04,33.36,77.3,8.32,31.23,186.91803,217.6,0.715,2.289352,1.9,70.18432600088227,Poor
3001,KODUMUDI,CWC,33,Tamil Nadu,573,Erode,ERODE,-,-,Cauvery,Cauvery,-,-,-,Cauvery,11.08,77.89,01-07-2016 09:00,862.0,Clear,odour free,28.5,8.97,40.87,131.01,6.43,250.84,26.69,99.0,8.32,44.35,220.55655,213.38333,1.18,2.9589875,2.09,69.51030987886882,Poor
3002,KODUMUDI,CWC,33,Tamil Nadu,573,Erode,ERODE,-,-,Cauvery,Cauvery,-,-,-,Cauvery,11.08,77.89,01-08-2016 09:00,510.0,Clear,odour free,29.5,0.0,15.72,63.68,6.63,196.11,34.31,44.4,7.75,28.61,160.7459,182.25835,1.37,1.4379432,1.83,60.13049592751999,Poor
3003,KODUMUDI,CWC,33,Tamil Nadu,573,Erode,ERODE,-,-,Cauvery,Cauvery,-,-,-,Cauvery,11.08,77.89,01-09-2016 09:00,610.0,Clear,odour free,28.0,0.0,22.0,90.98,6.38,218.92,29.55,70.4,7.97,30.87,179.44263,178.125,0.728,2.3051283,2.13,65.81639799604973,Poor
3004,KODUMUDI,CWC,33,Tamil Nadu,573,Erode,ERODE,-,-,Cauvery,Cauvery,-,-,-,Cauvery,11.08,77.89,01-10-2016 09:00,305.0,Clear,odour free,29.5,0.0,28.5,36.34,6.63,117.71,6.72,26.6,7.92,11.3,96.483604,99.25,0.857,1.1642551,1.53,53.004064615464095,Poor
3005,KODUMUDI,CWC,33,Tamil Nadu,573,Erode,ERODE,-,-,Cauvery,Cauvery,-,-,-,Cauvery,11.08,77.89,01-11-2016 08:45,318.0,Clear,odour free,29.0,0.0,28.5,38.25,6.38,127.52,8.64,28.1,7.63,12.47,104.52459,107.25,0.355,1.1834884,2.47,63.283003526435856,Poor
3006,KODUMUDI,CWC,33,Tamil Nadu,573,Erode,ERODE,-,-,Cauvery,Cauvery,-,-,-,Cauvery,11.08,77.89,01-12-2016 08:00,436.0,Clear,odour free,27.5,0.0,30.01,54.31,6.83,165.92,14.37,39.6,8.01,17.84,136.0,134.9,0.51,1.4879806,1.71,56.76224138808082,Poor
3007,KODUMUDI,CWC,33,Tamil Nadu,573,Erode,ERODE,-,-,Cauvery,Cauvery,-,-,-,Cauvery,11.08,77.89,02-01-2017 08:00,630.0,Clear,odour free,27.0,0.0,44.23,95.05,6.16,209.84,18.2,70.3,8.2,26.55,172.0,186.40834,0.525,2.2466972,2.6,73.61636348140907,Poor
3008,KODUMUDI,CWC,33,Tamil Nadu,573,Erode,ERODE,-,-,Cauvery,Cauvery,-,-,-,Cauvery,11.08,77.89,01-02-2017 09:00,760.0,Clear,odour free,27.5,33.6,41.07,120.26,6.83,165.92,23.95,90.5,8.5,32.1,192.0,202.46667,0.78,2.776477,1.9,66.58458954706948,Poor
3027,Kudalaiyathur,CWC,33,Tamil Nadu,570,Cuddalore,KATTUMANNARKOIL,-,-,Duplicate-Vellar,East flowing rivers between Pennar and Kanyakumari,-,-,-,Vellar,11.42222222,79.47222222,01-12-2009 08:30,573.0,Clear,odour free,28.5,0.0,34.28,68.8345,,325.862,17.496,94.53,8.1,36.864,267.1,158.6,,3.2761436,0.649,24.224721736849634,Excellent
3028,Kudalaiyathur,CWC,33,Tamil Nadu,570,Cuddalore,KATTUMANNARKOIL,-,-,Duplicate-Vellar,East flowing rivers between Pennar and Kanyakumari,-,-,-,Vellar,11.42222222,79.47222222,08-11-2010 13:00,578.0,Clear,odour free,30.0,25.0,32.43,77.74,,187.21,17.5,60.3,8.41,15.6,195.1175,153.99167,1.19,2.1210253,2.403,51.90524710703897,Poor
3029,Kudalaiyathur,CWC,33,Tamil Nadu,570,Cuddalore,KATTUMANNARKOIL,-,-,Duplicate-Vellar,East flowing rivers between Pennar and Kanyakumari,-,-,-,Vellar,11.42222222,79.47222222,01-12-2010 08:00,305.0,Light Brown,odour free,26.0,0.0,24.53,33.9,,160.4,12.64,26.3,8.15,13.6,131.4754,113.99167,0.207,1.0751513,1.103,29.312304070095546,Good
3030,Kudalaiyathur,CWC,33,Tamil Nadu,570,Cuddalore,KATTUMANNARKOIL,-,-,Duplicate-Vellar,East flowing rivers between Pennar and Kanyakumari,-,-,-,Vellar,11.42222222,79.47222222,03-01-2011 08:30,715.0,Light Brown,odour free,25.5,37.22,26.16,99.89,,179.55,35.0,77.0,8.48,71.5,209.20547,211.23334,2.36,2.3152208,0.479,30.71573407430811,Good
3031,Kudalaiyathur,CWC,33,Tamil Nadu,570,Cuddalore,KATTUMANNARKOIL,-,-,Duplicate-Vellar,East flowing rivers between Pennar and Kanyakumari,-,-,-,Vellar,11.42222222,79.47222222,01-04-2011 06:00,499.0,Light Brown,odour free,27.0,0.0,16.03,115.79,,107.36,21.39,61.9,8.0,41.35,88.0,129.2,1.3,2.379803,2.74,52.60497493919596,Poor
3032,Kudalaiyathur,CWC,33,Tamil Nadu,570,Cuddalore,KATTUMANNARKOIL,-,-,Duplicate-Vellar,East flowing rivers between Pennar and Kanyakumari,-,-,-,Vellar,11.42222222,79.47222222,01-11-2011 12:30,454.0,Light Brown,odour free,26.5,0.0,19.24,72.16,,147.57,20.42,52.2,8.09,51.15,120.95902,133.18333,0.39,1.9760966,1.29,32.7279602578012,Good
3033,Kudalaiyathur,CWC,33,Tamil Nadu,570,Cuddalore,KATTUMANNARKOIL,-,-,Duplicate-Vellar,East flowing rivers between Pennar and Kanyakumari,-,-,-,Vellar,11.42222222,79.47222222,01-12-2011 09:00,521.0,Light Brown,odour free,25.5,6.91,19.24,68.73,,161.63,23.33,51.5,8.31,33.77,144.00027,145.30833,0.359,1.8667877,1.75,41.44621439982833,Good
3034,Kudalaiyathur,CWC,33,Tamil Nadu,570,Cuddalore,KATTUMANNARKOIL,-,-,Duplicate-Vellar,East flowing rivers between Pennar and Kanyakumari,-,-,-,Vellar,11.42222222,79.47222222,02-01-2012 09:00,635.0,Clear,odour free,25.0,0.0,19.24,85.91,,182.71,29.17,61.3,7.68,50.34,149.7623,169.64166,0.806,2.0570176,1.73,36.71104871238495,Good
3035,Kudalaiyathur,CWC,33,Tamil Nadu,570,Cuddalore,KATTUMANNARKOIL,-,-,Duplicate-Vellar,East flowing rivers between Pennar and Kanyakumari,-,-,-,Vellar,11.42222222,79.47222222,24-10-2012 09:30,231.0,Light Brown,odour free,26.0,0.0,20.41,103.85,,94.61,10.47,61.0,7.94,30.77,77.54918,94.65,0.11,2.7366378,2.56,46.56315427019252,Good
3036,Kudalaiyathur,CWC,33,Tamil Nadu,570,Cuddalore,KATTUMANNARKOIL,-,-,Duplicate-Vellar,East flowing rivers between Pennar and Kanyakumari,-,-,-,Vellar,11.42222222,79.47222222,01-11-2012 09:30,304.0,Light Brown,odour free,24.0,0.0,20.41,36.17,,94.61,7.62,23.5,7.3,16.94,77.54918,82.775,0.52,1.1269017,2.9,44.84659191226732,Good
3037,Kudalaiyathur,CWC,33,Tamil Nadu,570,Cuddalore,KATTUMANNARKOIL,-,-,Duplicate-Vellar,East flowing rivers between Pennar and Kanyakumari,-,-,-,Vellar,11.42222222,79.47222222,30-08-2013 08:00,242.0,Light Brown,odour free,28.5,9.8,16.7,39.7,,39.84,7.09,29.1,8.7,21.94,48.98907,71.29167,2.11,1.5038795,1.55,41.65417475837347,Good
3038,Kudalaiyathur,CWC,33,Tamil Nadu,570,Cuddalore,KATTUMANNARKOIL,-,-,Duplicate-Vellar,East flowing rivers between Pennar and Kanyakumari,-,-,-,Vellar,11.42222222,79.47222222,09-05-2014 08:30,694.0,Clear,odour free,28.0,0.0,40.5,113.44,,130.5,16.37,68.3,7.62,58.19,106.96722,169.45834,6.85,2.2892914,2.92,58.26938586882223,Poor
3039,Kudalaiyathur,CWC,33,Tamil Nadu,570,Cuddalore,KATTUMANNARKOIL,-,-,Duplicate-Vellar,East flowing rivers between Pennar and Kanyakumari,-,-,-,Vellar,11.42222222,79.47222222,15-11-2014 10:30,406.0,Light Brown,odour free,,0.0,21.94,72.29,,128.1,12.29,50.2,7.76,15.53,105.00001,106.058334,1.5,2.1277971,1.82,36.80381939672851,Good
3040,Kudalaiyathur,CWC,33,Tamil Nadu,570,Cuddalore,KATTUMANNARKOIL,-,-,Duplicate-Vellar,East flowing rivers between Pennar and Kanyakumari,-,-,-,Vellar,11.42222222,79.47222222,12-11-2015 09:00,263.0,Light Brown,odour free,24.0,0.0,16.03,33.04,,95.36,7.3,25.0,7.7,13.84,78.16393,70.49167,0.268,1.2994226,2.19,38.575192418967696,Good
3041,Kudalaiyathur,CWC,33,Tamil Nadu,570,Cuddalore,KATTUMANNARKOIL,-,-,Duplicate-Vellar,East flowing rivers between Pennar and Kanyakumari,-,-,-,Vellar,11.42222222,79.47222222,10-12-2015 09:00,377.0,Light Brown,odour free,24.0,0.0,26.72,44.05,,140.23,10.54,32.0,7.95,21.92,114.94262,110.71667,0.242,1.3269107,1.28,29.608553248644828,Good
3042,Kudalaiyathur,CWC,33,Tamil Nadu,570,Cuddalore,KATTUMANNARKOIL,-,-,Duplicate-Vellar,East flowing rivers between Pennar and Kanyakumari,-,-,-,Vellar,11.42222222,79.47222222,13-10-2017 08:00,277.0,Brown,Odour free,25.0,0.0,19.0,33.0,,72.0,7.8,25.0,6.9,0.5,59.0,81.0,1.3,1.2,0.5,9.430156818796005,Excellent
3043,Kudalaiyathur,CWC,33,Tamil Nadu,570,Cuddalore,KATTUMANNARKOIL,-,-,Duplicate-Vellar,East flowing rivers between Pennar and Kanyakumari,-,-,-,Vellar,11.42222222,79.47222222,06-11-2017 08:00,255.0,Brown,Odour free,26.0,0.0,13.0,35.3,,72.0,5.8,27.0,7.3,6.1,59.0,56.0,0.53,1.6,1.9,30.77617506795746,Good
3044,Kudalaiyathur,CWC,33,Tamil Nadu,570,Cuddalore,KATTUMANNARKOIL,-,-,Duplicate-Vellar,East flowing rivers between Pennar and Kanyakumari,-,-,-,Vellar,11.42222222,79.47222222,02-12-2017 08:00,206.0,Brown,Odour free,25.0,0.0,13.0,27.4,,57.0,5.8,20.0,8.1,10.7,46.0,56.0,0.21,1.2,0.6,20.386889137933775,Excellent
3045,Kudalaiyathur,CWC,33,Tamil Nadu,570,Cuddalore,KATTUMANNARKOIL,-,-,Duplicate-Vellar,East flowing rivers between Pennar and Kanyakumari,-,-,-,Vellar,11.42222222,79.47222222,24-11-2018 08:00,417.0,,,,0.0,30.0,51.0,,154.0,12.4,38.4,7.9,21.2,126.0,126.0,0.14,1.5,1.7,35.1179312318184,Good
3046,Kudalaiyathur,CWC,33,Tamil Nadu,570,Cuddalore,KATTUMANNARKOIL,-,-,Duplicate-Vellar,East flowing rivers between Pennar and Kanyakumari,-,-,-,Vellar,11.42222222,79.47222222,01-11-2019 08:00,467.0,Brown,odour free,,9.7,31.0,59.0,,138.0,11.3,45.8,8.1,31.1,129.0,125.0,0.2,1.8,2.0,41.10200812310236,Good
3047,Kudalaiyathur,CWC,33,Tamil Nadu,570,Cuddalore,KATTUMANNARKOIL,-,-,Duplicate-Vellar,East flowing rivers between Pennar and Kanyakumari,-,-,-,Vellar,11.42222222,79.47222222,01-12-2019 08:00,247.0,,,,0.0,21.0,24.8,,80.0,6.5,19.6,7.9,30.0,65.0,80.0,0.28,1.0,1.6,32.52933012224396,Good
3048,Kudalaiyathur,CWC,33,Tamil Nadu,570,Cuddalore,KATTUMANNARKOIL,-,-,Duplicate-Vellar,East flowing rivers between Pennar and Kanyakumari,-,-,-,Vellar,11.42222222,79.47222222,09-10-2020 08:00,479.6,Brown,odour free,26.0,0.0,17.98,67.31,4.77,120.69,14.55,52.1,7.85,34.22,,,0.34,,2.38,68.35760939164163,Poor
3049,Kudalaiyathur,CWC,33,Tamil Nadu,570,Cuddalore,KATTUMANNARKOIL,-,-,Duplicate-Vellar,East flowing rivers between Pennar and Kanyakumari,-,-,-,Vellar,11.42222222,79.47222222,27-11-2020 08:00,444.2,Brown,odour free,29.0,0.0,29.01,55.43,7.43,172.83,19.46,42.8,7.97,32.64,,,0.22,,1.0,44.81433166420272,Good
3050,Kudalaiyathur,CWC,33,Tamil Nadu,570,Cuddalore,KATTUMANNARKOIL,-,-,Duplicate-Vellar,East flowing rivers between Pennar and Kanyakumari,-,-,-,Vellar,11.42222222,79.47222222,06-12-2020 08:00,208.7,Clear,Odour free,26.0,0.0,16.8,17.64,5.42,85.53,10.19,13.2,7.61,21.42,,,0.02,,0.6,39.098117713450016,Good
3058,KUZHITHURAI,CWC,33,Tamil Nadu,575,Kanyakumari,Thovalai,-,-,Thambraparni,West flowing rivers from Tadri to Kanyakumari,-,-,-,Thambraparni,8.30222222,77.18861111,01-02-2012 08:00,155.0,Clear,odour free,25.5,0.0,8.8,15.6,,41.5,2.5,9.3,7.7,1.2,34.01639,32.416668,1.3,0.7123965,0.8,19.867707685035057,Excellent
3110,Magaral,CWC,33,Tamil Nadu,574,Kancheepuram,CHENGALPATTU,-,-,Duplicate-Palar,East flowing rivers between Pennar and Kanyakumari,Cheyyar,-,-,Cheyyar,12.70833333,79.75,03-12-2010 09:30,375.0,Light Brown,odour free,27.0,0.0,31.07,37.43,,225.2,18.47,27.6,7.47,7.9,184.59016,154.63333,0.325,0.9689269,0.1,10.628944306078814,Excellent
3111,Magaral,CWC,33,Tamil Nadu,574,Kancheepuram,CHENGALPATTU,-,-,Duplicate-Palar,East flowing rivers between Pennar and Kanyakumari,Cheyyar,-,-,Cheyyar,12.70833333,79.75,03-01-2011 08:30,586.0,Clear,odour free,26.5,0.0,34.34,61.57,,291.43,26.25,47.1,8.0,8.5,238.87704,195.225,0.708,1.4720836,0.767,26.692156407871938,Good
3112,Magaral,CWC,33,Tamil Nadu,574,Kancheepuram,CHENGALPATTU,-,-,Duplicate-Palar,East flowing rivers between Pennar and Kanyakumari,Cheyyar,-,-,Cheyyar,12.70833333,79.75,08-11-2011 08:30,488.0,Clear,odour free,27.0,0.0,32.06,68.73,,168.65,10.69,49.4,7.91,12.76,138.2377,124.691666,0.18,1.9298105,2.3,43.26198504534472,Good
3113,Magaral,CWC,33,Tamil Nadu,574,Kancheepuram,CHENGALPATTU,-,-,Duplicate-Palar,East flowing rivers between Pennar and Kanyakumari,Cheyyar,-,-,Cheyyar,12.70833333,79.75,01-12-2011 08:30,519.0,Clear,odour free,27.5,0.0,32.06,72.16,,203.79,22.36,45.3,7.33,15.69,167.04099,173.31667,1.12,1.5024651,1.74,33.12344133363537,Good
3114,Magaral,CWC,33,Tamil Nadu,574,Kancheepuram,CHENGALPATTU,-,-,Duplicate-Palar,East flowing rivers between Pennar and Kanyakumari,Cheyyar,-,-,Cheyyar,12.70833333,79.75,02-01-2012 08:30,491.0,Clear,odour free,26.0,0.0,20.84,68.73,,119.46,15.56,40.7,7.59,12.72,97.91803,116.933334,0.481,1.6435807,2.01,36.90030919237923,Good
3115,Magaral,CWC,33,Tamil Nadu,574,Kancheepuram,CHENGALPATTU,-,-,Duplicate-Palar,East flowing rivers between Pennar and Kanyakumari,Cheyyar,-,-,Cheyyar,12.70833333,79.75,03-11-2012 08:00,297.0,Clear,odour free,24.0,0.0,15.7,37.62,,89.63,9.52,23.6,7.92,10.38,73.46721,78.91667,0.31,1.1597722,1.56,32.51217797780851,Good
3116,Magaral,CWC,33,Tamil Nadu,574,Kancheepuram,CHENGALPATTU,-,-,Duplicate-Palar,East flowing rivers between Pennar and Kanyakumari,Cheyyar,-,-,Cheyyar,12.70833333,79.75,05-12-2012 08:00,345.0,Clear,odour free,24.0,0.0,21.98,52.09,,124.49,13.33,29.5,7.62,12.19,102.040985,110.49167,0.21,1.225187,1.1,24.20130826090499,Excellent
3117,Magaral,CWC,33,Tamil Nadu,574,Kancheepuram,CHENGALPATTU,-,-,Duplicate-Palar,East flowing rivers between Pennar and Kanyakumari,Cheyyar,-,-,Cheyyar,12.70833333,79.75,14-11-2015 13:30,84.0,Light Brown,odour free,28.5,0.0,8.02,8.26,,33.66,3.24,4.5,7.68,3.35,27.590164,33.550003,0.204,0.3389829,2.01,34.734515927301416,Good
3118,Magaral,CWC,33,Tamil Nadu,574,Kancheepuram,CHENGALPATTU,-,-,Duplicate-Palar,East flowing rivers between Pennar and Kanyakumari,Cheyyar,-,-,Cheyyar,12.70833333,79.75,23-12-2015 09:30,435.0,Light Brown,odour free,28.5,0.0,32.06,55.07,,157.06,17.83,33.3,7.82,20.42,128.7377,154.44167,0.257,1.169652,1.82,36.98266762860255,Good
3119,Magaral,CWC,33,Tamil Nadu,574,Kancheepuram,CHENGALPATTU,-,-,Duplicate-Palar,East flowing rivers between Pennar and Kanyakumari,Cheyyar,-,-,Cheyyar,12.70833333,79.75,02-01-2016 09:30,457.0,Clear,odour free,23.0,16.94,33.4,58.86,,137.79,18.65,33.8,8.4,18.71,141.17595,161.20833,0.206,1.162037,0.91,30.359734132131567,Good
3120,Magaral,CWC,33,Tamil Nadu,574,Kancheepuram,CHENGALPATTU,-,-,Duplicate-Palar,East flowing rivers between Pennar and Kanyakumari,Cheyyar,-,-,Cheyyar,12.70833333,79.75,04-12-2017 08:00,318.0,Light Brown,Odour free,28.5,0.0,18.0,38.2,,108.0,9.7,28.0,8.1,12.2,88.0,85.0,0.11,1.3,1.1,27.928153941532738,Good
3121,Magaral,CWC,33,Tamil Nadu,574,Kancheepuram,CHENGALPATTU,-,-,Duplicate-Palar,East flowing rivers between Pennar and Kanyakumari,Cheyyar,-,-,Cheyyar,12.70833333,79.75,28-11-2020 08:00,282.4,Light Brown,odour free,28.0,0.0,24.43,23.26,7.23,132.17,12.97,17.2,7.92,16.64,,,1.58,,2.61,67.07858638943203,Poor
3133,Menangudi,CWC,33,Tamil Nadu,590,Tiruvarur,NANNILAM,-,-,Cauvery,Cauvery,-,-,-,Noolar,10.94888889,79.70361111,03-11-2009 08:30,527.0,Clear,odour free,26.0,0.0,24.48,89.5665,,305.183,14.58,104.535,7.49,9.216,250.15,121.95,,4.132429,0.251,12.244210395504478,Excellent
3134,Menangudi,CWC,33,Tamil Nadu,590,Tiruvarur,NANNILAM,-,-,Cauvery,Cauvery,-,-,-,Noolar,10.94888889,79.70361111,01-12-2009 08:35,608.0,Clear,odour free,25.0,0.0,32.64,78.1355,,372.405,13.608,114.057,7.7,19.392,305.25,138.3,,4.2319455,0.556,18.672650801182705,Excellent
3135,Menangudi,CWC,33,Tamil Nadu,590,Tiruvarur,NANNILAM,-,-,Cauvery,Cauvery,-,-,-,Noolar,10.94888889,79.70361111,22-08-2010 08:10,602.0,Light Brown,odour free,27.5,0.0,31.07,79.93,,234.53,24.31,62.9,7.7,21.1,192.2377,178.96666,0.658,2.0533228,1.256,29.97623898532755,Good
3136,Menangudi,CWC,33,Tamil Nadu,590,Tiruvarur,NANNILAM,-,-,Cauvery,Cauvery,-,-,-,Noolar,10.94888889,79.70361111,04-10-2010 09:00,517.0,Clear,odour free,28.0,0.0,27.8,60.9,,250.05,19.44,58.3,8.03,17.27,204.95901,150.5,0.405,2.0750482,2.13,43.78172155980256,Good
3137,Menangudi,CWC,33,Tamil Nadu,590,Tiruvarur,NANNILAM,-,-,Cauvery,Cauvery,-,-,-,Noolar,10.94888889,79.70361111,01-11-2010 08:30,455.0,Brown,odour free,28.5,20.0,26.16,45.67,,179.61,16.53,44.0,8.41,9.67,180.55464,134.27501,0.214,1.6577694,1.152,33.30736112137759,Good
3138,Menangudi,CWC,33,Tamil Nadu,590,Tiruvarur,NANNILAM,-,-,Cauvery,Cauvery,-,-,-,Noolar,10.94888889,79.70361111,01-12-2010 06:00,260.0,Brown,odour free,25.0,0.0,17.99,26.8,,150.11,12.61,22.4,8.1,2.83,123.040985,97.51666,0.148,0.9904621,1.595,35.12955008355588,Good
3139,Menangudi,CWC,33,Tamil Nadu,590,Tiruvarur,NANNILAM,-,-,Cauvery,Cauvery,-,-,-,Noolar,10.94888889,79.70361111,03-01-2011 06:00,643.0,Light Brown,odour free,27.0,0.0,35.97,78.57,,273.51,25.28,64.0,7.79,29.29,224.18854,195.25835,0.995,1.9998895,1.438,34.115135012200554,Good
3140,Menangudi,CWC,33,Tamil Nadu,590,Tiruvarur,NANNILAM,-,-,Cauvery,Cauvery,-,-,-,Noolar,10.94888889,79.70361111,15-06-2011 10:30,530.0,Clear,odour free,30.0,0.0,30.46,69.47,,195.2,22.36,52.3,8.03,21.9,160.0,169.31667,6.28,1.7551241,1.057,36.813602478857675,Good
3141,Menangudi,CWC,33,Tamil Nadu,590,Tiruvarur,NANNILAM,-,-,Cauvery,Cauvery,-,-,-,Noolar,10.94888889,79.70361111,01-08-2011 10:30,498.0,Clear,odour free,30.0,0.0,22.44,49.62,,239.12,26.25,42.5,7.88,13.67,196.0,165.475,1.24,1.4435672,1.01,28.973638772314686,Good
3142,Menangudi,CWC,33,Tamil Nadu,590,Tiruvarur,NANNILAM,-,-,Cauvery,Cauvery,-,-,-,Noolar,10.94888889,79.70361111,01-10-2011 06:30,294.0,Clear,odour free,27.5,14.4,19.24,29.77,,87.84,14.58,20.1,9.38,4.76,96.0,108.85,0.26,0.8413102,1.65,48.46935771058866,Good
3143,Menangudi,CWC,33,Tamil Nadu,590,Tiruvarur,NANNILAM,-,-,Cauvery,Cauvery,-,-,-,Noolar,10.94888889,79.70361111,01-11-2011 06:00,409.0,Brown,odour free,26.0,41.47,19.24,54.98,,77.3,19.44,37.3,8.85,2.07,132.47733,129.1,0.101,1.4341073,1.5,42.12264499757579,Good
3144,Menangudi,CWC,33,Tamil Nadu,590,Tiruvarur,NANNILAM,-,-,Cauvery,Cauvery,-,-,-,Noolar,10.94888889,79.70361111,01-12-2011 07:00,446.0,Light Green,odour free,25.5,13.82,22.44,58.42,,168.65,20.42,43.9,8.3,7.01,161.27103,141.18333,0.5,1.6138047,1.7,40.43407477466737,Good
3145,Menangudi,CWC,33,Tamil Nadu,590,Tiruvarur,NANNILAM,-,-,Cauvery,Cauvery,-,-,-,Noolar,10.94888889,79.70361111,02-01-2012 07:00,491.0,Light Green,odour free,24.0,0.0,19.24,65.29,,189.73,18.47,48.9,7.73,1.25,155.51639,125.05833,0.705,1.910119,2.12,40.53612314527796,Good
3146,Menangudi,CWC,33,Tamil Nadu,590,Tiruvarur,NANNILAM,-,-,Cauvery,Cauvery,-,-,-,Noolar,10.94888889,79.70361111,28-09-2012 08:00,470.0,Clear,odour free,25.5,0.0,25.12,51.93,,184.24,18.09,35.9,7.4,17.34,151.0164,138.175,0.16,1.3335971,1.01,21.811760809607836,Excellent
3147,Menangudi,CWC,33,Tamil Nadu,590,Tiruvarur,NANNILAM,-,-,Cauvery,Cauvery,-,-,-,Noolar,10.94888889,79.70361111,01-10-2012 07:00,438.0,Clear,odour free,24.0,0.0,29.83,51.93,,184.24,20.0,38.9,8.08,11.86,151.0164,157.90834,0.11,1.3516074,2.11,43.51056223512487,Good
3148,Menangudi,CWC,33,Tamil Nadu,590,Tiruvarur,NANNILAM,-,-,Cauvery,Cauvery,-,-,-,Noolar,10.94888889,79.70361111,01-11-2012 08:00,249.0,Light Brown,odour free,27.0,0.0,15.7,21.7,,99.59,5.71,22.9,7.76,4.87,81.63114,63.041668,1.53,1.2582735,2.51,44.7154429082614,Good
3149,Menangudi,CWC,33,Tamil Nadu,590,Tiruvarur,NANNILAM,-,-,Cauvery,Cauvery,-,-,-,Noolar,10.94888889,79.70361111,10-08-2013 09:30,219.0,Light Brown,odour free,25.5,0.0,25.05,28.36,,104.57,11.14,14.5,7.82,10.27,85.71311,109.041664,1.58,0.605951,1.82,37.115551163264826,Good
3150,Menangudi,CWC,33,Tamil Nadu,590,Tiruvarur,NANNILAM,-,-,Cauvery,Cauvery,-,-,-,Noolar,10.94888889,79.70361111,02-09-2013 07:00,471.0,Light Green,odour free,25.0,0.0,30.06,104.93,,102.7,7.09,66.6,8.18,33.19,84.18033,104.691666,2.57,2.8382466,1.43,36.417299167580715,Good
3151,Menangudi,CWC,33,Tamil Nadu,590,Tiruvarur,NANNILAM,-,-,Cauvery,Cauvery,-,-,-,Noolar,10.94888889,79.70361111,01-10-2013 07:00,278.0,Clear,odour free,27.0,0.0,20.04,36.87,,97.6,6.07,26.0,8.21,8.1,80.0,75.39167,2.07,1.3060732,1.07,30.432269379997468,Good
3153,Menangudi,CWC,33,Tamil Nadu,590,Tiruvarur,NANNILAM,-,-,Cauvery,Cauvery,-,-,-,Noolar,10.94888889,79.70361111,01-10-2014 08:00,246.0,Light Green,odour free,28.5,12.0,16.88,39.7,,54.9,9.22,22.0,9.04,12.15,65.0,80.61667,0.7,1.0695337,1.51,42.959493468731615,Good
3154,Menangudi,CWC,33,Tamil Nadu,590,Tiruvarur,NANNILAM,-,-,Cauvery,Cauvery,-,-,-,Noolar,10.94888889,79.70361111,01-12-2014 07:00,517.0,Brown,odour free,26.0,0.0,27.0,72.29,,170.8,12.29,53.5,7.57,15.06,140.0,118.708336,2.31,2.1428523,1.28,28.94902260893065,Good
3155,Menangudi,CWC,33,Tamil Nadu,590,Tiruvarur,NANNILAM,-,-,Cauvery,Cauvery,-,-,-,Noolar,10.94888889,79.70361111,18-05-2015 08:15,674.0,Light Brown,odour free,27.5,22.59,16.03,134.78,,120.6,12.16,106.0,8.3,19.44,136.50246,90.74167,0.81,4.859341,1.46,36.4723371304068,Good
3156,Menangudi,CWC,33,Tamil Nadu,590,Tiruvarur,NANNILAM,-,-,Cauvery,Cauvery,-,-,-,Noolar,10.94888889,79.70361111,20-08-2015 08:00,393.0,Clear,odour free,28.5,0.0,29.39,52.31,,143.53,8.11,37.9,7.62,17.67,117.64754,107.26666,0.524,1.5959349,1.28,26.55305367049772,Good
3157,Menangudi,CWC,33,Tamil Nadu,590,Tiruvarur,NANNILAM,-,-,Cauvery,Cauvery,-,-,-,Noolar,10.94888889,79.70361111,05-09-2015 09:00,474.0,Green,odour free,31.5,0.0,25.38,60.57,,183.72,19.46,46.0,7.23,14.83,150.59016,144.53333,0.42,1.670917,0.91,19.404172396752355,Excellent
3158,Menangudi,CWC,33,Tamil Nadu,590,Tiruvarur,NANNILAM,-,-,Cauvery,Cauvery,-,-,-,Noolar,10.94888889,79.70361111,03-10-2015 08:15,407.0,Light Green,odour free,29.0,0.0,22.71,49.56,,160.75,15.4,37.5,8.06,18.63,131.7623,120.941666,0.312,1.4888583,2.01,41.2778870395584,Good
3159,Menangudi,CWC,33,Tamil Nadu,590,Tiruvarur,NANNILAM,-,-,Cauvery,Cauvery,-,-,-,Noolar,10.94888889,79.70361111,03-11-2015 08:00,475.0,Light Green,odour free,29.8,0.0,25.38,66.08,,190.71,18.65,50.5,7.3,19.47,156.31967,141.15833,0.34,1.8560715,1.64,29.774578695534675,Good
3160,Menangudi,CWC,33,Tamil Nadu,590,Tiruvarur,NANNILAM,-,-,Cauvery,Cauvery,-,-,-,Noolar,10.94888889,79.70361111,01-12-2015 08:00,361.0,Brown,odour free,27.0,0.0,21.38,52.31,,145.84,10.54,40.0,7.87,6.58,119.54098,97.36666,0.242,1.7692112,1.64,33.560684107492015,Good
3161,Menangudi,CWC,33,Tamil Nadu,590,Tiruvarur,NANNILAM,-,-,Cauvery,Cauvery,-,-,-,Noolar,10.94888889,79.70361111,18-01-2016 08:30,432.0,Light Green,odour free,25.5,22.59,22.71,65.55,,86.12,12.16,49.5,8.51,19.79,108.240166,107.441666,0.314,2.08445,2.19,47.52665971783745,Good
3162,Menangudi,CWC,33,Tamil Nadu,590,Tiruvarur,NANNILAM,-,-,Cauvery,Cauvery,-,-,-,Noolar,10.94888889,79.70361111,11-02-2016 08:00,559.0,Light Green,odour free,27.0,22.59,27.25,107.02,,68.89,17.51,65.0,8.53,30.77,94.11721,141.08333,0.384,2.3892097,0.91,31.55561326680655,Good
3163,Menangudi,CWC,33,Tamil Nadu,590,Tiruvarur,NANNILAM,-,-,Cauvery,Cauvery,-,-,-,Noolar,10.94888889,79.70361111,22-10-2016 09:00,443.0,Light Green,odour free,26.0,0.0,32.06,56.72,,152.5,12.65,40.1,7.2,21.31,125.0,132.85834,0.751,1.5179181,2.36,38.21652436175625,Good
3164,Menangudi,CWC,33,Tamil Nadu,590,Tiruvarur,NANNILAM,-,-,Cauvery,Cauvery,-,-,-,Noolar,10.94888889,79.70361111,27-10-2017 08:00,391.0,Clear,Odour free,26.0,0.0,22.0,44.7,,113.0,13.6,34.0,7.1,25.3,93.0,113.0,0.19,1.4,1.7,27.38318954965266,Good
3165,Menangudi,CWC,33,Tamil Nadu,590,Tiruvarur,NANNILAM,-,-,Cauvery,Cauvery,-,-,-,Noolar,10.94888889,79.70361111,01-11-2017 08:00,476.0,Brown,Odour free,27.5,0.0,24.0,74.5,,123.0,8.8,57.0,7.4,17.2,101.0,97.0,0.27,2.5,0.8,17.65925016293895,Excellent
3166,Menangudi,CWC,33,Tamil Nadu,590,Tiruvarur,NANNILAM,-,-,Cauvery,Cauvery,-,-,-,Noolar,10.94888889,79.70361111,01-12-2017 08:00,374.0,Brown,Odour free,27.5,5.1,10.0,66.7,,77.0,7.8,51.0,8.8,11.8,72.0,56.0,0.01,3.0,2.9,58.365383502630884,Poor
3167,Menangudi,CWC,33,Tamil Nadu,590,Tiruvarur,NANNILAM,-,-,Cauvery,Cauvery,-,-,-,Noolar,10.94888889,79.70361111,30-07-2018 08:00,253.0,Clear,Odour free,27.0,0.0,14.0,26.7,,95.0,12.5,16.9,7.6,13.6,78.0,88.0,0.47,0.8,1.6,30.568202346320756,Good
3168,Menangudi,CWC,33,Tamil Nadu,590,Tiruvarur,NANNILAM,-,-,Cauvery,Cauvery,-,-,-,Noolar,10.94888889,79.70361111,24-09-2018 08:00,211.0,,,,0.0,16.0,28.4,,74.0,5.8,21.9,7.4,8.4,61.0,64.0,1.11,1.2,0.9,18.994224569602753,Excellent
3169,Menangudi,CWC,33,Tamil Nadu,590,Tiruvarur,NANNILAM,-,-,Cauvery,Cauvery,-,-,-,Noolar,10.94888889,79.70361111,05-10-2018 08:00,421.0,Brown,Odour free,26.0,0.0,14.0,81.5,,108.0,9.6,62.6,7.7,10.2,89.0,76.0,3.71,3.1,1.2,29.90670752062569,Good
3170,Menangudi,CWC,33,Tamil Nadu,590,Tiruvarur,NANNILAM,-,-,Cauvery,Cauvery,-,-,-,Noolar,10.94888889,79.70361111,17-01-2019 08:00,460.0,Brown,Odour free,25.0,0.0,30.0,47.9,,173.0,16.5,36.1,7.8,22.3,141.0,144.0,2.4,1.3,2.5,48.369056066892405,Good
3171,Menangudi,CWC,33,Tamil Nadu,590,Tiruvarur,NANNILAM,-,-,Cauvery,Cauvery,-,-,-,Noolar,10.94888889,79.70361111,07-09-2019 08:00,244.0,Green,odour free,29.0,0.0,20.0,24.5,,104.0,9.4,17.6,7.7,15.2,85.0,90.0,1.0,0.8,5.0,77.84777767180125,Very Poor
3172,Menangudi,CWC,33,Tamil Nadu,590,Tiruvarur,NANNILAM,-,-,Cauvery,Cauvery,-,-,-,Noolar,10.94888889,79.70361111,10-10-2019 08:00,281.0,Green,odour free,27.5,0.0,17.0,30.5,,98.0,11.1,23.5,7.9,19.1,80.0,88.0,0.23,1.1,5.3,83.0596094234346,Very Poor
3173,Menangudi,CWC,33,Tamil Nadu,590,Tiruvarur,NANNILAM,-,-,Cauvery,Cauvery,-,-,-,Noolar,10.94888889,79.70361111,01-11-2019 08:00,379.0,Green,odour free,26.5,0.0,22.0,49.5,,153.0,11.3,38.7,7.8,6.6,125.0,102.0,0.32,1.7,2.6,46.097807477705196,Good
3174,Menangudi,CWC,33,Tamil Nadu,590,Tiruvarur,NANNILAM,-,-,Cauvery,Cauvery,-,-,-,Noolar,10.94888889,79.70361111,02-12-2019 08:00,233.0,Light Green,odour free,26.0,0.0,15.0,24.8,,100.0,8.3,19.2,7.7,5.9,82.0,73.0,0.17,1.0,2.2,38.66385052537874,Good
3175,Menangudi,CWC,33,Tamil Nadu,590,Tiruvarur,NANNILAM,-,-,Cauvery,Cauvery,-,-,-,Noolar,10.94888889,79.70361111,01-01-2020 08:00,527.0,Brown,odour free,26.0,0.0,34.0,62.2,,193.0,19.6,48.2,7.9,22.5,158.0,167.0,0.44,1.6,2.0,40.87911846058468,Good
3176,Menangudi,CWC,33,Tamil Nadu,590,Tiruvarur,NANNILAM,-,-,Cauvery,Cauvery,-,-,-,Noolar,10.94888889,79.70361111,04-09-2020 08:00,261.8,Green,Odour less,27.5,0.0,16.64,27.18,5.22,110.19,12.85,20.4,8.23,11.18,,,0.03,,0.8,48.601022573004606,Good
3177,Menangudi,CWC,33,Tamil Nadu,590,Tiruvarur,NANNILAM,-,-,Cauvery,Cauvery,-,-,-,Noolar,10.94888889,79.70361111,07-11-2020 08:00,444.1,Green,odour free,27.0,0.0,30.54,49.49,5.02,188.08,20.38,38.3,8.17,25.79,,,0.11,,0.4,44.69799272735944,Good
3178,Menangudi,CWC,33,Tamil Nadu,590,Tiruvarur,NANNILAM,-,-,Cauvery,Cauvery,-,-,-,Noolar,10.94888889,79.70361111,04-12-2020 08:00,238.3,Clear,Odour free,25.5,0.0,13.74,29.4,6.02,105.65,9.26,22.6,7.38,8.12,,,0.16,,1.2,43.48256759979017,Good
3536,MURAPPANADU,CWC,33,Tamil Nadu,594,Tuticorin,THOOTHUKKUDI,-,-,Thambraparani,East flowing rivers between Pennar and Kanyakumari,-,-,-,Thambraparani,8.71444444,77.835,01-06-2001 09:15,174.0,Clear,odour free,26.5,0.0,11.22,16.13,6.2,57.89,7.78,10.6,7.48,7.36,47.45082,60.466667,1.23,0.5952109,1.5,49.340680391510496,Good
3537,MURAPPANADU,CWC,33,Tamil Nadu,594,Tuticorin,THOOTHUKKUDI,-,-,Thambraparani,East flowing rivers between Pennar and Kanyakumari,-,-,-,Thambraparani,8.71444444,77.835,03-07-2001 09:00,159.0,Clear,odour free,26.5,0.0,12.83,15.5,6.1,61.28,6.81,11.0,7.59,9.2,50.229507,60.45,1.2,0.61753577,1.0,43.76762213606992,Good
3538,MURAPPANADU,CWC,33,Tamil Nadu,594,Tuticorin,THOOTHUKKUDI,-,-,Thambraparani,East flowing rivers between Pennar and Kanyakumari,-,-,-,Thambraparani,8.71444444,77.835,01-08-2001 08:35,145.0,Clear,odour free,25.5,0.0,14.43,15.37,5.5,64.5,7.78,8.4,7.92,6.8,52.86885,68.49167,1.08,0.443034,1.0,48.471216040345276,Good
3539,MURAPPANADU,CWC,33,Tamil Nadu,594,Tuticorin,THOOTHUKKUDI,-,-,Thambraparani,East flowing rivers between Pennar and Kanyakumari,-,-,-,Thambraparani,8.71444444,77.835,01-09-2001 08:40,190.0,Clear,odour free,25.5,0.0,16.03,15.72,6.0,76.04,8.75,9.4,7.54,3.33,62.32787,76.53333,0.53,0.46901459,1.2,45.82809138887565,Good
3540,MURAPPANADU,CWC,33,Tamil Nadu,594,Tuticorin,THOOTHUKKUDI,-,-,Thambraparani,East flowing rivers between Pennar and Kanyakumari,-,-,-,Thambraparani,8.71444444,77.835,01-10-2001 09:00,175.0,Clear,odour free,26.5,0.0,16.03,10.92,5.6,67.44,5.83,12.0,6.97,11.13,55.27869,64.36667,1.34,0.6525355,1.4,44.66081987060263,Good
3541,MURAPPANADU,CWC,33,Tamil Nadu,594,Tuticorin,THOOTHUKKUDI,-,-,Thambraparani,East flowing rivers between Pennar and Kanyakumari,-,-,-,Thambraparani,8.71444444,77.835,01-11-2001 08:45,435.0,Clear,odour free,25.5,0.0,28.86,46.44,6.0,127.32,13.61,40.9,7.57,21.82,104.36066,128.85834,3.34,1.5724121,0.9,46.92373169520086,Good
3542,MURAPPANADU,CWC,33,Tamil Nadu,594,Tuticorin,THOOTHUKKUDI,-,-,Thambraparani,East flowing rivers between Pennar and Kanyakumari,-,-,-,Thambraparani,8.71444444,77.835,01-12-2001 08:40,502.0,Clear,odour free,25.0,0.0,38.48,62.08,5.4,162.51,9.72,52.4,7.94,18.32,133.20491,136.7,3.88,1.9543923,0.6,48.428198865587305,Good
3543,MURAPPANADU,CWC,33,Tamil Nadu,594,Tuticorin,THOOTHUKKUDI,-,-,Thambraparani,East flowing rivers between Pennar and Kanyakumari,-,-,-,Thambraparani,8.71444444,77.835,01-01-2002 08:50,370.0,Clear,odour free,24.0,0.0,17.64,39.91,7.1,140.84,21.39,26.5,7.66,16.35,115.44262,133.22499,2.59,1.0031964,0.9,44.86223515526889,Good
3544,MURAPPANADU,CWC,33,Tamil Nadu,594,Tuticorin,THOOTHUKKUDI,-,-,Thambraparani,East flowing rivers between Pennar and Kanyakumari,-,-,-,Thambraparani,8.71444444,77.835,01-02-2002 08:55,265.0,Clear,odour free,24.5,0.0,19.24,24.61,5.8,108.34,12.64,17.2,7.59,10.99,88.803276,100.76667,2.04,0.7481035,0.9,45.41189778041395,Good
3545,MURAPPANADU,CWC,33,Tamil Nadu,594,Tuticorin,THOOTHUKKUDI,-,-,Thambraparani,East flowing rivers between Pennar and Kanyakumari,-,-,-,Thambraparani,8.71444444,77.835,01-03-2002 09:20,179.0,Clear,odour free,27.5,0.0,11.22,15.6,7.1,66.61,8.75,12.5,6.89,9.66,54.598362,64.50833,1.61,0.6796618,0.8,32.61396974653059,Good
3546,MURAPPANADU,CWC,33,Tamil Nadu,594,Tuticorin,THOOTHUKKUDI,-,-,Thambraparani,East flowing rivers between Pennar and Kanyakumari,-,-,-,Thambraparani,8.71444444,77.835,01-04-2002 08:35,257.0,Clear,odour free,27.2,0.0,22.44,26.01,7.2,95.49,10.69,16.5,7.52,6.13,78.27049,100.64166,2.64,0.71779454,0.6,37.63207210942343,Good
3547,MURAPPANADU,CWC,33,Tamil Nadu,594,Tuticorin,THOOTHUKKUDI,-,-,Thambraparani,East flowing rivers between Pennar and Kanyakumari,-,-,-,Thambraparani,8.71444444,77.835,01-05-2002 08:30,197.0,Clear,odour free,29.5,0.0,12.83,18.98,5.0,76.52,7.78,15.4,7.27,13.72,62.72131,64.49167,1.69,0.83717054,0.6,38.91070046934363,Good
3548,MURAPPANADU,CWC,33,Tamil Nadu,594,Tuticorin,THOOTHUKKUDI,-,-,Thambraparani,East flowing rivers between Pennar and Kanyakumari,-,-,-,Thambraparani,8.71444444,77.835,01-06-2002 08:40,197.0,Clear,odour free,29.5,0.0,16.03,18.98,5.3,77.88,5.83,15.3,7.15,11.88,63.836063,64.36667,0.9,0.83198273,1.2,43.95541354199454,Good
3549,MURAPPANADU,CWC,33,Tamil Nadu,594,Tuticorin,THOOTHUKKUDI,-,-,Thambraparani,East flowing rivers between Pennar and Kanyakumari,-,-,-,Thambraparani,8.71444444,77.835,01-07-2002 08:45,153.0,Clear,odour free,26.7,0.0,16.03,17.79,6.2,60.14,4.86,8.0,7.86,8.93,49.295082,60.325,1.22,0.4492599,0.8,43.20808811710145,Good
3550,MURAPPANADU,CWC,33,Tamil Nadu,594,Tuticorin,THOOTHUKKUDI,-,-,Thambraparani,East flowing rivers between Pennar and Kanyakumari,-,-,-,Thambraparani,8.71444444,77.835,01-08-2002 09:10,158.0,Clear,odour free,27.2,0.0,11.22,13.38,5.6,54.66,6.81,10.3,7.2,15.25,44.80328,56.425,1.21,0.5986142,0.8,38.572900600092204,Good
3551,MURAPPANADU,CWC,33,Tamil Nadu,594,Tuticorin,THOOTHUKKUDI,-,-,Thambraparani,East flowing rivers between Pennar and Kanyakumari,-,-,-,Thambraparani,8.71444444,77.835,02-09-2002 08:45,204.0,Clear,odour free,27.2,0.0,17.64,18.49,5.5,75.81,9.72,11.6,7.78,9.99,62.139343,84.6,0.949,0.5505061,1.1,48.765179755015346,Good
3552,MURAPPANADU,CWC,33,Tamil Nadu,594,Tuticorin,THOOTHUKKUDI,-,-,Thambraparani,East flowing rivers between Pennar and Kanyakumari,-,-,-,Thambraparani,8.71444444,77.835,01-10-2002 08:55,206.0,Clear,odour free,29.2,0.0,19.24,20.73,5.2,66.33,6.81,14.0,7.43,12.8,54.368855,76.475,2.1,0.69840425,1.1,47.20004990332952,Good
3553,MURAPPANADU,CWC,33,Tamil Nadu,594,Tuticorin,THOOTHUKKUDI,-,-,Thambraparani,East flowing rivers between Pennar and Kanyakumari,-,-,-,Thambraparani,8.71444444,77.835,02-12-2002 09:00,214.0,Clear,odour free,26.5,0.0,14.43,16.72,5.5,78.29,8.75,11.2,7.15,7.36,64.172134,72.53333,2.93,0.57410884,1.3,47.62468323064207,Good
3554,MURAPPANADU,CWC,33,Tamil Nadu,594,Tuticorin,THOOTHUKKUDI,-,-,Thambraparani,East flowing rivers between Pennar and Kanyakumari,-,-,-,Thambraparani,8.71444444,77.835,01-02-2003 09:10,257.0,Clear,odour free,26.0,0.0,16.03,16.64,5.8,72.3,7.78,12.2,7.71,6.5,59.2623,72.49167,4.42,0.62536216,0.9,48.504072007288535,Good
3555,MURAPPANADU,CWC,33,Tamil Nadu,594,Tuticorin,THOOTHUKKUDI,-,-,Thambraparani,East flowing rivers between Pennar and Kanyakumari,-,-,-,Thambraparani,8.71444444,77.835,01-03-2003 09:05,194.0,Clear,odour free,27.5,0.0,12.83,17.12,5.6,51.91,5.83,13.2,7.71,8.88,42.54918,56.366665,3.38,0.7672569,0.8,45.97015186475671,Good
3556,MURAPPANADU,CWC,33,Tamil Nadu,594,Tuticorin,THOOTHUKKUDI,-,-,Thambraparani,East flowing rivers between Pennar and Kanyakumari,-,-,-,Thambraparani,8.71444444,77.835,01-04-2003 08:15,344.0,Clear,odour free,29.8,0.0,19.24,28.26,5.3,115.44,12.64,24.9,7.64,13.27,94.622955,100.76667,4.15,1.0830102,1.1,52.48328170603033,Poor
3557,MURAPPANADU,CWC,33,Tamil Nadu,594,Tuticorin,THOOTHUKKUDI,-,-,Thambraparani,East flowing rivers between Pennar and Kanyakumari,-,-,-,Thambraparani,8.71444444,77.835,01-05-2003 08:30,190.0,Clear,odour free,28.5,0.0,11.22,27.74,5.7,55.91,10.69,11.2,7.54,6.77,45.82787,72.59167,4.66,0.57422,0.8,46.34106817246094,Good
3558,MURAPPANADU,CWC,33,Tamil Nadu,594,Tuticorin,THOOTHUKKUDI,-,-,Thambraparani,East flowing rivers between Pennar and Kanyakumari,-,-,-,Thambraparani,8.71444444,77.835,02-06-2003 08:40,152.0,Clear,odour free,29.5,0.0,9.62,9.99,5.2,53.33,5.83,10.3,7.37,10.06,43.713116,48.341667,2.58,0.6467272,1.7,54.816985442776634,Poor
3559,MURAPPANADU,CWC,33,Tamil Nadu,594,Tuticorin,THOOTHUKKUDI,-,-,Thambraparani,East flowing rivers between Pennar and Kanyakumari,-,-,-,Thambraparani,8.71444444,77.835,01-07-2003 08:20,169.0,Clear,odour free,28.5,0.0,9.62,16.49,5.6,63.65,3.89,19.5,7.47,11.94,52.17213,40.258335,1.08,1.3409691,1.3,47.31470905354333,Good
3560,MURAPPANADU,CWC,33,Tamil Nadu,594,Tuticorin,THOOTHUKKUDI,-,-,Thambraparani,East flowing rivers between Pennar and Kanyakumari,-,-,-,Thambraparani,8.71444444,77.835,01-08-2003 08:40,134.0,Clear,odour free,27.0,0.0,8.02,15.0,4.6,42.43,5.83,11.0,7.37,7.89,34.77869,44.341667,2.39,0.721335,0.4,38.47081057396237,Good
3561,MURAPPANADU,CWC,33,Tamil Nadu,594,Tuticorin,THOOTHUKKUDI,-,-,Thambraparani,East flowing rivers between Pennar and Kanyakumari,-,-,-,Thambraparani,8.71444444,77.835,01-09-2003 08:35,145.0,Clear,odour free,27.5,0.0,11.22,14.94,5.2,41.36,5.83,8.8,7.41,7.13,33.901638,52.341667,3.92,0.53090173,1.2,50.08475210360135,Poor
3562,MURAPPANADU,CWC,33,Tamil Nadu,594,Tuticorin,THOOTHUKKUDI,-,-,Thambraparani,East flowing rivers between Pennar and Kanyakumari,-,-,-,Thambraparani,8.71444444,77.835,01-10-2003 08:35,124.0,Clear,odour free,28.0,0.0,9.62,14.86,5.6,36.6,4.86,9.1,7.21,11.16,29.999998,44.3,0.975,0.5967309,1.2,43.39232142078783,Good
3563,MURAPPANADU,CWC,33,Tamil Nadu,594,Tuticorin,THOOTHUKKUDI,-,-,Thambraparani,East flowing rivers between Pennar and Kanyakumari,-,-,-,Thambraparani,8.71444444,77.835,01-11-2003 08:30,188.0,Clear,odour free,26.5,0.0,11.22,25.45,5.3,50.92,10.69,8.9,7.33,8.12,41.737705,72.59167,0.748,0.45629984,0.8,40.574316816391665,Good
3564,MURAPPANADU,CWC,33,Tamil Nadu,594,Tuticorin,THOOTHUKKUDI,-,-,Thambraparani,East flowing rivers between Pennar and Kanyakumari,-,-,-,Thambraparani,8.71444444,77.835,01-12-2003 08:40,159.0,Light Brown,odour free,27.0,0.0,14.43,24.84,5.6,53.53,7.78,8.4,7.59,5.96,43.87705,68.49167,1.33,0.443034,2.5,65.63168937797066,Poor
3565,MURAPPANADU,CWC,33,Tamil Nadu,594,Tuticorin,THOOTHUKKUDI,-,-,Thambraparani,East flowing rivers between Pennar and Kanyakumari,-,-,-,Thambraparani,8.71444444,77.835,01-01-2004 09:10,156.0,Clear,odour free,25.5,0.0,14.49,17.8,5.4,50.48,5.83,9.5,7.68,7.01,41.37705,60.516666,1.213,0.5328382,0.8,43.58274485645476,Good
3566,MURAPPANADU,CWC,33,Tamil Nadu,594,Tuticorin,THOOTHUKKUDI,-,-,Thambraparani,East flowing rivers between Pennar and Kanyakumari,-,-,-,Thambraparani,8.71444444,77.835,03-02-2004 08:50,223.0,Clear,odour free,26.5,0.0,19.24,19.3,5.1,90.6,9.72,14.5,7.82,10.23,74.26229,88.6,0.662,0.67234176,0.3,39.09722996586231,Good
3567,MURAPPANADU,CWC,33,Tamil Nadu,594,Tuticorin,THOOTHUKKUDI,-,-,Thambraparani,East flowing rivers between Pennar and Kanyakumari,-,-,-,Thambraparani,8.71444444,77.835,01-03-2004 09:10,132.0,Clear,odour free,25.5,0.0,11.22,13.57,4.8,45.5,5.83,7.3,7.61,8.09,37.295082,52.341667,0.539,0.44040713,0.9,44.84586506662613,Good
3568,MURAPPANADU,CWC,33,Tamil Nadu,594,Tuticorin,THOOTHUKKUDI,-,-,Thambraparani,East flowing rivers between Pennar and Kanyakumari,-,-,-,Thambraparani,8.71444444,77.835,01-04-2004 08:45,276.0,Clear,odour free,28.0,0.0,19.24,29.09,5.1,80.62,7.78,20.0,7.85,14.41,66.08197,80.51667,2.45,0.9725214,1.2,53.45829269238717,Poor
3569,MURAPPANADU,CWC,33,Tamil Nadu,594,Tuticorin,THOOTHUKKUDI,-,-,Thambraparani,East flowing rivers between Pennar and Kanyakumari,-,-,-,Thambraparani,8.71444444,77.835,01-05-2004 08:50,228.0,Clear,odour free,27.5,0.0,12.83,22.54,5.2,54.43,6.81,17.4,7.61,11.08,44.614754,60.45,2.44,0.9768293,1.7,57.23040886073887,Poor
3570,MURAPPANADU,CWC,33,Tamil Nadu,594,Tuticorin,THOOTHUKKUDI,-,-,Thambraparani,East flowing rivers between Pennar and Kanyakumari,-,-,-,Thambraparani,8.71444444,77.835,01-06-2004 08:40,147.0,Clear,odour free,28.0,0.0,9.62,13.57,5.3,40.16,5.83,11.4,7.32,15.45,32.918034,48.341667,2.01,0.7157951,2.2,60.1431867410026,Poor
3571,MURAPPANADU,CWC,33,Tamil Nadu,594,Tuticorin,THOOTHUKKUDI,-,-,Thambraparani,East flowing rivers between Pennar and Kanyakumari,-,-,-,Thambraparani,8.71444444,77.835,01-07-2004 09:00,102.0,Clear,odour free,25.0,0.0,8.02,9.16,5.3,31.74,3.89,5.7,6.92,8.2,26.016394,36.258335,1.67,0.41312966,0.3,29.83691959434166,Good
3572,MURAPPANADU,CWC,33,Tamil Nadu,594,Tuticorin,THOOTHUKKUDI,-,-,Thambraparani,East flowing rivers between Pennar and Kanyakumari,-,-,-,Thambraparani,8.71444444,77.835,02-08-2004 09:00,169.0,Clear,odour free,25.5,0.0,12.83,17.04,6.0,53.8,7.78,10.4,7.71,7.66,44.09836,64.49167,3.1,0.5653619,1.5,54.35382253544916,Poor
3573,MURAPPANADU,CWC,33,Tamil Nadu,594,Tuticorin,THOOTHUKKUDI,-,-,Thambraparani,East flowing rivers between Pennar and Kanyakumari,-,-,-,Thambraparani,8.71444444,77.835,01-09-2004 08:50,154.0,Clear,odour free,25.5,0.0,12.83,13.02,5.2,55.54,7.78,8.7,7.65,5.39,45.52459,64.49167,2.69,0.472947,1.4,53.942190379846444,Poor
3574,MURAPPANADU,CWC,33,Tamil Nadu,594,Tuticorin,THOOTHUKKUDI,-,-,Thambraparani,East flowing rivers between Pennar and Kanyakumari,-,-,-,Thambraparani,8.71444444,77.835,01-10-2004 09:05,305.0,Clear,odour free,27.0,0.0,19.24,31.62,5.2,66.1,8.75,16.1,7.52,19.1,54.18033,84.558334,2.24,0.7640578,1.4,52.62052645158726,Poor
3575,MURAPPANADU,CWC,33,Tamil Nadu,594,Tuticorin,THOOTHUKKUDI,-,-,Thambraparani,East flowing rivers between Pennar and Kanyakumari,-,-,-,Thambraparani,8.71444444,77.835,01-11-2004 09:00,264.0,Light Brown,odour free,26.0,0.0,17.64,29.26,5.9,66.9,10.69,12.6,7.71,11.85,54.836067,88.64166,1.58,0.5842467,1.2,49.356718676598,Good
3576,MURAPPANADU,CWC,33,Tamil Nadu,594,Tuticorin,THOOTHUKKUDI,-,-,Thambraparani,East flowing rivers between Pennar and Kanyakumari,-,-,-,Thambraparani,8.71444444,77.835,01-12-2004 08:40,200.0,Clear,odour free,24.5,0.0,17.64,27.9,5.3,66.1,7.78,13.5,7.87,15.27,54.18033,76.51666,1.02,0.67346776,0.8,45.892045747492354,Good
3577,MURAPPANADU,CWC,33,Tamil Nadu,594,Tuticorin,THOOTHUKKUDI,-,-,Thambraparani,East flowing rivers between Pennar and Kanyakumari,-,-,-,Thambraparani,8.71444444,77.835,01-01-2005 09:20,211.0,Clear,odour free,25.0,0.0,14.43,25.24,6.0,59.15,9.72,12.0,7.72,7.84,48.48361,76.575005,1.12,0.5987478,0.7,41.60218157150636,Good
3578,MURAPPANADU,CWC,33,Tamil Nadu,594,Tuticorin,THOOTHUKKUDI,-,-,Thambraparani,East flowing rivers between Pennar and Kanyakumari,-,-,-,Thambraparani,8.71444444,77.835,01-02-2005 08:25,208.0,Clear,odour free,26.0,0.0,17.64,21.35,5.3,77.64,7.78,13.9,7.88,11.38,63.639343,76.51666,0.661,0.6934223,1.6,56.366294300693895,Poor
3579,MURAPPANADU,CWC,33,Tamil Nadu,594,Tuticorin,THOOTHUKKUDI,-,-,Thambraparani,East flowing rivers between Pennar and Kanyakumari,-,-,-,Thambraparani,8.71444444,77.835,01-03-2005 08:30,160.0,Clear,odour free,26.5,0.0,17.64,13.97,5.5,73.38,6.81,10.6,7.9,9.99,60.147537,72.475,0.285,0.5432479,0.8,44.59831538145597,Good
3580,MURAPPANADU,CWC,33,Tamil Nadu,594,Tuticorin,THOOTHUKKUDI,-,-,Thambraparani,East flowing rivers between Pennar and Kanyakumari,-,-,-,Thambraparani,8.71444444,77.835,01-04-2005 08:20,404.0,Clear,odour free,28.0,0.0,28.86,38.64,6.0,148.69,12.64,27.7,7.36,13.55,121.87705,124.81667,0.409,1.0819335,1.6,50.64262279952948,Poor
3581,MURAPPANADU,CWC,33,Tamil Nadu,594,Tuticorin,THOOTHUKKUDI,-,-,Thambraparani,East flowing rivers between Pennar and Kanyakumari,-,-,-,Thambraparani,8.71444444,77.835,02-05-2005 08:30,305.0,Clear,odour free,27.5,0.0,20.84,31.21,5.1,95.43,9.72,21.7,7.66,7.82,78.22131,92.6,0.766,0.98411816,3.1,75.6322234336004,Very Poor
3582,MURAPPANADU,CWC,33,Tamil Nadu,594,Tuticorin,THOOTHUKKUDI,-,-,Thambraparani,East flowing rivers between Pennar and Kanyakumari,-,-,-,Thambraparani,8.71444444,77.835,01-06-2005 08:30,90.0,Clear,odour free,27.5,0.0,8.02,9.85,5.8,34.05,2.92,6.2,7.15,2.86,27.909836,32.216667,0.448,0.4765466,1.4,43.98942500355684,Good
3583,MURAPPANADU,CWC,33,Tamil Nadu,594,Tuticorin,THOOTHUKKUDI,-,-,Thambraparani,East flowing rivers between Pennar and Kanyakumari,-,-,-,Thambraparani,8.71444444,77.835,01-07-2005 09:00,142.0,Clear,odour free,27.0,0.0,8.02,15.76,5.3,45.19,7.78,7.0,7.56,4.56,37.04098,52.466667,0.574,0.42215306,0.5,37.92704645729013,Good
3584,MURAPPANADU,CWC,33,Tamil Nadu,594,Tuticorin,THOOTHUKKUDI,-,-,Thambraparani,East flowing rivers between Pennar and Kanyakumari,-,-,-,Thambraparani,8.71444444,77.835,01-08-2005 08:40,166.0,Clear,odour free,27.5,0.0,14.43,17.91,5.3,68.09,5.83,9.7,7.12,4.42,55.811474,60.36667,0.668,0.5447343,1.2,43.27253571208293,Good
3585,MURAPPANADU,CWC,33,Tamil Nadu,594,Tuticorin,THOOTHUKKUDI,-,-,Thambraparani,East flowing rivers between Pennar and Kanyakumari,-,-,-,Thambraparani,8.71444444,77.835,01-09-2005 09:15,143.0,Clear,odour free,27.0,0.0,12.83,17.47,5.6,58.8,6.8,8.5,7.13,4.06,48.19672,60.408333,0.301,0.47735032,1.2,42.22817245117793,Good
3586,MURAPPANADU,CWC,33,Tamil Nadu,594,Tuticorin,THOOTHUKKUDI,-,-,Thambraparani,East flowing rivers between Pennar and Kanyakumari,-,-,-,Thambraparani,8.71444444,77.835,01-10-2005 08:35,125.0,Clear,odour free,28.5,0.0,7.29,13.2,5.7,45.4,6.19,7.7,6.98,4.77,37.213116,44.016666,0.881,0.50689894,0.2,27.44248117550512,Good
3587,MURAPPANADU,CWC,33,Tamil Nadu,594,Tuticorin,THOOTHUKKUDI,-,-,Thambraparani,East flowing rivers between Pennar and Kanyakumari,-,-,-,Thambraparani,8.71444444,77.835,02-11-2005 08:30,227.0,Clear,odour free,27.0,0.0,17.64,23.52,5.2,77.27,8.75,15.1,7.56,9.47,63.336063,80.558334,0.776,0.73426044,0.4,37.63848004079435,Good
3588,MURAPPANADU,CWC,33,Tamil Nadu,594,Tuticorin,THOOTHUKKUDI,-,-,Thambraparani,East flowing rivers between Pennar and Kanyakumari,-,-,-,Thambraparani,8.71444444,77.835,01-12-2005 08:20,322.0,Clear,odour free,26.0,0.0,24.78,33.92,6.4,101.67,11.49,21.9,7.6,19.85,83.33607,109.825,2.23,0.9119754,1.8,56.41676045809687,Poor
3589,MURAPPANADU,CWC,33,Tamil Nadu,594,Tuticorin,THOOTHUKKUDI,-,-,Thambraparani,East flowing rivers between Pennar and Kanyakumari,-,-,-,Thambraparani,8.71444444,77.835,02-01-2006 08:30,237.0,Clear,odour free,24.5,0.0,20.84,21.35,5.7,91.8,8.75,16.8,7.41,13.73,75.2459,88.558334,1.09,0.7789826,1.0,43.574250278228185,Good
3590,MURAPPANADU,CWC,33,Tamil Nadu,594,Tuticorin,THOOTHUKKUDI,-,-,Thambraparani,East flowing rivers between Pennar and Kanyakumari,-,-,-,Thambraparani,8.71444444,77.835,01-02-2006 08:20,196.0,Clear,odour free,24.0,0.0,14.43,20.51,6.4,77.31,10.69,12.5,7.45,10.29,63.36885,80.61667,0.924,0.6079374,1.0,42.016364509514055,Good
3591,MURAPPANADU,CWC,33,Tamil Nadu,594,Tuticorin,THOOTHUKKUDI,-,-,Thambraparani,East flowing rivers between Pennar and Kanyakumari,-,-,-,Thambraparani,8.71444444,77.835,01-03-2006 08:40,165.0,Clear,odour free,26.5,0.0,11.22,19.13,6.0,62.81,5.83,12.0,7.42,5.57,51.48361,52.341667,0.654,0.7239569,1.1,42.89808063850208,Good
3592,MURAPPANADU,CWC,33,Tamil Nadu,594,Tuticorin,THOOTHUKKUDI,-,-,Thambraparani,East flowing rivers between Pennar and Kanyakumari,-,-,-,Thambraparani,8.71444444,77.835,01-04-2006 08:30,221.0,Clear,odour free,28.0,0.0,17.64,22.85,5.3,81.73,6.81,16.7,7.34,6.85,66.991806,72.475,1.35,0.8558716,0.7,39.75810488733369,Good
3593,MURAPPANADU,CWC,33,Tamil Nadu,594,Tuticorin,THOOTHUKKUDI,-,-,Thambraparani,East flowing rivers between Pennar and Kanyakumari,-,-,-,Thambraparani,8.71444444,77.835,01-05-2006 08:50,107.0,Clear,odour free,29.5,0.0,9.62,12.72,5.8,43.27,3.89,8.1,7.21,3.66,35.467213,40.258335,0.363,0.557018,1.0,39.2813206647114,Good
3594,MURAPPANADU,CWC,33,Tamil Nadu,594,Tuticorin,THOOTHUKKUDI,-,-,Thambraparani,East flowing rivers between Pennar and Kanyakumari,-,-,-,Thambraparani,8.71444444,77.835,01-06-2006 09:00,123.0,Clear,odour free,26.5,0.0,4.81,7.76,5.3,33.33,2.92,5.9,6.82,2.69,27.319674,24.191668,0.351,0.5236786,1.5,43.24261219987443,Good
3595,MURAPPANADU,CWC,33,Tamil Nadu,594,Tuticorin,THOOTHUKKUDI,-,-,Thambraparani,East flowing rivers between Pennar and Kanyakumari,-,-,-,Thambraparani,8.71444444,77.835,01-07-2006 08:35,108.0,Clear,odour free,27.0,0.0,9.62,15.06,5.1,57.98,8.75,10.6,7.48,12.01,47.52459,60.50833,0.406,0.5952182,1.3,48.5283943352886,Good
3596,MURAPPANADU,CWC,33,Tamil Nadu,594,Tuticorin,THOOTHUKKUDI,-,-,Thambraparani,East flowing rivers between Pennar and Kanyakumari,-,-,-,Thambraparani,8.71444444,77.835,01-08-2006 08:40,130.0,Clear,odour free,25.5,0.0,11.22,12.44,6.3,55.63,4.86,8.1,7.49,5.11,45.598362,48.300003,0.685,0.50858355,2.5,61.57078434524379,Poor
3597,MURAPPANADU,CWC,33,Tamil Nadu,594,Tuticorin,THOOTHUKKUDI,-,-,Thambraparani,East flowing rivers between Pennar and Kanyakumari,-,-,-,Thambraparani,8.71444444,77.835,01-09-2006 08:30,180.0,Clear,odour free,28.5,0.0,17.64,16.32,6.0,77.05,4.86,9.5,7.52,5.9,63.15574,64.35,0.589,0.51648396,0.9,41.13889059683342,Good
3598,MURAPPANADU,CWC,33,Tamil Nadu,594,Tuticorin,THOOTHUKKUDI,-,-,Thambraparani,East flowing rivers between Pennar and Kanyakumari,-,-,-,Thambraparani,8.71444444,77.835,03-10-2006 08:40,134.0,Clear,odour free,27.5,0.0,9.62,12.67,6.7,50.57,4.86,8.9,7.37,6.01,41.45082,44.3,1.87,0.58361584,1.4,45.9371530962373,Good
3599,MURAPPANADU,CWC,33,Tamil Nadu,594,Tuticorin,THOOTHUKKUDI,-,-,Thambraparani,East flowing rivers between Pennar and Kanyakumari,-,-,-,Thambraparani,8.71444444,77.835,01-11-2006 08:25,284.0,Clear,odour free,25.0,0.0,24.05,31.18,5.7,101.14,8.75,18.7,7.39,10.76,82.90164,96.58333,2.26,0.8301262,2.6,66.56100684363426,Poor
3600,MURAPPANADU,CWC,33,Tamil Nadu,594,Tuticorin,THOOTHUKKUDI,-,-,Thambraparani,East flowing rivers between Pennar and Kanyakumari,-,-,-,Thambraparani,8.71444444,77.835,01-12-2006 08:30,275.0,Clear,odour free,25.0,0.0,22.44,29.35,5.9,114.82,8.75,19.8,7.61,9.23,94.11475,92.558334,,0.8979439,2.4,62.68358934323685,Poor
3601,MURAPPANADU,CWC,33,Tamil Nadu,594,Tuticorin,THOOTHUKKUDI,-,-,Thambraparani,East flowing rivers between Pennar and Kanyakumari,-,-,-,Thambraparani,8.71444444,77.835,02-01-2007 08:30,237.0,Clear,odour free,25.0,0.0,19.24,30.9,5.8,87.4,7.78,20.2,7.52,11.7,71.63934,80.51667,1.67,0.98224664,1.1,46.24827240072647,Good
3602,MURAPPANADU,CWC,33,Tamil Nadu,594,Tuticorin,THOOTHUKKUDI,-,-,Thambraparani,East flowing rivers between Pennar and Kanyakumari,-,-,-,Thambraparani,8.71444444,77.835,01-02-2007 08:40,334.0,Clear,odour free,25.0,0.0,25.65,43.94,5.2,122.0,11.67,28.2,7.71,11.11,100.0,112.75,2.0,1.1589631,1.5,56.28824027532707,Poor
3603,MURAPPANADU,CWC,33,Tamil Nadu,594,Tuticorin,THOOTHUKKUDI,-,-,Thambraparani,East flowing rivers between Pennar and Kanyakumari,-,-,-,Thambraparani,8.71444444,77.835,01-03-2007 08:35,193.0,Clear,odour free,27.0,0.0,16.03,26.51,6.4,87.4,8.75,18.0,7.74,6.97,71.63934,76.53333,1.55,0.8981131,0.4,37.23974056364952,Good
3604,MURAPPANADU,CWC,33,Tamil Nadu,594,Tuticorin,THOOTHUKKUDI,-,-,Thambraparani,East flowing rivers between Pennar and Kanyakumari,-,-,-,Thambraparani,8.71444444,77.835,02-04-2007 08:50,179.0,Clear,odour free,28.5,0.0,11.22,23.76,5.7,58.85,6.81,15.7,7.31,16.81,48.237705,56.425,0.825,0.9124508,2.8,65.97747951470028,Poor
3605,MURAPPANADU,CWC,33,Tamil Nadu,594,Tuticorin,THOOTHUKKUDI,-,-,Thambraparani,East flowing rivers between Pennar and Kanyakumari,-,-,-,Thambraparani,8.71444444,77.835,01-05-2007 08:40,270.0,Clear,odour free,29.0,0.0,16.03,23.4,6.0,87.84,6.81,24.2,7.61,16.27,72.0,68.450005,2.12,1.2763462,1.7,55.03161668743145,Poor
3606,MURAPPANADU,CWC,33,Tamil Nadu,594,Tuticorin,THOOTHUKKUDI,-,-,Thambraparani,East flowing rivers between Pennar and Kanyakumari,-,-,-,Thambraparani,8.71444444,77.835,01-06-2007 08:45,104.0,Clear,odour free,29.0,0.0,8.02,10.86,6.2,34.16,1.94,9.1,7.23,6.27,28.0,28.133335,0.711,0.7481259,1.3,42.58503150394631,Good
3607,MURAPPANADU,CWC,33,Tamil Nadu,594,Tuticorin,THOOTHUKKUDI,-,-,Thambraparani,East flowing rivers between Pennar and Kanyakumari,-,-,-,Thambraparani,8.71444444,77.835,02-07-2007 08:40,88.0,Clear,odour free,27.0,0.0,8.02,10.05,5.4,29.43,0.97,8.8,7.26,5.13,24.122952,24.091667,1.14,0.7812956,0.5,34.448100821589804,Good
3608,MURAPPANADU,CWC,33,Tamil Nadu,594,Tuticorin,THOOTHUKKUDI,-,-,Thambraparani,East flowing rivers between Pennar and Kanyakumari,-,-,-,Thambraparani,8.71444444,77.835,01-08-2007 08:40,157.0,Clear,odour free,27.0,0.0,14.43,16.0,6.2,58.56,4.86,9.2,7.52,6.81,48.0,56.325,2.07,0.53474784,0.9,42.29332298074936,Good
3609,MURAPPANADU,CWC,33,Tamil Nadu,594,Tuticorin,THOOTHUKKUDI,-,-,Thambraparani,East flowing rivers between Pennar and Kanyakumari,-,-,-,Thambraparani,8.71444444,77.835,01-09-2007 08:35,206.0,Clear,odour free,27.0,0.0,16.03,18.27,6.0,77.69,9.72,12.8,7.78,5.6,63.68033,80.575005,2.21,0.6225222,1.3,51.68193175352108,Poor
3610,MURAPPANADU,CWC,33,Tamil Nadu,594,Tuticorin,THOOTHUKKUDI,-,-,Thambraparani,East flowing rivers between Pennar and Kanyakumari,-,-,-,Thambraparani,8.71444444,77.835,03-10-2007 08:45,125.0,Clear,odour free,28.0,0.0,12.83,12.0,5.5,54.22,2.92,8.9,7.47,4.78,44.442623,44.24167,1.47,0.583431,1.3,47.90416441789069,Good
3611,MURAPPANADU,CWC,33,Tamil Nadu,594,Tuticorin,THOOTHUKKUDI,-,-,Thambraparani,East flowing rivers between Pennar and Kanyakumari,-,-,-,Thambraparani,8.71444444,77.835,01-11-2007 08:40,309.0,Clear,odour free,27.5,0.0,27.25,32.64,6.2,112.8,7.78,22.5,7.75,13.84,92.45902,100.541664,2.06,0.9786671,2.3,64.43539100282958,Poor
3612,MURAPPANADU,CWC,33,Tamil Nadu,594,Tuticorin,THOOTHUKKUDI,-,-,Thambraparani,East flowing rivers between Pennar and Kanyakumari,-,-,-,Thambraparani,8.71444444,77.835,01-12-2007 08:50,196.0,Clear,odour free,26.5,0.0,14.43,20.61,6.33,73.57,9.72,13.9,7.65,5.76,60.30328,76.575005,1.42,0.6935495,0.4,36.435262546397865,Good
3613,MURAPPANADU,CWC,33,Tamil Nadu,594,Tuticorin,THOOTHUKKUDI,-,-,Thambraparani,East flowing rivers between Pennar and Kanyakumari,-,-,-,Thambraparani,8.71444444,77.835,01-01-2008 08:15,240.0,Clear,odour free,25.5,0.0,17.64,26.92,6.15,89.09,7.78,18.2,7.69,7.08,73.02459,76.51666,1.52,0.90793437,0.7,41.32552374238956,Good
3614,MURAPPANADU,CWC,33,Tamil Nadu,594,Tuticorin,THOOTHUKKUDI,-,-,Thambraparani,East flowing rivers between Pennar and Kanyakumari,-,-,-,Thambraparani,8.71444444,77.835,01-02-2008 08:45,196.0,Clear,odour free,26.0,0.0,16.03,23.18,5.38,69.01,6.81,14.2,7.58,5.49,56.565575,68.450005,0.581,0.7489304,1.1,46.22297000612015,Good
3615,MURAPPANADU,CWC,33,Tamil Nadu,594,Tuticorin,THOOTHUKKUDI,-,-,Thambraparani,East flowing rivers between Pennar and Kanyakumari,-,-,-,Thambraparani,8.71444444,77.835,01-03-2008 08:35,209.0,Clear,odour free,27.0,0.0,17.64,24.07,6.32,84.41,5.83,16.8,7.55,9.13,69.18853,68.39166,0.995,0.8861544,0.6,37.26478757272641,Good
3616,MURAPPANADU,CWC,33,Tamil Nadu,594,Tuticorin,THOOTHUKKUDI,-,-,Thambraparani,East flowing rivers between Pennar and Kanyakumari,-,-,-,Thambraparani,8.71444444,77.835,01-04-2008 09:00,433.0,Clear,odour free,28.0,0.0,30.46,57.41,5.49,153.82,13.61,38.0,8.05,23.83,126.08197,132.85832,0.815,1.4386584,1.9,63.36672948896784,Poor
3617,MURAPPANADU,CWC,33,Tamil Nadu,594,Tuticorin,THOOTHUKKUDI,-,-,Thambraparani,East flowing rivers between Pennar and Kanyakumari,-,-,-,Thambraparani,8.71444444,77.835,01-05-2008 08:40,260.0,Clear,odour free,29.5,0.0,16.03,36.7,5.9,86.28,7.78,24.5,7.53,15.5,70.72131,72.49167,0.862,1.2558503,0.4,35.58986857464194,Good
3618,MURAPPANADU,CWC,33,Tamil Nadu,594,Tuticorin,THOOTHUKKUDI,-,-,Thambraparani,East flowing rivers between Pennar and Kanyakumari,-,-,-,Thambraparani,8.71444444,77.835,02-06-2008 08:00,93.0,Clear,odour free,28.5,0.0,6.41,11.46,6.2,32.54,2.92,8.1,7.2,4.79,26.672132,28.191666,0.504,0.66573924,0.1,25.919538650189963,Good
3619,MURAPPANADU,CWC,33,Tamil Nadu,594,Tuticorin,THOOTHUKKUDI,-,-,Thambraparani,East flowing rivers between Pennar and Kanyakumari,-,-,-,Thambraparani,8.71444444,77.835,01-07-2008 08:00,130.0,Clear,odour free,27.0,0.0,11.22,15.38,5.61,48.8,2.92,10.4,7.5,6.52,40.0,40.216667,0.723,0.7151704,1.2,45.60814932461808,Good
3620,MURAPPANADU,CWC,33,Tamil Nadu,594,Tuticorin,THOOTHUKKUDI,-,-,Thambraparani,East flowing rivers between Pennar and Kanyakumari,-,-,-,Thambraparani,8.71444444,77.835,01-08-2008 08:00,164.0,Clear,odour free,25.0,0.0,14.43,15.38,6.22,71.28,3.89,13.4,7.75,9.07,58.426228,52.283333,0.837,0.8082018,1.1,45.54649725851257,Good
3621,MURAPPANADU,CWC,33,Tamil Nadu,594,Tuticorin,THOOTHUKKUDI,-,-,Thambraparani,East flowing rivers between Pennar and Kanyakumari,-,-,-,Thambraparani,8.71444444,77.835,01-09-2008 08:00,204.0,Clear,odour free,28.5,0.0,17.64,25.11,6.58,69.33,4.86,16.0,7.59,11.51,56.82787,64.35,1.89,0.86986774,0.8,40.604010986654906,Good
3622,MURAPPANADU,CWC,33,Tamil Nadu,594,Tuticorin,THOOTHUKKUDI,-,-,Thambraparani,East flowing rivers between Pennar and Kanyakumari,-,-,-,Thambraparani,8.71444444,77.835,03-10-2008 08:00,138.0,Clear,odour free,28.0,0.0,11.22,15.99,5.33,58.58,5.83,8.3,7.47,1.7,48.016396,52.341667,,0.5007369,1.6,50.9919850819265,Poor
3623,MURAPPANADU,CWC,33,Tamil Nadu,594,Tuticorin,THOOTHUKKUDI,-,-,Thambraparani,East flowing rivers between Pennar and Kanyakumari,-,-,-,Thambraparani,8.71444444,77.835,01-11-2008 08:00,404.0,Clear,odour free,27.5,0.0,35.27,51.98,6.2,166.19,14.09,32.2,8.01,15.7,136.22131,146.88333,,1.1592442,1.5,54.97834564356907,Poor
3624,MURAPPANADU,CWC,33,Tamil Nadu,594,Tuticorin,THOOTHUKKUDI,-,-,Thambraparani,East flowing rivers between Pennar and Kanyakumari,-,-,-,Thambraparani,8.71444444,77.835,01-12-2008 08:00,358.0,Clear,odour free,27.0,0.0,24.42,49.99,6.04,153.0,19.44,23.7,7.56,5.76,125.409836,142.05,0.277,0.86842096,1.0,45.050846402387656,Good
3625,MURAPPANADU,CWC,33,Tamil Nadu,594,Tuticorin,THOOTHUKKUDI,-,-,Thambraparani,East flowing rivers between Pennar and Kanyakumari,-,-,-,Thambraparani,8.71444444,77.835,01-01-2009 08:00,227.0,Clear,odour free,25.0,0.0,24.0,35.6,6.87,101.0,9.7,24.6,7.41,25.0,82.78689,100.416664,0.268,1.0711344,1.3,44.00485907295691,Good
3626,MURAPPANADU,CWC,33,Tamil Nadu,594,Tuticorin,THOOTHUKKUDI,-,-,Thambraparani,East flowing rivers between Pennar and Kanyakumari,-,-,-,Thambraparani,8.71444444,77.835,02-02-2009 08:00,215.0,Clear,odour free,25.5,0.0,20.8,33.6,5.93,91.0,8.7,20.3,7.47,15.0,74.590164,88.25,0.163,0.9429089,0.8,39.760705428092265,Good
3627,MURAPPANADU,CWC,33,Tamil Nadu,594,Tuticorin,THOOTHUKKUDI,-,-,Thambraparani,East flowing rivers between Pennar and Kanyakumari,-,-,-,Thambraparani,8.71444444,77.835,02-03-2009 08:00,183.0,Clear,odour free,28.5,0.0,17.6,35.6,5.97,77.0,7.8,19.3,7.63,8.0,63.114754,76.5,0.122,0.96292037,1.0,43.554411062401634,Good
3628,MURAPPANADU,CWC,33,Tamil Nadu,594,Tuticorin,THOOTHUKKUDI,-,-,Thambraparani,East flowing rivers between Pennar and Kanyakumari,-,-,-,Thambraparani,8.71444444,77.835,01-04-2009 08:00,208.0,Clear,odour free,29.5,0.0,17.6,31.6,5.93,91.0,8.75,23.8,7.6,8.3,74.590164,80.458336,0.106,1.1580335,1.0,43.53360421932376,Good
3629,MURAPPANADU,CWC,33,Tamil Nadu,594,Tuticorin,THOOTHUKKUDI,-,-,Thambraparani,East flowing rivers between Pennar and Kanyakumari,-,-,-,Thambraparani,8.71444444,77.835,01-05-2009 08:00,141.0,Clear,odour free,31.0,0.0,11.2,19.8,6.37,72.0,7.8,13.8,7.32,1.4,59.01639,60.5,0.144,0.7746882,2.8,63.66337100143864,Poor
3630,MURAPPANADU,CWC,33,Tamil Nadu,594,Tuticorin,THOOTHUKKUDI,-,-,Thambraparani,East flowing rivers between Pennar and Kanyakumari,-,-,-,Thambraparani,8.71444444,77.835,01-06-2009 08:45,99.0,Clear,odour free,27.0,0.0,8.0,13.7,6.2,43.2,5.8,7.9,7.7,3.6,35.409836,44.166668,0.018,0.5190732,1.7,52.21579254121163,Poor
3631,MURAPPANADU,CWC,33,Tamil Nadu,594,Tuticorin,THOOTHUKKUDI,-,-,Thambraparani,East flowing rivers between Pennar and Kanyakumari,-,-,-,Thambraparani,8.71444444,77.835,01-07-2009 08:40,117.0,Clear,odour free,26.5,0.0,8.0,15.4,6.2,43.9,3.9,8.3,7.23,3.36,35.98361,36.25,0.262,0.60164803,0.7,34.24341349790167,Good
3632,MURAPPANADU,CWC,33,Tamil Nadu,594,Tuticorin,THOOTHUKKUDI,-,-,Thambraparani,East flowing rivers between Pennar and Kanyakumari,-,-,-,Thambraparani,8.71444444,77.835,01-08-2009 08:50,83.0,Clear,odour free,27.5,0.0,6.4,11.8,6.2,34.2,2.9,7.5,7.46,1.7,28.032787,28.083334,0.844,0.61760867,0.6,35.558653697382645,Good
3633,MURAPPANADU,CWC,33,Tamil Nadu,594,Tuticorin,THOOTHUKKUDI,-,-,Thambraparani,East flowing rivers between Pennar and Kanyakumari,-,-,-,Thambraparani,8.71444444,77.835,01-09-2009 08:35,185.0,Clear,odour free,27.0,0.0,17.6,21.7,6.7,78.1,3.9,13.4,7.37,2.0,64.016396,60.25,,0.75271267,1.2,41.14239716144467,Good
3635,MURAPPANADU,CWC,33,Tamil Nadu,594,Tuticorin,THOOTHUKKUDI,-,-,Thambraparani,East flowing rivers between Pennar and Kanyakumari,-,-,-,Thambraparani,8.71444444,77.835,03-11-2009 08:40,139.0,Clear,odour free,27.5,0.0,13.6,18.105,5.9,59.2,5.8,9.4,7.2,2.6,48.52459,58.166668,0.542,0.5378148,1.3,43.65507582769009,Good
3636,MURAPPANADU,CWC,33,Tamil Nadu,594,Tuticorin,THOOTHUKKUDI,-,-,Thambraparani,East flowing rivers between Pennar and Kanyakumari,-,-,-,Thambraparani,8.71444444,77.835,01-12-2009 08:35,285.0,Clear,odour free,26.0,0.0,22.4,33.2,5.9,106.0,10.7,20.3,7.65,7.0,86.88525,100.58333,0.728,0.883364,0.4,37.19420209078482,Good
3637,MURAPPANADU,CWC,33,Tamil Nadu,594,Tuticorin,THOOTHUKKUDI,-,-,Thambraparani,East flowing rivers between Pennar and Kanyakumari,-,-,-,Thambraparani,8.71444444,77.835,01-01-2010 08:40,198.0,Clear,odour free,25.5,0.0,22.4,25.5,6.1,96.0,5.8,16.9,7.66,2.7,78.68852,80.166664,1.53,0.82312644,2.6,66.69242618373157,Poor
3638,MURAPPANADU,CWC,33,Tamil Nadu,594,Tuticorin,THOOTHUKKUDI,-,-,Thambraparani,East flowing rivers between Pennar and Kanyakumari,-,-,-,Thambraparani,8.71444444,77.835,01-02-2010 08:50,183.0,Clear,odour free,25.5,0.0,17.6,28.4,5.8,86.4,8.7,15.0,7.55,1.3,70.81967,80.25,0.464,0.73079425,0.8,41.04455480928196,Good
3639,MURAPPANADU,CWC,33,Tamil Nadu,594,Tuticorin,THOOTHUKKUDI,-,-,Thambraparani,East flowing rivers between Pennar and Kanyakumari,-,-,-,Thambraparani,8.71444444,77.835,01-03-2010 08:55,159.0,Clear,odour free,27.5,0.0,14.4,19.9,5.5,72.0,4.9,12.2,7.4,2.0,59.01639,56.416668,0.244,0.7085548,1.4,47.498389405670274,Good
3640,MURAPPANADU,CWC,33,Tamil Nadu,594,Tuticorin,THOOTHUKKUDI,-,-,Thambraparani,East flowing rivers between Pennar and Kanyakumari,-,-,-,Thambraparani,8.71444444,77.835,01-04-2010 08:30,160.0,Clear,odour free,28.5,0.0,14.423,34.03,5.6,82.96,8.749,18.1,7.6,0.7,68.0,72.511665,0.883,0.92794,1.6,53.27044538654284,Poor
3641,MURAPPANADU,CWC,33,Tamil Nadu,594,Tuticorin,THOOTHUKKUDI,-,-,Thambraparani,East flowing rivers between Pennar and Kanyakumari,-,-,-,Thambraparani,8.71444444,77.835,01-05-2010 09:00,82.0,Clear,odour free,29.0,0.0,8.0,14.18,6.0,43.92,3.888,8.3,7.55,0.6,36.0,36.2,0.308,0.6020609,4.0,82.43343041314957,Very Poor
3642,MURAPPANADU,CWC,33,Tamil Nadu,594,Tuticorin,THOOTHUKKUDI,-,-,Thambraparani,East flowing rivers between Pennar and Kanyakumari,-,-,-,Thambraparani,8.71444444,77.835,01-06-2010 08:00,66.1,Clear,odour free,29.0,0.0,8.02,8.51,6.5,34.16,3.89,4.6,7.55,3.0,28.0,36.258335,0.25,0.3334029,2.8,64.84244949796923,Poor
3643,MURAPPANADU,CWC,33,Tamil Nadu,594,Tuticorin,THOOTHUKKUDI,-,-,Thambraparani,East flowing rivers between Pennar and Kanyakumari,-,-,-,Thambraparani,8.71444444,77.835,01-07-2010 08:55,78.0,Clear,odour free,27.0,0.0,9.62,8.51,5.6,34.16,1.94,5.6,7.2,4.6,28.0,32.133335,2.25,0.43069607,2.0,55.17400725386285,Poor
3644,MURAPPANADU,CWC,33,Tamil Nadu,594,Tuticorin,THOOTHUKKUDI,-,-,Thambraparani,East flowing rivers between Pennar and Kanyakumari,-,-,-,Thambraparani,8.71444444,77.835,02-08-2010 09:00,99.0,Clear,odour free,25.5,0.0,9.62,11.34,6.8,43.92,3.89,7.0,7.23,5.5,36.0,40.258335,2.69,0.48137355,1.1,41.1203498429229,Good
3645,MURAPPANADU,CWC,33,Tamil Nadu,594,Tuticorin,THOOTHUKKUDI,-,-,Thambraparani,East flowing rivers between Pennar and Kanyakumari,-,-,-,Thambraparani,8.71444444,77.835,01-09-2010 08:50,120.0,Clear,odour free,24.5,0.0,12.83,8.26,7.5,43.92,2.92,4.9,7.1,3.28,36.0,44.24167,2.9,0.32121485,0.8,34.241196820504875,Good
3646,MURAPPANADU,CWC,33,Tamil Nadu,594,Tuticorin,THOOTHUKKUDI,-,-,Thambraparani,East flowing rivers between Pennar and Kanyakumari,-,-,-,Thambraparani,8.71444444,77.835,01-10-2010 08:40,165.0,Clear,odour free,27.0,0.0,19.24,16.52,6.3,58.56,1.94,9.0,7.38,6.29,48.0,56.183334,3.0,0.523178,0.9,41.54388578580286,Good
3647,MURAPPANADU,CWC,33,Tamil Nadu,594,Tuticorin,THOOTHUKKUDI,-,-,Thambraparani,East flowing rivers between Pennar and Kanyakumari,-,-,-,Thambraparani,8.71444444,77.835,01-11-2010 08:50,126.0,Clear,odour free,27.0,0.0,9.62,13.22,6.9,39.04,2.92,8.3,7.55,6.5,32.0,36.216667,1.71,0.60156256,0.8,38.53035696446739,Good
3648,MURAPPANADU,CWC,33,Tamil Nadu,594,Tuticorin,THOOTHUKKUDI,-,-,Thambraparani,East flowing rivers between Pennar and Kanyakumari,-,-,-,Thambraparani,8.71444444,77.835,01-12-2010 08:45,290.0,Light Brown,odour free,24.5,0.0,28.86,39.65,6.3,117.12,9.72,20.8,7.7,14.45,96.0,112.65,4.58,0.8548886,0.8,46.85547133069452,Good
3649,MURAPPANADU,CWC,33,Tamil Nadu,594,Tuticorin,THOOTHUKKUDI,-,-,Thambraparani,East flowing rivers between Pennar and Kanyakumari,-,-,-,Thambraparani,8.71444444,77.835,01-01-2011 08:20,179.0,Clear,odour free,25.0,0.0,22.44,29.74,6.0,92.72,5.83,15.8,7.97,7.98,76.0,80.39167,1.4,0.7684754,0.5,41.38657077729823,Good
3650,MURAPPANADU,CWC,33,Tamil Nadu,594,Tuticorin,THOOTHUKKUDI,-,-,Thambraparani,East flowing rivers between Pennar and Kanyakumari,-,-,-,Thambraparani,8.71444444,77.835,01-02-2011 09:00,153.0,Clear,odour free,25.5,0.0,19.24,23.13,5.5,78.08,5.83,12.8,7.74,6.56,64.0,72.39166,0.591,0.6561781,1.0,46.07411284872908,Good
3651,MURAPPANADU,CWC,33,Tamil Nadu,594,Tuticorin,THOOTHUKKUDI,-,-,Thambraparani,East flowing rivers between Pennar and Kanyakumari,-,-,-,Thambraparani,8.71444444,77.835,01-03-2011 08:50,181.0,Clear,odour free,27.5,0.0,17.64,26.47,6.0,82.96,5.83,15.4,7.54,7.53,68.0,68.39166,0.429,0.8123082,3.2,72.41347537595182,Poor
3652,MURAPPANADU,CWC,33,Tamil Nadu,594,Tuticorin,THOOTHUKKUDI,-,-,Thambraparani,East flowing rivers between Pennar and Kanyakumari,-,-,-,Thambraparani,8.71444444,77.835,01-04-2011 08:20,157.0,Clear,odour free,30.0,0.0,17.64,23.16,5.8,78.08,5.83,12.4,7.4,5.99,64.0,68.39166,0.57,0.6540663,0.7,37.94261332562355,Good
3653,MURAPPANADU,CWC,33,Tamil Nadu,594,Tuticorin,THOOTHUKKUDI,-,-,Thambraparani,East flowing rivers between Pennar and Kanyakumari,-,-,-,Thambraparani,8.71444444,77.835,02-05-2011 08:40,103.0,Clear,odour free,29.5,0.0,9.62,15.74,5.6,34.16,1.94,8.6,7.43,3.28,28.0,32.133335,0.503,0.6614261,0.7,37.69814211961705,Good
3654,MURAPPANADU,CWC,33,Tamil Nadu,594,Tuticorin,THOOTHUKKUDI,-,-,Thambraparani,East flowing rivers between Pennar and Kanyakumari,-,-,-,Thambraparani,8.71444444,77.835,01-06-2011 08:30,104.0,Clear,odour free,29.0,0.0,9.62,15.74,6.5,42.76,3.89,8.8,7.99,3.74,35.04918,40.258335,0.162,0.6051553,0.3,35.25139830613049,Good
3655,MURAPPANADU,CWC,33,Tamil Nadu,594,Tuticorin,THOOTHUKKUDI,-,-,Thambraparani,East flowing rivers between Pennar and Kanyakumari,-,-,-,Thambraparani,8.71444444,77.835,01-07-2011 08:30,102.0,Clear,odour free,27.0,0.0,8.02,9.44,5.8,37.41,3.89,6.0,7.71,3.94,30.663935,36.258335,0.188,0.43487334,1.3,47.81751418979605,Good
3656,MURAPPANADU,CWC,33,Tamil Nadu,594,Tuticorin,THOOTHUKKUDI,-,-,Thambraparani,East flowing rivers between Pennar and Kanyakumari,-,-,-,Thambraparani,8.71444444,77.835,01-08-2011 08:45,110.0,Clear,odour free,26.5,0.0,9.62,12.59,6.6,48.1,4.86,7.1,7.8,5.86,39.426228,44.3,0.17,0.4655812,0.8,40.10371591563737,Good
3657,MURAPPANADU,CWC,33,Tamil Nadu,594,Tuticorin,THOOTHUKKUDI,-,-,Thambraparani,East flowing rivers between Pennar and Kanyakumari,-,-,-,Thambraparani,8.71444444,77.835,02-09-2011 08:50,129.0,Clear,odour free,27.0,0.0,14.43,12.59,6.5,53.44,2.92,6.9,7.5,3.06,43.803276,48.24167,0.19,0.433112,1.2,42.78387718254725,Good
3658,MURAPPANADU,CWC,33,Tamil Nadu,594,Tuticorin,THOOTHUKKUDI,-,-,Thambraparani,East flowing rivers between Pennar and Kanyakumari,-,-,-,Thambraparani,8.71444444,77.835,01-10-2011 08:50,147.0,Clear,odour free,29.0,0.0,9.62,15.74,5.7,37.41,3.89,8.3,7.18,3.64,30.663935,40.258335,0.172,0.5707715,5.0,93.05828421538939,Very Poor
3659,MURAPPANADU,CWC,33,Tamil Nadu,594,Tuticorin,THOOTHUKKUDI,-,-,Thambraparani,East flowing rivers between Pennar and Kanyakumari,-,-,-,Thambraparani,8.71444444,77.835,01-11-2011 08:30,111.0,Light Brown,odour free,25.0,0.0,9.62,12.59,6.3,48.1,3.89,7.9,7.3,7.79,39.426228,40.258335,0.202,0.54326445,1.2,41.403540165224065,Good
3660,MURAPPANADU,CWC,33,Tamil Nadu,594,Tuticorin,THOOTHUKKUDI,-,-,Thambraparani,East flowing rivers between Pennar and Kanyakumari,-,-,-,Thambraparani,8.71444444,77.835,01-12-2011 08:50,206.0,Clear,odour free,25.0,0.0,16.03,28.33,5.9,90.85,8.75,18.4,7.07,10.21,74.46721,76.53333,0.289,0.9180711,2.1,53.576951814186025,Poor
3661,MURAPPANADU,CWC,33,Tamil Nadu,594,Tuticorin,THOOTHUKKUDI,-,-,Thambraparani,East flowing rivers between Pennar and Kanyakumari,-,-,-,Thambraparani,8.71444444,77.835,02-01-2012 08:55,184.0,Clear,odour free,26.0,0.0,16.03,22.04,6.3,74.82,6.81,12.2,7.69,6.87,61.32787,68.450005,0.275,0.6434472,0.9,41.8765201343849,Good
3662,MURAPPANADU,CWC,33,Tamil Nadu,594,Tuticorin,THOOTHUKKUDI,-,-,Thambraparani,East flowing rivers between Pennar and Kanyakumari,-,-,-,Thambraparani,8.71444444,77.835,01-02-2012 09:00,134.0,Clear,odour free,25.5,0.0,12.83,18.89,6.1,53.44,4.86,9.9,8.15,5.28,43.803276,52.325,0.21,0.5971127,1.3,51.64078312087686,Poor
3663,MURAPPANADU,CWC,33,Tamil Nadu,594,Tuticorin,THOOTHUKKUDI,-,-,Thambraparani,East flowing rivers between Pennar and Kanyakumari,-,-,-,Thambraparani,8.71444444,77.835,01-03-2012 08:45,124.0,Clear,odour free,27.5,0.0,9.62,15.74,5.6,48.1,3.89,9.2,7.34,1.87,39.426228,40.258335,0.123,0.63266236,1.0,40.752820610961415,Good
3664,MURAPPANADU,CWC,33,Tamil Nadu,594,Tuticorin,THOOTHUKKUDI,-,-,Thambraparani,East flowing rivers between Pennar and Kanyakumari,-,-,-,Thambraparani,8.71444444,77.835,02-04-2012 08:40,165.0,Clear,odour free,28.0,0.0,14.43,22.04,6.1,74.82,4.86,16.8,7.75,5.0,61.32787,56.325,0.119,0.976496,1.4,49.19412557247206,Good
3665,MURAPPANADU,CWC,33,Tamil Nadu,594,Tuticorin,THOOTHUKKUDI,-,-,Thambraparani,East flowing rivers between Pennar and Kanyakumari,-,-,-,Thambraparani,8.71444444,77.835,01-05-2012 08:45,130.0,Clear,odour free,20.0,0.0,11.22,18.89,5.8,53.44,4.86,10.8,7.26,5.4,43.803276,48.300003,0.103,0.6781114,1.4,45.0890336227884,Good
3666,MURAPPANADU,CWC,33,Tamil Nadu,594,Tuticorin,THOOTHUKKUDI,-,-,Thambraparani,East flowing rivers between Pennar and Kanyakumari,-,-,-,Thambraparani,8.71444444,77.835,01-06-2012 08:45,179.0,Clear,odour free,26.5,0.0,11.22,12.59,6.8,48.1,2.92,9.2,7.23,3.46,39.426228,40.216667,0.103,0.63265073,1.9,48.70501287088481,Good
3667,MURAPPANADU,CWC,33,Tamil Nadu,594,Tuticorin,THOOTHUKKUDI,-,-,Thambraparani,East flowing rivers between Pennar and Kanyakumari,-,-,-,Thambraparani,8.71444444,77.835,02-07-2012 08:20,131.0,Clear,odour free,26.5,0.0,16.03,15.74,6.3,58.79,2.92,10.0,7.57,3.81,48.188526,52.24167,0.114,0.6031272,1.0,41.24143121568348,Good
3668,MURAPPANADU,CWC,33,Tamil Nadu,594,Tuticorin,THOOTHUKKUDI,-,-,Thambraparani,East flowing rivers between Pennar and Kanyakumari,-,-,-,Thambraparani,8.71444444,77.835,01-08-2012 08:30,84.0,Clear,odour free,26.5,0.0,8.02,12.59,6.0,32.07,1.94,7.9,7.21,4.51,26.286884,28.133335,0.069,0.64947194,1.0,38.05472515592462,Good
3669,MURAPPANADU,CWC,33,Tamil Nadu,594,Tuticorin,THOOTHUKKUDI,-,-,Thambraparani,East flowing rivers between Pennar and Kanyakumari,-,-,-,Thambraparani,8.71444444,77.835,01-09-2012 08:40,68.0,Clear,odour free,26.5,0.0,6.41,12.89,5.1,19.42,0.97,6.9,6.8,2.41,15.918033,20.066666,0.068,0.67136043,1.2,38.893901269870604,Good
3670,MURAPPANADU,CWC,33,Tamil Nadu,594,Tuticorin,THOOTHUKKUDI,-,-,Thambraparani,East flowing rivers between Pennar and Kanyakumari,-,-,-,Thambraparani,8.71444444,77.835,01-10-2012 08:30,86.5,Clear,odour free,28.0,0.0,8.02,12.89,5.5,33.99,0.97,9.8,7.3,3.96,27.860657,24.091667,0.151,0.8700792,0.9,38.79465747794363,Good
3671,MURAPPANADU,CWC,33,Tamil Nadu,594,Tuticorin,THOOTHUKKUDI,-,-,Thambraparani,East flowing rivers between Pennar and Kanyakumari,-,-,-,Thambraparani,8.71444444,77.835,01-11-2012 08:25,347.0,Clear,odour free,25.5,0.0,30.46,42.97,6.7,121.39,12.64,22.8,7.58,26.04,99.5,128.81667,0.725,0.8765474,0.7,39.1981201001081,Good
3672,MURAPPANADU,CWC,33,Tamil Nadu,594,Tuticorin,THOOTHUKKUDI,-,-,Thambraparani,East flowing rivers between Pennar and Kanyakumari,-,-,-,Thambraparani,8.71444444,77.835,01-12-2012 08:40,242.0,Clear,odour free,24.0,0.0,22.44,21.48,4.1,101.47,8.75,15.9,7.33,15.75,83.172134,92.558334,0.383,0.7210762,1.4,51.48463392794125,Poor
3673,MURAPPANADU,CWC,33,Tamil Nadu,594,Tuticorin,THOOTHUKKUDI,-,-,Thambraparani,East flowing rivers between Pennar and Kanyakumari,-,-,-,Thambraparani,8.71444444,77.835,01-01-2013 09:00,194.0,Clear,odour free,24.0,0.0,19.24,25.78,6.2,67.98,4.86,14.0,7.43,8.78,55.721313,68.35,0.853,0.73845404,1.5,48.267780781331965,Good
3674,MURAPPANADU,CWC,33,Tamil Nadu,594,Tuticorin,THOOTHUKKUDI,-,-,Thambraparani,East flowing rivers between Pennar and Kanyakumari,-,-,-,Thambraparani,8.71444444,77.835,01-02-2013 08:40,159.0,Clear,odour free,24.5,0.0,19.24,21.48,5.8,72.83,4.86,12.1,7.22,5.69,59.696724,68.35,0.06,0.63823533,0.5,32.78851996542516,Good
3675,MURAPPANADU,CWC,33,Tamil Nadu,594,Tuticorin,THOOTHUKKUDI,-,-,Thambraparani,East flowing rivers between Pennar and Kanyakumari,-,-,-,Thambraparani,8.71444444,77.835,01-03-2013 08:35,282.0,Clear,odour free,25.0,0.0,30.46,38.67,5.3,135.96,12.64,21.8,7.56,9.48,111.44263,128.81667,0.091,0.83810234,0.6,40.40311092763922,Good
3676,MURAPPANADU,CWC,33,Tamil Nadu,594,Tuticorin,THOOTHUKKUDI,-,-,Thambraparani,East flowing rivers between Pennar and Kanyakumari,-,-,-,Thambraparani,8.71444444,77.835,01-04-2013 08:30,147.0,Clear,odour free,29.0,0.0,19.24,17.19,6.2,72.83,1.94,11.6,7.17,4.09,59.696724,56.183334,0.0769,0.6743183,1.0,37.62786143978413,Good
3677,MURAPPANADU,CWC,33,Tamil Nadu,594,Tuticorin,THOOTHUKKUDI,-,-,Thambraparani,East flowing rivers between Pennar and Kanyakumari,-,-,-,Thambraparani,8.71444444,77.835,01-05-2013 08:30,115.0,Clear,odour free,29.5,0.0,9.62,12.89,5.9,58.27,6.81,8.6,7.29,3.12,47.762295,52.425,0.118,0.5186379,0.4,31.85541682433991,Good
3678,MURAPPANADU,CWC,33,Tamil Nadu,594,Tuticorin,THOOTHUKKUDI,-,-,Thambraparani,East flowing rivers between Pennar and Kanyakumari,-,-,-,Thambraparani,8.71444444,77.835,01-06-2013 08:30,128.0,Clear,rotten egg,26.5,0.0,16.03,21.48,5.6,63.12,3.89,11.8,7.24,5.32,51.737705,56.283337,0.068,0.68586326,0.6,34.581849019703704,Good
3679,MURAPPANADU,CWC,33,Tamil Nadu,594,Tuticorin,THOOTHUKKUDI,-,-,Thambraparani,East flowing rivers between Pennar and Kanyakumari,-,-,-,Thambraparani,8.71444444,77.835,01-07-2013 08:40,101.0,Clear,odour free,26.0,0.0,12.83,12.89,6.0,48.56,2.92,6.8,7.42,5.84,39.80328,44.24167,0.181,0.44576755,0.7,36.46895310041014,Good
3680,MURAPPANADU,CWC,33,Tamil Nadu,594,Tuticorin,THOOTHUKKUDI,-,-,Thambraparani,East flowing rivers between Pennar and Kanyakumari,-,-,-,Thambraparani,8.71444444,77.835,01-08-2013 08:35,128.0,Clear,odour free,25.0,0.0,11.22,14.83,5.5,48.03,4.86,7.8,7.43,4.26,39.36885,48.300003,0.19,0.48974708,0.8,39.43504276370276,Good
3681,MURAPPANADU,CWC,33,Tamil Nadu,594,Tuticorin,THOOTHUKKUDI,-,-,Thambraparani,East flowing rivers between Pennar and Kanyakumari,-,-,-,Thambraparani,8.71444444,77.835,02-09-2013 08:35,137.1,Clear,odour free,26.5,0.0,11.22,12.71,5.6,53.68,4.88,8.1,7.26,3.99,44.0,48.383335,0.103,0.5081481,1.4,45.57515172109225,Good
3682,MURAPPANADU,CWC,33,Tamil Nadu,594,Tuticorin,THOOTHUKKUDI,-,-,Thambraparani,East flowing rivers between Pennar and Kanyakumari,-,-,-,Thambraparani,8.71444444,77.835,01-10-2013 08:35,106.0,Clear,odour free,26.5,0.0,9.47,12.33,5.4,42.89,4.78,6.5,7.11,2.79,35.15574,43.591667,0.204,0.42968488,0.8,36.56305253928419,Good
3683,MURAPPANADU,CWC,33,Tamil Nadu,594,Tuticorin,THOOTHUKKUDI,-,-,Thambraparani,East flowing rivers between Pennar and Kanyakumari,-,-,-,Thambraparani,8.71444444,77.835,01-11-2013 08:30,161.0,Clear,odour free,27.0,0.0,15.78,20.15,5.6,71.76,7.66,10.7,7.23,4.12,58.819675,71.36667,0.01,0.5527796,0.8,37.68192766276012,Good
3684,MURAPPANADU,CWC,33,Tamil Nadu,594,Tuticorin,THOOTHUKKUDI,-,-,Thambraparani,East flowing rivers between Pennar and Kanyakumari,-,-,-,Thambraparani,8.71444444,77.835,02-12-2013 08:30,267.0,Clear,odour free,26.0,0.0,24.53,26.81,5.7,102.44,4.98,16.8,7.53,6.55,83.96722,82.075005,0.15,0.8084767,0.4,35.03606764002814,Good
3685,MURAPPANADU,CWC,33,Tamil Nadu,594,Tuticorin,THOOTHUKKUDI,-,-,Thambraparani,East flowing rivers between Pennar and Kanyakumari,-,-,-,Thambraparani,8.71444444,77.835,01-01-2014 08:50,181.6,Clear,odour free,24.0,0.0,18.94,22.32,5.5,84.79,7.66,11.7,7.3,3.93,69.5,79.26667,0.167,0.57339346,0.8,38.92645764600919,Good
3686,MURAPPANADU,CWC,33,Tamil Nadu,594,Tuticorin,THOOTHUKKUDI,-,-,Thambraparani,East flowing rivers between Pennar and Kanyakumari,-,-,-,Thambraparani,8.71444444,77.835,01-02-2014 08:30,185.7,Clear,odour free,24.5,0.0,14.14,18.72,5.8,67.98,9.53,10.3,7.65,16.36,55.721313,75.058334,0.268,0.51909196,0.7,40.397260090113186,Good
3687,MURAPPANADU,CWC,33,Tamil Nadu,594,Tuticorin,THOOTHUKKUDI,-,-,Thambraparani,East flowing rivers between Pennar and Kanyakumari,-,-,-,Thambraparani,8.71444444,77.835,01-03-2014 08:30,227.0,Clear,odour free,25.5,0.0,19.43,20.75,6.2,91.79,7.85,13.1,7.88,3.63,75.23771,81.28333,0.362,0.63398963,2.1,60.550314931565644,Poor
3688,MURAPPANADU,CWC,33,Tamil Nadu,594,Tuticorin,THOOTHUKKUDI,-,-,Thambraparani,East flowing rivers between Pennar and Kanyakumari,-,-,-,Thambraparani,8.71444444,77.835,01-04-2014 08:30,154.0,Clear,odour free,27.5,0.0,14.15,20.8,5.8,66.2,5.72,12.6,7.26,3.12,54.26229,59.208332,0.172,0.7144816,0.7,35.96259917747628,Good
3689,MURAPPANADU,CWC,33,Tamil Nadu,594,Tuticorin,THOOTHUKKUDI,-,-,Thambraparani,East flowing rivers between Pennar and Kanyakumari,-,-,-,Thambraparani,8.71444444,77.835,01-05-2014 08:35,138.0,Clear,odour free,27.5,0.0,12.57,20.8,6.2,52.02,3.81,12.9,7.85,3.91,42.639343,47.3,0.145,0.81811684,0.7,40.18239038340327,Good
3690,MURAPPANADU,CWC,33,Tamil Nadu,594,Tuticorin,THOOTHUKKUDI,-,-,Thambraparani,East flowing rivers between Pennar and Kanyakumari,-,-,-,Thambraparani,8.71444444,77.835,02-06-2014 08:25,227.0,Clear,odour free,28.0,0.0,20.43,30.25,5.6,104.03,6.67,21.6,7.49,6.65,85.27049,78.86667,0.331,1.0609678,2.5,63.656584233074234,Poor
3692,MURAPPANADU,CWC,33,Tamil Nadu,594,Tuticorin,THOOTHUKKUDI,-,-,Thambraparani,East flowing rivers between Pennar and Kanyakumari,-,-,-,Thambraparani,8.71444444,77.835,01-08-2014 08:25,120.0,Clear,odour free,26.0,0.0,12.68,16.7,5.2,51.12,2.88,10.9,7.31,5.07,41.901638,43.7,0.042,0.7189523,1.9,53.506612233415986,Poor
3693,MURAPPANADU,CWC,33,Tamil Nadu,594,Tuticorin,THOOTHUKKUDI,-,-,Thambraparani,East flowing rivers between Pennar and Kanyakumari,-,-,-,Thambraparani,8.71444444,77.835,01-09-2014 08:30,118.0,Clear,odour free,27.5,0.0,12.62,14.98,6.2,51.81,2.87,10.6,7.5,4.18,42.467213,43.50833,0.518,0.700704,0.97,40.78941055206495,Good
3694,MURAPPANADU,CWC,33,Tamil Nadu,594,Tuticorin,THOOTHUKKUDI,-,-,Thambraparani,East flowing rivers between Pennar and Kanyakumari,-,-,-,Thambraparani,8.71444444,77.835,01-10-2014 08:25,135.0,Clear,odour free,27.0,0.0,13.87,18.72,6.1,56.31,3.74,10.8,7.07,3.98,46.15574,50.25833,0.259,0.6643799,0.39,28.974047306142403,Good
3695,MURAPPANADU,CWC,33,Tamil Nadu,594,Tuticorin,THOOTHUKKUDI,-,-,Thambraparani,East flowing rivers between Pennar and Kanyakumari,-,-,-,Thambraparani,8.71444444,77.835,01-11-2014 08:30,357.0,Clear,odour free,27.0,0.0,26.21,46.8,5.4,136.08,15.89,29.0,7.87,13.44,111.540985,131.73334,1.85,1.1030496,1.14,52.95230395116999,Poor
3696,MURAPPANADU,CWC,33,Tamil Nadu,594,Tuticorin,THOOTHUKKUDI,-,-,Thambraparani,East flowing rivers between Pennar and Kanyakumari,-,-,-,Thambraparani,8.71444444,77.835,01-12-2014 08:45,280.0,Clear,odour free,26.0,0.0,24.66,37.65,5.5,117.31,8.41,24.5,7.29,9.88,96.15574,96.691666,0.964,1.0869012,1.56,50.52058914584227,Poor
3697,MURAPPANADU,CWC,33,Tamil Nadu,594,Tuticorin,THOOTHUKKUDI,-,-,Thambraparani,East flowing rivers between Pennar and Kanyakumari,-,-,-,Thambraparani,8.71444444,77.835,01-01-2015 08:30,261.0,Clear,odour free,26.5,0.0,21.17,32.06,5.8,112.62,11.01,22.7,7.56,6.91,92.31148,98.8,2.02,0.9967888,0.88,44.675961769755354,Good
3698,MURAPPANADU,CWC,33,Tamil Nadu,594,Tuticorin,THOOTHUKKUDI,-,-,Thambraparani,East flowing rivers between Pennar and Kanyakumari,-,-,-,Thambraparani,8.71444444,77.835,02-02-2015 08:35,163.0,Clear,odour free,25.0,0.0,13.61,24.52,6.3,61.0,4.59,14.8,7.86,3.51,50.0,53.15,0.401,0.8855694,0.99,44.4354089846917,Good
3699,MURAPPANADU,CWC,33,Tamil Nadu,594,Tuticorin,THOOTHUKKUDI,-,-,Thambraparani,East flowing rivers between Pennar and Kanyakumari,-,-,-,Thambraparani,8.71444444,77.835,02-03-2015 08:30,156.0,Clear,odour free,27.5,0.0,18.15,26.35,6.4,56.31,2.75,15.0,8.03,4.24,46.15574,56.833332,0.141,0.8672303,0.8,42.775087828381565,Good
3700,MURAPPANADU,CWC,33,Tamil Nadu,594,Tuticorin,THOOTHUKKUDI,-,-,Thambraparani,East flowing rivers between Pennar and Kanyakumari,-,-,-,Thambraparani,8.71444444,77.835,01-04-2015 08:45,154.0,Clear,odour free,29.0,0.0,12.1,30.12,5.6,56.31,7.34,17.5,7.62,7.36,46.15574,60.833336,2.24,0.9795182,2.36,65.04852280008585,Poor
3702,MURAPPANADU,CWC,33,Tamil Nadu,594,Tuticorin,THOOTHUKKUDI,-,-,Thambraparani,East flowing rivers between Pennar and Kanyakumari,-,-,-,Thambraparani,8.71444444,77.835,01-06-2015 08:30,156.0,Clear,odour free,30.5,0.0,9.52,24.41,5.6,74.36,8.56,18.4,7.84,6.7,60.95082,59.46667,0.937,1.0422034,3.28,78.1329757254757,Very Poor
3703,MURAPPANADU,CWC,33,Tamil Nadu,594,Tuticorin,THOOTHUKKUDI,-,-,Thambraparani,East flowing rivers between Pennar and Kanyakumari,-,-,-,Thambraparani,8.71444444,77.835,01-07-2015 08:35,114.0,Clear,odour free,29.5,0.0,9.52,20.34,6.0,32.53,2.89,11.3,7.14,5.58,26.663933,35.841667,0.906,0.82326823,1.03,39.02595755639277,Good
3704,MURAPPANADU,CWC,33,Tamil Nadu,594,Tuticorin,THOOTHUKKUDI,-,-,Thambraparani,East flowing rivers between Pennar and Kanyakumari,-,-,-,Thambraparani,8.71444444,77.835,01-08-2015 08:30,119.0,Clear,odour free,27.5,0.0,11.11,19.33,5.7,37.72,2.89,11.1,7.79,5.72,30.918034,39.816666,0.948,0.76713103,1.36,50.55319008019775,Poor
3705,MURAPPANADU,CWC,33,Tamil Nadu,594,Tuticorin,THOOTHUKKUDI,-,-,Thambraparani,East flowing rivers between Pennar and Kanyakumari,-,-,-,Thambraparani,8.71444444,77.835,01-09-2015 08:30,219.0,Clear,odour free,29.0,0.0,23.81,27.06,5.5,89.58,4.81,19.0,7.56,8.02,73.42623,79.566666,1.07,0.92864466,1.22,47.95838794347211,Good
3706,MURAPPANADU,CWC,33,Tamil Nadu,594,Tuticorin,THOOTHUKKUDI,-,-,Thambraparani,East flowing rivers between Pennar and Kanyakumari,-,-,-,Thambraparani,8.71444444,77.835,01-10-2015 08:35,223.0,Clear,odour free,28.0,0.0,23.69,30.77,5.2,79.39,4.79,18.1,7.45,12.74,65.07377,79.183334,1.52,0.88679576,1.56,52.797783539828636,Poor
3707,MURAPPANADU,CWC,33,Tamil Nadu,594,Tuticorin,THOOTHUKKUDI,-,-,Thambraparani,East flowing rivers between Pennar and Kanyakumari,-,-,-,Thambraparani,8.71444444,77.835,02-11-2015 08:30,313.0,Clear,odour free,26.5,0.0,33.17,40.39,5.9,116.75,7.66,24.6,7.28,16.12,95.696724,114.84166,2.41,1.0009385,1.74,53.765237603764284,Poor
3708,MURAPPANADU,CWC,33,Tamil Nadu,594,Tuticorin,THOOTHUKKUDI,-,-,Thambraparani,East flowing rivers between Pennar and Kanyakumari,-,-,-,Thambraparani,8.71444444,77.835,01-12-2015 09:15,387.0,Light Brown,odour free,26.0,0.0,30.01,55.78,5.7,126.09,15.53,32.5,7.64,18.45,103.352455,139.73334,4.11,1.2000138,1.72,60.66175016760853,Poor
3709,MURAPPANADU,CWC,33,Tamil Nadu,594,Tuticorin,THOOTHUKKUDI,-,-,Thambraparani,East flowing rivers between Pennar and Kanyakumari,-,-,-,Thambraparani,8.71444444,77.835,01-01-2016 08:30,123.0,Clear,odour free,26.0,0.0,17.37,26.02,5.5,51.37,2.87,15.6,7.55,7.55,42.106556,55.383335,0.91,0.9137198,0.95,43.43111461608008,Good
3710,MURAPPANADU,CWC,33,Tamil Nadu,594,Tuticorin,THOOTHUKKUDI,-,-,Thambraparani,East flowing rivers between Pennar and Kanyakumari,-,-,-,Thambraparani,8.71444444,77.835,01-02-2016 08:35,306.0,Clear,odour free,26.0,0.0,26.85,39.89,6.4,116.75,10.54,25.3,7.41,9.45,95.696724,111.041664,1.92,1.0475458,1.95,56.20151318939069,Poor
3711,MURAPPANADU,CWC,33,Tamil Nadu,594,Tuticorin,THOOTHUKKUDI,-,-,Thambraparani,East flowing rivers between Pennar and Kanyakumari,-,-,-,Thambraparani,8.71444444,77.835,01-03-2016 08:35,107.0,Clear,odour free,27.5,0.0,9.43,12.74,4.5,27.36,2.86,9.5,6.8,6.67,22.42623,35.49167,3.3,0.6955317,1.35,46.781197432320724,Good
3712,MURAPPANADU,CWC,33,Tamil Nadu,594,Tuticorin,THOOTHUKKUDI,-,-,Thambraparani,East flowing rivers between Pennar and Kanyakumari,-,-,-,Thambraparani,8.71444444,77.835,01-04-2016 08:30,256.0,Clear,odour free,27.5,0.0,23.58,36.39,5.7,86.65,5.72,24.1,7.37,8.5,71.02459,82.78333,2.19,1.1550236,2.54,64.99493459710368,Poor
3713,MURAPPANADU,CWC,33,Tamil Nadu,594,Tuticorin,THOOTHUKKUDI,-,-,Thambraparani,East flowing rivers between Pennar and Kanyakumari,-,-,-,Thambraparani,8.71444444,77.835,02-05-2016 08:30,136.0,Clear,odour free,29.0,0.0,12.57,20.02,6.3,45.61,2.86,12.7,8.02,5.6,37.385246,43.341667,1.05,0.8411357,1.7,56.009576757932344,Poor
3714,MURAPPANADU,CWC,33,Tamil Nadu,594,Tuticorin,THOOTHUKKUDI,-,-,Thambraparani,East flowing rivers between Pennar and Kanyakumari,-,-,-,Thambraparani,8.71444444,77.835,01-06-2016 08:20,126.0,Clear,odour free,28.5,0.0,12.57,21.83,5.6,59.29,3.81,15.7,7.69,4.84,48.598362,47.3,0.245,0.9956926,2.28,61.677824864204304,Poor
3715,MURAPPANADU,CWC,33,Tamil Nadu,594,Tuticorin,THOOTHUKKUDI,-,-,Thambraparani,East flowing rivers between Pennar and Kanyakumari,-,-,-,Thambraparani,8.71444444,77.835,01-07-2016 08:30,132.0,Clear,odour free,28.5,0.0,11.0,16.38,5.96,31.93,0.95,10.6,7.3,7.74,26.17213,31.458334,0.329,0.82339233,1.14,41.19075084235458,Good
3716,MURAPPANADU,CWC,33,Tamil Nadu,594,Tuticorin,THOOTHUKKUDI,-,-,Thambraparani,East flowing rivers between Pennar and Kanyakumari,-,-,-,Thambraparani,8.71444444,77.835,01-08-2016 08:40,182.0,Clear,odour free,28.5,0.0,14.15,21.83,5.42,63.85,6.67,13.0,7.38,8.99,52.336063,63.166664,0.699,0.71383595,0.91,41.70539488512805,Good
3717,MURAPPANADU,CWC,33,Tamil Nadu,594,Tuticorin,THOOTHUKKUDI,-,-,Thambraparani,East flowing rivers between Pennar and Kanyakumari,-,-,-,Thambraparani,8.71444444,77.835,01-09-2016 08:25,190.0,Clear,odour free,28.5,0.0,15.72,21.83,5.22,77.53,6.67,15.9,7.29,7.75,63.54918,67.09167,0.644,0.8470362,1.74,52.58721314102564,Poor
3718,MURAPPANADU,CWC,33,Tamil Nadu,594,Tuticorin,THOOTHUKKUDI,-,-,Thambraparani,East flowing rivers between Pennar and Kanyakumari,-,-,-,Thambraparani,8.71444444,77.835,01-11-2016 08:20,215.0,Clear,odour free,28.0,0.0,20.58,28.69,5.74,73.57,2.88,20.1,7.68,9.15,60.30328,63.45,0.789,1.0997552,1.52,51.797007221771814,Poor
3719,MURAPPANADU,CWC,33,Tamil Nadu,594,Tuticorin,THOOTHUKKUDI,-,-,Thambraparani,East flowing rivers between Pennar and Kanyakumari,-,-,-,Thambraparani,8.71444444,77.835,01-12-2016 08:25,215.0,Clear,odour free,27.0,0.0,22.11,27.16,5.32,78.08,2.87,19.3,7.82,9.5,64.0,67.23334,0.385,1.0257808,2.09,61.4570534324479,Poor
3720,MURAPPANADU,CWC,33,Tamil Nadu,594,Tuticorin,THOOTHUKKUDI,-,-,Thambraparani,East flowing rivers between Pennar and Kanyakumari,-,-,-,Thambraparani,8.71444444,77.835,02-01-2017 08:20,175.0,Clear,odour free,27.5,0.0,18.95,25.22,5.2,63.44,1.92,16.9,7.25,6.93,52.0,55.375,0.377,0.9895595,1.86,52.916724438456775,Poor
3721,MURAPPANADU,CWC,33,Tamil Nadu,594,Tuticorin,THOOTHUKKUDI,-,-,Thambraparani,East flowing rivers between Pennar and Kanyakumari,-,-,-,Thambraparani,8.71444444,77.835,01-02-2017 08:30,147.0,Clear,odour free,24.0,0.0,17.37,23.28,5.3,68.32,3.83,15.8,7.59,9.3,56.0,59.383335,0.371,0.89397526,1.9,56.686281492023944,Poor
3722,MURAPPANADU,CWC,33,Tamil Nadu,594,Tuticorin,THOOTHUKKUDI,-,-,Thambraparani,East flowing rivers between Pennar and Kanyakumari,-,-,-,Thambraparani,8.71444444,77.835,01-03-2017 08:25,167.0,Clear,odour free,27.0,0.0,10.95,26.65,4.75,53.95,5.69,18.0,7.42,6.4,44.221313,51.083332,0.321,1.099229,0.95,43.618047647420006,Good
3723,MURAPPANADU,CWC,33,Tamil Nadu,594,Tuticorin,THOOTHUKKUDI,-,-,Thambraparani,East flowing rivers between Pennar and Kanyakumari,-,-,-,Thambraparani,8.71444444,77.835,01-04-2017 08:20,120.0,Clear,odour free,28.5,0.0,10.95,20.94,5.22,49.05,2.85,15.6,7.88,4.51,40.204918,39.25,0.219,1.0858856,1.93,59.47383989965346,Poor
4130,MUSIRI,CWC,33,Tamil Nadu,591,Tiruchirappalli,MUSIRI,-,-,Cauvery,Cauvery,-,-,-,Cauvery,10.93805556,78.44027778,02-04-2001 08:45,539.0,Clear,odour free,29.7,20.16,24.0,53.26,6.6,188.55,29.19402,55.7,8.28,19.943,188.14919,181.64175,1.6,1.8058511,1.3,57.93838579212171,Poor
4131,MUSIRI,CWC,33,Tamil Nadu,591,Tiruchirappalli,MUSIRI,-,-,Cauvery,Cauvery,-,-,-,Cauvery,10.93805556,78.44027778,01-05-2001 08:45,631.0,Clear,odour free,,12.1,36.8,54.98,,209.05,18.499592,57.3,8.47,23.347,191.51913,169.08163,1.9,1.92328,1.1,35.9722784125773,Good
4132,MUSIRI,CWC,33,Tamil Nadu,591,Tiruchirappalli,MUSIRI,-,-,Cauvery,Cauvery,-,-,-,Cauvery,10.93805556,78.44027778,01-06-2001 08:30,576.0,Clear,odour free,28.5,20.34,27.25,57.34,7.0,185.98,28.19,54.0,8.72,20.91,186.34262,185.58333,1.66,1.7317016,1.0,57.08981816709588,Poor
4133,MUSIRI,CWC,33,Tamil Nadu,591,Tiruchirappalli,MUSIRI,-,-,Cauvery,Cauvery,-,-,-,Cauvery,10.93805556,78.44027778,03-07-2001 09:00,466.0,Clear,odour free,28.5,8.04,30.46,31.0,7.4,192.0,16.53,48.3,8.41,12.97,170.77705,145.025,1.36,1.7506773,1.2,53.68185463561289,Poor
4134,MUSIRI,CWC,33,Tamil Nadu,591,Tiruchirappalli,MUSIRI,-,-,Cauvery,Cauvery,-,-,-,Cauvery,10.93805556,78.44027778,01-08-2001 09:45,392.0,Clear,odour free,29.7,15.86,20.84,34.16,7.2,133.02,20.42,32.1,8.43,13.87,135.46613,137.18333,1.11,1.1972187,1.5,58.27097708879776,Poor
4135,MUSIRI,CWC,33,Tamil Nadu,591,Tiruchirappalli,MUSIRI,-,-,Cauvery,Cauvery,-,-,-,Cauvery,10.93805556,78.44027778,01-09-2001 08:30,325.0,Clear,odour free,28.5,7.88,24.05,28.3,6.1,128.06,17.5,23.0,8.3,9.57,118.10055,133.04167,0.544,0.87073284,0.6,46.5224916475909,Good
4136,MUSIRI,CWC,33,Tamil Nadu,591,Tiruchirappalli,MUSIRI,-,-,Cauvery,Cauvery,-,-,-,Cauvery,10.93805556,78.44027778,01-10-2001 08:15,494.0,Clear,odour free,27.5,0.0,33.67,54.6,6.9,182.48,17.5,47.8,7.98,24.2,149.57376,157.09166,1.5,1.6645879,1.0,48.567903438011676,Good
4137,MUSIRI,CWC,33,Tamil Nadu,591,Tiruchirappalli,MUSIRI,-,-,Cauvery,Cauvery,-,-,-,Cauvery,10.93805556,78.44027778,01-11-2001 09:45,630.0,Clear,odour free,33.3,15.66,30.46,55.73,7.7,201.59,27.22,58.4,8.34,34.73,191.3377,189.56667,1.85,1.8526778,2.5,72.21184487040394,Poor
4138,MUSIRI,CWC,33,Tamil Nadu,591,Tiruchirappalli,MUSIRI,-,-,Cauvery,Cauvery,-,-,-,Cauvery,10.93805556,78.44027778,01-12-2001 08:30,560.0,Clear,odour free,27.0,10.66,32.06,42.12,6.8,184.18,19.44,55.2,8.44,22.98,168.73387,161.15001,1.65,1.8983179,0.6,48.28227868202267,Good
4139,MUSIRI,CWC,33,Tamil Nadu,591,Tiruchirappalli,MUSIRI,-,-,Cauvery,Cauvery,-,-,-,Cauvery,10.93805556,78.44027778,01-01-2002 08:45,533.0,Clear,odour free,25.5,15.98,38.48,53.21,7.0,173.37,24.3,28.8,8.37,24.34,168.73988,197.45,1.66,0.8948136,1.0,53.37473959257316,Poor
4140,MUSIRI,CWC,33,Tamil Nadu,591,Tiruchirappalli,MUSIRI,-,-,Cauvery,Cauvery,-,-,-,Cauvery,10.93805556,78.44027778,01-02-2002 08:30,448.0,Clear,odour free,23.3,21.32,28.86,22.37,8.6,173.34,15.56,39.4,8.35,14.75,177.6153,136.98334,3.57,1.4693966,0.5,43.08978437057879,Good
4141,MUSIRI,CWC,33,Tamil Nadu,591,Tiruchirappalli,MUSIRI,-,-,Cauvery,Cauvery,-,-,-,Cauvery,10.93805556,78.44027778,01-03-2002 09:00,506.0,Clear,odour free,27.0,0.0,30.46,53.69,7.3,220.33,21.39,60.1,7.9,20.2,180.59836,165.275,1.6,2.0412736,1.2,50.215012814154235,Poor
4142,MUSIRI,CWC,33,Tamil Nadu,591,Tiruchirappalli,MUSIRI,-,-,Cauvery,Cauvery,-,-,-,Cauvery,10.93805556,78.44027778,01-04-2002 09:45,578.0,Clear,odour free,29.2,0.0,36.87,55.74,6.3,201.04,19.44,56.3,7.89,28.11,164.78688,173.175,4.83,1.8673662,1.5,60.50609785953869,Poor
4143,MUSIRI,CWC,33,Tamil Nadu,591,Tiruchirappalli,MUSIRI,-,-,Cauvery,Cauvery,-,-,-,Cauvery,10.93805556,78.44027778,01-05-2002 08:45,557.0,Clear,odour free,29.5,0.0,27.25,56.94,6.2,229.57,22.36,57.6,8.11,24.94,188.17213,161.29167,2.22,1.9807804,1.0,53.14486436724052,Poor
4144,MUSIRI,CWC,33,Tamil Nadu,591,Tiruchirappalli,MUSIRI,-,-,Cauvery,Cauvery,-,-,-,Cauvery,10.93805556,78.44027778,01-06-2002 09:45,599.0,Clear,odour free,27.5,0.0,33.67,58.84,6.5,250.34,21.39,58.5,8.0,23.84,205.19672,173.29999,1.99,1.9401207,1.5,57.91330594031667,Poor
4145,MUSIRI,CWC,33,Tamil Nadu,591,Tiruchirappalli,MUSIRI,-,-,Cauvery,Cauvery,-,-,-,Cauvery,10.93805556,78.44027778,01-07-2002 08:15,607.0,Clear,odour free,26.3,0.0,33.67,77.1,6.5,235.04,25.28,57.7,8.04,24.02,192.65573,189.50833,2.37,1.8303353,1.8,63.38137832792852,Poor
4146,MUSIRI,CWC,33,Tamil Nadu,591,Tiruchirappalli,MUSIRI,-,-,Cauvery,Cauvery,-,-,-,Cauvery,10.93805556,78.44027778,01-08-2002 08:45,550.0,Clear,odour free,26.3,0.0,35.27,61.16,7.0,224.11,18.47,64.9,8.01,26.99,183.69672,165.13333,2.89,2.2043831,2.2,66.8755606460728,Poor
4147,MUSIRI,CWC,33,Tamil Nadu,591,Tiruchirappalli,MUSIRI,-,-,Cauvery,Cauvery,-,-,-,Cauvery,10.93805556,78.44027778,02-09-2002 09:00,549.0,Clear,odour free,25.3,13.98,28.86,53.63,5.7,170.56,21.39,58.3,8.33,23.19,163.10327,161.275,1.94,2.0046868,1.1,57.33805965373488,Poor
4148,MUSIRI,CWC,33,Tamil Nadu,591,Tiruchirappalli,MUSIRI,-,-,Cauvery,Cauvery,-,-,-,Cauvery,10.93805556,78.44027778,01-10-2002 08:45,294.0,Clear,odour free,29.5,13.98,27.25,28.26,6.4,113.71,11.67,25.1,8.42,13.35,116.50491,116.75,3.3,1.0136539,1.4,60.31128790178359,Poor
4149,MUSIRI,CWC,33,Tamil Nadu,591,Tiruchirappalli,MUSIRI,-,-,Cauvery,Cauvery,-,-,-,Cauvery,10.93805556,78.44027778,01-11-2002 10:00,499.0,Clear,odour free,26.8,15.49,33.67,51.86,7.7,152.16,16.53,43.1,8.33,24.24,150.53798,153.05,6.42,1.5204881,0.8,53.0004282540099,Poor
4150,MUSIRI,CWC,33,Tamil Nadu,591,Tiruchirappalli,MUSIRI,-,-,Cauvery,Cauvery,-,-,-,Cauvery,10.93805556,78.44027778,02-12-2002 09:45,454.0,Clear,odour free,25.5,0.0,28.86,33.44,6.8,193.11,21.39,33.5,7.89,15.78,158.28688,161.275,5.39,1.1519213,0.5,46.28582296962182,Good
4151,MUSIRI,CWC,33,Tamil Nadu,591,Tiruchirappalli,MUSIRI,-,-,Cauvery,Cauvery,-,-,-,Cauvery,10.93805556,78.44027778,01-01-2003 09:30,533.0,Clear,odour free,25.3,10.05,43.29,44.82,6.6,183.96,16.53,44.8,8.37,18.44,167.5369,177.1,6.99,1.4687535,1.0,59.872812646048935,Poor
4152,MUSIRI,CWC,33,Tamil Nadu,591,Tiruchirappalli,MUSIRI,-,-,Cauvery,Cauvery,-,-,-,Cauvery,10.93805556,78.44027778,01-02-2003 10:15,621.0,Clear,odour free,28.2,20.32,33.67,38.84,6.6,185.9,23.33,44.1,8.59,23.63,186.24371,181.38333,7.64,1.4297578,4.2,106.7875379512614,Unsuitable
4153,MUSIRI,CWC,33,Tamil Nadu,591,Tiruchirappalli,MUSIRI,-,-,Cauvery,Cauvery,-,-,-,Cauvery,10.93805556,78.44027778,01-03-2003 08:45,617.0,Clear,odour free,26.7,20.42,35.27,60.86,7.4,186.88,23.33,55.1,8.37,28.59,187.21367,185.38333,8.88,1.7668997,1.4,66.47756454369149,Poor
4154,MUSIRI,CWC,33,Tamil Nadu,591,Tiruchirappalli,MUSIRI,-,-,Cauvery,Cauvery,-,-,-,Cauvery,10.93805556,78.44027778,01-04-2003 09:25,556.0,Clear,odour free,29.7,0.0,32.06,62.18,4.8,209.89,24.31,58.9,8.08,26.43,172.04099,181.44167,8.95,1.9095079,2.0,78.50017888668988,Very Poor
4155,MUSIRI,CWC,33,Tamil Nadu,591,Tiruchirappalli,MUSIRI,-,-,Cauvery,Cauvery,-,-,-,Cauvery,10.93805556,78.44027778,01-05-2003 09:00,613.0,Clear,odour free,30.5,0.0,32.06,66.58,5.6,172.82,20.42,58.8,8.25,28.1,141.65575,165.23334,12.1,1.9971107,1.2,70.4650095452414,Poor
4156,MUSIRI,CWC,33,Tamil Nadu,591,Tiruchirappalli,MUSIRI,-,-,Cauvery,Cauvery,-,-,-,Cauvery,10.93805556,78.44027778,06-10-2003 09:00,493.0,Clear,odour free,30.0,12.0,27.25,59.46,6.0,126.08,21.39,46.8,8.39,31.9,123.34426,157.25,2.2,1.6298403,2.1,70.81038884742559,Poor
4157,MUSIRI,CWC,33,Tamil Nadu,591,Tiruchirappalli,MUSIRI,-,-,Cauvery,Cauvery,-,-,-,Cauvery,10.93805556,78.44027778,01-11-2003 09:20,367.0,Clear,odour free,31.2,25.04,36.87,35.24,6.6,84.86,8.75,30.9,8.71,17.88,111.29071,128.63333,1.17,1.1880003,3.3,85.535775408937,Very Poor
4158,MUSIRI,CWC,33,Tamil Nadu,591,Tiruchirappalli,MUSIRI,-,-,Cauvery,Cauvery,-,-,-,Cauvery,10.93805556,78.44027778,01-12-2003 10:15,566.0,Clear,odour free,29.5,8.1,35.27,93.64,5.8,148.25,23.33,55.3,8.46,34.16,135.01639,185.38333,0.4,1.7733132,0.8,52.88988200756673,Poor
4159,MUSIRI,CWC,33,Tamil Nadu,591,Tiruchirappalli,MUSIRI,-,-,Cauvery,Cauvery,-,-,-,Cauvery,10.93805556,78.44027778,01-01-2004 09:00,427.0,Clear,odour free,27.3,8.28,32.06,33.63,6.2,155.66,14.58,40.0,8.89,20.24,141.39017,140.90001,0.849,1.4705609,2.3,75.21113880688955,Very Poor
4160,MUSIRI,CWC,33,Tamil Nadu,591,Tiruchirappalli,MUSIRI,-,-,Cauvery,Cauvery,-,-,-,Cauvery,10.93805556,78.44027778,03-02-2004 09:30,557.0,Clear,odour free,29.5,8.1,38.48,63.69,6.9,160.6,17.5,56.1,8.56,36.67,145.13934,169.11667,0.338,1.8825573,1.2,55.600497248517655,Poor
4161,MUSIRI,CWC,33,Tamil Nadu,591,Tiruchirappalli,MUSIRI,-,-,Cauvery,Cauvery,-,-,-,Cauvery,10.93805556,78.44027778,01-03-2004 09:15,493.0,Clear,odour free,28.3,8.14,30.46,75.62,6.9,194.39,25.28,56.8,8.62,31.19,172.90273,181.48334,0.394,1.8414344,2.3,72.10915496506748,Poor
4162,MUSIRI,CWC,33,Tamil Nadu,591,Tiruchirappalli,MUSIRI,-,-,Cauvery,Cauvery,-,-,-,Cauvery,10.93805556,78.44027778,01-06-2004 09:00,686.0,Clear,odour free,34.7,7.9,32.06,126.04,6.9,132.53,26.25,92.0,8.37,45.59,121.79781,189.52501,4.8,2.9185905,2.2,74.02559926280064,Poor
4163,MUSIRI,CWC,33,Tamil Nadu,591,Tiruchirappalli,MUSIRI,-,-,Cauvery,Cauvery,-,-,-,Cauvery,10.93805556,78.44027778,02-08-2004 09:30,361.0,Clear,odour free,33.3,15.12,27.25,45.43,7.4,96.08,14.58,36.6,8.53,16.87,103.9541,128.875,4.51,1.4072425,3.7,91.85063243955362,Very Poor
4164,MUSIRI,CWC,33,Tamil Nadu,591,Tiruchirappalli,MUSIRI,-,-,Cauvery,Cauvery,-,-,-,Cauvery,10.93805556,78.44027778,01-09-2004 10:15,295.0,Clear,odour free,30.2,0.0,17.64,27.9,6.5,99.18,14.58,23.1,8.22,12.35,81.29508,104.85,3.96,0.985262,2.1,68.44382849364938,Poor
4165,MUSIRI,CWC,33,Tamil Nadu,591,Tiruchirappalli,MUSIRI,-,-,Cauvery,Cauvery,-,-,-,Cauvery,10.93805556,78.44027778,01-10-2004 09:20,359.0,Clear,odour free,29.0,11.47,28.86,40.92,6.5,101.1,16.53,33.6,8.41,28.3,101.98552,141.02501,2.32,1.2351025,1.7,63.6449909686124,Poor
4166,MUSIRI,CWC,33,Tamil Nadu,591,Tiruchirappalli,MUSIRI,-,-,Cauvery,Cauvery,-,-,-,Cauvery,10.93805556,78.44027778,01-11-2004 09:30,721.0,Clear,odour free,30.2,3.87,43.29,89.73,7.6,184.97,25.28,66.0,8.6,46.83,158.06476,213.55833,2.26,1.9715544,1.3,59.347217407641445,Poor
4167,MUSIRI,CWC,33,Tamil Nadu,591,Tiruchirappalli,MUSIRI,-,-,Cauvery,Cauvery,-,-,-,Cauvery,10.93805556,78.44027778,01-12-2004 09:30,389.0,Clear,odour free,28.0,7.65,33.67,39.06,7.7,147.76,16.53,36.9,8.45,31.01,133.86475,153.05,0.782,1.3017638,1.4,55.31610913630438,Poor
4168,MUSIRI,CWC,33,Tamil Nadu,591,Tiruchirappalli,MUSIRI,-,-,Cauvery,Cauvery,-,-,-,Cauvery,10.93805556,78.44027778,01-01-2005 09:00,483.0,Clear,odour free,26.5,3.64,27.25,36.88,7.7,192.24,25.28,37.5,8.48,17.93,163.64044,173.45834,0.959,1.2437199,0.1,39.410851593224926,Good
4169,MUSIRI,CWC,33,Tamil Nadu,591,Tiruchirappalli,MUSIRI,-,-,Cauvery,Cauvery,-,-,-,Cauvery,10.93805556,78.44027778,01-02-2005 09:30,508.0,Clear,odour free,28.0,6.64,35.27,54.35,6.5,177.46,22.36,45.9,8.39,30.42,156.5257,181.34167,0.706,1.4881094,2.9,78.99862772843248,Very Poor
4170,MUSIRI,CWC,33,Tamil Nadu,591,Tiruchirappalli,MUSIRI,-,-,Cauvery,Cauvery,-,-,-,Cauvery,10.93805556,78.44027778,01-03-2005 09:45,609.0,Clear,odour free,30.0,0.0,40.08,54.13,6.3,172.44,15.56,54.2,7.94,42.09,141.34427,165.03334,0.707,1.840784,1.1,50.04805653444769,Poor
4171,MUSIRI,CWC,33,Tamil Nadu,591,Tiruchirappalli,MUSIRI,-,-,Cauvery,Cauvery,-,-,-,Cauvery,10.93805556,78.44027778,01-04-2005 09:15,534.0,Clear,odour free,26.0,0.0,30.46,71.48,5.6,224.94,29.17,66.2,7.98,38.81,184.37704,197.69167,0.648,2.0566971,1.3,56.7510158692594,Poor
4172,MUSIRI,CWC,33,Tamil Nadu,591,Tiruchirappalli,MUSIRI,-,-,Cauvery,Cauvery,-,-,-,Cauvery,10.93805556,78.44027778,02-05-2005 09:30,714.0,Clear,odour free,32.0,0.0,38.48,81.93,5.7,190.86,21.39,60.5,8.02,28.31,156.44263,185.325,0.577,1.9399153,1.4,57.12447905221199,Poor
4173,MUSIRI,CWC,33,Tamil Nadu,591,Tiruchirappalli,MUSIRI,-,-,Cauvery,Cauvery,-,-,-,Cauvery,10.93805556,78.44027778,01-06-2005 09:00,802.0,Clear,odour free,29.0,7.44,38.67,197.0,5.2,166.45,29.17,130.2,8.36,22.09,148.83443,218.21666,4.92,3.8489182,2.2,79.27901161178407,Very Poor
4174,MUSIRI,CWC,33,Tamil Nadu,591,Tiruchirappalli,MUSIRI,-,-,Cauvery,Cauvery,-,-,-,Cauvery,10.93805556,78.44027778,01-07-2005 09:30,701.0,Clear,odour free,28.0,0.0,38.48,102.44,6.2,203.33,25.28,79.4,8.06,22.05,166.66394,201.53334,3.29,2.441961,0.6,49.412464404597266,Good
4175,MUSIRI,CWC,33,Tamil Nadu,591,Tiruchirappalli,MUSIRI,-,-,Cauvery,Cauvery,-,-,-,Cauvery,10.93805556,78.44027778,01-08-2005 09:45,565.0,Clear,odour free,28.5,0.0,27.25,77.59,6.7,181.58,22.36,64.7,8.12,21.63,148.83606,161.29167,0.651,2.224939,3.2,79.72442743832165,Very Poor
4176,MUSIRI,CWC,33,Tamil Nadu,591,Tiruchirappalli,MUSIRI,-,-,Cauvery,Cauvery,-,-,-,Cauvery,10.93805556,78.44027778,01-09-2005 09:45,223.0,Clear,odour free,29.0,0.0,19.24,23.3,6.1,86.23,7.78,16.4,7.78,6.52,70.68033,80.51667,0.882,0.7974675,1.1,46.96404050821054,Good
4177,MUSIRI,CWC,33,Tamil Nadu,591,Tiruchirappalli,MUSIRI,-,-,Cauvery,Cauvery,-,-,-,Cauvery,10.93805556,78.44027778,01-10-2005 09:30,255.0,Clear,odour free,30.0,0.0,21.86,22.64,6.6,104.41,8.84,20.5,7.82,5.13,85.58197,91.48334,1.67,0.9351795,3.9,85.15790315922713,Very Poor
4178,MUSIRI,CWC,33,Tamil Nadu,591,Tiruchirappalli,MUSIRI,-,-,Cauvery,Cauvery,-,-,-,Cauvery,10.93805556,78.44027778,02-11-2005 09:45,394.0,Clear,odour free,28.0,12.0,25.65,36.19,6.0,109.8,16.53,29.8,8.32,21.5,110.0,133.0,1.83,1.1281606,1.1,55.241278887882125,Poor
4179,MUSIRI,CWC,33,Tamil Nadu,591,Tiruchirappalli,MUSIRI,-,-,Cauvery,Cauvery,-,-,-,Cauvery,10.93805556,78.44027778,01-12-2005 09:00,555.0,Clear,odour free,28.0,0.0,33.52,53.56,6.0,170.8,21.21,48.4,8.13,32.6,140.0,172.175,2.86,1.6103866,2.6,76.09526225618772,Very Poor
4180,MUSIRI,CWC,33,Tamil Nadu,591,Tiruchirappalli,MUSIRI,-,-,Cauvery,Cauvery,-,-,-,Cauvery,10.93805556,78.44027778,02-01-2006 09:00,469.0,Clear,odour free,27.0,0.0,30.46,40.77,7.5,202.93,22.36,40.5,8.1,21.81,166.33606,169.31667,1.66,1.3591305,1.1,50.355816047697395,Poor
4181,MUSIRI,CWC,33,Tamil Nadu,591,Tiruchirappalli,MUSIRI,-,-,Cauvery,Cauvery,-,-,-,Cauvery,10.93805556,78.44027778,01-02-2006 09:15,602.0,Clear,odour free,24.5,33.26,40.08,64.94,7.0,178.77,22.36,64.4,8.4,19.9,201.96613,193.36667,1.75,2.0215828,1.2,56.45506905431828,Poor
4182,MUSIRI,CWC,33,Tamil Nadu,591,Tiruchirappalli,MUSIRI,-,-,Cauvery,Cauvery,-,-,-,Cauvery,10.93805556,78.44027778,01-03-2006 09:15,803.0,Clear,odour free,28.5,19.0,35.27,110.97,7.4,212.59,27.22,90.0,8.37,56.5,205.92076,201.59166,0.933,2.768159,1.4,57.743645434132915,Poor
4183,MUSIRI,CWC,33,Tamil Nadu,591,Tiruchirappalli,MUSIRI,-,-,Cauvery,Cauvery,-,-,-,Cauvery,10.93805556,78.44027778,01-04-2006 09:15,773.0,Clear,odour free,28.0,0.0,27.25,95.21,6.3,254.82,33.05,75.4,8.28,27.75,208.86887,205.83333,1.96,2.2963948,0.5,49.23233721604909,Good
4184,MUSIRI,CWC,33,Tamil Nadu,591,Tiruchirappalli,MUSIRI,-,-,Cauvery,Cauvery,-,-,-,Cauvery,10.93805556,78.44027778,01-05-2006 09:15,998.0,Clear,odour free,28.0,14.18,36.87,96.33,6.4,216.36,24.3,87.3,8.33,34.18,200.9776,193.42499,0.987,2.7406368,2.0,67.57467749753606,Poor
4185,MUSIRI,CWC,33,Tamil Nadu,591,Tiruchirappalli,MUSIRI,-,-,Cauvery,Cauvery,-,-,-,Cauvery,10.93805556,78.44027778,01-06-2006 09:15,931.0,Clear,odour free,26.0,28.1,22.45,102.88,6.3,190.44,35.0,92.1,8.43,52.31,202.9317,201.95833,1.08,2.832603,1.7,66.08606423351138,Poor
4186,MUSIRI,CWC,33,Tamil Nadu,591,Tiruchirappalli,MUSIRI,-,-,Cauvery,Cauvery,-,-,-,Cauvery,10.93805556,78.44027778,01-07-2006 09:30,568.0,Clear,odour free,26.0,14.26,25.65,38.48,8.5,188.44,18.47,43.0,8.55,19.11,178.2257,141.08333,0.831,1.5807947,1.8,59.885633418975644,Poor
4187,MUSIRI,CWC,33,Tamil Nadu,591,Tiruchirappalli,MUSIRI,-,-,Cauvery,Cauvery,-,-,-,Cauvery,10.93805556,78.44027778,01-08-2006 09:30,393.0,Clear,odour free,27.0,0.0,20.84,24.88,6.4,146.65,13.61,28.7,8.24,9.5,120.20491,108.808334,1.71,1.2012656,2.0,64.87677754327818,Poor
4188,MUSIRI,CWC,33,Tamil Nadu,591,Tiruchirappalli,MUSIRI,-,-,Cauvery,Cauvery,-,-,-,Cauvery,10.93805556,78.44027778,01-09-2006 09:30,259.0,Clear,odour free,28.0,0.0,16.03,16.32,6.4,97.6,6.81,18.4,8.23,4.74,80.0,68.450005,0.945,0.970445,0.6,43.59686611118397,Good
4189,MUSIRI,CWC,33,Tamil Nadu,591,Tiruchirappalli,MUSIRI,-,-,Cauvery,Cauvery,-,-,-,Cauvery,10.93805556,78.44027778,03-10-2006 09:30,345.0,Clear,odour free,27.5,14.92,25.65,34.38,6.8,106.2,11.67,28.6,8.4,13.18,111.91585,112.75,3.88,1.1754023,1.6,62.47894321478533,Poor
4190,MUSIRI,CWC,33,Tamil Nadu,591,Tiruchirappalli,MUSIRI,-,-,Cauvery,Cauvery,-,-,-,Cauvery,10.93805556,78.44027778,01-11-2006 10:00,700.0,Clear,odour free,27.0,0.0,41.68,63.87,7.2,237.68,22.36,69.7,8.25,50.19,194.81967,197.36667,8.84,2.165557,1.3,64.62734016921806,Poor
4191,MUSIRI,CWC,33,Tamil Nadu,591,Tiruchirappalli,MUSIRI,-,-,Cauvery,Cauvery,-,-,-,Cauvery,10.93805556,78.44027778,01-12-2006 09:45,861.0,Clear,odour free,24.5,20.54,46.49,122.9,7.5,219.21,28.19,97.4,8.35,73.86,213.91367,233.68333,,2.7815707,2.0,64.86926194620631,Poor
4192,MUSIRI,CWC,33,Tamil Nadu,591,Tiruchirappalli,MUSIRI,-,-,Cauvery,Cauvery,-,-,-,Cauvery,10.93805556,78.44027778,02-01-2007 09:45,395.0,Clear,odour free,24.0,0.0,30.46,32.72,6.9,194.23,15.56,34.9,8.24,11.59,159.20491,140.98334,2.14,1.2828827,1.0,51.34934495862941,Poor
4193,MUSIRI,CWC,33,Tamil Nadu,591,Tiruchirappalli,MUSIRI,-,-,Cauvery,Cauvery,-,-,-,Cauvery,10.93805556,78.44027778,01-02-2007 10:00,684.0,Clear,chlorinous,23.0,19.2,35.27,65.91,8.3,200.08,21.39,62.4,8.42,24.43,196.0,177.3,2.04,2.0458574,1.0,50.71450786875865,Poor
4194,MUSIRI,CWC,33,Tamil Nadu,591,Tiruchirappalli,MUSIRI,-,-,Cauvery,Cauvery,-,-,-,Cauvery,10.93805556,78.44027778,01-03-2007 09:30,660.0,Clear,odour free,26.0,14.32,35.27,92.79,7.4,194.23,21.39,78.4,8.34,22.16,183.07158,177.3,3.36,2.5704362,1.0,53.89029616219181,Poor
4195,MUSIRI,CWC,33,Tamil Nadu,591,Tiruchirappalli,MUSIRI,-,-,Cauvery,Cauvery,-,-,-,Cauvery,10.93805556,78.44027778,02-04-2007 09:35,646.0,Clear,odour free,29.5,0.0,30.46,85.12,6.9,220.7,21.39,73.7,7.29,27.44,180.90164,165.275,1.99,2.5031924,2.2,59.529583280080125,Poor
4196,MUSIRI,CWC,33,Tamil Nadu,591,Tiruchirappalli,MUSIRI,-,-,Cauvery,Cauvery,-,-,-,Cauvery,10.93805556,78.44027778,01-05-2007 09:15,684.0,Clear,odour free,30.0,0.0,32.06,82.33,6.9,219.6,21.39,78.8,8.2,36.59,180.0,169.275,3.5,2.6444201,1.0,53.91489139920834,Poor
4197,MUSIRI,CWC,33,Tamil Nadu,591,Tiruchirappalli,MUSIRI,-,-,Cauvery,Cauvery,-,-,-,Cauvery,10.93805556,78.44027778,01-06-2007 09:45,716.0,Clear,odour free,27.0,19.2,33.67,81.42,6.8,185.44,22.36,82.7,8.36,36.91,184.0,177.34166,5.77,2.711428,1.7,68.12856141566122,Poor
4198,MUSIRI,CWC,33,Tamil Nadu,591,Tiruchirappalli,MUSIRI,-,-,Cauvery,Cauvery,-,-,-,Cauvery,10.93805556,78.44027778,02-07-2007 09:30,899.0,Clear,odour free,26.0,19.3,33.67,148.7,7.3,196.18,26.25,112.4,8.42,57.53,192.96994,193.54999,3.73,3.528258,1.3,60.444421592390356,Poor
4199,MUSIRI,CWC,33,Tamil Nadu,591,Tiruchirappalli,MUSIRI,-,-,Cauvery,Cauvery,-,-,-,Cauvery,10.93805556,78.44027778,01-08-2007 10:30,245.0,Clear,odour free,26.0,0.0,20.84,25.99,7.0,117.12,9.72,19.6,7.78,7.52,96.0,92.6,2.48,0.8888809,0.7,41.652010523471155,Good
4200,MUSIRI,CWC,33,Tamil Nadu,591,Tiruchirappalli,MUSIRI,-,-,Cauvery,Cauvery,-,-,-,Cauvery,10.93805556,78.44027778,01-09-2007 10:00,268.0,Clear,odour free,25.0,0.0,22.44,26.39,7.1,116.54,9.72,23.4,8.2,14.04,95.52459,96.600006,2.35,1.0389104,0.6,43.973984850414105,Good
4201,MUSIRI,CWC,33,Tamil Nadu,591,Tiruchirappalli,MUSIRI,-,-,Cauvery,Cauvery,-,-,-,Cauvery,10.93805556,78.44027778,03-10-2007 10:00,314.0,Clear,odour free,27.0,0.0,25.65,27.99,6.9,138.02,11.67,27.5,7.53,9.27,113.13115,112.75,2.73,1.1301945,0.7,40.34268218858792,Good
4202,MUSIRI,CWC,33,Tamil Nadu,591,Tiruchirappalli,MUSIRI,-,-,Cauvery,Cauvery,-,-,-,Cauvery,10.93805556,78.44027778,01-11-2007 09:00,386.0,Light Brown,odour free,25.5,0.0,30.46,34.68,7.1,152.04,12.64,34.0,8.01,19.94,124.62295,128.81667,3.11,1.3071321,2.7,72.28824589195162,Poor
4203,MUSIRI,CWC,33,Tamil Nadu,591,Tiruchirappalli,MUSIRI,-,-,Cauvery,Cauvery,-,-,-,Cauvery,10.93805556,78.44027778,01-12-2007 09:50,332.0,Clear,odour free,25.0,14.47,25.65,26.8,7.08,132.42,15.56,27.1,8.43,10.05,132.65765,128.95833,2.02,1.0418133,0.4,44.18780284666254,Good
4204,MUSIRI,CWC,33,Tamil Nadu,591,Tiruchirappalli,MUSIRI,-,-,Cauvery,Cauvery,-,-,-,Cauvery,10.93805556,78.44027778,01-01-2008 09:30,956.0,Clear,odour free,25.5,34.11,44.09,138.42,7.05,217.99,31.6,104.6,8.72,53.88,235.53033,241.89166,2.2,2.9367256,2.1,74.0609616352314,Poor
4205,MUSIRI,CWC,33,Tamil Nadu,591,Tiruchirappalli,MUSIRI,-,-,Cauvery,Cauvery,-,-,-,Cauvery,10.93805556,78.44027778,01-02-2008 09:30,534.0,Clear,odour free,26.0,19.39,35.27,57.95,7.17,182.38,19.44,50.4,8.31,22.64,181.80847,169.175,1.34,1.6914217,0.4,43.172884077089996,Good
4206,MUSIRI,CWC,33,Tamil Nadu,591,Tiruchirappalli,MUSIRI,-,-,Cauvery,Cauvery,-,-,-,Cauvery,10.93805556,78.44027778,01-03-2008 09:30,796.0,Clear,odour free,23.5,20.76,40.08,114.78,7.0,195.2,24.31,92.1,8.38,42.98,194.59999,201.49167,1.76,2.8325415,0.5,47.345698443336985,Good
4207,MUSIRI,CWC,33,Tamil Nadu,591,Tiruchirappalli,MUSIRI,-,-,Cauvery,Cauvery,-,-,-,Cauvery,10.93805556,78.44027778,01-04-2008 09:30,984.0,Clear,odour free,26.0,26.09,41.68,160.35,6.85,196.26,29.17,116.0,8.55,67.53,204.35219,225.74167,1.51,3.3711689,1.1,58.191124250480875,Poor
4208,MUSIRI,CWC,33,Tamil Nadu,591,Tiruchirappalli,MUSIRI,-,-,Cauvery,Cauvery,-,-,-,Cauvery,10.93805556,78.44027778,01-05-2008 09:15,735.0,Clear,odour free,27.0,21.22,33.67,98.52,7.04,183.34,20.42,85.6,8.45,47.68,185.64536,169.25833,1.09,2.872393,0.3,43.56501150448281,Good
4209,MUSIRI,CWC,33,Tamil Nadu,591,Tiruchirappalli,MUSIRI,-,-,Cauvery,Cauvery,-,-,-,Cauvery,10.93805556,78.44027778,02-06-2008 08:00,689.0,Clear,odour free,27.5,15.82,33.67,103.82,7.1,176.97,21.39,86.0,8.32,50.36,171.42404,173.29999,1.89,2.8521433,0.9,51.37045461931899,Poor
4210,MUSIRI,CWC,33,Tamil Nadu,591,Tiruchirappalli,MUSIRI,-,-,Cauvery,Cauvery,-,-,-,Cauvery,10.93805556,78.44027778,01-07-2008 08:00,455.0,Clear,odour free,27.0,10.67,27.25,40.37,7.27,184.35,17.5,40.7,8.37,17.31,168.8899,141.04167,2.72,1.4962327,1.4,58.03751352413085,Poor
4211,MUSIRI,CWC,33,Tamil Nadu,591,Tiruchirappalli,MUSIRI,-,-,Cauvery,Cauvery,-,-,-,Cauvery,10.93805556,78.44027778,01-08-2008 08:00,480.0,Clear,odour free,26.0,0.0,28.86,40.37,7.04,224.81,18.47,45.9,8.28,16.73,184.2705,149.10834,0.926,1.6411119,0.5,43.67190580777974,Good
4212,MUSIRI,CWC,33,Tamil Nadu,591,Tiruchirappalli,MUSIRI,-,-,Cauvery,Cauvery,-,-,-,Cauvery,10.93805556,78.44027778,01-09-2008 08:00,565.0,Clear,odour free,26.5,0.0,28.86,85.0,7.18,176.0,18.47,62.4,8.22,25.02,144.2623,149.10834,2.78,2.231054,1.6,59.907932501947336,Poor
4213,MUSIRI,CWC,33,Tamil Nadu,591,Tiruchirappalli,MUSIRI,-,-,Cauvery,Cauvery,-,-,-,Cauvery,10.93805556,78.44027778,03-10-2008 08:00,368.0,Clear,odour free,27.0,0.0,24.0,29.7,7.15,153.01,15.6,28.0,8.18,3.2,125.41803,125.0,,1.0934237,0.3,37.743489249805265,Good
4214,MUSIRI,CWC,33,Tamil Nadu,591,Tiruchirappalli,MUSIRI,-,-,Cauvery,Cauvery,-,-,-,Cauvery,10.93805556,78.44027778,01-11-2008 08:00,427.0,Clear,odour free,27.5,0.0,38.47,54.45,7.17,232.14,21.87,49.9,6.96,44.0,190.27869,187.3,,1.591619,2.2,53.51800641363442,Poor
4215,MUSIRI,CWC,33,Tamil Nadu,591,Tiruchirappalli,MUSIRI,-,-,Cauvery,Cauvery,-,-,-,Cauvery,10.93805556,78.44027778,01-12-2008 08:00,866.0,Light Brown,odour free,26.0,0.0,43.2,136.6,7.06,269.08,25.3,69.4,7.82,10.05,220.55737,213.41667,0.645,2.0738153,1.2,50.14845069149698,Poor
4216,MUSIRI,CWC,33,Tamil Nadu,591,Tiruchirappalli,MUSIRI,-,-,Cauvery,Cauvery,-,-,-,Cauvery,10.93805556,78.44027778,01-01-2009 08:00,419.0,Clear,odour free,23.0,67.2,41.6,43.5,7.14,158.0,21.4,49.1,8.36,23.3,241.5082,193.16666,0.387,1.5419306,0.8,48.59150916392452,Good
4217,MUSIRI,CWC,33,Tamil Nadu,591,Tiruchirappalli,MUSIRI,-,-,Cauvery,Cauvery,-,-,-,Cauvery,10.93805556,78.44027778,02-02-2009 08:00,717.0,Clear,odour free,24.0,24.0,41.6,67.3,6.98,192.0,23.3,62.9,8.3,54.0,197.37704,201.08333,0.396,1.93625,1.1,52.833476254828575,Poor
4218,MUSIRI,CWC,33,Tamil Nadu,591,Tiruchirappalli,MUSIRI,-,-,Cauvery,Cauvery,-,-,-,Cauvery,10.93805556,78.44027778,02-03-2009 08:00,552.0,Clear,odour free,26.5,24.0,35.2,89.0,6.88,187.0,24.3,70.0,8.3,47.7,193.27869,189.25,0.331,2.2217774,0.6,46.23583443754274,Good
4219,MUSIRI,CWC,33,Tamil Nadu,591,Tiruchirappalli,MUSIRI,-,-,Cauvery,Cauvery,-,-,-,Cauvery,10.93805556,78.44027778,01-04-2009 08:00,580.0,Clear,odour free,27.0,24.0,36.8,100.9,7.05,178.0,24.3,94.2,8.4,54.6,185.90164,193.25,0.381,2.9585967,0.9,51.016876677476276,Poor
4220,MUSIRI,CWC,33,Tamil Nadu,591,Tiruchirappalli,MUSIRI,-,-,Cauvery,Cauvery,-,-,-,Cauvery,10.93805556,78.44027778,01-05-2009 08:00,594.0,Clear,odour free,28.0,9.6,35.2,119.0,2.8,211.0,25.3,91.0,8.38,57.6,188.95082,193.41667,0.0846,2.8571842,2.5,82.99794351125472,Very Poor
4221,MUSIRI,CWC,33,Tamil Nadu,591,Tiruchirappalli,MUSIRI,-,-,Cauvery,Cauvery,-,-,-,Cauvery,10.93805556,78.44027778,01-06-2009 09:30,768.0,Clear,odour free,26.0,0.0,40.0,120.0,7.1,259.0,31.1,88.3,8.0,62.0,212.29507,229.58333,1.35,2.544952,2.7,73.805630835996,Poor
4222,MUSIRI,CWC,33,Tamil Nadu,591,Tiruchirappalli,MUSIRI,-,-,Cauvery,Cauvery,-,-,-,Cauvery,10.93805556,78.44027778,01-07-2009 09:30,741.0,Clear,odour free,27.0,24.0,32.0,118.5,7.2,185.0,24.3,91.9,8.47,65.89,191.63934,181.25,0.552,2.9809315,1.0,52.81112155682198,Poor
4223,MUSIRI,CWC,33,Tamil Nadu,591,Tiruchirappalli,MUSIRI,-,-,Cauvery,Cauvery,-,-,-,Cauvery,10.93805556,78.44027778,01-08-2009 10:00,444.0,Clear,odour free,27.0,0.0,28.8,52.2,7.2,187.5,17.5,40.6,7.93,35.7,153.68852,144.91667,0.954,1.4723569,2.6,68.16210433795128,Poor
4224,MUSIRI,CWC,33,Tamil Nadu,591,Tiruchirappalli,MUSIRI,-,-,Cauvery,Cauvery,-,-,-,Cauvery,10.93805556,78.44027778,01-09-2009 09:30,311.0,Clear,odour free,26.0,0.0,24.0,34.2,7.0,146.0,12.6,26.4,7.93,17.0,119.672134,112.5,0.932,1.0863978,1.1,47.26397142810021,Good
4225,MUSIRI,CWC,33,Tamil Nadu,591,Tiruchirappalli,MUSIRI,-,-,Cauvery,Cauvery,-,-,-,Cauvery,10.93805556,78.44027778,01-10-2009 10:00,183.0,Clear,odour free,26.5,0.0,12.8,15.2,7.1,71.2,6.08,11.3,8.12,1.5,58.360653,57.333332,0.521,0.65129584,0.5,38.60165251293576,Good
4226,MUSIRI,CWC,33,Tamil Nadu,591,Tiruchirappalli,MUSIRI,-,-,Cauvery,Cauvery,-,-,-,Cauvery,10.93805556,78.44027778,03-11-2009 09:30,475.0,Clear,odour free,27.0,0.0,36.8,53.7,6.9,215.0,16.0,45.7,8.15,36.2,176.2295,158.66667,0.928,1.5831654,1.0,49.471881468079864,Good
4227,MUSIRI,CWC,33,Tamil Nadu,591,Tiruchirappalli,MUSIRI,-,-,Cauvery,Cauvery,-,-,-,Cauvery,10.93805556,78.44027778,01-12-2009 09:50,935.0,Clear,odour free,27.5,0.0,49.6,154.0,7.0,278.0,31.1,103.2,7.65,61.5,227.86885,253.58333,3.73,2.8293316,0.2,40.28178429149379,Good
4228,MUSIRI,CWC,33,Tamil Nadu,591,Tiruchirappalli,MUSIRI,-,-,Cauvery,Cauvery,-,-,-,Cauvery,10.93805556,78.44027778,01-01-2010 10:00,482.0,Clear,odour free,27.0,19.2,35.2,54.0,7.0,187.0,23.3,45.3,8.35,41.0,185.27869,185.08333,1.43,1.4538199,2.0,66.32253980200933,Poor
4229,MUSIRI,CWC,33,Tamil Nadu,591,Tiruchirappalli,MUSIRI,-,-,Cauvery,Cauvery,-,-,-,Cauvery,10.93805556,78.44027778,01-02-2010 09:30,532.0,Clear,odour free,27.0,14.4,38.4,68.1,7.1,233.0,25.3,54.0,8.34,44.0,214.98361,201.41667,0.896,1.6612668,0.6,46.95270468389846,Good
4230,MUSIRI,CWC,33,Tamil Nadu,591,Tiruchirappalli,MUSIRI,-,-,Cauvery,Cauvery,-,-,-,Cauvery,10.93805556,78.44027778,01-03-2010 09:30,659.0,Clear,odour free,27.0,0.0,33.6,79.4,7.0,236.0,24.3,59.8,8.2,47.0,193.44263,185.25,1.42,1.9185338,0.8,48.91245211959717,Good
4231,MUSIRI,CWC,33,Tamil Nadu,591,Tiruchirappalli,MUSIRI,-,-,Cauvery,Cauvery,-,-,-,Cauvery,10.93805556,78.44027778,01-04-2010 09:30,576.0,Clear,odour free,28.0,19.2,32.064,121.95,7.1,185.44,24.305,87.6,8.42,43.5,184.0,181.43083,1.37,2.8400307,0.6,48.07356321613653,Good
4232,MUSIRI,CWC,33,Tamil Nadu,591,Tiruchirappalli,MUSIRI,-,-,Cauvery,Cauvery,-,-,-,Cauvery,10.93805556,78.44027778,01-05-2010 09:30,416.0,Clear,odour free,27.0,14.4,24.05,73.74,7.2,117.12,18.47,55.4,8.32,38.81,120.0,137.08333,1.03,2.0663288,2.2,66.56648743959339,Poor
4233,MUSIRI,CWC,33,Tamil Nadu,591,Tiruchirappalli,MUSIRI,-,-,Cauvery,Cauvery,-,-,-,Cauvery,10.93805556,78.44027778,01-06-2010 09:00,460.0,Clear,odour free,30.0,14.4,33.67,73.74,7.5,151.28,15.56,52.5,8.3,31.4,148.0,149.00833,0.52,1.8769026,0.6,43.28345325818273,Good
4234,MUSIRI,CWC,33,Tamil Nadu,591,Tiruchirappalli,MUSIRI,-,-,Cauvery,Cauvery,-,-,-,Cauvery,10.93805556,78.44027778,01-07-2010 08:30,587.0,Clear,odour free,27.0,24.0,35.27,96.42,7.1,170.8,21.38,65.3,8.37,21.6,180.0,177.25833,6.58,2.1411877,0.6,53.39823213016833,Poor
4235,MUSIRI,CWC,33,Tamil Nadu,591,Tiruchirappalli,MUSIRI,-,-,Cauvery,Cauvery,-,-,-,Cauvery,10.93805556,78.44027778,02-08-2010 08:00,427.0,Clear,odour free,27.0,0.0,25.65,59.56,7.0,209.84,22.36,43.8,8.05,21.9,172.0,157.29167,5.2,1.5253705,2.5,74.28868171884689,Poor
4236,MUSIRI,CWC,33,Tamil Nadu,591,Tiruchirappalli,MUSIRI,-,-,Cauvery,Cauvery,-,-,-,Cauvery,10.93805556,78.44027778,01-09-2010 09:30,355.0,Clear,odour free,28.0,0.0,22.44,52.86,7.0,141.52,14.58,40.3,8.2,13.72,116.0,116.85,5.97,1.6277058,0.8,52.21905911106871,Poor
4237,MUSIRI,CWC,33,Tamil Nadu,591,Tiruchirappalli,MUSIRI,-,-,Cauvery,Cauvery,-,-,-,Cauvery,10.93805556,78.44027778,01-10-2010 08:00,397.0,Clear,odour free,30.0,0.0,28.86,52.86,6.8,175.68,15.56,33.1,7.97,12.29,144.0,136.98334,4.28,1.2344422,0.6,46.16804751895656,Good
4238,MUSIRI,CWC,33,Tamil Nadu,591,Tiruchirappalli,MUSIRI,-,-,Cauvery,Cauvery,-,-,-,Cauvery,10.93805556,78.44027778,01-11-2010 11:00,540.0,Clear,odour free,30.0,24.0,38.48,75.99,7.2,161.04,16.53,54.4,8.36,25.27,172.0,165.075,6.65,1.8475847,1.0,57.82786426391339,Poor
4239,MUSIRI,CWC,33,Tamil Nadu,591,Tiruchirappalli,MUSIRI,-,-,Cauvery,Cauvery,-,-,-,Cauvery,10.93805556,78.44027778,01-12-2010 11:00,744.0,Light Brown,odour free,28.0,0.0,44.89,102.42,7.1,204.96,24.31,77.3,8.15,43.43,168.0,213.51666,7.29,2.3091006,0.8,55.66635480510913,Poor
4240,MUSIRI,CWC,33,Tamil Nadu,591,Tiruchirappalli,MUSIRI,-,-,Cauvery,Cauvery,-,-,-,Cauvery,10.93805556,78.44027778,01-01-2011 09:15,520.0,Clear,odour free,27.0,28.8,41.68,72.69,7.3,170.8,21.39,55.0,8.36,35.27,188.0,193.325,2.36,1.7265006,0.8,50.54024353013177,Poor
4241,MUSIRI,CWC,33,Tamil Nadu,591,Tiruchirappalli,MUSIRI,-,-,Cauvery,Cauvery,-,-,-,Cauvery,10.93805556,78.44027778,01-02-2011 09:45,582.0,Clear,odour free,27.0,33.6,43.29,79.29,7.4,185.44,21.39,59.4,8.4,23.15,208.0,197.35,0.563,1.845415,0.8,48.58368180011764,Good
4242,MUSIRI,CWC,33,Tamil Nadu,591,Tiruchirappalli,MUSIRI,-,-,Cauvery,Cauvery,-,-,-,Cauvery,10.93805556,78.44027778,01-03-2011 09:15,639.0,Clear,odour free,26.0,33.6,56.11,92.51,6.1,180.56,8.75,71.1,8.5,27.31,204.0,176.73334,0.809,2.3311272,1.3,58.45760547753033,Poor
4243,MUSIRI,CWC,33,Tamil Nadu,591,Tiruchirappalli,MUSIRI,-,-,Cauvery,Cauvery,-,-,-,Cauvery,10.93805556,78.44027778,01-04-2011 08:45,529.0,Clear,odour free,30.0,28.8,35.27,95.94,6.6,161.04,18.47,68.4,8.45,24.61,180.0,165.13333,0.923,2.3232636,1.0,53.53789352317707,Poor
4244,MUSIRI,CWC,33,Tamil Nadu,591,Tiruchirappalli,MUSIRI,-,-,Cauvery,Cauvery,-,-,-,Cauvery,10.93805556,78.44027778,02-05-2011 08:45,646.0,Clear,odour free,30.0,33.6,44.89,119.62,7.1,190.32,21.39,83.7,8.35,38.39,212.0,201.34999,1.37,2.5742748,0.9,51.46046840713275,Poor
4245,MUSIRI,CWC,33,Tamil Nadu,591,Tiruchirappalli,MUSIRI,-,-,Cauvery,Cauvery,-,-,-,Cauvery,10.93805556,78.44027778,01-06-2011 09:00,538.0,Clear,odour free,28.0,0.0,38.48,88.14,7.0,224.46,18.47,67.6,7.86,28.58,183.98361,173.15833,0.474,2.241994,1.0,46.451971275454234,Good
4246,MUSIRI,CWC,33,Tamil Nadu,591,Tiruchirappalli,MUSIRI,-,-,Cauvery,Cauvery,-,-,-,Cauvery,10.93805556,78.44027778,01-07-2011 10:00,365.0,Clear,odour free,28.5,0.0,32.06,50.37,7.1,171.02,10.69,37.9,7.95,12.2,140.18033,124.691666,0.502,1.4805632,2.1,60.26081012025689,Poor
4247,MUSIRI,CWC,33,Tamil Nadu,591,Tiruchirappalli,MUSIRI,-,-,Cauvery,Cauvery,-,-,-,Cauvery,10.93805556,78.44027778,01-08-2011 09:00,299.0,Clear,odour free,28.5,0.0,25.65,44.07,7.2,203.09,27.22,28.2,7.98,10.45,166.46721,177.54166,0.487,0.9246163,1.0,47.69705719375428,Good
4248,MUSIRI,CWC,33,Tamil Nadu,591,Tiruchirappalli,MUSIRI,-,-,Cauvery,Cauvery,-,-,-,Cauvery,10.93805556,78.44027778,02-09-2011 09:00,273.0,Clear,odour free,27.5,0.0,32.06,47.22,7.1,176.37,15.56,25.6,7.59,10.46,144.56557,144.98334,0.412,0.92789054,1.4,47.93858762995375,Good
4249,MUSIRI,CWC,33,Tamil Nadu,591,Tiruchirappalli,MUSIRI,-,-,Cauvery,Cauvery,-,-,-,Cauvery,10.93805556,78.44027778,01-10-2011 10:30,264.0,Clear,odour free,29.0,0.0,22.44,47.22,7.1,85.51,10.69,24.9,7.7,12.08,70.090164,100.64166,0.672,1.0832173,2.6,64.29341908436265,Poor
4250,MUSIRI,CWC,33,Tamil Nadu,591,Tiruchirappalli,MUSIRI,-,-,Cauvery,Cauvery,-,-,-,Cauvery,10.93805556,78.44027778,01-11-2011 09:30,385.0,Clear,odour free,27.0,0.0,30.46,53.52,7.0,160.33,15.56,35.2,8.05,27.83,131.41803,140.98334,0.432,1.2939103,1.0,47.21246757137522,Good
4251,MUSIRI,CWC,33,Tamil Nadu,591,Tiruchirappalli,MUSIRI,-,-,Cauvery,Cauvery,-,-,-,Cauvery,10.93805556,78.44027778,01-12-2011 09:30,524.0,Clear,odour free,28.0,0.0,41.68,84.99,7.2,288.6,32.08,61.8,8.16,35.48,236.55739,237.86667,0.595,1.7498665,1.4,56.619773276026514,Poor
4252,MUSIRI,CWC,33,Tamil Nadu,591,Tiruchirappalli,MUSIRI,-,-,Cauvery,Cauvery,-,-,-,Cauvery,10.93805556,78.44027778,02-01-2012 09:30,427.0,Clear,odour free,26.5,31.54,41.68,59.81,7.1,176.37,18.47,45.2,8.3,22.42,197.13223,181.15833,0.465,1.4654568,1.0,50.36987519036038,Poor
4253,MUSIRI,CWC,33,Tamil Nadu,591,Tiruchirappalli,MUSIRI,-,-,Cauvery,Cauvery,-,-,-,Cauvery,10.93805556,78.44027778,01-02-2012 09:00,374.0,Clear,odour free,24.5,0.0,32.06,50.37,7.0,160.33,13.61,38.0,7.3,15.88,131.41803,136.85834,0.429,1.4173836,0.5,33.02342177758437,Good
4254,MUSIRI,CWC,33,Tamil Nadu,591,Tiruchirappalli,MUSIRI,-,-,Cauvery,Cauvery,-,-,-,Cauvery,10.93805556,78.44027778,01-03-2012 09:15,410.0,Clear,odour free,28.0,0.0,20.84,66.11,7.1,165.68,21.39,50.0,8.2,22.79,135.80327,141.22499,0.331,1.838056,0.8,46.213934955171915,Good
4255,MUSIRI,CWC,33,Tamil Nadu,591,Tiruchirappalli,MUSIRI,-,-,Cauvery,Cauvery,-,-,-,Cauvery,10.93805556,78.44027778,02-04-2012 09:30,420.0,Clear,odour free,28.0,0.0,27.25,72.4,7.2,176.37,18.47,55.7,7.89,24.95,144.56557,145.08333,0.115,2.0190928,1.3,49.31624341686935,Good
4256,MUSIRI,CWC,33,Tamil Nadu,591,Tiruchirappalli,MUSIRI,-,-,Cauvery,Cauvery,-,-,-,Cauvery,10.93805556,78.44027778,01-05-2012 09:30,420.0,Clear,odour free,30.0,21.03,30.76,75.55,7.0,138.95,14.58,56.7,8.34,23.22,148.94344,137.65,0.133,2.1091,1.2,52.33056917990049,Poor
4257,MUSIRI,CWC,33,Tamil Nadu,591,Tiruchirappalli,MUSIRI,-,-,Cauvery,Cauvery,-,-,-,Cauvery,10.93805556,78.44027778,01-06-2012 09:30,602.0,Clear,odour free,28.5,31.54,38.48,84.99,7.0,176.37,20.42,64.0,8.52,26.31,197.13223,181.28333,0.185,2.0747628,1.3,56.75677809067353,Poor
4258,MUSIRI,CWC,33,Tamil Nadu,591,Tiruchirappalli,MUSIRI,-,-,Cauvery,Cauvery,-,-,-,Cauvery,10.93805556,78.44027778,02-07-2012 09:15,571.0,Clear,odour free,26.0,36.8,40.08,81.85,7.1,154.99,18.47,63.2,8.41,25.39,188.37431,177.15834,0.231,2.0721557,2.0,64.68753233841228,Poor
4259,MUSIRI,CWC,33,Tamil Nadu,591,Tiruchirappalli,MUSIRI,-,-,Cauvery,Cauvery,-,-,-,Cauvery,10.93805556,78.44027778,01-08-2012 09:45,545.0,Clear,odour free,27.0,0.0,32.06,81.85,7.2,203.09,19.44,60.5,7.98,26.67,166.46721,161.15001,0.173,2.0805838,1.2,49.28943672127109,Good
4260,MUSIRI,CWC,33,Tamil Nadu,591,Tiruchirappalli,MUSIRI,-,-,Cauvery,Cauvery,-,-,-,Cauvery,10.93805556,78.44027778,01-09-2012 09:45,437.0,Clear,odour free,29.0,14.33,36.87,68.74,7.1,150.52,11.67,50.9,8.5,21.97,147.26039,140.8,0.147,1.8710927,1.4,56.032297090745075,Poor
4261,MUSIRI,CWC,33,Tamil Nadu,591,Tiruchirappalli,MUSIRI,-,-,Cauvery,Cauvery,-,-,-,Cauvery,10.93805556,78.44027778,01-10-2012 09:45,244.0,Clear,odour free,29.0,0.0,20.84,38.67,6.4,101.97,6.81,29.7,8.08,10.59,83.58197,80.475,0.205,1.4441811,0.8,44.21493738395569,Good
4262,MUSIRI,CWC,33,Tamil Nadu,591,Tiruchirappalli,MUSIRI,-,-,Cauvery,Cauvery,-,-,-,Cauvery,10.93805556,78.44027778,01-11-2012 09:45,591.0,Light Brown,odour free,24.5,0.0,43.29,81.63,7.2,223.36,23.33,61.5,8.15,34.65,183.08197,205.43333,0.964,1.8729063,1.0,50.15329852997282,Poor
4263,MUSIRI,CWC,33,Tamil Nadu,591,Tiruchirappalli,MUSIRI,-,-,Cauvery,Cauvery,-,-,-,Cauvery,10.93805556,78.44027778,01-12-2012 09:45,495.0,Clear,odour free,25.5,0.0,35.27,64.45,6.4,208.79,21.39,46.4,7.99,23.54,171.13934,177.3,0.105,1.5212785,1.2,51.63616813351456,Poor
4264,MUSIRI,CWC,33,Tamil Nadu,591,Tiruchirappalli,MUSIRI,-,-,Cauvery,Cauvery,-,-,-,Cauvery,10.93805556,78.44027778,01-01-2013 09:45,565.0,Clear,odour free,27.0,0.0,40.08,90.23,6.2,208.79,20.42,51.0,8.18,23.18,171.13934,185.28334,0.177,1.635294,0.8,48.70184899216304,Good
4265,MUSIRI,CWC,33,Tamil Nadu,591,Tiruchirappalli,MUSIRI,-,-,Cauvery,Cauvery,-,-,-,Cauvery,10.93805556,78.44027778,01-02-2013 09:30,575.0,Clear,odour free,26.0,0.0,36.87,81.63,6.4,237.92,23.33,57.7,7.86,24.82,195.01639,189.38333,0.492,1.8305212,1.2,51.34891360977316,Poor
4266,MUSIRI,CWC,33,Tamil Nadu,591,Tiruchirappalli,MUSIRI,-,-,Cauvery,Cauvery,-,-,-,Cauvery,10.93805556,78.44027778,01-03-2013 09:30,626.0,Clear,odour free,25.5,0.0,36.87,85.93,6.4,242.78,27.22,65.3,8.21,28.49,199.0,205.59166,0.133,1.988702,1.0,52.18059078441191,Poor
4267,MUSIRI,CWC,33,Tamil Nadu,591,Tiruchirappalli,MUSIRI,-,-,Cauvery,Cauvery,-,-,-,Cauvery,10.93805556,78.44027778,01-04-2013 09:00,579.0,Clear,odour free,29.0,0.0,33.67,85.93,6.2,233.07,25.28,60.2,7.76,19.92,191.04099,189.50833,0.104,1.9096392,2.3,65.47707948956396,Poor
4268,MUSIRI,CWC,33,Tamil Nadu,591,Tiruchirappalli,MUSIRI,-,-,Cauvery,Cauvery,-,-,-,Cauvery,10.93805556,78.44027778,01-08-2013 10:00,297.0,Clear,odour free,25.5,0.0,20.84,33.89,7.0,115.28,17.5,19.3,7.73,19.05,94.491806,125.01667,0.714,0.75388706,2.1,59.14185654275359,Poor
4269,MUSIRI,CWC,33,Tamil Nadu,591,Tiruchirappalli,MUSIRI,-,-,Cauvery,Cauvery,-,-,-,Cauvery,10.93805556,78.44027778,02-09-2013 09:45,210.0,Clear,odour free,30.0,0.0,14.43,16.94,6.4,58.56,4.88,9.0,7.88,6.74,48.0,56.408333,0.157,0.522739,2.7,67.22234607732447,Poor
4270,MUSIRI,CWC,33,Tamil Nadu,591,Tiruchirappalli,MUSIRI,-,-,Cauvery,Cauvery,-,-,-,Cauvery,10.93805556,78.44027778,01-10-2013 09:30,210.0,Clear,odour free,30.0,0.0,17.36,24.66,7.0,95.31,11.48,13.4,7.97,9.08,78.12295,91.23333,0.453,0.61252457,2.4,64.0551158464082,Poor
4271,MUSIRI,CWC,33,Tamil Nadu,591,Tiruchirappalli,MUSIRI,-,-,Cauvery,Cauvery,-,-,-,Cauvery,10.93805556,78.44027778,01-11-2013 09:45,291.0,Clear,odour free,28.0,9.41,29.98,32.23,6.4,129.18,10.53,23.7,8.4,16.91,121.56857,118.825,0.0734,0.9484815,3.7,87.21516182241245,Very Poor
4272,MUSIRI,CWC,33,Tamil Nadu,591,Tiruchirappalli,MUSIRI,-,-,Cauvery,Cauvery,-,-,-,Cauvery,10.93805556,78.44027778,02-12-2013 09:30,469.0,Clear,odour free,26.0,0.0,35.97,42.88,6.4,214.7,17.93,32.7,7.99,27.57,175.9836,164.63333,0.14,1.1122953,2.7,71.39780846904956,Poor
4273,MUSIRI,CWC,33,Tamil Nadu,591,Tiruchirappalli,MUSIRI,-,-,Cauvery,Cauvery,-,-,-,Cauvery,10.93805556,78.44027778,01-01-2014 09:45,443.0,Clear,odour free,26.0,0.0,36.29,48.37,7.0,207.26,22.01,32.7,8.17,20.98,169.88524,182.43333,0.0,1.0569168,1.8,59.846492671920444,Poor
4274,MUSIRI,CWC,33,Tamil Nadu,591,Tiruchirappalli,MUSIRI,-,-,Cauvery,Cauvery,-,-,-,Cauvery,10.93805556,78.44027778,01-02-2014 09:00,515.0,Clear,odour free,24.0,0.0,34.56,54.29,7.0,208.81,30.5,37.7,8.18,36.26,171.15573,213.48334,0.162,1.1269908,3.0,77.63838313919756,Very Poor
4275,MUSIRI,CWC,33,Tamil Nadu,591,Tiruchirappalli,MUSIRI,-,-,Cauvery,Cauvery,-,-,-,Cauvery,10.93805556,78.44027778,01-03-2014 09:00,522.0,Clear,odour free,27.0,0.0,32.38,67.9,7.0,193.24,25.51,52.0,8.08,27.92,158.39345,187.24167,0.156,1.6595819,1.4,54.263102304989914,Poor
4276,MUSIRI,CWC,33,Tamil Nadu,591,Tiruchirappalli,MUSIRI,-,-,Cauvery,Cauvery,-,-,-,Cauvery,10.93805556,78.44027778,01-04-2014 09:30,522.0,Clear,odour free,28.0,23.26,29.86,68.06,6.2,156.05,25.73,52.0,8.31,23.83,166.6765,181.85834,0.43,1.6841636,3.0,80.40797875673614,Very Poor
4277,MUSIRI,CWC,33,Tamil Nadu,591,Tiruchirappalli,MUSIRI,-,-,Cauvery,Cauvery,-,-,-,Cauvery,10.93805556,78.44027778,01-05-2014 09:30,515.0,Clear,odour free,29.5,0.0,33.01,64.28,6.4,217.52,22.88,49.4,7.71,23.0,178.29509,177.85832,0.518,1.6173822,0.6,41.54474560323175,Good
4278,MUSIRI,CWC,33,Tamil Nadu,591,Tiruchirappalli,MUSIRI,-,-,Cauvery,Cauvery,-,-,-,Cauvery,10.93805556,78.44027778,02-06-2014 09:00,997.0,Clear,odour free,27.5,23.26,55.01,168.27,7.0,231.71,39.08,115.0,8.3,59.35,228.6929,300.35834,2.03,2.897444,1.9,68.7848750560351,Poor
4280,MUSIRI,CWC,33,Tamil Nadu,591,Tiruchirappalli,MUSIRI,-,-,Cauvery,Cauvery,-,-,-,Cauvery,10.93805556,78.44027778,01-08-2014 09:30,554.0,Clear,odour free,26.5,27.43,36.45,74.24,6.2,153.37,20.17,57.4,8.47,30.12,171.42978,175.16667,0.528,1.8931191,6.4,127.42865415712879,Unsuitable
4281,MUSIRI,CWC,33,Tamil Nadu,591,Tiruchirappalli,MUSIRI,-,-,Cauvery,Cauvery,-,-,-,Cauvery,10.93805556,78.44027778,01-09-2014 10:00,254.0,Clear,odour free,26.0,0.0,22.09,26.21,6.4,113.05,10.53,20.3,7.95,10.55,92.66394,99.1,0.41,0.8899481,1.7,55.94661993140668,Poor
4282,MUSIRI,CWC,33,Tamil Nadu,591,Tiruchirappalli,MUSIRI,-,-,Cauvery,Cauvery,-,-,-,Cauvery,10.93805556,78.44027778,01-10-2014 10:00,242.0,Clear,odour free,30.0,0.0,18.5,22.46,6.4,117.31,12.15,17.3,7.36,7.48,96.15574,96.875,0.587,0.76741755,0.4,33.08763266448885,Good
4283,MUSIRI,CWC,33,Tamil Nadu,591,Tiruchirappalli,MUSIRI,-,-,Cauvery,Cauvery,-,-,-,Cauvery,10.93805556,78.44027778,01-11-2014 08:30,576.0,Light Brown,odour free,26.0,0.0,40.08,74.08,7.1,187.69,20.57,55.9,7.95,37.85,153.84427,185.90834,3.75,1.7894125,1.0,51.27369714280605,Poor
4284,MUSIRI,CWC,33,Tamil Nadu,591,Tiruchirappalli,MUSIRI,-,-,Cauvery,Cauvery,-,-,-,Cauvery,10.93805556,78.44027778,01-12-2014 09:30,564.0,Clear,odour free,24.0,0.0,30.83,73.41,6.4,220.54,29.91,54.2,8.03,32.96,180.7705,201.7,2.73,1.6670938,1.36,58.60402844079355,Poor
4285,MUSIRI,CWC,33,Tamil Nadu,591,Tiruchirappalli,MUSIRI,-,-,Cauvery,Cauvery,-,-,-,Cauvery,10.93805556,78.44027778,01-01-2015 09:03,560.0,Clear,odour free,26.0,0.0,28.74,71.67,6.2,215.85,31.18,54.0,8.05,28.22,176.92624,201.76666,3.39,1.6608999,1.63,63.8486559544248,Poor
4286,MUSIRI,CWC,33,Tamil Nadu,591,Tiruchirappalli,MUSIRI,-,-,Cauvery,Cauvery,-,-,-,Cauvery,10.93805556,78.44027778,02-02-2015 09:45,448.0,Clear,odour free,20.5,0.0,22.69,50.92,6.8,197.08,24.76,39.1,8.15,16.26,161.54099,159.89166,0.347,1.3509564,2.0,63.280816162152064,Poor
4287,MUSIRI,CWC,33,Tamil Nadu,591,Tiruchirappalli,MUSIRI,-,-,Cauvery,Cauvery,-,-,-,Cauvery,10.93805556,78.44027778,02-03-2015 09:30,530.0,Clear,odour free,20.5,27.69,12.1,69.65,6.9,154.85,33.94,53.6,8.35,25.34,173.07623,171.66666,0.197,1.789025,1.4,57.84031209106299,Poor
4288,MUSIRI,CWC,33,Tamil Nadu,591,Tiruchirappalli,MUSIRI,-,-,Cauvery,Cauvery,-,-,-,Cauvery,10.93805556,78.44027778,01-04-2015 09:30,544.0,Clear,odour free,29.0,0.0,24.2,67.77,7.0,197.08,24.76,50.9,7.99,25.86,161.54099,163.66667,1.07,1.7381228,3.35,80.5156494980686,Very Poor
4289,MUSIRI,CWC,33,Tamil Nadu,591,Tiruchirappalli,MUSIRI,-,-,Cauvery,Cauvery,-,-,-,Cauvery,10.93805556,78.44027778,01-05-2015 09:45,488.0,Clear,odour free,30.5,0.0,18.15,77.22,7.1,140.77,15.59,58.3,8.02,29.32,115.38525,110.333336,1.13,2.424158,5.31,105.48100263202026,Unsuitable
4290,MUSIRI,CWC,33,Tamil Nadu,591,Tiruchirappalli,MUSIRI,-,-,Cauvery,Cauvery,-,-,-,Cauvery,10.93805556,78.44027778,01-06-2015 09:30,729.0,Clear,odour free,28.5,0.0,17.46,109.85,6.8,227.73,40.43,80.1,7.98,46.4,186.66393,212.10834,1.39,2.4048007,2.0,65.51326818378719,Poor
4291,MUSIRI,CWC,33,Tamil Nadu,591,Tiruchirappalli,MUSIRI,-,-,Cauvery,Cauvery,-,-,-,Cauvery,10.93805556,78.44027778,01-07-2015 10:00,633.0,Clear,odour free,28.0,22.86,33.33,89.5,6.2,162.67,29.84,65.1,8.31,37.3,171.43607,207.65834,1.41,1.9732193,1.44,61.37276624083965,Poor
4292,MUSIRI,CWC,33,Tamil Nadu,591,Tiruchirappalli,MUSIRI,-,-,Cauvery,Cauvery,-,-,-,Cauvery,10.93805556,78.44027778,01-08-2015 09:30,519.0,Light Brown,odour free,28.0,0.0,33.33,65.72,6.6,202.74,22.14,50.3,8.07,23.64,166.18033,175.575,1.69,1.6574283,3.5,84.95261671773413,Very Poor
4293,MUSIRI,CWC,33,Tamil Nadu,591,Tiruchirappalli,MUSIRI,-,-,Cauvery,Cauvery,-,-,-,Cauvery,10.93805556,78.44027778,01-09-2015 10:00,342.0,Light Brown,odour free,28.5,0.0,28.57,40.59,6.4,141.45,13.48,29.0,8.21,13.49,115.94262,127.59167,1.15,1.1204344,2.43,69.95435104936654,Poor
4294,MUSIRI,CWC,33,Tamil Nadu,591,Tiruchirappalli,MUSIRI,-,-,Cauvery,Cauvery,-,-,-,Cauvery,10.93805556,78.44027778,01-10-2015 09:30,388.0,Light Brown,odour free,28.0,0.0,31.59,44.24,6.4,158.78,16.28,30.8,8.06,17.91,130.14754,146.80833,1.47,1.1094962,1.36,55.02869591043128,Poor
4295,MUSIRI,CWC,33,Tamil Nadu,591,Tiruchirappalli,MUSIRI,-,-,Cauvery,Cauvery,-,-,-,Cauvery,10.93805556,78.44027778,02-11-2015 09:30,492.0,Clear,odour free,28.0,0.0,34.75,61.55,6.0,191.46,19.16,46.3,8.18,22.78,156.93443,166.70833,2.57,1.5652798,1.52,61.386884573258946,Poor
4296,MUSIRI,CWC,33,Tamil Nadu,591,Tiruchirappalli,MUSIRI,-,-,Cauvery,Cauvery,-,-,-,Cauvery,10.93805556,78.44027778,01-12-2015 09:30,780.0,Clear,odour free,27.5,0.0,31.59,115.41,6.7,247.5,35.44,94.0,8.06,58.15,202.86885,226.64166,4.09,2.7280369,1.53,63.27865987151669,Poor
4297,MUSIRI,CWC,33,Tamil Nadu,591,Tiruchirappalli,MUSIRI,-,-,Cauvery,Cauvery,-,-,-,Cauvery,10.93805556,78.44027778,01-01-2016 10:00,558.0,Light Brown,odour free,27.5,0.0,23.69,55.5,6.8,252.17,41.19,42.1,8.21,27.39,206.69672,230.84999,2.53,1.2112226,1.7,65.10665857197928,Poor
4298,MUSIRI,CWC,33,Tamil Nadu,591,Tiruchirappalli,MUSIRI,-,-,Cauvery,Cauvery,-,-,-,Cauvery,10.93805556,78.44027778,01-02-2016 10:00,624.0,Clear,odour free,22.0,27.56,26.85,69.38,6.2,196.13,33.52,60.1,8.31,32.26,206.69563,206.79167,2.56,1.8262317,3.2,86.94394913324432,Very Poor
4299,MUSIRI,CWC,33,Tamil Nadu,591,Tiruchirappalli,MUSIRI,-,-,Cauvery,Cauvery,-,-,-,Cauvery,10.93805556,78.44027778,01-03-2016 09:30,648.0,Clear,odour free,25.0,0.0,45.58,89.16,7.0,232.6,22.88,66.2,8.09,29.52,190.65575,209.28334,3.05,1.99722,1.16,54.826251211510645,Poor
4300,MUSIRI,CWC,33,Tamil Nadu,591,Tiruchirappalli,MUSIRI,-,-,Cauvery,Cauvery,-,-,-,Cauvery,10.93805556,78.44027778,01-04-2016 09:30,706.0,Clear,odour free,29.0,0.0,44.01,94.62,6.3,232.6,26.69,72.6,8.71,38.12,190.65575,221.23334,6.14,2.1308675,1.96,77.65704892082758,Very Poor
4301,MUSIRI,CWC,33,Tamil Nadu,591,Tiruchirappalli,MUSIRI,-,-,Cauvery,Cauvery,-,-,-,Cauvery,10.93805556,78.44027778,02-05-2016 09:30,696.0,Clear,odour free,30.0,0.0,22.0,96.44,6.4,228.04,38.13,73.0,8.23,37.88,186.91803,213.875,2.57,2.1819675,1.88,68.44283025716534,Poor
4302,MUSIRI,CWC,33,Tamil Nadu,591,Tiruchirappalli,MUSIRI,-,-,Cauvery,Cauvery,-,-,-,Cauvery,10.93805556,78.44027778,01-06-2016 10:00,715.0,Clear,odour free,27.0,0.0,37.72,96.44,6.6,223.48,26.69,73.6,7.8,40.65,183.18033,205.50833,0.385,2.2418048,2.09,62.78377564857647,Poor
4303,MUSIRI,CWC,33,Tamil Nadu,591,Tiruchirappalli,MUSIRI,-,-,Cauvery,Cauvery,-,-,-,Cauvery,10.93805556,78.44027778,01-07-2016 10:00,720.0,Clear,odour free,29.5,13.46,29.86,116.45,6.26,191.55,26.69,90.0,8.36,40.95,179.44153,185.85834,0.54,2.883498,2.28,71.59110063486575,Poor
4304,MUSIRI,CWC,33,Tamil Nadu,591,Tiruchirappalli,MUSIRI,-,-,Cauvery,Cauvery,-,-,-,Cauvery,10.93805556,78.44027778,01-08-2016 11:00,627.0,Light Brown,odour free,28.0,0.0,14.15,85.52,6.43,223.48,38.13,65.8,8.03,33.4,183.18033,194.25,0.51,2.0645537,3.47,85.13699188663425,Very Poor
4305,MUSIRI,CWC,33,Tamil Nadu,591,Tiruchirappalli,MUSIRI,-,-,Cauvery,Cauvery,-,-,-,Cauvery,10.93805556,78.44027778,01-09-2016 10:00,661.0,Clear,odour free,25.5,0.0,22.0,103.71,6.45,200.67,27.64,78.6,7.78,38.85,164.48361,170.16666,0.704,2.6329129,3.29,79.22056258663584,Very Poor
4306,MUSIRI,CWC,33,Tamil Nadu,591,Tiruchirappalli,MUSIRI,-,-,Cauvery,Cauvery,-,-,-,Cauvery,10.93805556,78.44027778,01-10-2016 11:00,327.0,Clear,odour free,26.0,0.0,26.92,40.17,6.68,122.61,9.6,29.5,7.58,11.39,100.5,107.3,0.573,1.2424097,3.64,78.20888407490425,Very Poor
4307,MUSIRI,CWC,33,Tamil Nadu,591,Tiruchirappalli,MUSIRI,-,-,Cauvery,Cauvery,-,-,-,Cauvery,10.93805556,78.44027778,01-11-2016 11:00,350.0,Clear,odour free,20.0,0.0,31.67,51.64,6.45,156.94,14.4,36.5,7.64,18.15,128.63934,139.175,0.461,1.3501769,2.09,59.28316389312795,Poor
4308,MUSIRI,CWC,33,Tamil Nadu,591,Tiruchirappalli,MUSIRI,-,-,Cauvery,Cauvery,-,-,-,Cauvery,10.93805556,78.44027778,01-12-2016 10:30,583.0,Clear,odour free,25.0,0.0,31.59,79.53,6.38,204.96,25.86,58.2,7.86,29.72,168.0,186.725,0.47,1.8601168,0.95,48.145078103390716,Good
4309,MUSIRI,CWC,33,Tamil Nadu,591,Tiruchirappalli,MUSIRI,-,-,Cauvery,Cauvery,-,-,-,Cauvery,10.93805556,78.44027778,02-01-2017 10:00,584.0,Clear,odour free,24.0,0.0,36.33,81.47,6.18,200.08,22.99,59.5,7.63,27.04,164.0,186.61667,0.461,1.901567,1.49,53.44542803086301,Poor
4310,MUSIRI,CWC,33,Tamil Nadu,591,Tiruchirappalli,MUSIRI,-,-,Cauvery,Cauvery,-,-,-,Cauvery,10.93805556,78.44027778,01-02-2017 10:30,575.0,Clear,odour free,24.0,0.0,31.59,87.29,6.35,185.44,21.07,63.5,8.18,29.87,152.0,166.76666,0.397,2.1469383,0.76,47.891841642821944,Good
4620,NALLAMARANPATTY,CWC,33,Tamil Nadu,576,Karur,ARAVAKURICHI,-,-,Cauvery,Cauvery,Amaravathi,-,-,Amaravathi,10.88083333,77.98472222,01-11-2002 09:00,305.0,Light Brown,odour free,26.3,0.0,20.84,21.13,7.3,120.68,14.58,19.6,8.19,17.87,98.91803,112.85,4.33,0.80562603,2.0,65.37022883363535,Poor
4621,NALLAMARANPATTY,CWC,33,Tamil Nadu,576,Karur,ARAVAKURICHI,-,-,Cauvery,Cauvery,Amaravathi,-,-,Amaravathi,10.88083333,77.98472222,11-12-2002 09:30,434.0,Clear,odour free,28.5,20.53,38.48,44.59,8.3,167.02,23.33,38.7,8.51,36.85,171.11832,193.40833,6.19,1.2148379,2.0,70.34723282484461,Poor
4622,NALLAMARANPATTY,CWC,33,Tamil Nadu,576,Karur,ARAVAKURICHI,-,-,Cauvery,Cauvery,Amaravathi,-,-,Amaravathi,10.88083333,77.98472222,03-07-2004 08:45,189.0,Light Brown,odour free,26.0,0.0,20.84,9.16,8.4,59.51,4.86,9.4,8.05,27.74,48.778687,72.35,2.11,0.48187587,2.8,67.73848809176643,Poor
4623,NALLAMARANPATTY,CWC,33,Tamil Nadu,576,Karur,ARAVAKURICHI,-,-,Cauvery,Cauvery,Amaravathi,-,-,Amaravathi,10.88083333,77.98472222,01-11-2004 10:15,408.0,Clear,odour free,28.0,3.87,38.48,40.96,8.4,118.06,13.61,26.0,8.76,29.93,103.22049,152.90833,1.46,0.91726744,1.4,56.90805082621965,Poor
4624,NALLAMARANPATTY,CWC,33,Tamil Nadu,576,Karur,ARAVAKURICHI,-,-,Cauvery,Cauvery,Amaravathi,-,-,Amaravathi,10.88083333,77.98472222,01-12-2004 09:00,472.0,Clear,odour free,25.0,3.82,38.48,40.92,8.8,143.87,15.56,34.9,8.34,41.97,124.29289,161.03334,0.977,1.1999955,0.4,38.2086530431828,Good
4625,NALLAMARANPATTY,CWC,33,Tamil Nadu,576,Karur,ARAVAKURICHI,-,-,Cauvery,Cauvery,Amaravathi,-,-,Amaravathi,10.88083333,77.98472222,01-01-2005 08:30,463.0,Clear,odour free,25.0,7.27,32.06,50.45,8.4,144.18,21.39,36.6,8.36,31.01,130.29698,169.275,0.724,1.2282459,0.4,39.787311963295025,Good
4626,NALLAMARANPATTY,CWC,33,Tamil Nadu,576,Karur,ARAVAKURICHI,-,-,Cauvery,Cauvery,Amaravathi,-,-,Amaravathi,10.88083333,77.98472222,01-02-2005 08:30,478.0,Clear,odour free,27.0,0.0,33.67,38.82,8.7,162.67,18.47,44.0,8.23,46.77,133.33606,161.13333,0.486,1.5130271,3.4,77.7072742514744,Very Poor
4627,NALLAMARANPATTY,CWC,33,Tamil Nadu,576,Karur,ARAVAKURICHI,-,-,Cauvery,Cauvery,Amaravathi,-,-,Amaravathi,10.88083333,77.98472222,01-09-2005 08:30,239.0,Clear,odour free,28.0,0.0,20.84,23.3,7.0,113.67,11.67,20.8,7.82,16.01,93.17213,100.725,0.371,0.9046766,2.0,57.337914041561355,Poor
4628,NALLAMARANPATTY,CWC,33,Tamil Nadu,576,Karur,ARAVAKURICHI,-,-,Cauvery,Cauvery,Amaravathi,-,-,Amaravathi,10.88083333,77.98472222,04-10-2005 08:30,468.0,Clear,odour free,29.0,17.86,29.15,37.73,8.3,136.19,10.61,42.3,8.52,14.51,141.39781,117.08333,1.39,1.7054801,2.0,62.294105306643125,Poor
4629,NALLAMARANPATTY,CWC,33,Tamil Nadu,576,Karur,ARAVAKURICHI,-,-,Cauvery,Cauvery,Amaravathi,-,-,Amaravathi,10.88083333,77.98472222,03-11-2005 09:00,687.0,Clear,odour free,27.0,20.0,32.06,61.52,8.6,195.2,24.31,75.6,8.47,37.24,193.33333,181.44167,1.21,2.4509132,2.6,71.44155367049774,Poor
4630,NALLAMARANPATTY,CWC,33,Tamil Nadu,576,Karur,ARAVAKURICHI,-,-,Cauvery,Cauvery,Amaravathi,-,-,Amaravathi,10.88083333,77.98472222,01-12-2005 09:30,343.0,Light Brown,odour free,26.0,0.0,20.41,28.56,8.3,97.6,12.37,26.4,7.91,39.26,80.0,102.566666,2.65,1.1380086,1.9,56.47742530835202,Poor
4631,NALLAMARANPATTY,CWC,33,Tamil Nadu,576,Karur,ARAVAKURICHI,-,-,Cauvery,Cauvery,Amaravathi,-,-,Amaravathi,10.88083333,77.98472222,02-01-2006 09:00,634.0,Clear,odour free,24.0,23.76,33.67,71.82,7.9,193.27,34.03,59.8,8.5,35.76,198.01804,225.96666,2.58,1.7378614,2.4,73.92719398278412,Poor
4632,NALLAMARANPATTY,CWC,33,Tamil Nadu,576,Karur,ARAVAKURICHI,-,-,Cauvery,Cauvery,Amaravathi,-,-,Amaravathi,10.88083333,77.98472222,01-02-2006 09:00,566.0,Clear,odour free,25.0,28.52,33.67,46.14,8.0,154.61,17.5,42.0,8.5,26.3,174.26285,157.09166,1.85,1.4626086,1.5,57.97362870646351,Poor
4636,NALLAMARANPATTY,CWC,33,Tamil Nadu,576,Karur,ARAVAKURICHI,-,-,Cauvery,Cauvery,Amaravathi,-,-,Amaravathi,10.88083333,77.98472222,01-12-2006 10:00,628.0,Clear,odour free,26.0,15.4,43.29,73.37,8.4,219.21,25.28,62.5,8.66,48.22,205.347,213.55833,,1.8670022,2.2,67.40562945876455,Poor
4637,NALLAMARANPATTY,CWC,33,Tamil Nadu,576,Karur,ARAVAKURICHI,-,-,Cauvery,Cauvery,Amaravathi,-,-,Amaravathi,10.88083333,77.98472222,01-11-2007 09:00,266.0,Light Brown,odour free,24.5,0.0,24.05,20.4,8.1,117.71,9.72,19.9,8.02,10.41,96.483604,100.625,2.92,0.8655893,3.0,72.86217222272562,Poor
4638,NALLAMARANPATTY,CWC,33,Tamil Nadu,576,Karur,ARAVAKURICHI,-,-,Cauvery,Cauvery,Amaravathi,-,-,Amaravathi,10.88083333,77.98472222,01-01-2008 08:30,1020.0,Clear,odour free,24.0,4.87,48.1,225.89,7.4,163.49,31.6,104.6,8.39,31.56,142.12486,251.91667,2.68,2.8773646,1.7,65.14464175071933,Poor
4639,NALLAMARANPATTY,CWC,33,Tamil Nadu,576,Karur,ARAVAKURICHI,-,-,Cauvery,Cauvery,Amaravathi,-,-,Amaravathi,10.88083333,77.98472222,01-02-2008 08:30,504.0,Clear,odour free,25.5,19.39,33.67,42.5,8.7,167.6,17.5,41.6,8.52,22.45,169.69373,157.09166,1.44,1.448679,0.7,45.04548886987934,Good
4640,NALLAMARANPATTY,CWC,33,Tamil Nadu,576,Karur,ARAVAKURICHI,-,-,Cauvery,Cauvery,Amaravathi,-,-,Amaravathi,10.88083333,77.98472222,01-04-2008 08:30,866.0,Dark Green,odour free,25.5,20.87,35.27,148.47,8.5,169.74,29.17,93.0,8.62,36.68,173.91449,209.71667,1.36,2.8047283,0.8,49.9694404017041,Good
4641,NALLAMARANPATTY,CWC,33,Tamil Nadu,576,Karur,ARAVAKURICHI,-,-,Cauvery,Cauvery,Amaravathi,-,-,Amaravathi,10.88083333,77.98472222,02-06-2008 08:00,385.0,Clear,odour free,26.0,15.82,19.24,21.15,4.6,96.53,8.75,27.2,8.7,13.28,105.48962,84.558334,0.756,1.2908306,1.8,69.15147171542912,Poor
4642,NALLAMARANPATTY,CWC,33,Tamil Nadu,576,Karur,ARAVAKURICHI,-,-,Cauvery,Cauvery,Amaravathi,-,-,Amaravathi,10.88083333,77.98472222,01-12-2008 08:00,493.0,Clear,odour free,24.0,0.0,27.25,65.98,7.3,179.38,17.49,40.4,8.01,10.41,147.03279,141.0,0.369,1.4854224,1.2,48.92852680285978,Good
4643,NALLAMARANPATTY,CWC,33,Tamil Nadu,576,Karur,ARAVAKURICHI,-,-,Cauvery,Cauvery,Amaravathi,-,-,Amaravathi,10.88083333,77.98472222,01-01-2009 08:00,925.0,Clear,odour free,18.0,48.0,49.6,148.0,6.3,173.0,35.0,122.0,8.45,82.0,221.80328,269.83334,,3.242987,1.0,56.624369363902254,Poor
4644,NALLAMARANPATTY,CWC,33,Tamil Nadu,576,Karur,ARAVAKURICHI,-,-,Cauvery,Cauvery,Amaravathi,-,-,Amaravathi,10.88083333,77.98472222,02-02-2009 08:00,450.0,Clear,odour free,23.0,28.8,33.6,49.5,8.7,149.0,22.4,54.2,8.45,42.0,170.13115,177.33333,0.412,1.7770691,1.0,48.01319617530641,Good
4646,NALLAMARANPATTY,CWC,33,Tamil Nadu,576,Karur,ARAVAKURICHI,-,-,Cauvery,Cauvery,Amaravathi,-,-,Amaravathi,10.88083333,77.98472222,01-12-2009 09:00,529.0,Clear,odour free,24.0,30.4,40.0,60.5,,154.0,18.5,47.7,8.6,50.0,176.89618,177.08333,0.421,1.5642916,0.1,22.0077893761823,Excellent
4647,NALLAMARANPATTY,CWC,33,Tamil Nadu,576,Karur,ARAVAKURICHI,-,-,Cauvery,Cauvery,Amaravathi,-,-,Amaravathi,10.88083333,77.98472222,01-01-2010 08:30,575.0,Clear,odour free,24.5,28.8,43.2,62.4,,230.0,25.3,62.0,8.45,63.0,236.52458,213.41667,1.71,1.8526881,2.4,54.591178629762986,Poor
4648,NALLAMARANPATTY,CWC,33,Tamil Nadu,576,Karur,ARAVAKURICHI,-,-,Cauvery,Cauvery,Amaravathi,-,-,Amaravathi,10.88083333,77.98472222,01-02-2010 09:00,369.0,Clear,odour free,20.0,19.2,30.4,36.0,,158.4,20.4,35.7,8.4,39.3,161.83606,161.0,0.519,1.2284551,1.4,37.61417086294053,Good
4649,NALLAMARANPATTY,CWC,33,Tamil Nadu,576,Karur,ARAVAKURICHI,-,-,Cauvery,Cauvery,Amaravathi,-,-,Amaravathi,10.88083333,77.98472222,01-11-2010 09:00,385.0,Clear,odour free,26.0,14.4,32.06,52.86,7.9,156.16,15.56,40.4,8.3,25.55,152.0,144.98334,5.05,1.4643273,1.6,61.15677373384521,Poor
4650,NALLAMARANPATTY,CWC,33,Tamil Nadu,576,Karur,ARAVAKURICHI,-,-,Cauvery,Cauvery,Amaravathi,-,-,Amaravathi,10.88083333,77.98472222,01-12-2010 09:00,237.0,Light Brown,odour free,24.0,0.0,32.06,185.02,8.1,73.2,6.81,97.0,8.1,24.76,59.999996,108.525,4.98,4.059669,1.7,58.85455280787511,Poor
4651,NALLAMARANPATTY,CWC,33,Tamil Nadu,576,Karur,ARAVAKURICHI,-,-,Cauvery,Cauvery,Amaravathi,-,-,Amaravathi,10.88083333,77.98472222,01-01-2011 09:00,823.0,Clear,odour free,25.0,38.4,57.72,155.29,8.1,214.72,33.05,100.0,8.4,56.16,240.0,282.00833,3.19,2.5994453,0.8,52.63169582260321,Poor
4652,NALLAMARANPATTY,CWC,33,Tamil Nadu,576,Karur,ARAVAKURICHI,-,-,Cauvery,Cauvery,Amaravathi,-,-,Amaravathi,10.88083333,77.98472222,01-02-2011 09:00,539.0,Clear,odour free,22.0,24.0,30.46,95.81,8.3,200.08,26.25,66.9,8.42,27.99,204.0,185.525,0.624,2.1452234,1.0,49.6694042435659,Good
4653,NALLAMARANPATTY,CWC,33,Tamil Nadu,576,Karur,ARAVAKURICHI,-,-,Cauvery,Cauvery,Amaravathi,-,-,Amaravathi,10.88083333,77.98472222,01-11-2011 09:30,245.0,Clear,odour free,26.0,0.0,24.05,44.07,6.7,80.17,6.81,30.0,8.08,20.91,65.71311,88.5,1.15,1.39082,1.8,58.19841134988953,Poor
4654,NALLAMARANPATTY,CWC,33,Tamil Nadu,576,Karur,ARAVAKURICHI,-,-,Cauvery,Cauvery,Amaravathi,-,-,Amaravathi,10.88083333,77.98472222,01-12-2011 09:30,412.0,Brown,odour free,26.0,0.0,36.87,78.7,8.4,144.3,12.64,50.0,7.93,13.18,118.278694,144.84166,2.25,1.8123605,1.1,45.84977542566805,Good
4655,NALLAMARANPATTY,CWC,33,Tamil Nadu,576,Karur,ARAVAKURICHI,-,-,Cauvery,Cauvery,Amaravathi,-,-,Amaravathi,10.88083333,77.98472222,03-01-2012 09:30,1020.0,Clear,odour free,23.0,0.0,49.7,223.51,8.5,240.5,45.69,120.0,8.15,29.33,197.13115,314.625,2.95,2.9550748,1.8,64.07995692351408,Poor
4656,NALLAMARANPATTY,CWC,33,Tamil Nadu,576,Karur,ARAVAKURICHI,-,-,Cauvery,Cauvery,Amaravathi,-,-,Amaravathi,10.88083333,77.98472222,01-02-2012 09:30,396.0,Clear,odour free,25.5,0.0,35.27,62.96,8.7,160.33,9.72,44.6,7.28,24.72,131.41803,128.675,0.85,1.7147287,1.9,47.54602263639182,Good
4657,NALLAMARANPATTY,CWC,33,Tamil Nadu,576,Karur,ARAVAKURICHI,-,-,Cauvery,Cauvery,Amaravathi,-,-,Amaravathi,10.88083333,77.98472222,14-10-2013 09:00,214.0,Clear,odour free,27.5,0.0,26.83,20.15,8.8,105.25,6.7,14.0,7.95,14.29,86.27049,94.99167,0.009,0.62638944,4.3,84.04109416440143,Very Poor
4658,NALLAMARANPATTY,CWC,33,Tamil Nadu,576,Karur,ARAVAKURICHI,-,-,Cauvery,Cauvery,Amaravathi,-,-,Amaravathi,10.88083333,77.98472222,01-10-2014 09:00,146.0,Clear,odour free,27.5,0.0,13.87,14.98,8.8,65.69,6.54,8.5,7.68,6.34,53.844265,61.925,0.411,0.4713952,1.4,42.2143588778872,Good
4659,NALLAMARANPATTY,CWC,33,Tamil Nadu,576,Karur,ARAVAKURICHI,-,-,Cauvery,Cauvery,Amaravathi,-,-,Amaravathi,10.88083333,77.98472222,01-11-2014 10:00,253.0,Brown,odour free,26.5,0.0,18.5,26.21,8.9,89.15,10.28,18.7,7.16,16.22,73.07377,89.083336,2.38,0.8648436,1.72,44.55476815811437,Good
4660,NALLAMARANPATTY,CWC,33,Tamil Nadu,576,Karur,ARAVAKURICHI,-,-,Cauvery,Cauvery,Amaravathi,-,-,Amaravathi,10.88083333,77.98472222,01-12-2014 10:00,562.0,Clear,odour free,26.5,0.0,33.91,69.65,7.6,206.46,29.91,47.7,8.05,40.41,169.2295,209.4,1.88,1.4397621,3.5,83.6869901501423,Very Poor
4661,NALLAMARANPATTY,CWC,33,Tamil Nadu,576,Karur,ARAVAKURICHI,-,-,Cauvery,Cauvery,Amaravathi,-,-,Amaravathi,10.88083333,77.98472222,02-02-2015 09:30,369.0,Clear,odour free,26.5,0.0,21.17,35.83,8.8,164.23,23.85,26.8,8.18,19.19,134.61475,152.3,0.06,0.9488101,2.6,65.93526039133165,Poor
4662,NALLAMARANPATTY,CWC,33,Tamil Nadu,576,Karur,ARAVAKURICHI,-,-,Cauvery,Cauvery,Amaravathi,-,-,Amaravathi,10.88083333,77.98472222,01-10-2015 10:00,234.0,Clear,odour free,29.0,0.0,25.27,19.23,8.9,102.74,7.66,13.8,7.89,9.76,84.21311,95.09167,1.25,0.6172543,3.7,76.69237034312557,Very Poor
4663,NALLAMARANPATTY,CWC,33,Tamil Nadu,576,Karur,ARAVAKURICHI,-,-,Cauvery,Cauvery,Amaravathi,-,-,Amaravathi,10.88083333,77.98472222,21-12-2015 10:00,646.0,Clear,odour free,25.0,32.15,50.54,121.18,8.9,107.41,21.07,64.3,8.3,30.94,141.62433,214.14166,3.61,1.917298,5.72,114.10042805391292,Unsuitable
5068,NELLITHURAI,CWC,33,Tamil Nadu,569,Coimbatore,Mettupalayam,-,-,Cauvery,Cauvery,Bhavani,-,-,Bhavani,11.28777778,76.89111111,01-06-2001 08:30,60.0,Clear,odour free,24.3,0.0,3.21,7.17,8.6,16.53,3.89,2.7,7.8,5.04,13.549181,24.233334,0.477,0.23965684,0.6,32.26920515989874,Good
5069,NELLITHURAI,CWC,33,Tamil Nadu,569,Coimbatore,Mettupalayam,-,-,Cauvery,Cauvery,Bhavani,-,-,Bhavani,11.28777778,76.89111111,03-07-2001 08:30,113.0,Clear,odour free,22.8,8.04,6.41,6.89,8.1,32.68,7.78,3.0,8.66,3.5,40.186886,48.441666,0.562,0.18834113,0.3,38.53623557902936,Good
5070,NELLITHURAI,CWC,33,Tamil Nadu,569,Coimbatore,Mettupalayam,-,-,Cauvery,Cauvery,Bhavani,-,-,Bhavani,11.28777778,76.89111111,01-08-2001 08:30,65.0,Clear,odour free,21.2,0.0,6.41,6.83,8.2,44.34,5.83,3.6,8.23,3.0,36.34426,40.316666,0.514,0.24764985,0.6,37.8745488434912,Good
5071,NELLITHURAI,CWC,33,Tamil Nadu,569,Coimbatore,Mettupalayam,-,-,Cauvery,Cauvery,Bhavani,-,-,Bhavani,11.28777778,76.89111111,03-09-2001 08:30,84.0,Clear,odour free,21.6,0.0,8.02,6.29,8.0,40.02,4.86,2.0,7.87,2.0,32.80328,40.300003,0.23,0.1375378,0.7,35.83843926548318,Good
5072,NELLITHURAI,CWC,33,Tamil Nadu,569,Coimbatore,Mettupalayam,-,-,Cauvery,Cauvery,Bhavani,-,-,Bhavani,11.28777778,76.89111111,01-10-2001 08:30,96.0,Light Brown,odour free,21.8,0.0,8.02,7.8,7.0,39.67,3.89,6.4,7.2,3.63,32.51639,36.258335,0.759,0.46386492,0.9,35.20495689917259,Good
5073,NELLITHURAI,CWC,33,Tamil Nadu,569,Coimbatore,Mettupalayam,-,-,Cauvery,Cauvery,Bhavani,-,-,Bhavani,11.28777778,76.89111111,01-11-2001 08:30,200.0,Light Brown,odour free,23.2,0.0,17.64,17.03,8.4,74.27,7.78,11.0,7.68,8.12,60.877045,76.51666,1.58,0.54875153,1.0,39.57926968511055,Good
5074,NELLITHURAI,CWC,33,Tamil Nadu,569,Coimbatore,Mettupalayam,-,-,Cauvery,Cauvery,Bhavani,-,-,Bhavani,11.28777778,76.89111111,01-12-2001 08:30,120.0,Clear,odour free,23.0,0.0,12.83,33.26,8.3,81.26,8.75,28.5,7.58,5.39,66.60656,68.53333,2.06,1.5031674,1.0,39.55493491125789,Good
5075,NELLITHURAI,CWC,33,Tamil Nadu,569,Coimbatore,Mettupalayam,-,-,Cauvery,Cauvery,Bhavani,-,-,Bhavani,11.28777778,76.89111111,01-01-2002 08:30,208.0,Clear,odour free,21.6,0.0,17.64,26.6,8.7,81.26,7.78,13.9,8.02,4.695,66.60656,76.51666,1.42,0.6934223,0.6,36.497600419269716,Good
5076,NELLITHURAI,CWC,33,Tamil Nadu,569,Coimbatore,Mettupalayam,-,-,Cauvery,Cauvery,Bhavani,-,-,Bhavani,11.28777778,76.89111111,01-02-2002 08:30,139.0,Clear,odour free,21.9,0.0,12.83,20.13,7.9,48.75,5.83,6.3,7.98,4.0,39.959015,56.366665,1.1,0.36619082,0.8,39.90485913014451,Good
5077,NELLITHURAI,CWC,33,Tamil Nadu,569,Coimbatore,Mettupalayam,-,-,Cauvery,Cauvery,Bhavani,-,-,Bhavani,11.28777778,76.89111111,01-03-2002 08:30,103.0,Clear,odour free,21.4,0.0,11.22,8.95,8.0,40.99,2.92,4.0,7.28,4.5,33.598362,40.216667,0.815,0.27506554,0.4,26.697984791775962,Good
5078,NELLITHURAI,CWC,33,Tamil Nadu,569,Coimbatore,Mettupalayam,-,-,Cauvery,Cauvery,Bhavani,-,-,Bhavani,11.28777778,76.89111111,01-04-2002 08:30,83.0,Clear,odour free,23.2,0.0,8.02,11.15,7.8,35.18,5.83,5.2,6.83,5.5,28.836065,44.341667,1.49,0.34099472,0.7,28.119061094075384,Good
5079,NELLITHURAI,CWC,33,Tamil Nadu,569,Coimbatore,Mettupalayam,-,-,Cauvery,Cauvery,Bhavani,-,-,Bhavani,11.28777778,76.89111111,01-05-2002 08:30,83.0,Clear,odour free,24.5,0.0,8.02,5.69,7.8,49.19,4.86,3.9,7.23,2.13,40.31967,40.300003,0.845,0.26819876,0.7,31.016581715250297,Good
5080,NELLITHURAI,CWC,33,Tamil Nadu,569,Coimbatore,Mettupalayam,-,-,Cauvery,Cauvery,Bhavani,-,-,Bhavani,11.28777778,76.89111111,01-06-2002 08:30,98.0,Light Brown,odour free,23.6,0.0,12.83,9.49,8.0,44.5,3.89,4.3,7.04,4.03,36.47541,48.283333,0.811,0.2699145,1.3,36.76424401257015,Good
5081,NELLITHURAI,CWC,33,Tamil Nadu,569,Coimbatore,Mettupalayam,-,-,Cauvery,Cauvery,Bhavani,-,-,Bhavani,11.28777778,76.89111111,01-07-2002 08:30,102.0,Clear,odour free,23.3,0.0,6.41,5.93,8.01,38.26,4.86,3.8,7.33,3.22,31.360655,36.275,1.22,0.27552086,0.2,25.068583401191443,Good
5082,NELLITHURAI,CWC,33,Tamil Nadu,569,Coimbatore,Mettupalayam,-,-,Cauvery,Cauvery,Bhavani,-,-,Bhavani,11.28777778,76.89111111,01-08-2002 08:30,76.0,Clear,odour free,23.9,0.0,6.41,3.82,8.1,27.33,3.89,2.8,7.6,4.8,22.40164,32.233334,0.797,0.2153034,0.6,32.1318614268285,Good
5083,NELLITHURAI,CWC,33,Tamil Nadu,569,Coimbatore,Mettupalayam,-,-,Cauvery,Cauvery,Bhavani,-,-,Bhavani,11.28777778,76.89111111,02-09-2002 08:30,75.0,Clear,odour free,23.4,0.0,6.41,11.1,8.0,23.69,1.94,7.5,7.64,4.88,19.418034,24.108334,0.585,0.6662437,0.4,29.537902504967644,Good
5084,NELLITHURAI,CWC,33,Tamil Nadu,569,Coimbatore,Mettupalayam,-,-,Cauvery,Cauvery,Bhavani,-,-,Bhavani,11.28777778,76.89111111,01-10-2002 08:30,73.0,Clear,odour free,23.2,0.0,6.41,7.54,7.2,23.69,3.89,2.9,7.8,3.88,19.418034,32.233334,1.47,0.22299284,0.6,37.13352560335098,Good
5085,NELLITHURAI,CWC,33,Tamil Nadu,569,Coimbatore,Mettupalayam,-,-,Cauvery,Cauvery,Bhavani,-,-,Bhavani,11.28777778,76.89111111,01-11-2002 08:30,95.0,Clear,odour free,23.2,0.0,8.02,9.6,8.0,62.96,9.72,6.0,7.66,8.72,51.606556,60.550003,2.0,0.33692005,0.7,36.80298507175275,Good
5086,NELLITHURAI,CWC,33,Tamil Nadu,569,Coimbatore,Mettupalayam,-,-,Cauvery,Cauvery,Bhavani,-,-,Bhavani,11.28777778,76.89111111,02-12-2002 08:30,130.0,Clear,odour free,24.7,0.0,9.62,13.01,8.2,46.97,11.67,6.7,7.24,8.88,38.5,72.675,3.66,0.34341198,0.4,30.561694529225687,Good
5087,NELLITHURAI,CWC,33,Tamil Nadu,569,Coimbatore,Mettupalayam,-,-,Cauvery,Cauvery,Bhavani,-,-,Bhavani,11.28777778,76.89111111,01-01-2003 08:30,135.0,Clear,odour free,20.6,0.0,11.22,7.79,8.1,51.1,6.81,6.0,7.78,4.8,41.885246,56.425,3.78,0.34870732,0.7,39.47941454126727,Good
5088,NELLITHURAI,CWC,33,Tamil Nadu,569,Coimbatore,Mettupalayam,-,-,Cauvery,Cauvery,Bhavani,-,-,Bhavani,11.28777778,76.89111111,01-02-2003 08:30,93.0,Clear,odour free,23.1,0.0,8.02,7.4,8.0,30.98,3.89,3.5,7.85,3.48,25.393442,36.258335,2.54,0.25367612,1.1,43.707456838686475,Good
5089,NELLITHURAI,CWC,33,Tamil Nadu,569,Coimbatore,Mettupalayam,-,-,Cauvery,Cauvery,Bhavani,-,-,Bhavani,11.28777778,76.89111111,01-03-2003 08:30,73.0,Clear,odour free,25.6,0.0,6.42,9.51,8.0,15.57,2.92,3.0,7.57,4.55,12.762295,28.216667,1.98,0.24646032,0.7,34.727289299799715,Good
5090,NELLITHURAI,CWC,33,Tamil Nadu,569,Coimbatore,Mettupalayam,-,-,Cauvery,Cauvery,Bhavani,-,-,Bhavani,11.28777778,76.89111111,01-04-2003 08:30,91.0,Clear,odour free,24.9,0.0,9.62,11.31,8.0,36.73,5.83,5.6,7.45,6.23,30.106558,48.341667,3.6,0.35161865,1.2,42.90258086590126,Good
5091,NELLITHURAI,CWC,33,Tamil Nadu,569,Coimbatore,Mettupalayam,-,-,Cauvery,Cauvery,Bhavani,-,-,Bhavani,11.28777778,76.89111111,01-05-2003 08:30,86.0,Clear,odour free,24.4,0.0,17.64,16.64,7.8,40.66,3.89,5.0,7.66,4.4,33.32787,60.30833,4.47,0.28072566,0.8,41.02556486956937,Good
5092,NELLITHURAI,CWC,33,Tamil Nadu,569,Coimbatore,Mettupalayam,-,-,Cauvery,Cauvery,Bhavani,-,-,Bhavani,11.28777778,76.89111111,02-06-2003 08:30,80.0,Clear,odour free,26.8,0.0,6.41,15.98,7.9,32.0,5.83,9.0,7.96,6.93,26.229507,40.316666,2.7,0.61912465,1.2,46.841156311479644,Good
5093,NELLITHURAI,CWC,33,Tamil Nadu,569,Coimbatore,Mettupalayam,-,-,Cauvery,Cauvery,Bhavani,-,-,Bhavani,11.28777778,76.89111111,01-07-2003 08:45,112.0,Clear,odour free,25.6,0.0,8.02,9.16,8.1,37.13,4.86,3.9,8.16,4.13,30.434427,40.300003,1.79,0.26819876,0.6,38.90910997563865,Good
5094,NELLITHURAI,CWC,33,Tamil Nadu,569,Coimbatore,Mettupalayam,-,-,Cauvery,Cauvery,Bhavani,-,-,Bhavani,11.28777778,76.89111111,01-08-2003 08:45,120.0,Clear,odour free,25.0,0.0,4.81,5.63,7.9,15.91,2.92,3.0,7.66,4.16,13.040983,24.191668,1.63,0.26627725,0.6,34.00982889827444,Good
5095,NELLITHURAI,CWC,33,Tamil Nadu,569,Coimbatore,Mettupalayam,-,-,Cauvery,Cauvery,Bhavani,-,-,Bhavani,11.28777778,76.89111111,01-09-2003 08:30,122.0,Clear,odour free,24.6,0.0,4.81,7.47,8.1,20.68,2.92,3.4,7.65,1.23,16.950819,24.191668,1.79,0.30178088,0.3,29.556602860393124,Good
5096,NELLITHURAI,CWC,33,Tamil Nadu,569,Coimbatore,Mettupalayam,-,-,Cauvery,Cauvery,Bhavani,-,-,Bhavani,11.28777778,76.89111111,01-10-2003 08:35,127.0,Clear,odour free,24.6,0.0,6.41,9.29,8.0,28.47,3.89,4.6,7.58,3.53,23.336065,32.233334,1.99,0.35371274,0.7,35.01429103372836,Good
5097,NELLITHURAI,CWC,33,Tamil Nadu,569,Coimbatore,Mettupalayam,-,-,Cauvery,Cauvery,Bhavani,-,-,Bhavani,11.28777778,76.89111111,01-11-2003 08:40,115.0,Clear,odour free,24.8,4.17,11.22,19.58,7.9,42.43,8.75,8.0,8.41,6.8,41.728687,64.50833,0.838,0.43498355,0.9,45.439929125554386,Good
5098,NELLITHURAI,CWC,33,Tamil Nadu,569,Coimbatore,Mettupalayam,-,-,Cauvery,Cauvery,Bhavani,-,-,Bhavani,11.28777778,76.89111111,01-12-2003 08:30,116.0,Clear,odour free,22.4,0.0,11.22,13.38,7.9,49.42,5.83,6.3,8.12,5.84,40.508194,52.341667,0.66,0.3800774,0.5,36.59732816564531,Good
5099,NELLITHURAI,CWC,33,Tamil Nadu,569,Coimbatore,Mettupalayam,-,-,Cauvery,Cauvery,Bhavani,-,-,Bhavani,11.28777778,76.89111111,01-01-2004 08:30,96.0,Clear,odour free,20.4,0.0,12.83,9.89,7.8,58.9,6.81,7.0,8.2,4.28,48.27869,60.45,1.088,0.3929773,1.0,45.095210357551615,Good
5100,NELLITHURAI,CWC,33,Tamil Nadu,569,Coimbatore,Mettupalayam,-,-,Cauvery,Cauvery,Bhavani,-,-,Bhavani,11.28777778,76.89111111,03-02-2004 08:30,90.0,Clear,odour free,22.2,0.0,11.22,11.58,7.7,53.53,5.83,7.2,8.05,8.55,43.87705,52.341667,0.522,0.43437412,0.4,34.93366571488468,Good
5101,NELLITHURAI,CWC,33,Tamil Nadu,569,Coimbatore,Mettupalayam,-,-,Cauvery,Cauvery,Bhavani,-,-,Bhavani,11.28777778,76.89111111,01-03-2004 08:45,149.0,Clear,odour free,23.8,0.0,8.02,7.76,8.0,49.63,6.81,4.5,7.96,6.21,40.68033,48.425,0.447,0.282434,1.0,41.353248539312,Good
5102,NELLITHURAI,CWC,33,Tamil Nadu,569,Coimbatore,Mettupalayam,-,-,Cauvery,Cauvery,Bhavani,-,-,Bhavani,11.28777778,76.89111111,01-04-2004 08:40,146.0,Clear,odour free,23.0,0.0,3.21,5.82,8.2,16.97,2.92,2.4,7.85,1.36,13.909836,20.191668,1.04,0.23329377,0.8,36.99421973134945,Good
5103,NELLITHURAI,CWC,33,Tamil Nadu,569,Coimbatore,Mettupalayam,-,-,Cauvery,Cauvery,Bhavani,-,-,Bhavani,11.28777778,76.89111111,01-05-2004 08:40,144.0,Clear,odour free,25.0,0.0,3.21,8.2,8.1,19.44,3.89,2.4,7.52,1.91,15.934426,24.233334,0.976,0.2130283,2.0,50.39235302271607,Poor
5104,NELLITHURAI,CWC,33,Tamil Nadu,569,Coimbatore,Mettupalayam,-,-,Cauvery,Cauvery,Bhavani,-,-,Bhavani,11.28777778,76.89111111,01-06-2004 08:40,126.0,Light Brown,odour free,23.8,7.9,9.62,11.63,8.1,16.06,5.83,6.8,8.53,12.27,26.3306,48.341667,2.58,0.42696553,0.2,38.21078450035369,Good
5105,NELLITHURAI,CWC,33,Tamil Nadu,569,Coimbatore,Mettupalayam,-,-,Cauvery,Cauvery,Bhavani,-,-,Bhavani,11.28777778,76.89111111,01-07-2004 08:40,124.0,Clear,odour free,24.0,0.0,6.41,10.99,8.0,31.74,5.83,6.6,7.53,6.44,26.016394,40.316666,2.31,0.45402473,0.5,32.537070178596984,Good
5106,NELLITHURAI,CWC,33,Tamil Nadu,569,Coimbatore,Mettupalayam,-,-,Cauvery,Cauvery,Bhavani,-,-,Bhavani,11.28777778,76.89111111,02-08-2004 08:45,64.0,Clear,odour free,22.6,0.0,6.41,7.57,7.9,19.22,1.94,3.3,7.84,,15.754098,24.108334,1.86,0.29314724,0.7,37.25672950736802,Good
5107,NELLITHURAI,CWC,33,Tamil Nadu,569,Coimbatore,Mettupalayam,-,-,Cauvery,Cauvery,Bhavani,-,-,Bhavani,11.28777778,76.89111111,01-09-2004 08:40,86.0,Light Brown,odour free,21.4,0.0,6.41,9.3,8.0,27.77,3.89,4.8,7.27,2.46,22.762295,32.233334,1.33,0.36909157,1.4,40.70675296940325,Good
5108,NELLITHURAI,CWC,33,Tamil Nadu,569,Coimbatore,Mettupalayam,-,-,Cauvery,Cauvery,Bhavani,-,-,Bhavani,11.28777778,76.89111111,01-10-2004 08:40,92.0,Light Brown,odour free,21.8,0.0,8.02,9.3,8.1,27.22,4.86,4.3,7.62,4.6,22.311476,40.300003,1.69,0.2957063,1.1,40.37018758419175,Good
5109,NELLITHURAI,CWC,33,Tamil Nadu,569,Coimbatore,Mettupalayam,-,-,Cauvery,Cauvery,Bhavani,-,-,Bhavani,11.28777778,76.89111111,01-11-2004 09:45,120.0,Light Brown,odour free,21.7,0.0,9.62,11.7,8.0,39.36,4.86,4.8,8.04,6.75,32.262295,44.3,1.46,0.31475914,1.3,47.143398293015885,Good
5110,NELLITHURAI,CWC,33,Tamil Nadu,569,Coimbatore,Mettupalayam,-,-,Cauvery,Cauvery,Bhavani,-,-,Bhavani,11.28777778,76.89111111,01-12-2004 08:45,258.0,Clear,odour free,21.0,0.0,17.64,27.9,7.9,73.88,12.64,16.6,7.69,24.56,60.557373,96.76667,2.15,0.73686385,0.2,31.633524619259386,Good
5111,NELLITHURAI,CWC,33,Tamil Nadu,569,Coimbatore,Mettupalayam,-,-,Cauvery,Cauvery,Bhavani,-,-,Bhavani,11.28777778,76.89111111,01-01-2005 08:35,202.0,Clear,odour free,20.0,0.0,11.22,29.12,7.9,59.15,10.69,12.5,8.05,7.81,48.48361,72.59167,1.47,0.6408706,0.1,32.312504535266356,Good
5112,NELLITHURAI,CWC,33,Tamil Nadu,569,Coimbatore,Mettupalayam,-,-,Cauvery,Cauvery,Bhavani,-,-,Bhavani,11.28777778,76.89111111,01-02-2005 08:30,142.0,Clear,odour free,20.0,0.0,11.22,9.71,8.3,51.76,6.81,8.4,8.02,10.69,42.426228,56.425,0.884,0.4881902,1.0,41.82460241078099,Good
5113,NELLITHURAI,CWC,33,Tamil Nadu,569,Coimbatore,Mettupalayam,-,-,Cauvery,Cauvery,Bhavani,-,-,Bhavani,11.28777778,76.89111111,01-03-2005 08:35,132.0,Clear,odour free,20.0,0.0,9.62,12.22,8.3,40.36,3.89,9.7,8.05,10.84,33.081966,40.258335,0.719,0.6670462,1.0,41.41213752946812,Good
5114,NELLITHURAI,CWC,33,Tamil Nadu,569,Coimbatore,Mettupalayam,-,-,Cauvery,Cauvery,Bhavani,-,-,Bhavani,11.28777778,76.89111111,01-04-2005 08:30,77.0,Clear,odour free,21.4,0.0,4.81,9.66,8.1,26.69,4.86,3.0,7.42,1.39,21.87705,32.275,0.322,0.23068751,0.2,24.529264645627677,Excellent
5115,NELLITHURAI,CWC,33,Tamil Nadu,569,Coimbatore,Mettupalayam,-,-,Cauvery,Cauvery,Bhavani,-,-,Bhavani,11.28777778,76.89111111,02-05-2005 08:35,160.0,Light Brown,odour free,23.6,0.0,9.62,15.61,8.3,34.7,3.89,4.7,7.65,3.86,28.442623,40.258335,0.527,0.32320794,0.7,33.26747456113788,Good
5116,NELLITHURAI,CWC,33,Tamil Nadu,569,Coimbatore,Mettupalayam,-,-,Cauvery,Cauvery,Bhavani,-,-,Bhavani,11.28777778,76.89111111,01-06-2005 08:35,89.0,Clear,odour free,23.6,0.0,8.02,11.82,8.2,26.48,2.92,3.3,7.4,1.91,21.704918,32.216667,0.602,0.25364575,1.3,39.102778444867035,Good
5117,NELLITHURAI,CWC,33,Tamil Nadu,569,Coimbatore,Mettupalayam,-,-,Cauvery,Cauvery,Bhavani,-,-,Bhavani,11.28777778,76.89111111,01-07-2005 08:30,78.0,Clear,odour free,22.0,0.0,6.41,11.82,8.2,18.07,3.89,2.2,6.74,1.82,14.811475,32.233334,0.574,0.16916697,1.1,30.142459705934954,Good
5118,NELLITHURAI,CWC,33,Tamil Nadu,569,Coimbatore,Mettupalayam,-,-,Cauvery,Cauvery,Bhavani,-,-,Bhavani,11.28777778,76.89111111,01-08-2005 10:00,55.0,Clear,odour free,20.0,0.0,4.81,7.96,6.4,18.16,2.92,2.2,6.65,2.39,14.885245,24.191668,0.304,0.19526999,0.6,26.563104282691114,Good
5119,NELLITHURAI,CWC,33,Tamil Nadu,569,Coimbatore,Mettupalayam,-,-,Cauvery,Cauvery,Bhavani,-,-,Bhavani,11.28777778,76.89111111,01-09-2005 08:30,80.0,Clear,odour free,22.0,0.0,8.02,9.71,6.6,31.36,3.89,4.2,7.68,2.16,25.704918,36.258335,0.481,0.30441132,0.8,39.07825879689462,Good
5120,NELLITHURAI,CWC,33,Tamil Nadu,569,Coimbatore,Mettupalayam,-,-,Cauvery,Cauvery,Bhavani,-,-,Bhavani,11.28777778,76.89111111,01-10-2005 09:30,54.0,Clear,odour free,21.4,0.0,4.37,9.43,8.0,13.62,2.65,2.9,7.18,2.55,11.163935,21.966667,0.828,0.27012265,0.8,30.84555887472777,Good
5121,NELLITHURAI,CWC,33,Tamil Nadu,569,Coimbatore,Mettupalayam,-,-,Cauvery,Cauvery,Bhavani,-,-,Bhavani,11.28777778,76.89111111,02-11-2005 09:00,88.0,Clear,odour free,22.2,0.0,8.02,9.05,8.0,28.47,3.89,4.3,7.57,5.37,23.336065,36.258335,0.999,0.31165925,0.9,36.46532876309473,Good
5122,NELLITHURAI,CWC,33,Tamil Nadu,569,Coimbatore,Mettupalayam,-,-,Cauvery,Cauvery,Bhavani,-,-,Bhavani,11.28777778,76.89111111,01-12-2005 09:10,350.0,Clear,odour free,21.2,0.0,20.41,46.42,7.9,93.53,15.02,25.2,7.91,21.09,76.66393,113.60834,3.08,1.0324116,2.7,69.1810838561289,Poor
5123,NELLITHURAI,CWC,33,Tamil Nadu,569,Coimbatore,Mettupalayam,-,-,Cauvery,Cauvery,Bhavani,-,-,Bhavani,11.28777778,76.89111111,02-01-2006 09:00,166.0,Clear,odour free,20.4,0.0,9.62,19.41,7.8,57.98,10.69,8.7,7.7,5.33,47.52459,68.59167,1.29,0.4589557,0.3,31.621502475479684,Good
5124,NELLITHURAI,CWC,33,Tamil Nadu,569,Coimbatore,Mettupalayam,-,-,Cauvery,Cauvery,Bhavani,-,-,Bhavani,11.28777778,76.89111111,01-02-2006 09:10,118.0,Clear,odour free,20.0,0.0,11.22,15.38,8.0,48.32,5.83,5.8,7.68,4.86,39.606556,52.341667,1.02,0.34991252,0.3,29.879452758019777,Good
5125,NELLITHURAI,CWC,33,Tamil Nadu,569,Coimbatore,Mettupalayam,-,-,Cauvery,Cauvery,Bhavani,-,-,Bhavani,11.28777778,76.89111111,01-03-2006 09:00,67.0,Clear,odour free,19.6,0.0,6.41,5.74,8.3,28.99,2.92,3.4,7.56,2.11,23.762295,28.191666,0.937,0.2794461,0.5,29.920373862070196,Good
5126,NELLITHURAI,CWC,33,Tamil Nadu,569,Coimbatore,Mettupalayam,-,-,Cauvery,Cauvery,Bhavani,-,-,Bhavani,11.28777778,76.89111111,01-04-2006 09:10,159.0,Clear,odour free,23.0,0.0,8.02,13.33,7.9,67.69,11.67,7.4,7.57,6.21,55.48361,68.675,1.25,0.39026225,1.8,50.45639020558125,Poor
5127,NELLITHURAI,CWC,33,Tamil Nadu,569,Coimbatore,Mettupalayam,-,-,Cauvery,Cauvery,Bhavani,-,-,Bhavani,11.28777778,76.89111111,01-05-2006 09:00,180.0,Clear,odour free,23.0,4.72,14.43,21.82,7.6,57.69,7.78,7.0,8.56,3.7,55.15355,68.49167,0.983,0.369195,0.5,42.38885324884354,Good
5128,NELLITHURAI,CWC,33,Tamil Nadu,569,Coimbatore,Mettupalayam,-,-,Cauvery,Cauvery,Bhavani,-,-,Bhavani,11.28777778,76.89111111,01-06-2006 09:30,60.0,Clear,odour free,20.2,0.0,4.81,7.76,8.0,19.04,2.92,2.6,7.27,3.85,15.606558,24.191668,0.678,0.2307736,0.5,27.534334767553684,Good
5129,NELLITHURAI,CWC,33,Tamil Nadu,569,Coimbatore,Mettupalayam,-,-,Cauvery,Cauvery,Bhavani,-,-,Bhavani,11.28777778,76.89111111,01-07-2006 09:30,44.0,Clear,odour free,22.0,0.0,1.6,6.69,8.0,14.5,3.89,1.9,7.31,2.52,11.885246,20.208334,0.282,0.18481284,1.6,42.32661990199819,Good
5130,NELLITHURAI,CWC,33,Tamil Nadu,569,Coimbatore,Mettupalayam,-,-,Cauvery,Cauvery,Bhavani,-,-,Bhavani,11.28777778,76.89111111,01-08-2006 08:30,62.0,Clear,odour free,21.6,0.0,3.21,7.11,7.8,20.23,3.89,2.9,7.36,2.11,16.581966,24.233334,0.688,0.2574092,1.2,38.46404617331935,Good
5131,NELLITHURAI,CWC,33,Tamil Nadu,569,Coimbatore,Mettupalayam,-,-,Cauvery,Cauvery,Bhavani,-,-,Bhavani,11.28777778,76.89111111,01-09-2006 08:30,68.0,Clear,odour free,22.6,0.0,4.81,6.53,7.5,25.68,2.92,3.1,7.77,1.57,21.049181,24.191668,0.582,0.27515313,0.5,33.46246080517669,Good
5132,NELLITHURAI,CWC,33,Tamil Nadu,569,Coimbatore,Mettupalayam,-,-,Cauvery,Cauvery,Bhavani,-,-,Bhavani,11.28777778,76.89111111,03-10-2006 10:15,58.0,Clear,odour free,22.6,0.0,4.81,7.24,7.8,17.23,1.94,3.7,7.49,1.46,14.122951,20.108334,1.05,0.36001807,1.1,38.54457467779819,Good
5133,NELLITHURAI,CWC,33,Tamil Nadu,569,Coimbatore,Mettupalayam,-,-,Cauvery,Cauvery,Bhavani,-,-,Bhavani,11.28777778,76.89111111,01-11-2006 09:15,80.0,Clear,odour free,23.5,0.0,8.02,9.17,7.8,35.4,3.89,5.6,7.52,7.05,29.016396,36.258335,1.34,0.4058818,0.8,35.584747528951475,Good
5134,NELLITHURAI,CWC,33,Tamil Nadu,569,Coimbatore,Mettupalayam,-,-,Cauvery,Cauvery,Bhavani,-,-,Bhavani,11.28777778,76.89111111,01-12-2006 09:00,602.0,Clear,odour free,22.0,0.0,38.48,58.7,7.8,213.99,26.25,51.7,8.13,43.3,175.40164,205.575,,1.574414,0.8,44.78786164337834,Good
5135,NELLITHURAI,CWC,33,Tamil Nadu,569,Coimbatore,Mettupalayam,-,-,Cauvery,Cauvery,Bhavani,-,-,Bhavani,11.28777778,76.89111111,02-01-2007 09:10,299.0,Clear,odour free,22.5,0.0,20.84,29.08,7.9,121.39,12.64,25.8,7.94,17.71,99.5,104.76667,2.9,1.1004069,0.8,43.260816445506855,Good
5136,NELLITHURAI,CWC,33,Tamil Nadu,569,Coimbatore,Mettupalayam,-,-,Cauvery,Cauvery,Bhavani,-,-,Bhavani,11.28777778,76.89111111,01-02-2007 08:30,200.0,Clear,odour free,21.0,0.0,14.43,17.58,8.3,92.72,9.72,16.8,7.82,10.72,76.0,76.575005,2.11,0.8382469,1.3,46.13154754965664,Good
5137,NELLITHURAI,CWC,33,Tamil Nadu,569,Coimbatore,Mettupalayam,-,-,Cauvery,Cauvery,Bhavani,-,-,Bhavani,11.28777778,76.89111111,01-03-2007 08:30,122.0,Clear,odour free,21.0,0.0,8.02,11.05,8.3,53.41,5.83,7.4,7.79,3.57,43.778687,44.341667,1.12,0.48526174,0.4,31.553293754311927,Good
5138,NELLITHURAI,CWC,33,Tamil Nadu,569,Coimbatore,Mettupalayam,-,-,Cauvery,Cauvery,Bhavani,-,-,Bhavani,11.28777778,76.89111111,02-04-2007 09:00,78.0,Clear,odour free,23.0,0.0,4.81,7.92,8.1,29.43,4.86,4.0,7.58,2.75,24.122952,32.275,1.04,0.30758336,0.6,32.343948269985866,Good
5139,NELLITHURAI,CWC,33,Tamil Nadu,569,Coimbatore,Mettupalayam,-,-,Cauvery,Cauvery,Bhavani,-,-,Bhavani,11.28777778,76.89111111,01-05-2007 08:30,141.0,Clear,odour free,23.7,0.0,6.41,9.8,8.4,48.8,5.83,7.5,8.23,3.69,40.0,40.316666,1.67,0.5159372,1.5,50.969401972316284,Poor
5140,NELLITHURAI,CWC,33,Tamil Nadu,569,Coimbatore,Mettupalayam,-,-,Cauvery,Cauvery,Bhavani,-,-,Bhavani,11.28777778,76.89111111,01-06-2007 08:35,77.0,Clear,odour free,23.2,0.0,6.41,7.24,7.9,29.28,2.92,4.2,7.9,4.19,24.0,28.191666,0.732,0.3451981,0.7,36.642699852520394,Good
5141,NELLITHURAI,CWC,33,Tamil Nadu,569,Coimbatore,Mettupalayam,-,-,Cauvery,Cauvery,Bhavani,-,-,Bhavani,11.28777778,76.89111111,02-07-2007 09:00,52.0,Light Brown,odour free,21.0,0.0,3.21,5.03,8.3,14.71,2.92,2.7,7.62,5.25,12.057377,20.191668,1.19,0.2624555,0.5,30.676453166678588,Good
5142,NELLITHURAI,CWC,33,Tamil Nadu,569,Coimbatore,Mettupalayam,-,-,Cauvery,Cauvery,Bhavani,-,-,Bhavani,11.28777778,76.89111111,01-08-2007 08:30,67.0,Clear,odour free,23.5,0.0,8.02,8.0,7.4,34.16,2.92,5.0,7.62,2.87,28.0,32.216667,1.81,0.38431177,0.4,32.55473596044558,Good
5143,NELLITHURAI,CWC,33,Tamil Nadu,569,Coimbatore,Mettupalayam,-,-,Cauvery,Cauvery,Bhavani,-,-,Bhavani,11.28777778,76.89111111,01-09-2007 08:30,71.0,Clear,odour free,23.0,0.0,4.81,4.06,7.4,29.13,2.92,4.6,7.73,3.02,23.877048,24.191668,1.52,0.40829176,0.3,31.785499402848657,Good
5144,NELLITHURAI,CWC,33,Tamil Nadu,569,Coimbatore,Mettupalayam,-,-,Cauvery,Cauvery,Bhavani,-,-,Bhavani,11.28777778,76.89111111,03-10-2007 09:00,66.0,Clear,odour free,23.0,0.0,4.81,4.0,7.8,24.65,2.92,4.5,7.36,3.14,20.204918,24.191668,1.41,0.39941585,0.6,31.15142348343587,Good
5145,NELLITHURAI,CWC,33,Tamil Nadu,569,Coimbatore,Mettupalayam,-,-,Cauvery,Cauvery,Bhavani,-,-,Bhavani,11.28777778,76.89111111,01-11-2007 08:30,108.0,Clear,odour free,23.0,0.0,9.62,10.2,7.9,39.24,2.92,7.9,7.44,4.27,32.163937,36.216667,2.11,0.57257164,1.1,39.473376301762926,Good
5146,NELLITHURAI,CWC,33,Tamil Nadu,569,Coimbatore,Mettupalayam,-,-,Cauvery,Cauvery,Bhavani,-,-,Bhavani,11.28777778,76.89111111,01-12-2007 09:05,142.0,Clear,odour free,22.0,0.0,6.41,12.37,7.9,63.76,9.72,9.6,7.8,3.92,52.262295,56.525,1.49,0.55807793,0.3,32.32586609071725,Good
5147,NELLITHURAI,CWC,33,Tamil Nadu,569,Coimbatore,Mettupalayam,-,-,Cauvery,Cauvery,Bhavani,-,-,Bhavani,11.28777778,76.89111111,01-01-2008 09:10,88.0,Clear,odour free,21.0,0.0,12.83,15.38,8.1,64.31,5.83,12.8,7.82,6.14,52.71311,56.366665,1.71,0.74400675,0.6,35.96454756972596,Good
5148,NELLITHURAI,CWC,33,Tamil Nadu,569,Coimbatore,Mettupalayam,-,-,Cauvery,Cauvery,Bhavani,-,-,Bhavani,11.28777778,76.89111111,01-02-2008 09:10,92.0,Clear,odour free,22.0,0.0,8.02,7.73,7.9,39.43,3.89,6.1,7.68,4.87,32.31967,36.258335,1.05,0.44212124,0.7,35.15637700027421,Good
5149,NELLITHURAI,CWC,33,Tamil Nadu,569,Coimbatore,Mettupalayam,-,-,Cauvery,Cauvery,Bhavani,-,-,Bhavani,11.28777778,76.89111111,01-03-2008 09:10,98.0,Clear,odour free,21.0,0.0,8.02,9.26,8.27,42.21,4.86,5.4,7.94,3.76,34.59836,40.300003,1.22,0.3713521,0.2,30.29764153311635,Good
5150,NELLITHURAI,CWC,33,Tamil Nadu,569,Coimbatore,Mettupalayam,-,-,Cauvery,Cauvery,Bhavani,-,-,Bhavani,11.28777778,76.89111111,01-04-2008 09:05,147.0,Clear,odour free,23.5,0.0,9.62,13.86,8.0,58.35,6.81,9.2,7.89,6.41,47.82787,52.425,1.44,0.5548219,0.3,32.52989711617945,Good
5151,NELLITHURAI,CWC,33,Tamil Nadu,569,Coimbatore,Mettupalayam,-,-,Cauvery,Cauvery,Bhavani,-,-,Bhavani,11.28777778,76.89111111,01-05-2008 09:10,90.0,Clear,odour free,25.5,0.0,4.81,7.73,8.2,32.35,4.89,4.3,7.78,3.53,26.516392,32.399998,0.639,0.33001623,0.2,28.120996059063383,Good
5152,NELLITHURAI,CWC,33,Tamil Nadu,569,Coimbatore,Mettupalayam,-,-,Cauvery,Cauvery,Bhavani,-,-,Bhavani,11.28777778,76.89111111,02-06-2008 08:00,80.0,Clear,odour free,25.0,0.0,4.81,3.7,8.1,32.18,3.89,3.6,7.81,3.84,26.377048,28.233334,1.01,0.29589182,1.0,39.76347807966522,Good
5153,NELLITHURAI,CWC,33,Tamil Nadu,569,Coimbatore,Mettupalayam,-,-,Cauvery,Cauvery,Bhavani,-,-,Bhavani,11.28777778,76.89111111,01-07-2008 08:00,90.0,Light Brown,odour free,23.0,0.0,3.21,3.85,8.2,16.27,1.94,3.6,7.25,3.87,13.336066,16.108334,0.673,0.3915798,0.7,29.331826648862606,Good
5154,NELLITHURAI,CWC,33,Tamil Nadu,569,Coimbatore,Mettupalayam,-,-,Cauvery,Cauvery,Bhavani,-,-,Bhavani,11.28777778,76.89111111,01-08-2008 08:00,54.0,Clear,odour free,21.0,0.0,3.21,57.68,8.1,0.27,1.94,29.0,7.51,3.76,0.22131148,16.108334,0.646,3.154393,0.4,28.118399012797465,Good
5155,NELLITHURAI,CWC,33,Tamil Nadu,569,Coimbatore,Mettupalayam,-,-,Cauvery,Cauvery,Bhavani,-,-,Bhavani,11.28777778,76.89111111,01-09-2008 08:00,61.0,Clear,odour free,23.0,0.0,4.81,5.8,7.91,21.33,2.92,3.6,7.9,4.76,17.483606,24.191668,1.27,0.3195327,0.7,37.20129582005978,Good
5157,NELLITHURAI,CWC,33,Tamil Nadu,569,Coimbatore,Mettupalayam,-,-,Cauvery,Cauvery,Bhavani,-,-,Bhavani,11.28777778,76.89111111,03-10-2008 08:00,62.0,,,,0.0,4.8,5.99,8.3,31.66,3.88,3.0,7.66,1.0,25.950819,28.166668,,0.246868,0.2,25.778203465254265,Good
5158,NELLITHURAI,CWC,33,Tamil Nadu,569,Coimbatore,Mettupalayam,-,-,Cauvery,Cauvery,Bhavani,-,-,Bhavani,11.28777778,76.89111111,01-11-2008 08:00,109.0,Clear,odour free,22.0,0.0,10.42,11.99,8.5,52.76,8.26,5.5,7.74,10.34,43.2459,60.466667,0.856,0.30889067,1.2,41.50182498670657,Good
5159,NELLITHURAI,CWC,33,Tamil Nadu,569,Coimbatore,Mettupalayam,-,-,Cauvery,Cauvery,Bhavani,-,-,Bhavani,11.28777778,76.89111111,01-12-2008 08:00,167.0,,,,0.0,8.01,13.99,8.1,69.14,6.8,10.4,7.85,1.0,56.67213,48.358334,0.741,0.65318584,1.2,43.17270100688318,Good
5160,NELLITHURAI,CWC,33,Tamil Nadu,569,Coimbatore,Mettupalayam,-,-,Cauvery,Cauvery,Bhavani,-,-,Bhavani,11.28777778,76.89111111,01-01-2009 08:00,86.0,Clear,odour free,21.0,0.0,14.4,11.9,8.1,67.0,2.92,16.6,7.81,11.1,54.918034,48.166664,,1.0427927,0.7,34.783140723488636,Good
5161,NELLITHURAI,CWC,33,Tamil Nadu,569,Coimbatore,Mettupalayam,-,-,Cauvery,Cauvery,Bhavani,-,-,Bhavani,11.28777778,76.89111111,02-02-2009 08:00,84.0,,,,0.0,11.2,17.9,8.1,53.0,4.86,6.0,7.94,1.0,43.442623,48.25,0.794,0.37692454,0.8,38.44678691002194,Good
5162,NELLITHURAI,CWC,33,Tamil Nadu,569,Coimbatore,Mettupalayam,-,-,Cauvery,Cauvery,Bhavani,-,-,Bhavani,11.28777778,76.89111111,02-03-2009 08:00,72.0,Clear,odour free,23.0,0.0,6.4,11.9,8.21,48.0,5.8,6.3,7.93,1.0,39.34426,40.166668,0.331,0.4341937,0.7,36.133271336735184,Good
5163,NELLITHURAI,CWC,33,Tamil Nadu,569,Coimbatore,Mettupalayam,-,-,Cauvery,Cauvery,Bhavani,-,-,Bhavani,11.28777778,76.89111111,01-04-2009 08:00,86.0,Clear,odour free,23.0,0.0,6.4,9.9,8.11,34.0,2.92,6.0,7.66,1.1,27.868853,28.166668,0.322,0.49335995,0.5,30.63378603957032,Good
5164,NELLITHURAI,CWC,33,Tamil Nadu,569,Coimbatore,Mettupalayam,-,-,Cauvery,Cauvery,Bhavani,-,-,Bhavani,11.28777778,76.89111111,01-05-2009 08:00,65.0,Clear,odour free,26.0,0.0,9.6,9.9,8.01,38.0,3.9,3.7,7.7,1.2,31.147541,40.25,0.194,0.25446817,1.8,48.91908555035609,Good
5165,NELLITHURAI,CWC,33,Tamil Nadu,569,Coimbatore,Mettupalayam,-,-,Cauvery,Cauvery,Bhavani,-,-,Bhavani,11.28777778,76.89111111,01-06-2009 09:00,86.0,Clear,odour free,27.5,0.0,8.0,8.5,8.1,53.0,4.86,4.5,8.3,1.0,43.442623,40.25,0.492,0.30965328,0.4,35.99212153097033,Good
5166,NELLITHURAI,CWC,33,Tamil Nadu,569,Coimbatore,Mettupalayam,-,-,Cauvery,Cauvery,Bhavani,-,-,Bhavani,11.28777778,76.89111111,01-07-2009 09:05,67.0,Clear,odour free,26.0,0.0,6.4,5.7,8.1,29.6,1.94,3.5,8.06,3.473,24.262295,24.083334,0.454,0.31107563,1.9,53.38623154491949,Poor
5168,NELLITHURAI,CWC,33,Tamil Nadu,569,Coimbatore,Mettupalayam,-,-,Cauvery,Cauvery,Bhavani,-,-,Bhavani,11.28777778,76.89111111,01-09-2009 09:00,66.0,Clear,odour free,24.0,0.0,6.4,6.5,8.2,24.9,0.97,3.4,7.4,1.7,20.409836,20.041668,0.687,0.33102202,0.3,25.34274762967556,Good
5169,NELLITHURAI,CWC,33,Tamil Nadu,569,Coimbatore,Mettupalayam,-,-,Cauvery,Cauvery,Bhavani,-,-,Bhavani,11.28777778,76.89111111,01-10-2009 09:05,55.0,Clear,odour free,24.0,0.0,4.8,6.5,7.7,31.8,2.9,3.6,7.98,0.9,26.065573,24.083334,0.398,0.32024848,0.8,38.799286303014775,Good
5171,NELLITHURAI,CWC,33,Tamil Nadu,569,Coimbatore,Mettupalayam,-,-,Cauvery,Cauvery,Bhavani,-,-,Bhavani,11.28777778,76.89111111,01-12-2009 09:00,119.0,Clear,odour free,22.5,0.0,11.2,11.7,8.0,58.4,3.9,7.8,7.9,1.3,47.868855,44.25,0.526,0.511526,0.2,29.753299092608938,Good
5172,NELLITHURAI,CWC,33,Tamil Nadu,569,Coimbatore,Mettupalayam,-,-,Cauvery,Cauvery,Bhavani,-,-,Bhavani,11.28777778,76.89111111,01-01-2010 09:00,139.0,Clear,odour free,,0.0,11.2,17.0,,81.6,7.8,9.9,7.95,1.0,66.88525,60.5,0.987,0.55575454,0.4,17.42314772700177,Excellent
5173,NELLITHURAI,CWC,33,Tamil Nadu,569,Coimbatore,Mettupalayam,-,-,Cauvery,Cauvery,Bhavani,-,-,Bhavani,11.28777778,76.89111111,01-02-2010 09:05,136.0,Clear,odour free,23.0,9.6,12.2,14.2,7.5,43.2,3.9,8.6,8.36,1.0,51.409836,46.75,0.818,0.5486454,0.4,38.51226490907213,Good
5174,NELLITHURAI,CWC,33,Tamil Nadu,569,Coimbatore,Mettupalayam,-,-,Cauvery,Cauvery,Bhavani,-,-,Bhavani,11.28777778,76.89111111,01-03-2010 09:00,92.0,Clear,odour free,23.0,0.0,7.0,14.2,8.0,44.0,5.8,7.4,7.85,2.0,36.065575,41.666668,0.547,0.50068283,0.4,32.13085064418507,Good
5175,NELLITHURAI,CWC,33,Tamil Nadu,569,Coimbatore,Mettupalayam,-,-,Cauvery,Cauvery,Bhavani,-,-,Bhavani,11.28777778,76.89111111,01-04-2010 09:10,55.0,Clear,odour free,25.0,0.0,6.41,5.67,8.1,29.28,1.94,3.3,6.37,0.3,24.0,24.108334,0.762,0.29314724,0.6,20.064672085419755,Excellent
5176,NELLITHURAI,CWC,33,Tamil Nadu,569,Coimbatore,Mettupalayam,-,-,Cauvery,Cauvery,Bhavani,-,-,Bhavani,11.28777778,76.89111111,01-05-2010 09:00,65.0,Clear,odour free,25.5,0.0,6.41,5.67,7.1,24.4,0.97,3.3,7.9,1.18,20.0,20.066666,0.542,0.32108542,0.6,36.77130776976331,Good
5177,NELLITHURAI,CWC,33,Tamil Nadu,569,Coimbatore,Mettupalayam,-,-,Cauvery,Cauvery,Bhavani,-,-,Bhavani,11.28777778,76.89111111,01-06-2010 09:10,344.0,Clear,odour free,24.5,0.0,6.41,11.34,7.8,34.16,3.89,6.5,7.2,1.3,28.0,32.233334,0.56,0.4998115,1.4,39.64489788302574,Good
5178,NELLITHURAI,CWC,33,Tamil Nadu,569,Coimbatore,Mettupalayam,-,-,Cauvery,Cauvery,Bhavani,-,-,Bhavani,11.28777778,76.89111111,01-07-2010 09:00,93.5,Clear,odour free,24.5,0.0,8.02,11.34,8.3,39.04,3.88,6.9,7.6,1.9,32.0,36.216667,2.11,0.50039023,0.6,33.315848054489166,Good
5179,NELLITHURAI,CWC,33,Tamil Nadu,569,Coimbatore,Mettupalayam,-,-,Cauvery,Cauvery,Bhavani,-,-,Bhavani,11.28777778,76.89111111,02-08-2010 09:20,62.0,Clear,odour free,22.0,0.0,3.21,2.84,7.9,19.52,1.94,2.1,7.39,1.9,16.0,16.108334,1.55,0.22842154,0.3,27.082951577368178,Good
5180,NELLITHURAI,CWC,33,Tamil Nadu,569,Coimbatore,Mettupalayam,-,-,Cauvery,Cauvery,Bhavani,-,-,Bhavani,11.28777778,76.89111111,01-09-2010 09:40,37.2,Clear,odour free,23.0,0.0,3.21,3.3,8.1,14.64,0.97,2.4,7.57,1.46,12.0,12.066667,1.96,0.3013507,0.4,29.986479645568064,Good
5181,NELLITHURAI,CWC,33,Tamil Nadu,569,Coimbatore,Mettupalayam,-,-,Cauvery,Cauvery,Bhavani,-,-,Bhavani,11.28777778,76.89111111,01-10-2010 09:40,58.0,Clear,odour free,23.5,0.0,4.81,6.61,8.2,24.4,2.92,4.1,6.95,2.92,20.0,24.191668,1.84,0.36391222,0.8,29.454942939656956,Good
5182,NELLITHURAI,CWC,33,Tamil Nadu,569,Coimbatore,Mettupalayam,-,-,Cauvery,Cauvery,Bhavani,-,-,Bhavani,11.28777778,76.89111111,01-11-2010 09:35,68.0,Clear,odour free,23.8,0.0,11.22,6.61,8.1,48.8,2.92,5.1,7.83,8.06,40.0,40.216667,2.61,0.35070857,1.4,47.41253360617658,Good
5183,NELLITHURAI,CWC,33,Tamil Nadu,569,Coimbatore,Mettupalayam,-,-,Cauvery,Cauvery,Bhavani,-,-,Bhavani,11.28777778,76.89111111,01-12-2010 09:40,131.0,Clear,odour free,22.5,0.0,16.03,13.22,7.1,68.32,3.89,8.7,7.7,4.84,56.0,56.283337,3.17,0.50567883,0.8,41.62987491378147,Good
5184,NELLITHURAI,CWC,33,Tamil Nadu,569,Coimbatore,Mettupalayam,-,-,Cauvery,Cauvery,Bhavani,-,-,Bhavani,11.28777778,76.89111111,01-01-2011 09:40,133.0,Clear,odour free,22.0,0.0,22.44,13.22,8.4,82.96,1.94,9.5,7.93,4.82,68.0,64.183334,1.57,0.51663226,0.8,38.522382097819,Good
5185,NELLITHURAI,CWC,33,Tamil Nadu,569,Coimbatore,Mettupalayam,-,-,Cauvery,Cauvery,Bhavani,-,-,Bhavani,11.28777778,76.89111111,01-02-2011 09:10,125.0,Clear,odour free,21.5,0.0,16.03,16.52,8.2,73.2,5.83,8.6,7.95,3.45,59.999996,64.36667,0.882,0.46765044,1.4,46.852743500286145,Good
5186,NELLITHURAI,CWC,33,Tamil Nadu,569,Coimbatore,Mettupalayam,-,-,Cauvery,Cauvery,Bhavani,-,-,Bhavani,11.28777778,76.89111111,01-03-2011 09:15,407.0,Light Brown,odour free,23.0,0.0,30.46,49.62,7.9,161.04,14.58,30.1,7.85,21.52,132.0,136.9,3.03,1.1227231,1.8,56.80957346559206,Poor
5187,NELLITHURAI,CWC,33,Tamil Nadu,569,Coimbatore,Mettupalayam,-,-,Cauvery,Cauvery,Bhavani,-,-,Bhavani,11.28777778,76.89111111,01-04-2011 09:10,68.0,Clear,odour free,23.0,0.0,12.83,29.77,7.9,63.44,8.75,15.8,7.63,4.83,52.0,68.53333,0.914,0.83333486,0.4,31.450074472832906,Good
5188,NELLITHURAI,CWC,33,Tamil Nadu,569,Coimbatore,Mettupalayam,-,-,Cauvery,Cauvery,Bhavani,-,-,Bhavani,11.28777778,76.89111111,02-05-2011 09:15,246.0,Light Brown,odour free,25.0,0.0,24.05,37.78,8.4,117.12,9.72,22.4,8.08,13.43,96.0,100.625,2.19,0.97433174,1.6,52.91788975392246,Poor
5189,NELLITHURAI,CWC,33,Tamil Nadu,569,Coimbatore,Mettupalayam,-,-,Cauvery,Cauvery,Bhavani,-,-,Bhavani,11.28777778,76.89111111,01-06-2011 09:00,73.9,Clear,odour free,26.0,0.0,8.02,9.44,7.7,32.07,2.92,5.3,7.66,2.51,26.286884,32.216667,0.286,0.40737048,0.7,34.37428080545488,Good
5190,NELLITHURAI,CWC,33,Tamil Nadu,569,Coimbatore,Mettupalayam,-,-,Cauvery,Cauvery,Bhavani,-,-,Bhavani,11.28777778,76.89111111,01-07-2011 09:05,65.6,Clear,odour free,24.0,0.0,8.02,6.3,7.9,32.07,1.94,4.5,7.95,2.43,26.286884,28.133335,0.373,0.36995235,0.6,35.23410096465815,Good
5191,NELLITHURAI,CWC,33,Tamil Nadu,569,Coimbatore,Mettupalayam,-,-,Cauvery,Cauvery,Bhavani,-,-,Bhavani,11.28777778,76.89111111,01-08-2011 09:10,60.0,Clear,odour free,23.5,0.0,8.02,6.3,8.0,26.72,0.97,3.8,8.09,2.27,21.901638,24.091667,0.334,0.33737764,0.6,36.109024863389614,Good
5192,NELLITHURAI,CWC,33,Tamil Nadu,569,Coimbatore,Mettupalayam,-,-,Cauvery,Cauvery,Bhavani,-,-,Bhavani,11.28777778,76.89111111,05-09-2011 09:40,31.5,Clear,odour free,22.5,5.26,3.21,3.15,8.1,5.34,0.97,2.2,8.31,0.63,13.143717,12.066667,0.27,0.27623814,0.6,37.69148876023336,Good
5193,NELLITHURAI,CWC,33,Tamil Nadu,569,Coimbatore,Mettupalayam,-,-,Cauvery,Cauvery,Bhavani,-,-,Bhavani,11.28777778,76.89111111,01-10-2011 09:40,62.0,Clear,odour free,22.5,0.0,4.81,6.3,7.9,16.03,0.97,3.4,7.56,0.29,13.139345,16.066668,0.327,0.36980844,0.6,31.171219140735527,Good
5194,NELLITHURAI,CWC,33,Tamil Nadu,569,Coimbatore,Mettupalayam,-,-,Cauvery,Cauvery,Bhavani,-,-,Bhavani,11.28777778,76.89111111,01-11-2011 09:35,86.5,Clear,odour free,22.5,0.0,9.62,9.44,7.9,42.76,3.89,5.8,7.28,2.97,35.04918,40.258335,0.284,0.39885238,0.5,27.758692685134402,Good
5195,NELLITHURAI,CWC,33,Tamil Nadu,569,Coimbatore,Mettupalayam,-,-,Cauvery,Cauvery,Bhavani,-,-,Bhavani,11.28777778,76.89111111,01-12-2011 09:40,62.0,Clear,odour free,22.0,0.0,8.02,12.59,7.9,48.1,5.83,7.4,7.32,4.11,39.426228,44.341667,0.375,0.48526174,0.4,27.166069172250307,Good
5196,NELLITHURAI,CWC,33,Tamil Nadu,569,Coimbatore,Mettupalayam,-,-,Cauvery,Cauvery,Bhavani,-,-,Bhavani,11.28777778,76.89111111,02-01-2012 09:40,117.0,Clear,odour free,20.5,0.0,11.22,15.74,8.2,58.79,5.83,8.8,7.92,3.94,48.188526,52.341667,0.29,0.53090173,0.7,36.21197164721335,Good
5197,NELLITHURAI,CWC,33,Tamil Nadu,569,Coimbatore,Mettupalayam,-,-,Cauvery,Cauvery,Bhavani,-,-,Bhavani,11.28777778,76.89111111,01-02-2012 09:00,137.0,Clear,odour free,21.5,0.0,14.43,18.89,8.1,64.13,4.86,12.2,7.3,6.24,52.56557,56.325,0.343,0.7091221,0.8,31.955771337251818,Good
5198,NELLITHURAI,CWC,33,Tamil Nadu,569,Coimbatore,Mettupalayam,-,-,Cauvery,Cauvery,Bhavani,-,-,Bhavani,11.28777778,76.89111111,01-03-2012 09:45,51.0,Clear,odour free,21.8,0.0,4.81,6.3,7.5,21.38,1.94,3.4,7.86,1.14,17.52459,20.108334,0.125,0.33082744,0.6,34.95901396847729,Good
5199,NELLITHURAI,CWC,33,Tamil Nadu,569,Coimbatore,Mettupalayam,-,-,Cauvery,Cauvery,Bhavani,-,-,Bhavani,11.28777778,76.89111111,02-04-2012 09:10,45.2,Clear,odour free,23.5,0.0,3.21,6.3,7.9,21.38,2.92,3.4,7.4,1.1,17.52459,20.191668,0.103,0.3304995,0.6,29.629075609113457,Good
5200,NELLITHURAI,CWC,33,Tamil Nadu,569,Coimbatore,Mettupalayam,-,-,Cauvery,Cauvery,Bhavani,-,-,Bhavani,11.28777778,76.89111111,01-05-2012 09:10,58.0,Clear,odour free,24.0,0.0,4.81,6.3,8.1,26.72,1.94,4.6,7.45,1.99,21.901638,20.108334,0.297,0.44759005,1.3,39.215868896068805,Good
5201,NELLITHURAI,CWC,33,Tamil Nadu,569,Coimbatore,Mettupalayam,-,-,Cauvery,Cauvery,Bhavani,-,-,Bhavani,11.28777778,76.89111111,01-06-2012 09:10,52.0,Clear,odour free,24.0,0.0,6.41,6.3,7.9,21.38,0.97,3.3,7.54,1.47,17.52459,20.066666,0.124,0.32108542,0.5,29.44522247460537,Good
5202,NELLITHURAI,CWC,33,Tamil Nadu,569,Coimbatore,Mettupalayam,-,-,Cauvery,Cauvery,Bhavani,-,-,Bhavani,11.28777778,76.89111111,02-07-2012 09:05,63.0,Clear,odour free,25.0,0.0,4.81,6.3,7.9,26.72,2.92,3.8,7.59,0.98,21.901638,24.191668,0.153,0.3372845,0.6,31.563950590117155,Good
5203,NELLITHURAI,CWC,33,Tamil Nadu,569,Coimbatore,Mettupalayam,-,-,Cauvery,Cauvery,Bhavani,-,-,Bhavani,11.28777778,76.89111111,01-08-2012 09:10,39.0,Clear,odour free,26.5,0.0,3.21,3.15,8.3,21.38,1.94,2.3,7.29,0.9,17.52459,16.108334,0.062,0.25017598,0.6,27.361399474064893,Good
5204,NELLITHURAI,CWC,33,Tamil Nadu,569,Coimbatore,Mettupalayam,-,-,Cauvery,Cauvery,Bhavani,-,-,Bhavani,11.28777778,76.89111111,01-09-2012 09:20,37.0,Clear,odour free,23.0,0.0,3.21,4.3,7.5,14.57,0.97,2.6,7.15,0.6,11.942623,12.066667,0.093,0.32646325,0.6,27.932400157573884,Good
5205,NELLITHURAI,CWC,33,Tamil Nadu,569,Coimbatore,Mettupalayam,-,-,Cauvery,Cauvery,Bhavani,-,-,Bhavani,11.28777778,76.89111111,01-10-2012 09:20,46.0,Clear,odour free,25.0,0.0,4.81,6.44,8.1,19.42,0.97,3.8,7.85,1.16,15.918033,16.066668,0.294,0.4133153,0.8,36.10449441343968,Good
5206,NELLITHURAI,CWC,33,Tamil Nadu,569,Coimbatore,Mettupalayam,-,-,Cauvery,Cauvery,Bhavani,-,-,Bhavani,11.28777778,76.89111111,01-11-2012 09:20,139.0,Clear,odour free,23.0,0.0,11.22,12.89,7.9,53.41,6.81,7.0,7.53,8.4,43.778687,56.425,1.02,0.40682518,1.0,38.328743083261806,Good
5207,NELLITHURAI,CWC,33,Tamil Nadu,569,Coimbatore,Mettupalayam,-,-,Cauvery,Cauvery,Bhavani,-,-,Bhavani,11.28777778,76.89111111,01-12-2012 09:10,77.0,Clear,odour free,21.5,0.0,6.41,8.59,7.7,33.69,3.89,4.8,7.3,3.56,27.614754,32.233334,0.267,0.36909157,0.5,28.315666187069798,Good
5208,NELLITHURAI,CWC,33,Tamil Nadu,569,Coimbatore,Mettupalayam,-,-,Cauvery,Cauvery,Bhavani,-,-,Bhavani,11.28777778,76.89111111,01-01-2013 09:00,69.0,Clear,odour free,24.0,0.0,8.02,8.59,8.0,43.7,4.86,4.8,7.61,1.8,35.81967,40.300003,0.26,0.33009076,0.5,30.713407942856126,Good
5209,NELLITHURAI,CWC,33,Tamil Nadu,569,Coimbatore,Mettupalayam,-,-,Cauvery,Cauvery,Bhavani,-,-,Bhavani,11.28777778,76.89111111,01-02-2013 09:12,79.0,Clear,odour free,22.5,0.0,4.81,8.59,7.9,33.99,4.86,4.5,7.05,1.8,27.860657,32.275,0.025,0.34603128,0.4,23.87019624845009,Excellent
5210,NELLITHURAI,CWC,33,Tamil Nadu,569,Coimbatore,Mettupalayam,-,-,Cauvery,Cauvery,Bhavani,-,-,Bhavani,11.28777778,76.89111111,01-03-2013 09:15,102.0,Clear,odour free,22.0,0.0,8.02,8.59,8.3,53.41,5.83,5.3,7.62,2.97,43.778687,44.341667,0.106,0.34755233,0.8,34.08947448141702,Good
5211,NELLITHURAI,CWC,33,Tamil Nadu,569,Coimbatore,Mettupalayam,-,-,Cauvery,Cauvery,Bhavani,-,-,Bhavani,11.28777778,76.89111111,01-04-2013 09:10,60.8,Clear,odour free,22.5,0.0,6.41,4.3,8.1,33.99,2.92,3.1,7.62,0.94,27.860657,28.191666,0.0723,0.25478908,0.4,28.60145527165101,Good
5212,NELLITHURAI,CWC,33,Tamil Nadu,569,Coimbatore,Mettupalayam,-,-,Cauvery,Cauvery,Bhavani,-,-,Bhavani,11.28777778,76.89111111,01-05-2013 09:05,78.0,Clear,odour free,27.0,0.0,6.41,8.59,7.7,29.13,1.94,4.5,7.71,1.3,23.877048,24.108334,0.116,0.3997462,0.6,33.086495466442535,Good
5213,NELLITHURAI,CWC,33,Tamil Nadu,569,Coimbatore,Mettupalayam,-,-,Cauvery,Cauvery,Bhavani,-,-,Bhavani,11.28777778,76.89111111,01-06-2013 09:05,84.0,Clear,odour free,25.0,0.0,9.62,8.59,7.5,33.99,1.94,4.6,7.55,4.78,27.860657,32.133335,0.171,0.35378605,0.7,33.60233347592477,Good
5214,NELLITHURAI,CWC,33,Tamil Nadu,569,Coimbatore,Mettupalayam,-,-,Cauvery,Cauvery,Bhavani,-,-,Bhavani,11.28777778,76.89111111,01-07-2013 09:50,64.0,Clear,odour free,21.5,0.0,3.21,6.44,7.9,14.57,1.94,3.35,7.51,2.56,11.942623,16.108334,0.32,0.36438674,0.8,33.488307962965166,Good
5215,NELLITHURAI,CWC,33,Tamil Nadu,569,Coimbatore,Mettupalayam,-,-,Cauvery,Cauvery,Bhavani,-,-,Bhavani,11.28777778,76.89111111,01-08-2013 09:15,43.0,Clear,odour free,20.5,0.0,4.81,4.24,7.9,19.21,1.94,2.2,7.56,2.0,15.745901,20.108334,0.288,0.2140648,1.0,36.67638972520944,Good
5216,NELLITHURAI,CWC,33,Tamil Nadu,569,Coimbatore,Mettupalayam,-,-,Cauvery,Cauvery,Bhavani,-,-,Bhavani,11.28777778,76.89111111,02-09-2013 09:20,72.0,Clear,odour free,20.5,0.0,3.21,4.24,8.1,14.64,1.95,2.2,7.26,1.57,12.0,16.15,0.149,0.23899153,0.8,30.380483507399813,Good
5217,NELLITHURAI,CWC,33,Tamil Nadu,569,Coimbatore,Mettupalayam,-,-,Cauvery,Cauvery,Bhavani,-,-,Bhavani,11.28777778,76.89111111,01-10-2013 08:50,47.0,Clear,odour free,23.5,0.0,3.16,4.11,7.8,23.83,2.87,2.7,7.52,1.36,19.532787,19.858334,0.351,0.26464853,0.8,34.02271592813598,Good
5218,NELLITHURAI,CWC,33,Tamil Nadu,569,Coimbatore,Mettupalayam,-,-,Cauvery,Cauvery,Bhavani,-,-,Bhavani,11.28777778,76.89111111,01-11-2013 09:05,58.0,Clear,odour free,23.0,0.0,7.89,6.04,8.5,26.31,0.96,3.2,7.19,1.41,21.565573,23.725,0.356,0.2862958,0.4,23.57117460038231,Excellent
5219,NELLITHURAI,CWC,33,Tamil Nadu,569,Coimbatore,Mettupalayam,-,-,Cauvery,Cauvery,Bhavani,-,-,Bhavani,11.28777778,76.89111111,02-12-2013 09:10,96.0,Clear,odour free,22.0,0.0,8.18,5.36,8.0,39.0,2.99,3.1,7.66,2.65,31.967213,32.908333,0.21,0.23575716,0.6,32.189889832172895,Good
5220,NELLITHURAI,CWC,33,Tamil Nadu,569,Coimbatore,Mettupalayam,-,-,Cauvery,Cauvery,Bhavani,-,-,Bhavani,11.28777778,76.89111111,01-01-2014 08:45,117.0,Clear,odour free,22.0,0.0,11.05,11.16,7.4,61.24,6.7,6.3,7.83,2.68,50.196724,55.541668,0.33,0.36904225,0.8,38.88957789228544,Good
5221,NELLITHURAI,CWC,33,Tamil Nadu,569,Coimbatore,Mettupalayam,-,-,Cauvery,Cauvery,Bhavani,-,-,Bhavani,11.28777778,76.89111111,01-02-2014 08:50,74.83,Clear,odour free,21.5,0.0,7.86,7.49,7.9,33.99,3.81,3.9,7.53,4.44,27.860657,35.525,0.266,0.28557006,0.6,31.38164003848936,Good
5222,NELLITHURAI,CWC,33,Tamil Nadu,569,Coimbatore,Mettupalayam,-,-,Cauvery,Cauvery,Bhavani,-,-,Bhavani,11.28777778,76.89111111,01-03-2014 09:15,56.0,Clear,odour free,20.5,0.0,6.48,5.67,8.1,24.16,1.96,3.0,7.94,1.58,19.803278,24.366667,0.302,0.26508084,0.3,30.421433782905723,Good
5223,NELLITHURAI,CWC,33,Tamil Nadu,569,Coimbatore,Mettupalayam,-,-,Cauvery,Cauvery,Bhavani,-,-,Bhavani,11.28777778,76.89111111,01-04-2014 08:40,37.0,Clear,odour free,23.5,0.0,3.14,3.78,8.1,18.91,1.91,2.2,7.61,1.07,15.5,15.808333,0.069,0.24156082,1.4,41.7270411589529,Good
5224,NELLITHURAI,CWC,33,Tamil Nadu,569,Coimbatore,Mettupalayam,-,-,Cauvery,Cauvery,Bhavani,-,-,Bhavani,11.28777778,76.89111111,01-05-2014 08:40,28.0,Clear,odour free,24.0,0.0,1.57,3.78,8.0,11.82,1.43,2.1,8.01,0.65,9.688524,9.883333,0.031,0.29177377,0.4,32.10077776958447,Good
5225,NELLITHURAI,CWC,33,Tamil Nadu,569,Coimbatore,Mettupalayam,-,-,Cauvery,Cauvery,Bhavani,-,-,Bhavani,11.28777778,76.89111111,02-06-2014 08:40,77.0,Clear,odour free,24.5,0.0,7.86,7.56,7.9,37.83,2.86,5.5,8.05,3.33,31.008198,31.566666,0.686,0.42707288,1.1,43.479015439299296,Good
5227,NELLITHURAI,CWC,33,Tamil Nadu,569,Coimbatore,Mettupalayam,-,-,Cauvery,Cauvery,Bhavani,-,-,Bhavani,11.28777778,76.89111111,01-08-2014 09:10,31.0,Clear,odour free,21.5,0.0,3.17,3.71,7.5,13.94,0.96,2.4,7.3,0.97,11.4262295,11.925,0.0,0.30313623,0.2,23.840012067685233,Excellent
5228,NELLITHURAI,CWC,33,Tamil Nadu,569,Coimbatore,Mettupalayam,-,-,Cauvery,Cauvery,Bhavani,-,-,Bhavani,11.28777778,76.89111111,01-09-2014 08:45,38.0,Clear,odour free,22.5,0.0,3.16,3.74,8.3,14.13,0.96,2.9,7.52,1.93,11.581967,11.900001,0.243,0.36667553,0.6,29.616914490915157,Good
5229,NELLITHURAI,CWC,33,Tamil Nadu,569,Coimbatore,Mettupalayam,-,-,Cauvery,Cauvery,Bhavani,-,-,Bhavani,11.28777778,76.89111111,01-10-2014 08:45,67.0,Clear,odour free,23.5,0.0,4.62,3.74,7.8,18.77,0.93,2.8,7.05,1.86,15.385246,15.425,0.123,0.31081748,0.2,20.90096428930803,Excellent
5230,NELLITHURAI,CWC,33,Tamil Nadu,569,Coimbatore,Mettupalayam,-,-,Cauvery,Cauvery,Bhavani,-,-,Bhavani,11.28777778,76.89111111,01-11-2014 09:00,95.0,Clear,odour free,23.5,0.0,7.71,11.23,7.5,37.54,3.74,7.5,7.05,3.84,30.770493,34.858334,1.56,0.5544003,1.14,36.69855405859046,Good
5231,NELLITHURAI,CWC,33,Tamil Nadu,569,Coimbatore,Mettupalayam,-,-,Cauvery,Cauvery,Bhavani,-,-,Bhavani,11.28777778,76.89111111,01-12-2014 09:07,177.0,Clear,odour free,21.4,0.0,13.87,22.59,7.5,70.38,8.41,13.8,8.11,7.61,57.688522,69.71667,1.82,0.72153234,0.78,43.2697223118254,Good
5232,NELLITHURAI,CWC,33,Tamil Nadu,569,Coimbatore,Mettupalayam,-,-,Cauvery,Cauvery,Bhavani,-,-,Bhavani,11.28777778,76.89111111,01-01-2015 08:40,133.0,Clear,odour free,22.5,0.0,9.07,16.97,8.1,51.62,6.42,12.2,7.73,4.28,42.311474,49.425,1.84,0.7577421,0.84,38.45086283962835,Good
5233,NELLITHURAI,CWC,33,Tamil Nadu,569,Coimbatore,Mettupalayam,-,-,Cauvery,Cauvery,Bhavani,-,-,Bhavani,11.28777778,76.89111111,02-02-2015 08:40,67.0,Clear,odour free,22.0,0.0,7.56,7.54,8.1,23.46,0.92,4.5,7.98,1.3,19.229507,22.733334,0.163,0.41129088,1.2,42.67877882177263,Good
5234,NELLITHURAI,CWC,33,Tamil Nadu,569,Coimbatore,Mettupalayam,-,-,Cauvery,Cauvery,Bhavani,-,-,Bhavani,11.28777778,76.89111111,02-03-2015 08:40,91.0,Clear,odour free,22.0,9.23,7.56,9.41,8.1,18.77,3.67,5.4,8.32,3.39,30.76858,34.191666,0.05,0.40304133,1.6,51.64457085137585,Poor
5235,NELLITHURAI,CWC,33,Tamil Nadu,569,Coimbatore,Mettupalayam,-,-,Cauvery,Cauvery,Bhavani,-,-,Bhavani,11.28777778,76.89111111,01-04-2015 08:04,45.0,Clear,odour free,21.0,0.0,4.54,7.53,8.1,14.08,0.92,4.0,7.56,2.38,11.540983,15.183333,0.359,0.4475477,0.59,30.557827784427804,Good
5236,NELLITHURAI,CWC,33,Tamil Nadu,569,Coimbatore,Mettupalayam,-,-,Cauvery,Cauvery,Bhavani,-,-,Bhavani,11.28777778,76.89111111,01-05-2015 08:40,89.0,Clear,odour free,22.0,2.8,4.54,8.13,,18.77,4.59,5.9,8.33,3.81,20.051912,30.475,0.683,0.46689203,1.57,35.65194527508863,Good
5237,NELLITHURAI,CWC,33,Tamil Nadu,569,Coimbatore,Mettupalayam,-,-,Cauvery,Cauvery,Bhavani,-,-,Bhavani,11.28777778,76.89111111,01-06-2015 08:40,119.0,Clear,odour free,23.0,0.0,7.94,14.24,5.5,37.18,3.85,10.9,7.53,7.71,30.47541,35.891666,1.06,0.79404473,0.55,37.81495448495398,Good
5238,NELLITHURAI,CWC,33,Tamil Nadu,569,Coimbatore,Mettupalayam,-,-,Cauvery,Cauvery,Bhavani,-,-,Bhavani,11.28777778,76.89111111,01-07-2015 08:45,77.0,Clear,odour free,22.0,0.0,7.94,12.21,8.1,23.24,1.93,7.3,7.49,4.46,19.049181,27.891666,1.55,0.60274255,1.23,40.28484494553468,Good
5239,NELLITHURAI,CWC,33,Tamil Nadu,569,Coimbatore,Mettupalayam,-,-,Cauvery,Cauvery,Bhavani,-,-,Bhavani,11.28777778,76.89111111,01-08-2015 09:15,71.0,Clear,odour free,23.5,0.0,7.94,9.67,8.1,23.57,1.93,5.7,7.5,4.16,19.319672,27.891666,1.18,0.47063458,0.39,28.56996520884003,Good
5240,NELLITHURAI,CWC,33,Tamil Nadu,569,Coimbatore,Mettupalayam,-,-,Cauvery,Cauvery,Bhavani,-,-,Bhavani,11.28777778,76.89111111,01-09-2015 08:35,72.0,Clear,odour free,25.5,0.0,4.76,5.8,7.7,14.14,0.96,3.7,7.73,3.66,11.590164,15.900001,0.708,0.40454233,0.81,36.603286026296765,Good
5241,NELLITHURAI,CWC,33,Tamil Nadu,569,Coimbatore,Mettupalayam,-,-,Cauvery,Cauvery,Bhavani,-,-,Bhavani,11.28777778,76.89111111,01-10-2015 08:40,106.0,Clear,odour free,21.5,0.0,11.06,13.46,8.1,32.69,1.92,8.8,7.44,5.61,26.79508,35.65,1.34,0.64246666,0.19,25.625376159250965,Good
5242,NELLITHURAI,CWC,33,Tamil Nadu,569,Coimbatore,Mettupalayam,-,-,Cauvery,Cauvery,Bhavani,-,-,Bhavani,11.28777778,76.89111111,02-11-2015 08:45,246.0,Light Brown,odour free,21.0,0.0,25.27,36.55,7.4,74.72,5.75,19.7,7.52,19.17,61.245903,87.13333,3.23,0.9202149,1.12,44.23925375254344,Good
5243,NELLITHURAI,CWC,33,Tamil Nadu,569,Coimbatore,Mettupalayam,-,-,Cauvery,Cauvery,Bhavani,-,-,Bhavani,11.28777778,76.89111111,01-12-2015 08:30,325.0,Clear,odour free,21.0,0.0,26.85,36.55,7.7,116.75,13.41,26.4,7.86,20.17,95.696724,123.0,5.71,1.0389239,0.95,48.75156152677763,Good
5244,NELLITHURAI,CWC,33,Tamil Nadu,569,Coimbatore,Mettupalayam,-,-,Cauvery,Cauvery,Bhavani,-,-,Bhavani,11.28777778,76.89111111,01-01-2016 08:40,131.0,Light Brown,odour free,17.5,18.37,12.64,22.55,7.9,51.37,14.37,14.4,8.92,10.64,72.72322,91.475,1.37,0.65782523,1.7,62.76487878256791,Poor
5245,NELLITHURAI,CWC,33,Tamil Nadu,569,Coimbatore,Mettupalayam,-,-,Cauvery,Cauvery,Bhavani,-,-,Bhavani,11.28777778,76.89111111,01-02-2016 08:20,175.0,Light Brown,odour free,21.0,0.0,15.8,20.81,7.5,60.71,4.79,15.9,7.46,8.53,49.762295,59.458332,1.63,0.89938796,2.29,56.74508920173828,Poor
5246,NELLITHURAI,CWC,33,Tamil Nadu,569,Coimbatore,Mettupalayam,-,-,Cauvery,Cauvery,Bhavani,-,-,Bhavani,11.28777778,76.89111111,01-03-2016 08:25,81.0,Light Brown,odour free,22.5,0.0,7.86,9.1,8.2,27.36,1.91,6.7,7.57,5.51,22.42623,27.608334,1.23,0.55603325,0.77,34.19036216740586,Good
5247,NELLITHURAI,CWC,33,Tamil Nadu,569,Coimbatore,Mettupalayam,-,-,Cauvery,Cauvery,Bhavani,-,-,Bhavani,11.28777778,76.89111111,01-04-2016 08:40,69.0,Clear,odour free,22.5,0.0,7.86,9.1,8.1,27.36,2.86,5.5,7.71,4.75,22.42623,31.566666,0.96,0.42707288,0.59,33.15230409747723,Good
5248,NELLITHURAI,CWC,33,Tamil Nadu,569,Coimbatore,Mettupalayam,-,-,Cauvery,Cauvery,Bhavani,-,-,Bhavani,11.28777778,76.89111111,02-05-2016 08:40,61.0,Clear,odour free,24.0,0.0,7.86,5.46,7.9,22.8,0.95,4.0,7.46,3.54,18.688524,23.608334,0.52,0.3587511,1.7,45.4283959351503,Good
5249,NELLITHURAI,CWC,33,Tamil Nadu,569,Coimbatore,Mettupalayam,-,-,Cauvery,Cauvery,Bhavani,-,-,Bhavani,11.28777778,76.89111111,01-06-2016 08:20,65.0,Light Brown,odour free,23.5,0.0,7.86,9.1,7.9,36.49,2.86,6.9,7.41,5.34,29.909838,31.566666,0.558,0.53578234,1.71,45.470809629929896,Good
5309,PARAMAKUDI,CWC,33,Tamil Nadu,583,Ramanathapuram,PARAMAKUDI,-,-,Duplicate-Vaigai,East flowing rivers between Pennar and Kanyakumari,-,-,-,Vaigai,9.55333333,78.58638889,01-12-2014 08:50,279.0,Clear,odour free,27.0,0.0,23.12,28.24,5.1,126.69,12.15,20.0,7.26,8.46,103.84426,108.425,3.47,0.8383533,3.89,86.27307528534186,Very Poor
5324,Peralam,CWC,33,Tamil Nadu,590,Tiruvarur,NANNILAM,-,-,Cauvery,Cauvery,-,-,-,Vanjiyar,10.96944444,79.66138889,03-11-2009 09:00,500.0,Light Brown,odour free,27.5,0.0,26.12,87.6495,,294.813,9.72,101.039,7.6,7.248,241.65,105.8,,4.2856054,3.213,52.59798114756704,Poor
5325,Peralam,CWC,33,Tamil Nadu,590,Tiruvarur,NANNILAM,-,-,Cauvery,Cauvery,-,-,-,Vanjiyar,10.96944444,79.66138889,01-12-2009 09:00,552.0,Light Brown,odour free,25.8,0.0,32.64,85.555,,336.171,12.636,104.535,7.57,14.496,275.55,134.25,,3.9363382,0.833,20.90918436342538,Excellent
5326,Peralam,CWC,33,Tamil Nadu,590,Tiruvarur,NANNILAM,-,-,Cauvery,Cauvery,-,-,-,Vanjiyar,10.96944444,79.66138889,01-01-2010 08:00,661.0,Clear,odour free,25.5,0.0,32.64,102.311,,305.183,18.468,109.549,7.84,31.68,250.15,158.55,,3.797782,1.019,26.888304761791215,Good
5327,Peralam,CWC,33,Tamil Nadu,590,Tiruvarur,NANNILAM,-,-,Cauvery,Cauvery,-,-,-,Vanjiyar,10.96944444,79.66138889,01-02-2010 08:00,550.0,Clear,odour free,25.5,39.99,34.28,85.555,,279.319,26.244,102.051,8.25,15.072,295.6,195.05,,3.1909828,0.185,20.753228070802937,Excellent
5328,Peralam,CWC,33,Tamil Nadu,590,Tiruvarur,NANNILAM,-,-,Cauvery,Cauvery,-,-,-,Vanjiyar,10.96944444,79.66138889,23-08-2010 09:30,533.0,Clear,odour free,26.0,0.0,29.43,70.41,,208.67,21.39,57.7,7.67,23.34,171.04099,162.7,0.58,1.9752965,0.773,22.49379319213283,Excellent
5329,Peralam,CWC,33,Tamil Nadu,590,Tiruvarur,NANNILAM,-,-,Cauvery,Cauvery,-,-,-,Vanjiyar,10.96944444,79.66138889,04-10-2010 08:30,452.0,Clear,odour free,28.0,0.0,22.89,55.19,,198.32,20.42,48.9,7.66,13.67,162.55739,142.30833,0.365,1.790444,1.389,30.009967689605297,Good
5330,Peralam,CWC,33,Tamil Nadu,590,Tiruvarur,NANNILAM,-,-,Cauvery,Cauvery,-,-,-,Vanjiyar,10.96944444,79.66138889,01-11-2010 08:30,444.0,Light Brown,odour free,27.0,0.0,19.62,54.58,,228.32,21.39,49.8,7.97,12.24,187.14755,138.175,0.248,1.8509369,3.721,64.45377270713117,Poor
5331,Peralam,CWC,33,Tamil Nadu,590,Tiruvarur,NANNILAM,-,-,Cauvery,Cauvery,-,-,-,Vanjiyar,10.96944444,79.66138889,01-12-2010 06:30,250.0,Light Brown,odour free,24.0,0.0,14.99,30.63,,124.49,10.69,26.4,7.53,4.52,102.040985,82.01666,0.143,1.2728937,1.506,28.073258724883562,Good
5332,Peralam,CWC,33,Tamil Nadu,590,Tiruvarur,NANNILAM,-,-,Cauvery,Cauvery,-,-,-,Vanjiyar,10.96944444,79.66138889,03-01-2011 06:30,707.0,Light Brown,odour free,24.0,0.0,34.34,88.06,,298.05,27.22,71.3,8.03,30.14,244.30327,199.26666,0.655,2.2058315,0.575,24.67683076783982,Excellent
5333,Peralam,CWC,33,Tamil Nadu,590,Tiruvarur,NANNILAM,-,-,Cauvery,Cauvery,-,-,-,Vanjiyar,10.96944444,79.66138889,01-02-2011 06:30,587.0,Light Brown,odour free,26.0,0.0,29.43,70.86,,292.6,27.22,61.4,7.99,18.83,239.83607,186.99167,0.858,1.961302,0.383,21.68638874489326,Excellent
5334,Peralam,CWC,33,Tamil Nadu,590,Tiruvarur,NANNILAM,-,-,Cauvery,Cauvery,-,-,-,Vanjiyar,10.96944444,79.66138889,17-06-2011 06:30,528.0,Clear,odour free,25.0,0.0,56.11,66.16,,190.32,4.86,47.9,7.9,21.86,156.0,160.52501,7.8,1.6471522,2.308,52.456639041163946,Poor
5335,Peralam,CWC,33,Tamil Nadu,590,Tiruvarur,NANNILAM,-,-,Cauvery,Cauvery,-,-,-,Vanjiyar,10.96944444,79.66138889,01-10-2011 06:30,320.0,Light Brown,odour free,28.0,28.8,11.22,36.39,,78.08,20.42,29.7,8.69,7.75,112.0,113.13333,0.255,1.2206415,1.68,43.017436817246086,Good
5336,Peralam,CWC,33,Tamil Nadu,590,Tiruvarur,NANNILAM,-,-,Cauvery,Cauvery,-,-,-,Vanjiyar,10.96944444,79.66138889,01-11-2011 06:30,307.0,Brown,odour free,26.0,20.74,16.03,48.11,,98.38,15.56,34.7,8.94,1.01,115.20601,104.90834,0.1,1.4799207,0.96,34.93362695626083,Good
5337,Peralam,CWC,33,Tamil Nadu,590,Tiruvarur,NANNILAM,-,-,Cauvery,Cauvery,-,-,-,Vanjiyar,10.96944444,79.66138889,01-12-2011 06:30,477.0,Clear,odour free,26.0,0.0,30.46,58.42,,175.68,15.56,42.6,7.91,9.57,144.0,140.98334,0.5,1.5659255,2.14,42.12867541410337,Good
5338,Peralam,CWC,33,Tamil Nadu,590,Tiruvarur,NANNILAM,-,-,Cauvery,Cauvery,-,-,-,Vanjiyar,10.96944444,79.66138889,01-02-2012 06:30,407.0,Clear,odour free,24.0,13.82,20.84,61.86,,98.38,11.67,40.7,8.89,17.58,103.672676,100.725,0.552,1.7702087,2.11,50.176577638975,Poor
5339,Peralam,CWC,33,Tamil Nadu,590,Tiruvarur,NANNILAM,-,-,Cauvery,Cauvery,-,-,-,Vanjiyar,10.96944444,79.66138889,27-09-2012 08:30,507.0,Light Brown,odour free,27.0,0.0,32.97,53.92,,194.2,22.85,39.9,7.5,24.73,159.18033,177.63333,0.19,1.307174,2.52,44.20333043977618,Good
5340,Peralam,CWC,33,Tamil Nadu,590,Tiruvarur,NANNILAM,-,-,Cauvery,Cauvery,-,-,-,Vanjiyar,10.96944444,79.66138889,01-10-2012 06:45,478.0,Light Brown,odour free,26.5,0.0,32.97,43.94,,204.16,17.14,33.7,7.4,14.25,167.34427,153.84167,0.1,1.185901,1.84,33.061184041919034,Good
5341,Peralam,CWC,33,Tamil Nadu,590,Tiruvarur,NANNILAM,-,-,Cauvery,Cauvery,-,-,-,Vanjiyar,10.96944444,79.66138889,01-11-2012 07:00,228.0,Brown,odour free,22.0,0.0,9.42,20.26,,104.57,5.71,28.9,7.95,5.39,85.71311,47.341667,0.105,1.8336687,2.4,43.153200956988094,Good
5342,Peralam,CWC,33,Tamil Nadu,590,Tiruvarur,NANNILAM,-,-,Cauvery,Cauvery,-,-,-,Vanjiyar,10.96944444,79.66138889,01-12-2012 07:00,494.0,Clear,odour free,24.0,0.0,29.83,57.88,,189.22,13.33,46.3,7.44,14.57,155.09836,130.11667,0.318,1.771263,2.22,38.21758586464942,Good
5343,Peralam,CWC,33,Tamil Nadu,590,Tiruvarur,NANNILAM,-,-,Cauvery,Cauvery,-,-,-,Vanjiyar,10.96944444,79.66138889,11-08-2013 12:00,177.0,Light Brown,odour free,28.5,0.0,21.71,25.52,,84.65,5.06,12.5,7.8,7.52,69.38525,75.35833,1.08,0.62787145,0.91,22.952804658861492,Excellent
5344,Peralam,CWC,33,Tamil Nadu,590,Tiruvarur,NANNILAM,-,-,Cauvery,Cauvery,-,-,-,Vanjiyar,10.96944444,79.66138889,02-09-2013 12:00,183.0,Light Green,odour free,28.5,0.0,13.36,25.52,,71.9,5.06,19.5,8.2,5.35,58.93443,54.483334,1.8,1.1525996,1.61,36.841196653234135,Good
5346,Peralam,CWC,33,Tamil Nadu,590,Tiruvarur,NANNILAM,-,-,Cauvery,Cauvery,-,-,-,Vanjiyar,10.96944444,79.66138889,01-10-2014 08:00,258.0,Clear,odour free,31.0,12.0,18.56,39.7,,61.0,10.24,21.7,8.5,9.04,70.0,89.066666,0.67,1.003673,1.2,33.7891427801755,Good
5347,Peralam,CWC,33,Tamil Nadu,590,Tiruvarur,NANNILAM,-,-,Cauvery,Cauvery,-,-,-,Vanjiyar,10.96944444,79.66138889,01-11-2014 08:00,477.0,Light Brown,odour free,29.0,12.0,25.31,72.29,,122.0,14.34,54.5,8.37,17.1,120.0,123.025,1.12,2.1448915,1.82,42.62854256680497,Good
5348,Peralam,CWC,33,Tamil Nadu,590,Tiruvarur,NANNILAM,-,-,Cauvery,Cauvery,-,-,-,Vanjiyar,10.96944444,79.66138889,01-12-2014 07:00,319.0,Light Brown,odour free,23.5,0.0,18.56,50.05,,115.9,10.24,38.3,7.56,10.59,95.0,89.066666,1.64,1.7714595,1.82,34.535191351876584,Good
5349,Peralam,CWC,33,Tamil Nadu,590,Tiruvarur,NANNILAM,-,-,Cauvery,Cauvery,-,-,-,Vanjiyar,10.96944444,79.66138889,01-01-2015 07:00,595.0,Clear,odour free,27.0,0.0,38.81,91.75,,207.4,15.36,68.4,7.62,19.57,170.0,161.02501,2.28,2.3518496,1.46,32.8126853237716,Good
5350,Peralam,CWC,33,Tamil Nadu,590,Tiruvarur,NANNILAM,-,-,Cauvery,Cauvery,-,-,-,Vanjiyar,10.96944444,79.66138889,18-05-2015 09:00,280.0,Light Brown,odour free,26.0,0.0,14.7,44.93,,109.1,9.73,33.6,8.01,11.95,89.42623,77.291664,1.49,1.6686642,1.09,28.553732759907483,Good
5351,Peralam,CWC,33,Tamil Nadu,590,Tiruvarur,NANNILAM,-,-,Cauvery,Cauvery,-,-,-,Vanjiyar,10.96944444,79.66138889,19-08-2015 08:30,407.0,Clear,odour free,30.0,0.0,29.39,55.07,,149.27,8.92,38.7,7.56,20.08,122.35246,110.64166,0.651,1.6047542,0.91,21.285676768086223,Excellent
5352,Peralam,CWC,33,Tamil Nadu,590,Tiruvarur,NANNILAM,-,-,Cauvery,Cauvery,-,-,-,Vanjiyar,10.96944444,79.66138889,05-09-2015 08:40,395.0,Clear,odour free,31.0,0.0,22.71,57.82,,155.01,12.16,44.6,7.55,13.65,127.05737,107.441666,0.323,1.8781104,1.09,23.524623986758233,Excellent
5353,Peralam,CWC,33,Tamil Nadu,590,Tiruvarur,NANNILAM,-,-,Cauvery,Cauvery,-,-,-,Vanjiyar,10.96944444,79.66138889,05-10-2015 08:20,410.0,Brown,odour free,30.0,0.0,18.7,57.82,,160.75,25.13,35.0,8.04,18.91,131.7623,151.45833,0.231,1.2428153,1.64,37.31947002698427,Good
5354,Peralam,CWC,33,Tamil Nadu,590,Tiruvarur,NANNILAM,-,-,Cauvery,Cauvery,-,-,-,Vanjiyar,10.96944444,79.66138889,06-11-2015 08:00,433.0,Light Brown,odour free,27.5,0.0,22.71,68.83,,162.67,13.78,52.8,7.44,7.96,133.33606,114.191666,0.986,2.1570597,1.28,26.138611276924674,Good
5355,Peralam,CWC,33,Tamil Nadu,590,Tiruvarur,NANNILAM,-,-,Cauvery,Cauvery,-,-,-,Vanjiyar,10.96944444,79.66138889,01-12-2015 08:30,209.0,Light Brown,odour free,25.0,0.0,10.69,33.04,,78.53,5.67,25.4,7.67,2.52,64.36885,50.35,0.204,1.562432,1.09,22.873031237580875,Excellent
5356,Peralam,CWC,33,Tamil Nadu,590,Tiruvarur,NANNILAM,-,-,Cauvery,Cauvery,-,-,-,Vanjiyar,10.96944444,79.66138889,18-01-2016 08:45,556.0,Light Green,odour free,25.0,0.0,28.06,82.94,,189.46,14.59,63.8,7.98,18.28,155.29509,130.94167,0.33,2.4335337,2.74,50.66056935396698,Poor
5357,Peralam,CWC,33,Tamil Nadu,590,Tiruvarur,NANNILAM,-,-,Cauvery,Cauvery,-,-,-,Vanjiyar,10.96944444,79.66138889,09-02-2016 08:50,591.0,Clear,odour free,26.5,22.59,30.46,115.05,,74.64,16.54,66.7,8.49,35.69,98.83033,145.06667,0.268,2.4172568,0.91,31.035282381134063,Good
5358,Peralam,CWC,33,Tamil Nadu,590,Tiruvarur,NANNILAM,-,-,Cauvery,Cauvery,-,-,-,Vanjiyar,10.96944444,79.66138889,28-10-2017 08:00,409.0,Clear,Odour free,25.0,0.0,26.0,46.6,,123.0,12.7,36.0,7.1,25.1,101.0,117.0,0.23,1.5,1.2,20.687321204317485,Excellent
5359,Peralam,CWC,33,Tamil Nadu,590,Tiruvarur,NANNILAM,-,-,Cauvery,Cauvery,-,-,-,Vanjiyar,10.96944444,79.66138889,03-11-2017 08:00,272.0,Brown,Odour free,25.0,0.0,8.0,54.9,,57.0,3.9,42.0,7.1,8.8,46.0,36.0,0.6,3.0,2.3,33.98624254852401,Good
5360,Peralam,CWC,33,Tamil Nadu,590,Tiruvarur,NANNILAM,-,-,Cauvery,Cauvery,-,-,-,Vanjiyar,10.96944444,79.66138889,01-12-2017 08:00,275.0,Brown,Odour free,25.0,0.0,8.0,47.0,,72.0,8.8,36.0,8.5,8.5,59.0,57.0,0.03,2.1,1.6,37.918807525394634,Good
5361,Peralam,CWC,33,Tamil Nadu,590,Tiruvarur,NANNILAM,-,-,Cauvery,Cauvery,-,-,-,Vanjiyar,10.96944444,79.66138889,12-01-2018 08:00,395.0,Light Brown,Odour free,24.5,0.0,14.0,68.6,,103.0,13.6,52.6,7.6,13.7,84.0,93.0,0.43,2.4,0.9,21.441266711176816,Excellent
5362,Peralam,CWC,33,Tamil Nadu,590,Tiruvarur,NANNILAM,-,-,Cauvery,Cauvery,-,-,-,Vanjiyar,10.96944444,79.66138889,03-08-2018 08:00,195.0,Light Brown,Odour free,29.0,0.0,13.0,26.7,,70.0,7.7,15.5,7.8,8.5,57.0,64.0,0.28,0.8,2.1,38.170828842577144,Good
5363,Peralam,CWC,33,Tamil Nadu,590,Tiruvarur,NANNILAM,-,-,Cauvery,Cauvery,-,-,-,Vanjiyar,10.96944444,79.66138889,19-09-2018 08:00,199.0,Green,Odour free,27.5,0.0,14.0,20.9,,84.0,8.7,15.5,7.7,6.8,69.0,72.0,0.97,0.8,2.5,43.66224561654507,Good
5364,Peralam,CWC,33,Tamil Nadu,590,Tiruvarur,NANNILAM,-,-,Cauvery,Cauvery,-,-,-,Vanjiyar,10.96944444,79.66138889,01-10-2018 08:00,182.0,Green,Odour free,28.5,0.0,10.0,27.2,,54.0,4.8,20.2,8.1,8.5,44.0,44.0,1.09,1.3,2.5,46.87955163972213,Good
5365,Peralam,CWC,33,Tamil Nadu,590,Tiruvarur,NANNILAM,-,-,Cauvery,Cauvery,-,-,-,Vanjiyar,10.96944444,79.66138889,01-11-2018 08:00,320.0,Light Green,Odour free,27.0,0.0,22.0,35.3,,113.0,11.4,24.0,7.8,23.2,93.0,103.0,0.26,1.0,2.8,48.621468517017185,Good
5366,Peralam,CWC,33,Tamil Nadu,590,Tiruvarur,NANNILAM,-,-,Cauvery,Cauvery,-,-,-,Vanjiyar,10.96944444,79.66138889,03-12-2018 08:00,327.0,Light Green,Odour free,25.5,0.0,16.0,41.2,,115.0,8.8,33.2,7.7,5.7,94.0,77.0,1.18,1.6,2.3,41.46006096300889,Good
5367,Peralam,CWC,33,Tamil Nadu,590,Tiruvarur,NANNILAM,-,-,Cauvery,Cauvery,-,-,-,Vanjiyar,10.96944444,79.66138889,14-01-2019 08:00,423.0,Light Brown,Odour free,25.0,0.0,29.0,46.0,,173.0,18.4,36.1,8.1,26.7,141.0,149.0,2.24,1.3,3.5,64.80584990541594,Poor
5368,Peralam,CWC,33,Tamil Nadu,590,Tiruvarur,NANNILAM,-,-,Cauvery,Cauvery,-,-,-,Vanjiyar,10.96944444,79.66138889,12-09-2019 08:00,236.0,Brown,Odour free,26.0,0.0,22.0,20.8,,95.0,7.6,14.3,7.8,15.4,78.0,86.0,0.03,0.7,2.0,36.83546258762936,Good
5369,Peralam,CWC,33,Tamil Nadu,590,Tiruvarur,NANNILAM,-,-,Cauvery,Cauvery,-,-,-,Vanjiyar,10.96944444,79.66138889,10-10-2019 08:00,271.0,Green,Odour free,26.5,0.0,17.0,28.6,,98.0,9.3,22.1,7.9,14.9,80.0,81.0,0.05,1.1,2.0,37.96532246013958,Good
5370,Peralam,CWC,33,Tamil Nadu,590,Tiruvarur,NANNILAM,-,-,Cauvery,Cauvery,-,-,-,Vanjiyar,10.96944444,79.66138889,01-11-2019 08:00,289.0,Brown,Odour free,25.5,0.0,19.0,38.1,,108.0,8.5,30.4,7.6,16.9,89.0,82.0,0.47,1.5,2.6,43.7382312779182,Good
5371,Peralam,CWC,33,Tamil Nadu,590,Tiruvarur,NANNILAM,-,-,Cauvery,Cauvery,-,-,-,Vanjiyar,10.96944444,79.66138889,02-12-2019 08:00,188.0,Brown,Odour free,25.5,0.0,9.0,21.0,,75.0,7.4,16.8,7.5,8.6,61.0,54.0,0.17,1.0,2.0,33.67202537078545,Good
5372,Peralam,CWC,33,Tamil Nadu,590,Tiruvarur,NANNILAM,-,-,Cauvery,Cauvery,-,-,-,Vanjiyar,10.96944444,79.66138889,10-01-2020 08:00,473.0,Brown,Odour free,25.0,14.3,32.0,52.8,,159.0,18.7,40.6,8.4,20.3,154.0,159.0,0.36,1.4,1.8,42.59604328612079,Good
5373,Peralam,CWC,33,Tamil Nadu,590,Tiruvarur,NANNILAM,-,-,Cauvery,Cauvery,-,-,-,Vanjiyar,10.96944444,79.66138889,01-10-2020 08:00,336.9,Clear,odour free,26.5,0.0,19.48,37.61,4.77,141.68,15.46,29.3,7.93,19.38,,,0.08,,1.99,63.5102297677524,Poor
5374,Peralam,CWC,33,Tamil Nadu,590,Tiruvarur,NANNILAM,-,-,Cauvery,Cauvery,-,-,-,Vanjiyar,10.96944444,79.66138889,07-11-2020 08:00,358.5,Light Brown,odour free,26.0,0.0,27.48,37.61,6.22,152.5,14.82,29.1,8.25,22.33,,,0.06,,2.21,65.93310206336339,Poor
5375,Peralam,CWC,33,Tamil Nadu,590,Tiruvarur,NANNILAM,-,-,Cauvery,Cauvery,-,-,-,Vanjiyar,10.96944444,79.66138889,04-12-2020 08:00,201.4,Clear,Odour free,24.0,0.0,10.69,27.44,5.62,65.4,9.26,21.1,7.7,19.7,,,0.91,,1.81,56.66137816141289,Poor
5388,Porakudi,CWC,33,Tamil Nadu,579,Nagapattinam,NAGAPATTINAM,-,-,Cauvery,Cauvery,-,-,-,Arasalar,10.90361111,79.70722222,03-11-2009 09:45,488.0,Light Brown,odour free,25.5,0.0,32.64,102.9145,,289.628,10.692,99.038,7.75,6.768,237.4,126.15,,3.846407,0.852,22.46956093598487,Excellent
5389,Porakudi,CWC,33,Tamil Nadu,579,Nagapattinam,NAGAPATTINAM,-,-,Cauvery,Cauvery,-,-,-,Arasalar,10.90361111,79.70722222,01-12-2009 12:30,554.0,Clear,odour free,26.0,0.0,31.0,74.408,,341.356,15.552,106.536,7.67,17.664,279.8,142.3,,3.8978837,0.649,19.76684652264454,Excellent
5390,Porakudi,CWC,33,Tamil Nadu,579,Nagapattinam,NAGAPATTINAM,-,-,Cauvery,Cauvery,-,-,-,Arasalar,10.90361111,79.70722222,01-01-2010 08:00,525.0,Clear,odour free,25.5,0.0,34.28,48.351,,299.998,21.384,52.624,7.75,18.144,245.9,174.8,,1.7376995,0.278,16.156885837824095,Excellent
5391,Porakudi,CWC,33,Tamil Nadu,579,Nagapattinam,NAGAPATTINAM,-,-,Cauvery,Cauvery,-,-,-,Arasalar,10.90361111,79.70722222,24-08-2010 10:15,554.0,Light Brown,odour free,24.0,0.0,34.34,73.31,,259.36,22.36,56.9,7.91,19.69,212.59015,179.01666,0.643,1.856744,1.933,40.93982043194717,Good
5392,Porakudi,CWC,33,Tamil Nadu,579,Nagapattinam,NAGAPATTINAM,-,-,Cauvery,Cauvery,-,-,-,Arasalar,10.90361111,79.70722222,01-09-2010 08:40,468.0,Clear,odour free,27.0,0.0,29.43,64.7,,208.67,23.33,45.1,7.91,17.89,171.04099,170.78334,0.347,1.5071411,0.926,26.784086359427413,Good
5393,Porakudi,CWC,33,Tamil Nadu,579,Nagapattinam,NAGAPATTINAM,-,-,Cauvery,Cauvery,-,-,-,Arasalar,10.90361111,79.70722222,04-10-2010 09:45,507.0,Light Brown,odour free,27.0,0.0,29.43,62.99,,214.88,17.5,48.4,7.95,17.02,176.13115,146.49167,0.381,1.7457118,1.389,32.623050937495044,Good
5394,Porakudi,CWC,33,Tamil Nadu,579,Nagapattinam,NAGAPATTINAM,-,-,Cauvery,Cauvery,-,-,-,Arasalar,10.90361111,79.70722222,01-11-2010 09:30,441.0,Brown,odour free,26.0,0.0,19.62,58.67,,192.8,21.39,45.2,8.03,10.07,158.03279,138.175,0.152,1.6799669,1.772,38.47309417612507,Good
5395,Porakudi,CWC,33,Tamil Nadu,579,Nagapattinam,NAGAPATTINAM,-,-,Cauvery,Cauvery,-,-,-,Arasalar,10.90361111,79.70722222,01-12-2010 06:00,307.0,Light Brown,odour free,25.0,0.0,21.26,39.9,,164.11,13.61,30.3,7.65,6.8,134.51639,109.85833,0.207,1.2621261,2.835,48.00648099893494,Good
5396,Porakudi,CWC,33,Tamil Nadu,579,Nagapattinam,NAGAPATTINAM,-,-,Cauvery,Cauvery,-,-,-,Arasalar,10.90361111,79.70722222,03-01-2011 08:45,709.0,Clear,odour free,25.0,0.0,29.8,95.72,,268.99,29.31,71.0,8.14,35.44,220.4836,196.625,0.696,2.211873,1.725,41.44868453033845,Good
5397,Porakudi,CWC,33,Tamil Nadu,579,Nagapattinam,NAGAPATTINAM,-,-,Cauvery,Cauvery,-,-,-,Arasalar,10.90361111,79.70722222,01-02-2011 08:45,594.0,Light Brown,odour free,25.0,30.37,22.89,90.24,,161.74,21.39,69.4,8.3,21.3,183.19044,146.34999,0.837,2.5058558,0.192,20.881807401998195,Excellent
5398,Porakudi,CWC,33,Tamil Nadu,579,Nagapattinam,NAGAPATTINAM,-,-,Cauvery,Cauvery,-,-,-,Arasalar,10.90361111,79.70722222,15-06-2011 09:30,582.0,Clear,odour free,30.0,33.6,30.46,89.32,,122.0,22.36,58.4,8.53,30.06,156.0,169.31667,7.28,1.9598327,2.724,65.39577401779611,Poor
5399,Porakudi,CWC,33,Tamil Nadu,579,Nagapattinam,NAGAPATTINAM,-,-,Cauvery,Cauvery,-,-,-,Arasalar,10.90361111,79.70722222,01-07-2011 09:15,558.0,Clear,odour free,29.0,33.6,27.25,76.09,,97.6,19.44,50.1,8.53,13.15,136.0,149.125,2.15,1.7914387,0.903,33.86208744257395,Good
5400,Porakudi,CWC,33,Tamil Nadu,579,Nagapattinam,NAGAPATTINAM,-,-,Cauvery,Cauvery,-,-,-,Arasalar,10.90361111,79.70722222,01-08-2011 09:45,556.0,Clear,odour free,30.0,0.0,32.06,66.16,,268.4,29.17,51.5,7.98,11.38,220.0,201.69167,1.9,1.5839496,2.31,49.13696911134692,Good
5401,Porakudi,CWC,33,Tamil Nadu,579,Nagapattinam,NAGAPATTINAM,-,-,Cauvery,Cauvery,-,-,-,Arasalar,10.90361111,79.70722222,02-09-2011 08:45,287.0,Clear,odour free,30.0,24.0,20.84,52.93,,87.84,16.53,30.6,8.57,3.73,112.0,120.975006,0.13,1.2149938,1.36,37.12415016448886,Good
5402,Porakudi,CWC,33,Tamil Nadu,579,Nagapattinam,NAGAPATTINAM,-,-,Cauvery,Cauvery,-,-,-,Arasalar,10.90361111,79.70722222,01-11-2011 08:50,468.0,Light Brown,odour free,30.0,34.56,17.64,85.91,,84.33,17.5,55.9,8.5,6.15,126.72295,117.01666,0.105,2.257428,0.96,31.27413081076033,Good
5403,Porakudi,CWC,33,Tamil Nadu,579,Nagapattinam,NAGAPATTINAM,-,-,Cauvery,Cauvery,-,-,-,Arasalar,10.90361111,79.70722222,01-12-2011 08:55,484.0,Clear,odour free,30.0,0.0,27.25,61.86,,224.87,22.36,47.3,7.46,12.85,184.31967,161.29167,0.56,1.6265783,2.06,37.89370213608979,Good
5404,Porakudi,CWC,33,Tamil Nadu,579,Nagapattinam,NAGAPATTINAM,-,-,Cauvery,Cauvery,-,-,-,Arasalar,10.90361111,79.70722222,02-01-2012 08:50,498.0,Clear,odour free,27.5,0.0,24.05,68.73,,196.76,22.36,48.5,7.43,14.36,161.27869,153.29167,0.72,1.711089,2.77,47.25447578727327,Good
5405,Porakudi,CWC,33,Tamil Nadu,579,Nagapattinam,NAGAPATTINAM,-,-,Cauvery,Cauvery,-,-,-,Arasalar,10.90361111,79.70722222,01-02-2012 06:00,418.0,Clear,odour free,27.5,20.74,24.05,61.86,,91.35,8.75,46.5,9.1,12.99,109.44372,96.58333,0.705,2.0642176,2.39,55.83303129719268,Poor
5406,Porakudi,CWC,33,Tamil Nadu,579,Nagapattinam,NAGAPATTINAM,-,-,Cauvery,Cauvery,-,-,-,Arasalar,10.90361111,79.70722222,11-10-2012 08:15,409.0,Clear,odour free,29.0,0.0,26.69,47.93,,184.24,17.14,42.4,7.72,12.38,151.0164,138.14166,0.12,1.5750052,1.28,28.362563561686297,Good
5407,Porakudi,CWC,33,Tamil Nadu,579,Nagapattinam,NAGAPATTINAM,-,-,Cauvery,Cauvery,-,-,-,Arasalar,10.90361111,79.70722222,01-11-2012 07:00,290.0,Brown,odour free,23.0,0.0,15.7,37.62,,109.55,6.67,32.1,7.55,8.49,89.79508,67.041664,0.13,1.7106946,2.3,38.41131436549192,Good
5408,Porakudi,CWC,33,Tamil Nadu,579,Nagapattinam,NAGAPATTINAM,-,-,Cauvery,Cauvery,-,-,-,Arasalar,10.90361111,79.70722222,14-08-2013 08:00,206.0,Light Brown,odour free,28.0,0.0,23.38,25.52,,89.63,5.06,14.1,6.93,9.02,73.46721,79.53333,0.86,0.6893452,0.91,14.459502142448374,Excellent
5409,Porakudi,CWC,33,Tamil Nadu,579,Nagapattinam,NAGAPATTINAM,-,-,Cauvery,Cauvery,-,-,-,Arasalar,10.90361111,79.70722222,02-09-2013 08:15,212.0,Light Brown,odour free,30.5,0.0,20.04,31.2,,87.3,6.08,19.4,8.22,6.22,71.55738,75.433334,3.0,0.97426426,1.25,34.026195479875064,Good
5410,Porakudi,CWC,33,Tamil Nadu,579,Nagapattinam,NAGAPATTINAM,-,-,Cauvery,Cauvery,-,-,-,Arasalar,10.90361111,79.70722222,01-10-2013 08:15,233.0,Clear,odour free,31.0,0.0,18.37,34.03,,77.1,6.07,22.3,7.35,8.3,63.19672,71.21667,3.3,1.1526983,1.42,28.336186479048436,Good
5411,Porakudi,CWC,33,Tamil Nadu,579,Nagapattinam,NAGAPATTINAM,-,-,Cauvery,Cauvery,-,-,-,Arasalar,10.90361111,79.70722222,09-09-2014 08:15,228.0,Light Brown,odour free,31.5,0.0,17.81,34.03,,91.5,10.81,19.8,7.8,10.23,75.0,89.566666,0.71,0.9133507,0.9,23.170373477872097,Excellent
5412,Porakudi,CWC,33,Tamil Nadu,579,Nagapattinam,NAGAPATTINAM,-,-,Cauvery,Cauvery,-,-,-,Arasalar,10.90361111,79.70722222,18-05-2015 08:30,342.0,Light Brown,odour free,28.5,0.0,17.37,50.54,,120.6,11.35,38.4,7.82,16.01,98.852455,90.71667,0.67,1.7602576,1.46,31.131084039236494,Good
5413,Porakudi,CWC,33,Tamil Nadu,579,Nagapattinam,NAGAPATTINAM,-,-,Cauvery,Cauvery,-,-,-,Arasalar,10.90361111,79.70722222,23-08-2015 14:30,410.0,Light Brown,odour free,32.0,0.0,25.38,55.07,,149.27,10.54,42.5,7.66,21.22,122.35246,107.36666,0.424,1.7897041,1.64,31.964608067464674,Good
5414,Porakudi,CWC,33,Tamil Nadu,579,Nagapattinam,NAGAPATTINAM,-,-,Cauvery,Cauvery,-,-,-,Arasalar,10.90361111,79.70722222,08-09-2015 09:30,416.0,Clear,odour free,33.0,0.0,24.05,55.07,,149.27,13.78,41.8,7.48,12.95,122.35246,117.541664,0.481,1.683032,0.73,18.434199003529024,Excellent
5415,Porakudi,CWC,33,Tamil Nadu,579,Nagapattinam,NAGAPATTINAM,-,-,Cauvery,Cauvery,-,-,-,Arasalar,10.90361111,79.70722222,03-10-2015 08:30,373.0,Clear,odour free,28.0,0.0,17.37,46.81,,149.27,22.7,30.5,8.01,12.0,122.35246,138.00833,0.273,1.1345361,1.64,36.59970384992926,Good
5416,Porakudi,CWC,33,Tamil Nadu,579,Nagapattinam,NAGAPATTINAM,-,-,Cauvery,Cauvery,-,-,-,Arasalar,10.90361111,79.70722222,09-11-2015 08:20,448.0,Brown,odour free,23.5,0.0,24.05,68.83,,168.28,13.78,52.7,7.58,19.71,137.93442,117.541664,0.62,2.121909,2.55,44.278446048373,Good
5417,Porakudi,CWC,33,Tamil Nadu,579,Nagapattinam,NAGAPATTINAM,-,-,Cauvery,Cauvery,-,-,-,Arasalar,10.90361111,79.70722222,08-12-2015 07:30,320.0,Light Brown,odour free,25.5,0.0,17.37,44.05,,117.79,9.73,34.0,7.98,9.38,96.54918,83.96667,0.181,1.6196618,1.82,36.63303767963026,Good
5418,Porakudi,CWC,33,Tamil Nadu,579,Nagapattinam,NAGAPATTINAM,-,-,Cauvery,Cauvery,-,-,-,Arasalar,10.90361111,79.70722222,19-01-2016 08:00,674.0,Clear,odour free,26.0,33.88,32.06,109.69,,114.82,16.21,83.9,8.46,31.72,150.58142,147.69167,0.283,3.0131686,1.46,38.38858647626656,Good
5419,Porakudi,CWC,33,Tamil Nadu,579,Nagapattinam,NAGAPATTINAM,-,-,Cauvery,Cauvery,-,-,-,Arasalar,10.90361111,79.70722222,12-02-2016 08:30,515.0,Clear,odour free,27.5,16.94,20.84,93.64,,68.89,10.7,67.4,8.48,36.48,84.70055,96.683334,0.322,2.991799,1.28,34.77664892325179,Good
5420,Porakudi,CWC,33,Tamil Nadu,579,Nagapattinam,NAGAPATTINAM,-,-,Cauvery,Cauvery,-,-,-,Arasalar,10.90361111,79.70722222,16-10-2017 08:00,393.0,Clear,Odour free,26.5,0.0,22.0,48.5,,118.0,11.7,37.2,7.2,26.5,97.0,105.0,0.11,1.6,1.5,25.289279809878078,Good
5421,Porakudi,CWC,33,Tamil Nadu,579,Nagapattinam,NAGAPATTINAM,-,-,Cauvery,Cauvery,-,-,-,Arasalar,10.90361111,79.70722222,01-11-2017 08:00,377.0,Light Brown,Odour free,26.0,0.0,29.0,51.0,,108.0,3.9,38.2,7.2,19.9,88.0,88.0,0.17,1.8,2.5,37.87958136614368,Good
5422,Porakudi,CWC,33,Tamil Nadu,579,Nagapattinam,NAGAPATTINAM,-,-,Cauvery,Cauvery,-,-,-,Arasalar,10.90361111,79.70722222,01-12-2017 08:00,363.0,Clear,Odour free,26.5,0.0,14.0,62.7,,46.0,5.8,48.0,8.8,20.3,55.0,60.0,0.05,2.7,2.9,58.19908444211298,Poor
5423,Porakudi,CWC,33,Tamil Nadu,579,Nagapattinam,NAGAPATTINAM,-,-,Cauvery,Cauvery,-,-,-,Arasalar,10.90361111,79.70722222,31-07-2018 08:00,257.0,Light Brown,Odour free,30.0,0.0,14.0,30.5,,85.0,11.6,19.2,7.4,14.5,69.0,84.0,0.31,0.9,1.4,25.619857488037898,Good
5424,Porakudi,CWC,33,Tamil Nadu,579,Nagapattinam,NAGAPATTINAM,-,-,Cauvery,Cauvery,-,-,-,Arasalar,10.90361111,79.70722222,03-08-2018 08:00,200.0,Clear,Odour free,28.5,0.0,14.0,24.8,,80.0,8.7,15.5,7.8,8.8,65.0,72.0,0.31,0.8,2.3,41.112581191282366,Good
5425,Porakudi,CWC,33,Tamil Nadu,579,Nagapattinam,NAGAPATTINAM,-,-,Cauvery,Cauvery,-,-,-,Arasalar,10.90361111,79.70722222,26-09-2018 08:00,227.0,Clear,Odour free,27.0,0.0,17.0,28.4,,84.0,7.7,21.3,7.7,10.0,69.0,76.0,0.99,1.1,1.6,31.511124914556415,Good
5426,Porakudi,CWC,33,Tamil Nadu,579,Nagapattinam,NAGAPATTINAM,-,-,Cauvery,Cauvery,-,-,-,Arasalar,10.90361111,79.70722222,04-10-2018 08:00,267.0,Light Brown,Odour free,25.0,0.0,17.0,33.0,,104.0,8.7,24.6,7.9,10.3,85.0,80.0,1.35,1.2,0.5,19.21126226016183,Excellent
5427,Porakudi,CWC,33,Tamil Nadu,579,Nagapattinam,NAGAPATTINAM,-,-,Cauvery,Cauvery,-,-,-,Arasalar,10.90361111,79.70722222,16-11-2018 08:00,443.0,Light Brown,Odour free,25.0,0.0,27.0,47.0,,154.0,15.3,40.1,7.8,40.8,126.0,130.0,0.58,1.5,2.5,45.90635581095904,Good
5428,Porakudi,CWC,33,Tamil Nadu,579,Nagapattinam,NAGAPATTINAM,-,-,Cauvery,Cauvery,-,-,-,Arasalar,10.90361111,79.70722222,01-12-2018 08:00,334.0,Light Brown,Odour free,25.0,0.0,21.0,37.2,,144.0,13.8,28.1,8.0,9.4,118.0,110.0,0.52,1.2,2.7,49.86894550685934,Good
5429,Porakudi,CWC,33,Tamil Nadu,579,Nagapattinam,NAGAPATTINAM,-,-,Cauvery,Cauvery,-,-,-,Arasalar,10.90361111,79.70722222,17-09-2019 08:00,247.0,Brown,Odour free,27.0,8.9,16.0,28.3,,81.0,11.3,21.6,8.4,16.8,81.0,86.0,0.1,1.0,4.8,80.89793615972786,Very Poor
5430,Porakudi,CWC,33,Tamil Nadu,579,Nagapattinam,NAGAPATTINAM,-,-,Cauvery,Cauvery,-,-,-,Arasalar,10.90361111,79.70722222,29-10-2019 08:00,384.0,Green,Odour free,26.0,14.4,24.0,41.9,,122.0,12.0,35.2,8.3,22.7,124.0,111.0,0.01,1.5,1.6,37.16369060676874,Good
5431,Porakudi,CWC,33,Tamil Nadu,579,Nagapattinam,NAGAPATTINAM,-,-,Cauvery,Cauvery,-,-,-,Arasalar,10.90361111,79.70722222,01-11-2019 08:00,395.0,Green,Odour free,26.0,0.0,22.0,45.7,,143.0,12.3,35.9,8.0,17.9,117.0,106.0,0.39,1.5,2.2,42.827979080229554,Good
5432,Porakudi,CWC,33,Tamil Nadu,579,Nagapattinam,NAGAPATTINAM,-,-,Cauvery,Cauvery,-,-,-,Arasalar,10.90361111,79.70722222,02-12-2019 08:00,270.0,Light Brown,Odour free,25.0,0.0,18.0,30.5,,110.0,9.3,23.4,7.8,14.8,90.0,84.0,0.2,1.1,0.6,18.34556488149173,Excellent
5433,Porakudi,CWC,33,Tamil Nadu,579,Nagapattinam,NAGAPATTINAM,-,-,Cauvery,Cauvery,-,-,-,Arasalar,10.90361111,79.70722222,06-08-2020 08:00,485.6,Green,odour free,27.0,0.0,24.43,58.23,4.57,186.89,18.53,45.1,7.84,20.91,,,0.03,,2.19,66.42279642170188,Poor
5434,Porakudi,CWC,33,Tamil Nadu,579,Nagapattinam,NAGAPATTINAM,-,-,Cauvery,Cauvery,-,-,-,Arasalar,10.90361111,79.70722222,01-10-2020 08:00,346.1,Brown,odour free,27.5,0.0,19.48,43.55,5.96,141.68,12.73,33.6,7.99,14.19,,,0.08,,1.39,52.60090129079436,Poor
5435,Porakudi,CWC,33,Tamil Nadu,579,Nagapattinam,NAGAPATTINAM,-,-,Cauvery,Cauvery,-,-,-,Arasalar,10.90361111,79.70722222,16-11-2020 08:00,471.3,Brown,odour free,24.0,0.0,27.48,51.47,5.42,208.42,25.0,39.8,7.92,20.5,,,0.35,,0.4,42.143879425183215,Good
5436,Porakudi,CWC,33,Tamil Nadu,579,Nagapattinam,NAGAPATTINAM,-,-,Cauvery,Cauvery,-,-,-,Arasalar,10.90361111,79.70722222,01-12-2020 08:00,496.2,Clear,Odour free,24.5,0.0,35.12,58.81,7.02,236.45,22.24,44.1,8.06,15.05,,,0.91,,1.2,50.720564666889224,Poor
5830,SAVANDAPUR,CWC,33,Tamil Nadu,573,Erode,Gobichettipalayam,-,-,Cauvery,Cauvery,Bhavani,-,-,Bhavani,11.52,77.51,01-06-2001 09:30,398.0,Clear,odour free,30.3,0.0,68.94,26.88,5.6,194.25,4.86,27.9,8.07,29.48,159.22131,192.6,2.11,0.8757837,0.6,47.145174027334,Good
5831,SAVANDAPUR,CWC,33,Tamil Nadu,573,Erode,Gobichettipalayam,-,-,Cauvery,Cauvery,Bhavani,-,-,Bhavani,11.52,77.51,03-07-2001 09:30,268.0,Clear,odour free,28.6,0.0,52.91,25.83,5.6,147.06,2.92,18.6,7.6,24.63,120.540985,144.44167,1.53,0.67412275,0.4,38.32985299360564,Good
5832,SAVANDAPUR,CWC,33,Tamil Nadu,573,Erode,Gobichettipalayam,-,-,Cauvery,Cauvery,Bhavani,-,-,Bhavani,11.52,77.51,01-08-2001 09:30,298.0,Clear,odour free,27.7,0.0,32.06,15.37,5.6,137.05,11.65,14.6,7.67,17.07,112.33607,128.69167,1.27,0.5614752,1.2,50.09306644371851,Poor
5833,SAVANDAPUR,CWC,33,Tamil Nadu,573,Erode,Gobichettipalayam,-,-,Cauvery,Cauvery,Bhavani,-,-,Bhavani,11.52,77.51,01-09-2001 09:30,213.0,Clear,odour free,27.7,0.0,24.05,15.72,6.8,100.07,7.78,12.0,7.38,15.77,82.02459,92.541664,0.638,0.5441303,0.7,35.84839742123294,Good
5834,SAVANDAPUR,CWC,33,Tamil Nadu,573,Erode,Gobichettipalayam,-,-,Cauvery,Cauvery,Bhavani,-,-,Bhavani,11.52,77.51,01-10-2001 09:30,327.0,Clear,odour free,29.2,0.0,40.08,45.24,6.2,79.34,8.75,17.9,7.53,33.46,65.03278,136.65834,1.56,0.66762275,1.0,44.66941680099195,Good
5835,SAVANDAPUR,CWC,33,Tamil Nadu,573,Erode,Gobichettipalayam,-,-,Cauvery,Cauvery,Bhavani,-,-,Bhavani,11.52,77.51,01-11-2001 09:30,542.0,Clear,odour free,28.7,0.0,44.89,20.12,6.0,233.42,26.25,23.0,7.82,37.72,191.32787,221.6,2.45,0.67447656,0.8,49.42400755301478,Good
5836,SAVANDAPUR,CWC,33,Tamil Nadu,573,Erode,Gobichettipalayam,-,-,Cauvery,Cauvery,Bhavani,-,-,Bhavani,11.52,77.51,01-12-2001 09:30,360.0,Clear,odour free,27.7,0.0,48.1,42.12,5.9,205.85,16.53,40.0,7.96,27.91,168.7295,189.125,2.34,1.2688438,0.6,46.81991588575198,Good
5837,SAVANDAPUR,CWC,33,Tamil Nadu,573,Erode,Gobichettipalayam,-,-,Cauvery,Cauvery,Bhavani,-,-,Bhavani,11.52,77.51,01-01-2002 09:30,340.0,Clear,odour free,26.7,0.0,46.49,28.82,5.8,227.51,18.47,28.4,7.83,24.009,186.4836,193.18333,2.04,0.8915295,0.6,45.68807111470107,Good
5838,SAVANDAPUR,CWC,33,Tamil Nadu,573,Erode,Gobichettipalayam,-,-,Cauvery,Cauvery,Bhavani,-,-,Bhavani,11.52,77.51,01-02-2002 09:30,361.0,Clear,odour free,26.6,0.0,36.87,24.61,5.8,140.84,10.69,20.0,7.53,23.14,115.44262,136.71666,3.21,0.7460237,0.5,41.216221585833054,Good
5839,SAVANDAPUR,CWC,33,Tamil Nadu,573,Erode,Gobichettipalayam,-,-,Cauvery,Cauvery,Bhavani,-,-,Bhavani,11.52,77.51,01-03-2002 09:30,340.0,Clear,odour free,28.3,0.0,30.46,26.84,5.8,112.73,5.83,19.8,7.34,21.83,92.40164,100.441666,1.28,0.86128414,0.9,41.4848083007058,Good
5840,SAVANDAPUR,CWC,33,Tamil Nadu,573,Erode,Gobichettipalayam,-,-,Cauvery,Cauvery,Bhavani,-,-,Bhavani,11.52,77.51,01-04-2002 09:10,295.0,Clear,odour free,29.5,0.0,25.65,22.3,5.7,95.49,11.67,18.9,6.94,22.64,78.27049,112.75,4.2,0.7767519,2.3,61.05880448459631,Poor
5841,SAVANDAPUR,CWC,33,Tamil Nadu,573,Erode,Gobichettipalayam,-,-,Cauvery,Cauvery,Bhavani,-,-,Bhavani,11.52,77.51,01-05-2002 08:20,460.0,Clear,odour free,32.2,0.0,43.29,30.37,5.7,207.71,18.47,23.4,7.53,32.77,170.2541,185.18333,2.68,0.7503384,2.4,68.05805568517813,Poor
5842,SAVANDAPUR,CWC,33,Tamil Nadu,573,Erode,Gobichettipalayam,-,-,Cauvery,Cauvery,Bhavani,-,-,Bhavani,11.52,77.51,01-06-2002 08:40,495.0,Clear,odour free,31.7,0.0,40.08,26.57,5.8,222.52,20.42,37.4,7.44,26.44,182.39345,185.28334,1.54,1.1992157,2.0,60.40427224454354,Poor
5843,SAVANDAPUR,CWC,33,Tamil Nadu,573,Erode,Gobichettipalayam,-,-,Cauvery,Cauvery,Bhavani,-,-,Bhavani,11.52,77.51,01-07-2002 08:30,400.0,Clear,odour free,30.2,0.0,43.29,29.66,5.6,191.31,19.44,23.0,7.54,28.98,156.81148,189.225,3.04,0.7296421,2.0,63.52489287042778,Poor
5844,SAVANDAPUR,CWC,33,Tamil Nadu,573,Erode,Gobichettipalayam,-,-,Cauvery,Cauvery,Bhavani,-,-,Bhavani,11.52,77.51,01-08-2002 09:30,430.0,Clear,odour free,29.7,0.0,43.29,32.49,5.7,169.45,15.56,20.2,7.08,25.67,138.89343,173.05833,3.35,0.66988784,1.1,46.46095168423228,Good
5845,SAVANDAPUR,CWC,33,Tamil Nadu,573,Erode,Gobichettipalayam,-,-,Cauvery,Cauvery,Bhavani,-,-,Bhavani,11.52,77.51,02-09-2002 09:30,298.0,Clear,odour free,29.7,0.0,30.46,16.64,5.7,132.66,12.64,15.0,7.87,12.87,108.73771,128.81667,1.94,0.57667595,0.5,43.18319819217257,Good
5846,SAVANDAPUR,CWC,33,Tamil Nadu,573,Erode,Gobichettipalayam,-,-,Cauvery,Cauvery,Bhavani,-,-,Bhavani,11.52,77.51,01-10-2002 09:30,345.0,Clear,odour free,32.3,0.0,35.27,20.73,6.0,137.4,14.58,16.4,7.84,19.52,112.62295,148.925,3.42,0.5863872,1.4,56.57165812131401,Poor
5847,SAVANDAPUR,CWC,33,Tamil Nadu,573,Erode,Gobichettipalayam,-,-,Cauvery,Cauvery,Bhavani,-,-,Bhavani,11.52,77.51,01-11-2002 09:30,450.0,Light Brown,odour free,31.2,0.0,48.1,26.89,6.0,225.62,20.42,27.6,7.94,32.32,184.93442,205.33333,8.18,0.8404634,0.8,56.75522188607787,Poor
5848,SAVANDAPUR,CWC,33,Tamil Nadu,573,Erode,Gobichettipalayam,-,-,Cauvery,Cauvery,Bhavani,-,-,Bhavani,11.52,77.51,02-12-2002 09:15,291.0,Light Brown,odour free,29.7,0.0,27.25,22.3,6.0,140.92,17.5,15.1,7.37,19.13,115.508194,141.04167,5.72,0.5551134,0.8,46.97959796191203,Good
5849,SAVANDAPUR,CWC,33,Tamil Nadu,573,Erode,Gobichettipalayam,-,-,Cauvery,Cauvery,Bhavani,-,-,Bhavani,11.52,77.51,01-01-2003 09:30,341.0,Clear,odour free,26.7,0.0,36.87,19.49,6.2,148.19,10.69,16.2,7.81,16.74,121.46722,136.71666,5.78,0.6042792,0.8,50.028623492616084,Poor
5850,SAVANDAPUR,CWC,33,Tamil Nadu,573,Erode,Gobichettipalayam,-,-,Cauvery,Cauvery,Bhavani,-,-,Bhavani,11.52,77.51,01-02-2003 09:30,348.0,Clear,odour free,27.2,0.0,30.46,24.04,6.3,139.43,14.58,16.4,7.88,16.71,114.28688,136.9,6.56,0.6117162,1.1,55.82058553579093,Poor
5851,SAVANDAPUR,CWC,33,Tamil Nadu,573,Erode,Gobichettipalayam,-,-,Cauvery,Cauvery,Bhavani,-,-,Bhavani,11.52,77.51,01-03-2003 09:00,548.0,Clear,odour free,29.2,0.0,33.67,26.63,5.3,238.79,33.05,24.8,8.14,26.72,195.7295,221.88333,10.4,0.7272931,1.3,71.34894472375892,Poor
5852,SAVANDAPUR,CWC,33,Tamil Nadu,573,Erode,Gobichettipalayam,-,-,Cauvery,Cauvery,Bhavani,-,-,Bhavani,11.52,77.51,01-04-2003 09:30,276.0,Clear,odour free,29.2,0.0,20.84,18.84,5.3,83.96,11.67,13.7,7.5,16.57,68.81967,100.725,4.52,0.59586877,3.1,78.40087544530023,Very Poor
5853,SAVANDAPUR,CWC,33,Tamil Nadu,573,Erode,Gobichettipalayam,-,-,Cauvery,Cauvery,Bhavani,-,-,Bhavani,11.52,77.51,01-05-2003 08:50,379.0,Clear,odour free,31.7,0.0,20.84,25.89,5.5,104.74,18.47,22.3,8.05,26.1,85.852455,129.05833,8.35,0.85738367,2.5,80.82154010891078,Very Poor
5854,SAVANDAPUR,CWC,33,Tamil Nadu,573,Erode,Gobichettipalayam,-,-,Cauvery,Cauvery,Bhavani,-,-,Bhavani,11.52,77.51,02-06-2003 08:30,394.0,Clear,odour free,30.2,0.0,28.86,25.97,5.6,175.99,13.61,28.7,8.06,28.8,144.2541,128.85834,0.98,1.1033796,3.6,86.2865429467309,Very Poor
5855,SAVANDAPUR,CWC,33,Tamil Nadu,573,Erode,Gobichettipalayam,-,-,Cauvery,Cauvery,Bhavani,-,-,Bhavani,11.52,77.51,01-07-2003 08:30,418.0,Clear,odour free,30.2,0.0,28.86,29.32,5.4,143.22,17.5,28.4,7.98,28.41,117.39344,145.06667,10.5,1.029389,3.0,89.99904583810228,Very Poor
5856,SAVANDAPUR,CWC,33,Tamil Nadu,573,Erode,Gobichettipalayam,-,-,Cauvery,Cauvery,Bhavani,-,-,Bhavani,11.52,77.51,01-08-2003 08:30,350.0,Clear,odour free,30.1,0.0,24.05,26.26,5.7,106.09,8.75,20.9,8.12,16.38,86.959015,96.58333,5.25,0.9277881,2.0,69.08264577044288,Poor
5857,SAVANDAPUR,CWC,33,Tamil Nadu,573,Erode,Gobichettipalayam,-,-,Cauvery,Cauvery,Bhavani,-,-,Bhavani,11.52,77.51,01-09-2003 08:45,380.0,Clear,odour free,31.2,0.0,27.25,31.74,5.7,107.54,11.67,25.9,7.86,20.65,88.147545,116.75,8.68,1.0459615,2.8,82.1526828330909,Very Poor
5858,SAVANDAPUR,CWC,33,Tamil Nadu,573,Erode,Gobichettipalayam,-,-,Cauvery,Cauvery,Bhavani,-,-,Bhavani,11.52,77.51,01-10-2003 08:30,340.0,Clear,odour free,30.8,8.0,30.46,26.01,5.7,89.47,10.69,23.3,8.42,36.43,86.6694,120.691666,0.91,0.9252333,3.1,82.06978381376477,Very Poor
5859,SAVANDAPUR,CWC,33,Tamil Nadu,573,Erode,Gobichettipalayam,-,-,Cauvery,Cauvery,Bhavani,-,-,Bhavani,11.52,77.51,01-11-2003 09:15,350.0,Clear,odour free,30.7,0.0,24.05,29.37,5.6,101.83,10.69,23.6,7.85,20.56,83.46722,104.666664,0.78,1.0066379,1.3,52.169537465067485,Poor
5860,SAVANDAPUR,CWC,33,Tamil Nadu,573,Erode,Gobichettipalayam,-,-,Cauvery,Cauvery,Bhavani,-,-,Bhavani,11.52,77.51,01-12-2003 09:15,264.0,Clear,odour free,28.5,0.0,22.44,22.93,5.4,94.71,8.75,21.5,7.99,18.76,77.63115,92.558334,0.67,0.97504014,0.8,46.74123858735913,Good
5861,SAVANDAPUR,CWC,33,Tamil Nadu,573,Erode,Gobichettipalayam,-,-,Cauvery,Cauvery,Bhavani,-,-,Bhavani,11.52,77.51,01-01-2004 09:00,330.0,Clear,odour free,28.4,0.0,17.64,15.82,5.8,96.76,7.78,23.0,8.2,17.17,79.31148,76.51666,0.865,1.1473895,0.9,49.03009064611251,Good
5862,SAVANDAPUR,CWC,33,Tamil Nadu,573,Erode,Gobichettipalayam,-,-,Cauvery,Cauvery,Bhavani,-,-,Bhavani,11.52,77.51,03-02-2004 08:30,435.0,Clear,odour free,28.7,8.1,32.06,27.02,5.9,94.71,8.75,20.9,8.35,24.29,91.13115,116.60834,0.639,0.8440813,3.6,87.05838162624987,Very Poor
5863,SAVANDAPUR,CWC,33,Tamil Nadu,573,Erode,Gobichettipalayam,-,-,Cauvery,Cauvery,Bhavani,-,-,Bhavani,11.52,77.51,01-03-2004 08:30,362.0,Clear,odour free,28.2,8.14,30.46,32.96,7.7,128.22,13.61,32.1,8.72,38.11,118.66503,132.85832,0.564,1.2152877,6.8,130.01320532194353,Unsuitable
5864,SAVANDAPUR,CWC,33,Tamil Nadu,573,Erode,Gobichettipalayam,-,-,Cauvery,Cauvery,Bhavani,-,-,Bhavani,11.52,77.51,01-04-2004 08:30,366.0,Clear,odour free,31.0,8.35,28.86,36.84,7.6,101.83,12.64,31.7,8.82,38.65,97.38388,124.81667,2.88,1.2381694,5.9,121.62936570949975,Unsuitable
5865,SAVANDAPUR,CWC,33,Tamil Nadu,573,Erode,Gobichettipalayam,-,-,Cauvery,Cauvery,Bhavani,-,-,Bhavani,11.52,77.51,01-05-2004 08:30,415.0,Clear,odour free,33.0,0.0,28.86,34.83,6.3,120.53,12.64,32.5,7.79,28.0,98.79508,124.81667,2.69,1.2694166,2.6,70.25128625093393,Poor
5866,SAVANDAPUR,CWC,33,Tamil Nadu,573,Erode,Gobichettipalayam,-,-,Cauvery,Cauvery,Bhavani,-,-,Bhavani,11.52,77.51,01-06-2004 08:30,239.0,Light Brown,odour free,30.0,0.0,24.05,15.51,5.9,88.35,8.75,17.3,7.88,21.0,72.41803,96.58333,4.71,0.76797765,1.1,53.40133703880333,Poor
5867,SAVANDAPUR,CWC,33,Tamil Nadu,573,Erode,Gobichettipalayam,-,-,Cauvery,Cauvery,Bhavani,-,-,Bhavani,11.52,77.51,01-07-2004 08:30,120.0,Clear,odour free,29.8,0.0,9.62,9.16,6.0,43.64,7.78,6.2,7.37,10.48,35.770493,56.466667,2.64,0.3603356,0.7,39.6006452517208,Good
5868,SAVANDAPUR,CWC,33,Tamil Nadu,573,Erode,Gobichettipalayam,-,-,Cauvery,Cauvery,Bhavani,-,-,Bhavani,11.52,77.51,02-08-2004 09:15,280.0,Clear,odour free,30.2,0.0,27.25,17.04,6.2,92.23,9.72,12.3,7.93,15.63,75.598366,108.625,4.52,0.5148527,1.3,55.80971954230054,Poor
5869,SAVANDAPUR,CWC,33,Tamil Nadu,573,Erode,Gobichettipalayam,-,-,Cauvery,Cauvery,Bhavani,-,-,Bhavani,11.52,77.51,01-09-2004 09:15,233.0,Clear,odour free,31.6,0.0,22.44,14.88,6.3,87.27,12.64,10.3,7.92,13.3,71.53278,108.76667,4.06,0.4311133,1.4,56.511519891466776,Poor
5870,SAVANDAPUR,CWC,33,Tamil Nadu,573,Erode,Gobichettipalayam,-,-,Cauvery,Cauvery,Bhavani,-,-,Bhavani,11.52,77.51,01-10-2004 09:15,289.0,Clear,odour free,29.2,0.0,30.46,20.46,6.4,116.65,13.61,13.9,7.93,17.9,95.61475,132.85832,2.54,0.5262461,1.1,50.94122639193571,Poor
5871,SAVANDAPUR,CWC,33,Tamil Nadu,573,Erode,Gobichettipalayam,-,-,Cauvery,Cauvery,Bhavani,-,-,Bhavani,11.52,77.51,01-11-2004 09:15,326.0,Clear,odour free,27.5,0.0,32.06,21.46,6.3,114.13,11.67,17.7,7.94,22.23,93.54918,128.77501,2.24,0.68047374,0.7,45.3027535542547,Good
5872,SAVANDAPUR,CWC,33,Tamil Nadu,573,Erode,Gobichettipalayam,-,-,Cauvery,Cauvery,Bhavani,-,-,Bhavani,11.52,77.51,01-12-2004 08:30,600.0,Clear,odour free,23.7,0.0,40.08,39.06,6.2,209.97,32.08,43.4,7.86,69.01,172.10655,233.86668,2.13,1.2393992,0.6,47.06702810080755,Good
5873,SAVANDAPUR,CWC,33,Tamil Nadu,573,Erode,Gobichettipalayam,-,-,Cauvery,Cauvery,Bhavani,-,-,Bhavani,11.52,77.51,01-01-2005 09:15,339.0,Clear,odour free,24.5,0.0,33.67,21.35,6.4,118.3,11.67,18.0,7.76,24.8,96.96722,132.8,1.7,0.6813978,0.5,40.04014689660928,Good
5874,SAVANDAPUR,CWC,33,Tamil Nadu,573,Erode,Gobichettipalayam,-,-,Cauvery,Cauvery,Bhavani,-,-,Bhavani,11.52,77.51,01-02-2005 09:30,313.0,Clear,odour free,25.5,0.0,32.06,23.29,6.1,110.91,11.67,17.1,7.63,30.9,90.909836,128.77501,1.58,0.6574068,3.0,73.14708574240547,Poor
5875,SAVANDAPUR,CWC,33,Tamil Nadu,573,Erode,Gobichettipalayam,-,-,Cauvery,Cauvery,Bhavani,-,-,Bhavani,11.52,77.51,01-03-2005 09:15,465.0,Clear,odour free,26.5,0.0,32.06,19.21,6.2,121.08,11.67,15.8,7.66,22.07,99.2459,128.77501,1.03,0.6074285,1.3,49.53543390302351,Good
5876,SAVANDAPUR,CWC,33,Tamil Nadu,573,Erode,Gobichettipalayam,-,-,Cauvery,Cauvery,Bhavani,-,-,Bhavani,11.52,77.51,01-04-2005 09:15,390.0,Clear,odour free,29.5,0.0,36.87,27.05,6.3,148.69,14.58,17.6,7.42,16.07,121.87705,152.925,0.625,0.62097347,0.5,36.3287138086779,Good
5877,SAVANDAPUR,CWC,33,Tamil Nadu,573,Erode,Gobichettipalayam,-,-,Cauvery,Cauvery,Bhavani,-,-,Bhavani,11.52,77.51,02-05-2005 08:45,393.0,Clear,odour free,30.0,0.0,40.08,29.26,6.4,147.49,13.61,19.3,7.56,34.96,120.89345,156.90834,1.13,0.6721257,1.7,54.25371169086905,Poor
5878,SAVANDAPUR,CWC,33,Tamil Nadu,573,Erode,Gobichettipalayam,-,-,Cauvery,Cauvery,Bhavani,-,-,Bhavani,11.52,77.51,01-06-2005 08:45,446.0,Clear,odour free,29.5,0.0,48.1,35.46,6.5,155.1,11.67,25.8,7.44,34.59,127.13115,168.875,1.3,0.86572975,0.9,42.253103274476615,Good
5879,SAVANDAPUR,CWC,33,Tamil Nadu,573,Erode,Gobichettipalayam,-,-,Cauvery,Cauvery,Bhavani,-,-,Bhavani,11.52,77.51,01-07-2005 08:45,419.0,Clear,odour free,27.0,0.0,46.49,31.52,6.6,176.22,19.44,20.5,7.16,31.33,144.44263,197.225,1.36,0.6369477,1.3,45.92565962035227,Good
5880,SAVANDAPUR,CWC,33,Tamil Nadu,573,Erode,Gobichettipalayam,-,-,Cauvery,Cauvery,Bhavani,-,-,Bhavani,11.52,77.51,01-08-2005 09:15,285.0,Clear,odour free,28.0,0.0,30.46,19.9,5.0,118.03,11.67,12.8,7.25,11.63,96.7459,124.775,1.09,0.4999519,1.3,48.634467859300244,Good
5881,SAVANDAPUR,CWC,33,Tamil Nadu,573,Erode,Gobichettipalayam,-,-,Cauvery,Cauvery,Bhavani,-,-,Bhavani,11.52,77.51,01-09-2005 09:15,401.0,Clear,odour free,28.5,0.0,38.48,25.24,4.9,160.71,14.58,20.5,7.58,17.72,131.7295,156.95,1.22,0.7139193,1.0,48.969154551560244,Good
5882,SAVANDAPUR,CWC,33,Tamil Nadu,573,Erode,Gobichettipalayam,-,-,Cauvery,Cauvery,Bhavani,-,-,Bhavani,11.52,77.51,01-10-2005 09:15,290.0,Clear,odour free,27.0,0.0,27.69,18.86,5.3,118.03,7.95,15.7,7.33,7.55,96.7459,102.35,1.62,0.67683697,1.0,44.59231909604656,Good
5883,SAVANDAPUR,CWC,33,Tamil Nadu,573,Erode,Gobichettipalayam,-,-,Cauvery,Cauvery,Bhavani,-,-,Bhavani,11.52,77.51,02-11-2005 09:15,393.0,Light Brown,odour free,27.5,0.0,28.86,28.95,6.0,142.33,16.53,26.9,7.82,27.84,116.66393,141.02501,2.71,0.9888173,1.2,53.004058606752835,Poor
5884,SAVANDAPUR,CWC,33,Tamil Nadu,573,Erode,Gobichettipalayam,-,-,Cauvery,Cauvery,Bhavani,-,-,Bhavani,11.52,77.51,01-12-2005 09:15,337.0,Clear,odour free,25.5,0.0,24.78,33.92,6.1,113.87,13.26,22.6,7.71,19.58,93.33607,117.200005,3.28,0.9112067,1.4,54.392163945884406,Poor
5885,SAVANDAPUR,CWC,33,Tamil Nadu,573,Erode,Gobichettipalayam,-,-,Cauvery,Cauvery,Bhavani,-,-,Bhavani,11.52,77.51,02-01-2006 09:15,473.0,Clear,odour free,24.5,0.0,43.29,36.88,6.0,212.59,22.36,30.1,7.89,12.91,174.25409,201.39168,3.24,0.9257581,0.8,50.353849778442786,Poor
5886,SAVANDAPUR,CWC,33,Tamil Nadu,573,Erode,Gobichettipalayam,-,-,Cauvery,Cauvery,Bhavani,-,-,Bhavani,11.52,77.51,01-02-2006 09:15,368.0,Clear,odour free,24.5,0.0,35.27,17.09,6.0,188.44,14.58,23.5,7.92,12.55,154.45901,148.925,2.82,0.84024996,5.4,110.77482586059581,Unsuitable
5887,SAVANDAPUR,CWC,33,Tamil Nadu,573,Erode,Gobichettipalayam,-,-,Cauvery,Cauvery,Bhavani,-,-,Bhavani,11.52,77.51,01-03-2006 09:15,364.0,Clear,odour free,24.0,0.0,33.67,26.79,7.9,173.94,13.61,20.6,7.96,8.63,142.57378,140.88333,1.11,0.7572675,0.2,33.77242287483905,Good
5888,SAVANDAPUR,CWC,33,Tamil Nadu,573,Erode,Gobichettipalayam,-,-,Cauvery,Cauvery,Bhavani,-,-,Bhavani,11.52,77.51,01-04-2006 09:15,242.0,Clear,odour free,28.5,0.0,20.84,22.85,6.8,96.16,7.78,13.8,7.7,8.84,78.81967,84.51667,1.8,0.65490097,0.9,42.91231524353412,Good
5889,SAVANDAPUR,CWC,33,Tamil Nadu,573,Erode,Gobichettipalayam,-,-,Cauvery,Cauvery,Bhavani,-,-,Bhavani,11.52,77.51,01-05-2006 08:50,323.0,Clear,odour free,30.5,0.0,27.25,21.81,6.5,139.43,12.64,18.6,7.86,17.76,114.28688,120.79167,1.36,0.73855746,1.4,52.47679696516287,Poor
5890,SAVANDAPUR,CWC,33,Tamil Nadu,573,Erode,Gobichettipalayam,-,-,Cauvery,Cauvery,Bhavani,-,-,Bhavani,11.52,77.51,02-06-2006 08:50,421.0,Clear,odour free,29.0,0.0,41.68,29.12,6.8,190.44,18.47,21.7,7.83,19.34,156.09836,181.15833,1.87,0.703549,1.2,50.79251482287345,Poor
5891,SAVANDAPUR,CWC,33,Tamil Nadu,573,Erode,Gobichettipalayam,-,-,Cauvery,Cauvery,Bhavani,-,-,Bhavani,11.52,77.51,01-07-2006 08:30,312.0,Clear,odour free,28.0,0.0,32.06,18.4,6.6,159.45,11.67,15.1,7.77,14.83,130.69672,128.77501,1.32,0.5805171,1.0,45.9318937616243,Good
5892,SAVANDAPUR,CWC,33,Tamil Nadu,573,Erode,Gobichettipalayam,-,-,Cauvery,Cauvery,Bhavani,-,-,Bhavani,11.52,77.51,01-08-2006 09:00,284.0,Clear,odour free,28.0,0.0,28.86,15.99,6.4,141.6,9.72,14.1,7.87,8.14,116.06558,112.65,1.68,0.5795159,1.4,52.77922378550876,Poor
5893,SAVANDAPUR,CWC,33,Tamil Nadu,573,Erode,Gobichettipalayam,-,-,Cauvery,Cauvery,Bhavani,-,-,Bhavani,11.52,77.51,01-09-2006 08:30,256.0,Clear,odour free,28.0,0.0,24.05,16.32,6.3,113.01,7.78,12.2,7.93,8.32,92.63115,92.541664,1.32,0.5531992,0.6,41.8528497413245,Good
5894,SAVANDAPUR,CWC,33,Tamil Nadu,573,Erode,Gobichettipalayam,-,-,Cauvery,Cauvery,Bhavani,-,-,Bhavani,11.52,77.51,03-10-2006 09:00,412.0,Clear,odour free,29.7,0.0,33.67,21.71,6.3,177.0,15.56,19.5,8.02,15.75,145.08197,149.00833,5.4,0.69713527,1.0,54.731717239337435,Poor
5895,SAVANDAPUR,CWC,33,Tamil Nadu,573,Erode,Gobichettipalayam,-,-,Cauvery,Cauvery,Bhavani,-,-,Bhavani,11.52,77.51,01-11-2006 08:30,320.0,Clear,odour free,25.0,0.0,28.86,20.18,6.6,126.42,9.72,17.2,7.7,15.41,103.62295,112.65,5.68,0.7069272,2.2,66.32881072356814,Poor
5896,SAVANDAPUR,CWC,33,Tamil Nadu,573,Erode,Gobichettipalayam,-,-,Cauvery,Cauvery,Bhavani,-,-,Bhavani,11.52,77.51,01-12-2006 08:00,448.0,Clear,odour free,26.0,0.0,40.08,33.02,5.7,182.68,16.53,28.7,7.97,31.66,149.7377,169.07501,,0.9630866,0.8,46.95078335936383,Good
5897,SAVANDAPUR,CWC,33,Tamil Nadu,573,Erode,Gobichettipalayam,-,-,Cauvery,Cauvery,Bhavani,-,-,Bhavani,11.52,77.51,02-01-2007 09:30,448.0,Clear,odour free,23.2,0.0,44.89,29.08,6.5,213.65,15.56,27.1,7.96,16.73,175.12294,177.05833,3.41,0.88846105,0.8,48.991887188826375,Good
5898,SAVANDAPUR,CWC,33,Tamil Nadu,573,Erode,Gobichettipalayam,-,-,Cauvery,Cauvery,Bhavani,-,-,Bhavani,11.52,77.51,01-02-2007 08:30,450.0,Clear,odour free,24.0,0.0,32.06,26.37,6.5,175.68,16.53,25.3,7.92,14.94,144.0,149.02501,2.78,0.904569,1.1,51.5556094101213,Poor
5899,SAVANDAPUR,CWC,33,Tamil Nadu,573,Erode,Gobichettipalayam,-,-,Cauvery,Cauvery,Bhavani,-,-,Bhavani,11.52,77.51,01-03-2007 08:30,296.0,Clear,odour free,27.0,0.0,22.44,24.3,7.1,126.25,10.69,20.2,7.9,12.75,103.483604,100.64166,1.54,0.87875456,0.9,44.33254270971435,Good
5900,SAVANDAPUR,CWC,33,Tamil Nadu,573,Erode,Gobichettipalayam,-,-,Cauvery,Cauvery,Bhavani,-,-,Bhavani,11.52,77.51,02-04-2007 08:45,252.0,Clear,odour free,30.0,0.0,17.64,17.82,6.6,98.09,7.78,15.0,7.73,7.01,80.401634,76.51666,1.86,0.7482975,0.3,35.57105575257921,Good
5901,SAVANDAPUR,CWC,33,Tamil Nadu,573,Erode,Gobichettipalayam,-,-,Cauvery,Cauvery,Bhavani,-,-,Bhavani,11.52,77.51,01-05-2007 09:40,287.0,Clear,odour free,31.5,0.0,24.05,19.6,6.2,115.0,9.72,16.2,7.68,14.0,94.2623,100.625,3.02,0.7046507,1.2,50.22542461292066,Poor
5902,SAVANDAPUR,CWC,33,Tamil Nadu,573,Erode,Gobichettipalayam,-,-,Cauvery,Cauvery,Bhavani,-,-,Bhavani,11.52,77.51,01-06-2007 09:00,482.0,Clear,odour free,29.0,0.0,43.29,25.33,6.7,185.44,14.58,22.4,7.83,25.76,152.0,168.975,3.09,0.75170696,1.1,50.65554168455021,Poor
5903,SAVANDAPUR,CWC,33,Tamil Nadu,573,Erode,Gobichettipalayam,-,-,Cauvery,Cauvery,Bhavani,-,-,Bhavani,11.52,77.51,02-07-2007 09:00,306.0,Clear,odour free,29.0,0.0,28.86,18.08,7.5,132.42,11.67,14.5,7.81,21.19,108.540985,120.775,3.19,0.5756938,0.5,39.40702762222407,Good
5904,SAVANDAPUR,CWC,33,Tamil Nadu,573,Erode,Gobichettipalayam,-,-,Cauvery,Cauvery,Bhavani,-,-,Bhavani,11.52,77.51,01-08-2007 09:00,265.0,Clear,odour free,29.0,0.0,25.65,14.0,7.5,126.88,9.72,12.5,7.71,9.39,104.0,104.625,3.23,0.53317314,0.5,38.0539859435357,Good
5905,SAVANDAPUR,CWC,33,Tamil Nadu,573,Erode,Gobichettipalayam,-,-,Cauvery,Cauvery,Bhavani,-,-,Bhavani,11.52,77.51,01-09-2007 09:00,323.0,Clear,odour free,28.0,0.0,33.67,18.27,8.2,160.24,12.64,19.1,7.99,13.92,131.34427,136.84166,3.44,0.7123526,0.4,38.649614225960555,Good
5906,SAVANDAPUR,CWC,33,Tamil Nadu,573,Erode,Gobichettipalayam,-,-,Cauvery,Cauvery,Bhavani,-,-,Bhavani,11.52,77.51,01-10-2007 09:00,494.0,Dark Green,odour free,29.0,0.0,3.21,8.0,7.5,9.86,1.94,2.9,7.14,3.26,8.081967,16.108334,0.756,0.31543928,0.5,27.46459686626687,Good
5907,SAVANDAPUR,CWC,33,Tamil Nadu,573,Erode,Gobichettipalayam,-,-,Cauvery,Cauvery,Bhavani,-,-,Bhavani,11.52,77.51,01-11-2007 08:00,227.0,Clear,odour free,29.0,0.0,20.84,18.36,8.0,93.19,7.78,14.5,7.81,16.97,76.38525,84.51667,2.62,0.68812054,1.7,52.737971826664754,Poor
5908,SAVANDAPUR,CWC,33,Tamil Nadu,573,Erode,Gobichettipalayam,-,-,Cauvery,Cauvery,Bhavani,-,-,Bhavani,11.52,77.51,01-12-2007 08:00,419.0,Clear,odour free,27.0,0.0,38.48,24.73,7.7,205.99,14.58,25.7,7.99,17.91,168.84427,156.95,2.77,0.895011,0.5,41.044008117339885,Good
5909,SAVANDAPUR,CWC,33,Tamil Nadu,573,Erode,Gobichettipalayam,-,-,Cauvery,Cauvery,Bhavani,-,-,Bhavani,11.52,77.51,01-01-2008 09:30,430.0,Green,odour free,25.0,0.0,44.89,38.45,7.9,213.03,17.5,31.5,8.03,27.14,174.61475,185.14166,3.18,1.0100669,0.5,42.126782288338326,Good
5910,SAVANDAPUR,CWC,33,Tamil Nadu,573,Erode,Gobichettipalayam,-,-,Cauvery,Cauvery,Bhavani,-,-,Bhavani,11.52,77.51,01-02-2008 09:00,408.0,Clear,odour free,28.0,0.0,33.67,27.05,7.5,177.45,14.58,26.2,7.95,24.25,145.45082,144.92499,2.47,0.9496866,0.4,39.26621450971276,Good
5911,SAVANDAPUR,CWC,33,Tamil Nadu,573,Erode,Gobichettipalayam,-,-,Cauvery,Cauvery,Bhavani,-,-,Bhavani,11.52,77.51,01-03-2008 09:00,153.0,Clear,odour free,26.5,0.0,16.03,11.11,8.0,84.41,7.78,8.2,7.23,4.99,69.18853,72.49167,1.16,0.4203254,0.5,28.979998883272135,Good
5912,SAVANDAPUR,CWC,33,Tamil Nadu,573,Erode,Gobichettipalayam,-,-,Cauvery,Cauvery,Bhavani,-,-,Bhavani,11.52,77.51,01-04-2008 09:00,340.0,Clear,odour free,29.5,0.0,25.65,25.73,6.4,137.91,11.67,25.7,8.01,19.42,113.040985,112.75,2.01,1.0562181,1.1,50.73896510533407,Poor
5913,SAVANDAPUR,CWC,33,Tamil Nadu,573,Erode,Gobichettipalayam,-,-,Cauvery,Cauvery,Bhavani,-,-,Bhavani,11.52,77.51,01-05-2008 09:00,283.0,Clear,odour free,30.0,0.0,24.05,19.32,7.5,124.02,9.72,16.7,7.68,19.11,101.65573,100.625,1.45,0.7263991,0.5,35.60299044800261,Good
5914,SAVANDAPUR,CWC,33,Tamil Nadu,573,Erode,Gobichettipalayam,-,-,Cauvery,Cauvery,Bhavani,-,-,Bhavani,11.52,77.51,02-06-2008 08:00,399.0,Clear,odour free,30.0,0.0,40.08,24.99,6.4,193.05,13.61,21.9,7.98,18.27,158.2377,156.90834,1.86,0.7626711,0.6,44.34686709984582,Good
5915,SAVANDAPUR,CWC,33,Tamil Nadu,573,Erode,Gobichettipalayam,-,-,Cauvery,Cauvery,Bhavani,-,-,Bhavani,11.52,77.51,01-07-2008 08:00,420.0,Clear,odour free,29.0,0.0,36.87,21.15,8.3,173.51,11.67,17.8,7.86,17.31,142.22131,140.8,1.48,0.65433097,1.1,44.231644698324516,Good
5916,SAVANDAPUR,CWC,33,Tamil Nadu,573,Erode,Gobichettipalayam,-,-,Cauvery,Cauvery,Bhavani,-,-,Bhavani,11.52,77.51,01-08-2008 08:00,416.0,Clear,odour free,29.0,0.0,38.48,21.15,6.4,191.91,11.67,19.9,8.06,13.05,157.30328,144.825,1.32,0.7212533,0.6,44.08841116330456,Good
5917,SAVANDAPUR,CWC,33,Tamil Nadu,573,Erode,Gobichettipalayam,-,-,Cauvery,Cauvery,Bhavani,-,-,Bhavani,11.52,77.51,01-09-2008 08:00,386.0,Clear,odour free,29.0,0.0,32.06,23.18,6.4,176.0,13.61,26.3,7.86,23.41,144.2623,136.85834,3.17,0.9809786,1.0,49.948139188007694,Good
5919,SAVANDAPUR,CWC,33,Tamil Nadu,573,Erode,Gobichettipalayam,-,-,Cauvery,Cauvery,Bhavani,-,-,Bhavani,11.52,77.51,03-10-2008 08:00,226.0,Clear,odour free,29.0,0.0,30.46,19.99,6.2,153.01,12.63,16.0,7.9,17.3,125.41803,128.775,,0.6152199,0.7,42.61415769290381,Good
5920,SAVANDAPUR,CWC,33,Tamil Nadu,573,Erode,Gobichettipalayam,-,-,Cauvery,Cauvery,Bhavani,-,-,Bhavani,11.52,77.51,01-11-2008 08:00,428.0,Clear,odour free,28.0,0.0,43.28,33.99,7.5,218.95,19.44,31.5,8.08,34.7,179.46721,189.2,0.137,0.9993588,1.1,48.2923638054986,Good
5921,SAVANDAPUR,CWC,33,Tamil Nadu,573,Erode,Gobichettipalayam,-,-,Cauvery,Cauvery,Bhavani,-,-,Bhavani,11.52,77.51,01-12-2008 08:00,474.0,Clear,odour free,27.0,0.0,44.88,154.99,6.7,347.97,16.52,244.0,7.63,217.91,285.2213,181.03334,0.277,7.911713,1.0,46.22384891029615,Good
5922,SAVANDAPUR,CWC,33,Tamil Nadu,573,Erode,Gobichettipalayam,-,-,Cauvery,Cauvery,Bhavani,-,-,Bhavani,11.52,77.51,01-01-2009 08:00,312.0,Clear,odour free,24.0,0.0,46.4,25.7,7.7,192.0,16.5,23.1,7.99,27.0,157.37704,184.75,,0.7414142,0.7,40.874010863655876,Good
5923,SAVANDAPUR,CWC,33,Tamil Nadu,573,Erode,Gobichettipalayam,-,-,Cauvery,Cauvery,Bhavani,-,-,Bhavani,11.52,77.51,02-02-2009 08:00,280.0,Clear,odour free,25.0,0.0,35.2,23.7,7.9,154.0,13.6,19.7,7.98,29.0,126.22951,144.66667,0.246,0.7146093,0.6,38.35946952525157,Good
5924,SAVANDAPUR,CWC,33,Tamil Nadu,573,Erode,Gobichettipalayam,-,-,Cauvery,Cauvery,Bhavani,-,-,Bhavani,11.52,77.51,02-03-2009 08:00,210.0,Clear,odour free,28.0,0.0,24.0,21.8,6.6,110.0,8.7,17.5,7.68,17.3,90.16393,96.25,1.87,0.7781965,0.8,42.25816656512789,Good
5925,SAVANDAPUR,CWC,33,Tamil Nadu,573,Erode,Gobichettipalayam,-,-,Cauvery,Cauvery,Bhavani,-,-,Bhavani,11.52,77.51,01-04-2009 08:00,227.0,Clear,odour free,29.0,0.0,20.8,25.7,6.5,115.0,12.6,19.1,7.75,17.0,94.2623,104.5,0.447,0.8156797,0.5,37.90287082319933,Good
5926,SAVANDAPUR,CWC,33,Tamil Nadu,573,Erode,Gobichettipalayam,-,-,Cauvery,Cauvery,Bhavani,-,-,Bhavani,11.52,77.51,01-05-2009 08:00,260.0,Clear,odour free,30.0,0.0,28.8,27.7,6.2,144.0,16.5,19.4,7.57,20.0,118.03278,140.75,0.095,0.7138213,2.0,57.68415973858236,Poor
5927,SAVANDAPUR,CWC,33,Tamil Nadu,573,Erode,Gobichettipalayam,-,-,Cauvery,Cauvery,Bhavani,-,-,Bhavani,11.52,77.51,01-06-2009 09:00,318.0,Light Brown,odour free,29.0,0.0,41.6,27.4,,158.0,12.6,19.1,7.53,35.0,129.5082,156.5,0.887,0.66593534,1.1,24.703326390544778,Excellent
5928,SAVANDAPUR,CWC,33,Tamil Nadu,573,Erode,Gobichettipalayam,-,-,Cauvery,Cauvery,Bhavani,-,-,Bhavani,11.52,77.51,01-07-2009 09:00,322.0,Clear,odour free,30.0,0.0,32.0,25.0,6.5,144.0,13.6,17.8,7.55,29.001,118.03278,136.66667,0.765,0.66439867,1.7,53.18003975809528,Poor
5929,SAVANDAPUR,CWC,33,Tamil Nadu,573,Erode,Gobichettipalayam,-,-,Cauvery,Cauvery,Bhavani,-,-,Bhavani,11.52,77.51,01-08-2009 09:00,320.0,Light Brown,odour free,29.0,0.0,27.2,16.7,5.8,136.6,9.7,11.7,7.6,13.3,111.96722,108.416664,1.52,0.49020812,1.8,56.882123576311066,Poor
5930,SAVANDAPUR,CWC,33,Tamil Nadu,573,Erode,Gobichettipalayam,-,-,Cauvery,Cauvery,Bhavani,-,-,Bhavani,11.52,77.51,01-09-2009 09:00,169.0,Clear,odour free,29.0,0.0,16.0,15.8,6.4,89.7,7.8,8.6,7.3,6.7,73.52459,72.5,,0.44080636,0.8,36.37586990060725,Good
5931,SAVANDAPUR,CWC,33,Tamil Nadu,573,Erode,Gobichettipalayam,-,-,Cauvery,Cauvery,Bhavani,-,-,Bhavani,11.52,77.51,01-10-2009 09:00,258.0,Clear,odour free,29.0,0.0,27.2,17.6,7.8,148.8,14.6,16.3,7.54,17.0,121.96722,128.83334,0.549,0.62682676,0.3,30.57221250576248,Good
5932,SAVANDAPUR,CWC,33,Tamil Nadu,573,Erode,Gobichettipalayam,-,-,Cauvery,Cauvery,Bhavani,-,-,Bhavani,11.52,77.51,03-11-2009 09:00,365.0,Clear,odour free,27.0,0.0,38.4,25.4,4.1,206.0,17.5,22.5,7.74,26.2,168.85246,168.91667,1.64,0.75548524,1.2,56.307464687753345,Poor
5933,SAVANDAPUR,CWC,33,Tamil Nadu,573,Erode,Gobichettipalayam,-,-,Cauvery,Cauvery,Bhavani,-,-,Bhavani,11.52,77.51,01-12-2009 09:05,382.0,Light Brown,odour free,26.5,0.0,40.0,27.3,5.1,192.0,15.6,23.1,7.72,29.8,157.37704,165.0,0.976,0.7846246,0.1,37.660968634651155,Good
5934,SAVANDAPUR,CWC,33,Tamil Nadu,573,Erode,Gobichettipalayam,-,-,Cauvery,Cauvery,Bhavani,-,-,Bhavani,11.52,77.51,01-01-2010 09:00,407.0,Light Brown,odour free,25.5,0.0,38.4,28.4,5.8,197.0,16.5,23.5,7.77,26.0,161.4754,164.75,1.84,0.7989165,1.2,52.37018841702831,Poor
5935,SAVANDAPUR,CWC,33,Tamil Nadu,573,Erode,Gobichettipalayam,-,-,Cauvery,Cauvery,Bhavani,-,-,Bhavani,11.52,77.51,01-02-2010 09:00,301.0,Other,odour free,25.5,0.0,33.6,21.5,6.0,136.8,5.8,19.6,7.72,26.0,112.13115,108.166664,1.28,0.8214947,1.0,46.100576357599316,Good
5936,SAVANDAPUR,CWC,33,Tamil Nadu,573,Erode,Gobichettipalayam,-,-,Cauvery,Cauvery,Bhavani,-,-,Bhavani,11.52,77.51,01-03-2010 09:00,235.0,Other,odour free,25.5,0.0,22.4,22.7,6.3,122.0,9.72,17.1,7.43,18.0,100.0,96.5,1.5,0.75959885,0.4,34.916900821848124,Good
5937,SAVANDAPUR,CWC,33,Tamil Nadu,573,Erode,Gobichettipalayam,-,-,Cauvery,Cauvery,Bhavani,-,-,Bhavani,11.52,77.51,01-04-2010 09:05,211.0,Other,odour free,28.5,0.0,20.842,25.52,5.2,87.84,3.89,15.7,7.1,0.7,72.0,68.31333,,0.8280842,0.6,34.389616296477335,Good
5938,SAVANDAPUR,CWC,33,Tamil Nadu,573,Erode,Gobichettipalayam,-,-,Cauvery,Cauvery,Bhavani,-,-,Bhavani,11.52,77.51,01-05-2010 10:10,364.0,Other,odour free,,0.0,38.47,28.36,5.0,151.28,13.61,18.6,7.6,41.52,124.0,152.88333,0.92,0.65625286,1.6,56.55244966160364,Poor
5939,SAVANDAPUR,CWC,33,Tamil Nadu,573,Erode,Gobichettipalayam,-,-,Cauvery,Cauvery,Bhavani,-,-,Bhavani,11.52,77.51,01-06-2010 09:05,382.0,Light Brown,odour free,,0.0,44.89,34.03,6.9,156.16,18.97,18.8,7.42,35.2,128.0,191.26666,0.85,0.5931643,1.6,50.922142539383536,Poor
5940,SAVANDAPUR,CWC,33,Tamil Nadu,573,Erode,Gobichettipalayam,-,-,Cauvery,Cauvery,Bhavani,-,-,Bhavani,11.52,77.51,01-07-2010 09:10,377.0,Light Brown,odour free,,0.0,43.28,36.87,6.6,170.8,16.53,19.3,7.55,11.5,140.0,177.075,7.17,0.6327891,1.4,57.468907780533165,Poor
5941,SAVANDAPUR,CWC,33,Tamil Nadu,573,Erode,Gobichettipalayam,-,-,Cauvery,Cauvery,Bhavani,-,-,Bhavani,11.52,77.51,02-08-2010 08:50,292.0,Light Brown,odour free,28.0,0.0,33.67,25.52,7.1,146.4,12.64,13.4,7.47,10.8,119.99999,136.84166,4.92,0.49976566,0.5,39.578892071828264,Good
5942,SAVANDAPUR,CWC,33,Tamil Nadu,573,Erode,Gobichettipalayam,-,-,Cauvery,Cauvery,Bhavani,-,-,Bhavani,11.52,77.51,01-09-2010 08:50,186.0,Light Brown,odour free,,0.0,19.24,19.82,7.1,97.8,9.72,11.7,7.29,9.41,80.16394,88.6,5.41,0.5425103,0.8,41.51105058300349,Good
5943,SAVANDAPUR,CWC,33,Tamil Nadu,573,Erode,Gobichettipalayam,-,-,Cauvery,Cauvery,Bhavani,-,-,Bhavani,11.52,77.51,01-10-2010 09:10,383.0,Light Brown,odour free,,0.0,38.48,36.34,7.2,180.56,13.61,20.0,7.66,16.24,148.0,152.90833,5.5,0.7055903,0.4,40.92346851880554,Good
5944,SAVANDAPUR,CWC,33,Tamil Nadu,573,Erode,Gobichettipalayam,-,-,Cauvery,Cauvery,Bhavani,-,-,Bhavani,11.52,77.51,01-11-2010 08:55,402.0,Light Brown,odour free,28.5,0.0,51.3,39.65,7.3,239.12,18.47,28.3,7.8,22.47,196.0,205.20833,8.23,0.86186016,1.0,54.72294523045925,Poor
5945,SAVANDAPUR,CWC,33,Tamil Nadu,573,Erode,Gobichettipalayam,-,-,Cauvery,Cauvery,Bhavani,-,-,Bhavani,11.52,77.51,01-12-2010 08:50,114.0,Light Brown,odour free,27.0,0.0,56.11,95.81,7.6,331.84,42.78,63.2,8.02,59.17,272.0,318.525,14.5,1.5464046,0.7,63.908158277298234,Poor
5946,SAVANDAPUR,CWC,33,Tamil Nadu,573,Erode,Gobichettipalayam,-,-,Cauvery,Cauvery,Bhavani,-,-,Bhavani,11.52,77.51,01-01-2011 09:00,413.0,Light Brown,odour free,26.0,0.0,48.1,56.17,7.4,234.24,21.39,32.2,8.11,33.47,192.0,209.375,3.8,0.9710894,0.3,42.984608457723304,Good
5947,SAVANDAPUR,CWC,33,Tamil Nadu,573,Erode,Gobichettipalayam,-,-,Cauvery,Cauvery,Bhavani,-,-,Bhavani,11.52,77.51,01-02-2011 09:10,298.0,Light Brown,odour free,26.0,0.0,36.87,46.26,7.1,161.04,11.67,24.6,8.06,16.45,132.0,140.8,1.53,0.9043002,1.3,51.97187811372345,Poor
5948,SAVANDAPUR,CWC,33,Tamil Nadu,573,Erode,Gobichettipalayam,-,-,Cauvery,Cauvery,Bhavani,-,-,Bhavani,11.52,77.51,01-03-2011 08:55,321.0,Clear,odour free,27.8,0.0,28.86,39.7,7.0,131.76,11.67,21.6,7.8,12.9,107.99999,120.775,1.63,0.85758525,1.3,49.52853612217241,Good
5949,SAVANDAPUR,CWC,33,Tamil Nadu,573,Erode,Gobichettipalayam,-,-,Cauvery,Cauvery,Bhavani,-,-,Bhavani,11.52,77.51,01-04-2011 09:05,243.0,Clear,odour free,30.0,0.0,27.25,36.39,7.1,126.88,9.72,19.6,7.95,12.18,104.0,108.625,1.55,0.82041574,0.5,39.4326591992942,Good
5950,SAVANDAPUR,CWC,33,Tamil Nadu,573,Erode,Gobichettipalayam,-,-,Cauvery,Cauvery,Bhavani,-,-,Bhavani,11.52,77.51,02-05-2011 09:15,329.0,Light Brown,odour free,31.5,0.0,36.87,47.22,7.5,180.56,16.53,25.7,8.05,19.54,148.0,161.05,2.17,0.88373727,1.4,53.77576407236079,Poor
5951,SAVANDAPUR,CWC,33,Tamil Nadu,573,Erode,Gobichettipalayam,-,-,Cauvery,Cauvery,Bhavani,-,-,Bhavani,11.52,77.51,01-06-2011 08:50,350.0,Dark Brown,odour free,31.5,0.0,44.89,31.48,7.5,176.37,12.64,19.8,7.44,21.58,144.56557,164.89166,0.92,0.6724876,1.4,46.045331556702756,Good
5952,SAVANDAPUR,CWC,33,Tamil Nadu,573,Erode,Gobichettipalayam,-,-,Cauvery,Cauvery,Bhavani,-,-,Bhavani,11.52,77.51,01-07-2011 09:00,301.0,Dark Brown,odour free,28.5,0.0,38.48,28.33,7.1,133.61,8.75,15.6,7.75,13.95,109.516396,132.65833,0.779,0.5905711,1.5,50.28171977438918,Poor
5953,SAVANDAPUR,CWC,33,Tamil Nadu,573,Erode,Gobichettipalayam,-,-,Cauvery,Cauvery,Bhavani,-,-,Bhavani,11.52,77.51,01-08-2011 08:50,289.0,Dark Brown,odour free,27.0,0.0,51.3,31.48,7.0,144.3,3.89,16.8,8.07,13.88,118.278694,144.45833,0.75,0.6089409,1.2,49.19022935190042,Good
5954,SAVANDAPUR,CWC,33,Tamil Nadu,573,Erode,Gobichettipalayam,-,-,Cauvery,Cauvery,Bhavani,-,-,Bhavani,11.52,77.51,02-09-2011 09:00,191.0,Clear,odour free,27.0,0.0,22.44,15.74,7.0,90.85,6.81,10.9,8.13,11.0,74.46721,84.475,0.67,0.5172723,1.4,51.760065631209564,Poor
5955,SAVANDAPUR,CWC,33,Tamil Nadu,573,Erode,Gobichettipalayam,-,-,Cauvery,Cauvery,Bhavani,-,-,Bhavani,11.52,77.51,01-10-2011 08:55,158.0,Dark Brown,odour free,29.5,0.0,16.03,15.74,7.3,64.13,5.83,11.7,7.5,11.36,52.56557,64.36667,0.409,0.63622206,2.6,60.491186861557544,Poor
5956,SAVANDAPUR,CWC,33,Tamil Nadu,573,Erode,Gobichettipalayam,-,-,Cauvery,Cauvery,Bhavani,-,-,Bhavani,11.52,77.51,01-11-2011 09:05,347.0,Light Brown,odour free,28.0,0.0,35.27,37.78,7.5,171.02,17.5,22.1,7.7,26.14,140.18033,161.09167,0.35,0.75994873,1.0,42.883986551576136,Good
5957,SAVANDAPUR,CWC,33,Tamil Nadu,573,Erode,Gobichettipalayam,-,-,Cauvery,Cauvery,Bhavani,-,-,Bhavani,11.52,77.51,01-12-2011 09:05,464.0,Light Green,odour free,27.5,0.0,40.08,56.66,6.5,187.71,19.44,41.6,7.59,39.3,153.86066,181.20001,0.905,1.3487445,1.4,51.05924717658607,Poor
5958,SAVANDAPUR,CWC,33,Tamil Nadu,573,Erode,Gobichettipalayam,-,-,Cauvery,Cauvery,Bhavani,-,-,Bhavani,11.52,77.51,02-01-2012 09:00,400.0,Light Green,odour free,25.5,0.0,46.49,47.22,,181.71,11.67,29.9,7.85,24.6,148.94263,164.85,0.905,1.0155197,1.2,29.237280326315034,Good
5959,SAVANDAPUR,CWC,33,Tamil Nadu,573,Erode,Gobichettipalayam,-,-,Cauvery,Cauvery,Bhavani,-,-,Bhavani,11.52,77.51,01-02-2012 09:10,335.0,Brown,odour free,25.5,0.0,44.89,31.48,,171.02,8.75,22.8,7.15,17.77,140.18033,148.68333,0.65,0.81517285,1.2,21.66923775533725,Excellent
5960,SAVANDAPUR,CWC,33,Tamil Nadu,573,Erode,Gobichettipalayam,-,-,Cauvery,Cauvery,Bhavani,-,-,Bhavani,11.52,77.51,01-03-2012 09:10,210.0,Light Green,odour free,27.0,0.0,16.03,18.89,6.3,112.23,13.61,13.2,7.66,11.6,91.991806,96.78333,0.391,0.5860205,2.7,67.16394329343318,Poor
5961,SAVANDAPUR,CWC,33,Tamil Nadu,573,Erode,Gobichettipalayam,-,-,Cauvery,Cauvery,Bhavani,-,-,Bhavani,11.52,77.51,02-04-2012 09:00,180.0,Light Green,odour free,29.8,0.0,14.43,18.89,6.7,96.2,10.69,13.4,7.62,8.06,78.852455,80.61667,0.101,0.65170884,0.6,36.51112962239894,Good
5962,SAVANDAPUR,CWC,33,Tamil Nadu,573,Erode,Gobichettipalayam,-,-,Cauvery,Cauvery,Bhavani,-,-,Bhavani,11.52,77.51,01-05-2012 09:05,207.0,Clear,odour free,30.5,0.0,24.05,22.04,6.3,101.54,5.83,16.0,7.56,13.74,83.22951,84.416664,0.323,0.7593654,0.4,34.12873927825997,Good
5963,SAVANDAPUR,CWC,33,Tamil Nadu,573,Erode,Gobichettipalayam,-,-,Cauvery,Cauvery,Bhavani,-,-,Bhavani,11.52,77.51,01-06-2012 09:10,376.0,Light Green,odour free,30.0,0.0,40.08,37.78,5.7,154.99,17.5,20.0,7.68,28.34,127.040985,173.11667,0.269,0.66330904,1.9,59.41831033937002,Poor
5964,SAVANDAPUR,CWC,33,Tamil Nadu,573,Erode,Gobichettipalayam,-,-,Cauvery,Cauvery,Bhavani,-,-,Bhavani,11.52,77.51,02-07-2012 09:05,287.0,Light Green,odour free,31.0,0.0,38.48,25.18,6.0,133.61,6.81,16.9,7.72,17.62,109.516396,124.575,0.319,0.6600499,1.0,45.188549151684235,Good
5965,SAVANDAPUR,CWC,33,Tamil Nadu,573,Erode,Gobichettipalayam,-,-,Cauvery,Cauvery,Bhavani,-,-,Bhavani,11.52,77.51,01-08-2012 08:55,191.0,Clear,odour free,29.0,0.0,24.05,15.74,6.1,85.51,5.83,10.5,7.56,14.13,70.090164,84.416664,0.184,0.49833354,0.8,39.80260375403373,Good
5966,SAVANDAPUR,CWC,33,Tamil Nadu,573,Erode,Gobichettipalayam,-,-,Cauvery,Cauvery,Bhavani,-,-,Bhavani,11.52,77.51,01-09-2012 08:55,262.0,Clear,odour free,29.0,0.0,36.87,21.48,5.9,121.39,4.86,15.3,7.58,13.3,99.5,112.424995,0.21,0.62886125,1.4,48.986616072833705,Good
5968,SAVANDAPUR,CWC,33,Tamil Nadu,573,Erode,Gobichettipalayam,-,-,Cauvery,Cauvery,Bhavani,-,-,Bhavani,11.52,77.51,01-11-2012 09:05,596.0,Clear,odour free,26.5,0.0,67.33,55.86,6.0,252.49,14.58,41.4,7.82,31.5,206.95901,229.075,1.33,1.1926252,1.9,62.013227358044425,Poor
5969,SAVANDAPUR,CWC,33,Tamil Nadu,573,Erode,Gobichettipalayam,-,-,Cauvery,Cauvery,Bhavani,-,-,Bhavani,11.52,77.51,01-12-2012 08:30,386.0,Clear,odour free,26.0,0.0,36.87,34.37,5.7,179.66,18.47,21.8,7.49,26.18,147.2623,169.13333,0.402,0.7316038,0.7,41.65728499590666,Good
5970,SAVANDAPUR,CWC,33,Tamil Nadu,573,Erode,Gobichettipalayam,-,-,Cauvery,Cauvery,Bhavani,-,-,Bhavani,11.52,77.51,01-01-2013 08:30,463.0,Clear,odour free,,0.0,36.87,55.86,,199.08,19.44,38.2,7.59,27.72,163.18033,173.175,0.295,1.267023,0.8,21.57625257701846,Excellent
5971,SAVANDAPUR,CWC,33,Tamil Nadu,573,Erode,Gobichettipalayam,-,-,Cauvery,Cauvery,Bhavani,-,-,Bhavani,11.52,77.51,01-02-2013 08:30,349.0,Clear,odour free,27.0,0.0,38.48,38.67,6.1,155.38,14.58,20.3,7.36,18.07,127.36066,156.95,0.046,0.7069542,1.2,45.11583423506129,Good
5972,SAVANDAPUR,CWC,33,Tamil Nadu,573,Erode,Gobichettipalayam,-,-,Cauvery,Cauvery,Bhavani,-,-,Bhavani,11.52,77.51,01-03-2013 08:30,507.0,Clear,odour free,27.0,0.0,43.29,55.86,6.0,208.79,18.47,42.8,7.96,36.83,171.13934,185.18333,0.115,1.3724138,0.8,46.78698574304132,Good
5973,SAVANDAPUR,CWC,33,Tamil Nadu,573,Erode,Gobichettipalayam,-,-,Cauvery,Cauvery,Bhavani,-,-,Bhavani,11.52,77.51,01-04-2013 08:30,341.0,Clear,odour free,29.0,0.0,33.67,42.97,5.9,131.1,9.72,23.0,7.6,15.86,107.45902,124.674995,0.0866,0.89839906,0.9,42.99752226888503,Good
5974,SAVANDAPUR,CWC,33,Tamil Nadu,573,Erode,Gobichettipalayam,-,-,Cauvery,Cauvery,Bhavani,-,-,Bhavani,11.52,77.51,01-05-2013 08:35,329.0,Clear,odour free,33.0,0.0,33.67,42.97,6.1,126.25,7.78,23.8,7.46,14.71,103.483604,116.59166,0.113,0.9610932,2.1,57.101527011938266,Poor
5975,SAVANDAPUR,CWC,33,Tamil Nadu,573,Erode,Gobichettipalayam,-,-,Cauvery,Cauvery,Bhavani,-,-,Bhavani,11.52,77.51,01-06-2013 08:30,276.0,Clear,odour free,29.0,0.0,27.25,34.37,6.0,106.82,6.81,18.4,7.48,13.21,87.55737,96.5,0.073,0.8167961,2.5,62.48185690801502,Poor
5976,SAVANDAPUR,CWC,33,Tamil Nadu,573,Erode,Gobichettipalayam,-,-,Cauvery,Cauvery,Bhavani,-,-,Bhavani,11.52,77.51,01-07-2013 08:25,206.0,Clear,odour free,29.0,0.0,19.24,21.48,5.8,82.55,7.78,14.0,7.74,14.15,67.66394,80.51667,0.113,0.680765,2.7,68.02889473607867,Poor
5977,SAVANDAPUR,CWC,33,Tamil Nadu,573,Erode,Gobichettipalayam,-,-,Cauvery,Cauvery,Bhavani,-,-,Bhavani,11.52,77.51,01-08-2013 09:00,305.0,Clear,odour free,28.5,0.0,33.67,25.41,6.0,139.29,14.58,13.9,7.53,20.83,114.17213,144.92499,0.629,0.50384134,1.2,47.47971323859031,Good
5978,SAVANDAPUR,CWC,33,Tamil Nadu,573,Erode,Gobichettipalayam,-,-,Cauvery,Cauvery,Bhavani,-,-,Bhavani,11.52,77.51,02-09-2013 08:50,214.0,Clear,odour free,29.0,0.0,24.05,25.42,6.2,87.84,7.81,13.2,7.59,10.59,72.0,92.666664,0.327,0.5981423,1.0,43.02764151827301,Good
5979,SAVANDAPUR,CWC,33,Tamil Nadu,573,Erode,Gobichettipalayam,-,-,Cauvery,Cauvery,Bhavani,-,-,Bhavani,11.52,77.51,01-10-2013 09:00,320.0,Clear,odour free,28.5,0.0,23.67,16.44,6.7,114.38,11.48,9.4,7.7,8.3,93.7541,107.00833,0.72,0.39658335,0.8,41.1527317426916,Good
5980,SAVANDAPUR,CWC,33,Tamil Nadu,573,Erode,Gobichettipalayam,-,-,Cauvery,Cauvery,Bhavani,-,-,Bhavani,11.52,77.51,01-11-2013 09:00,248.0,Clear,odour free,28.0,0.0,28.4,24.18,6.9,124.39,9.57,15.0,7.93,13.22,101.959015,110.875,1.15,0.6214219,0.6,40.584289703351764,Good
5981,SAVANDAPUR,CWC,33,Tamil Nadu,573,Erode,Gobichettipalayam,-,-,Cauvery,Cauvery,Bhavani,-,-,Bhavani,11.52,77.51,02-12-2013 09:00,282.0,Clear,odour free,28.0,0.0,27.8,23.23,6.7,141.5,15.94,14.4,7.7,16.48,115.983604,135.91666,0.75,0.53918594,0.8,42.087834064412554,Good
5982,SAVANDAPUR,CWC,33,Tamil Nadu,573,Erode,Gobichettipalayam,-,-,Cauvery,Cauvery,Bhavani,-,-,Bhavani,11.52,77.51,01-01-2014 09:00,241.0,Clear,odour free,25.5,0.0,25.25,24.18,6.9,113.05,11.48,12.6,7.93,11.19,92.66394,110.95833,0.227,0.52199817,2.1,59.87798859645985,Poor
5983,SAVANDAPUR,CWC,33,Tamil Nadu,573,Erode,Gobichettipalayam,-,-,Cauvery,Cauvery,Bhavani,-,-,Bhavani,11.52,77.51,01-02-2014 08:30,320.0,Clear,odour free,26.0,0.0,29.85,26.21,6.7,135.97,19.18,14.3,7.67,26.71,111.45082,154.54167,0.622,0.5022177,1.1,46.26324304469296,Good
5984,SAVANDAPUR,CWC,33,Tamil Nadu,573,Erode,Gobichettipalayam,-,-,Cauvery,Cauvery,Bhavani,-,-,Bhavani,11.52,77.51,01-03-2014 08:30,363.0,Clear,odour free,25.0,0.0,34.0,32.06,6.9,154.59,14.72,22.2,7.68,16.02,126.71311,146.33333,0.702,0.80081445,1.9,56.27256983563037,Poor
5985,SAVANDAPUR,CWC,33,Tamil Nadu,573,Erode,Gobichettipalayam,-,-,Cauvery,Cauvery,Bhavani,-,-,Bhavani,11.52,77.51,01-04-2014 08:30,307.0,Clear,odour free,26.0,0.0,28.29,34.03,7.2,137.13,13.34,22.8,7.78,13.54,112.40164,126.308334,0.11,0.8853563,2.3,60.73198180691338,Poor
5986,SAVANDAPUR,CWC,33,Tamil Nadu,573,Erode,Gobichettipalayam,-,-,Cauvery,Cauvery,Bhavani,-,-,Bhavani,11.52,77.51,01-05-2014 08:30,261.0,Clear,odour free,26.0,0.0,25.15,32.14,5.5,108.76,9.53,20.1,7.58,12.37,89.147545,102.58333,0.316,0.865832,2.5,65.34082460368084,Poor
5987,SAVANDAPUR,CWC,33,Tamil Nadu,573,Erode,Gobichettipalayam,-,-,Cauvery,Cauvery,Bhavani,-,-,Bhavani,11.52,77.51,02-06-2014 08:30,252.0,Clear,odour free,30.5,0.0,22.0,28.36,6.9,104.03,9.53,21.8,7.52,17.5,85.27049,94.708336,1.03,0.97749203,1.4,47.135813812016146,Good
5989,SAVANDAPUR,CWC,33,Tamil Nadu,573,Erode,Gobichettipalayam,-,-,Cauvery,Cauvery,Bhavani,-,-,Bhavani,11.52,77.51,01-08-2014 08:30,219.0,Clear,odour free,28.0,0.0,22.19,22.27,6.1,92.95,7.69,14.6,7.6,9.9,76.18852,87.51667,1.06,0.6808237,1.3,48.2583113260448,Good
5990,SAVANDAPUR,CWC,33,Tamil Nadu,573,Erode,Gobichettipalayam,-,-,Cauvery,Cauvery,Bhavani,-,-,Bhavani,11.52,77.51,01-09-2014 08:50,212.0,Clear,odour free,28.0,0.0,25.25,20.59,6.7,98.92,5.74,13.8,7.6,7.47,81.08196,87.041664,1.04,0.64495623,1.4,47.867726112992194,Good
5991,SAVANDAPUR,CWC,33,Tamil Nadu,573,Erode,Gobichettipalayam,-,-,Cauvery,Cauvery,Bhavani,-,-,Bhavani,11.52,77.51,01-10-2014 08:30,345.0,Clear,odour free,29.0,0.0,15.42,35.57,7.09,183.0,30.85,25.9,7.89,19.08,150.0,167.09167,2.52,0.8759707,0.4,41.67509855640072,Good
5992,SAVANDAPUR,CWC,33,Tamil Nadu,573,Erode,Gobichettipalayam,-,-,Cauvery,Cauvery,Bhavani,-,-,Bhavani,11.52,77.51,01-11-2014 08:50,734.0,Clear,odour free,28.0,0.0,47.79,67.39,6.72,281.54,40.2,52.0,8.05,48.95,230.7705,286.975,11.0,1.3406495,1.0,65.3844413240975,Poor
5993,SAVANDAPUR,CWC,33,Tamil Nadu,573,Erode,Gobichettipalayam,-,-,Cauvery,Cauvery,Bhavani,-,-,Bhavani,11.52,77.51,01-12-2014 08:30,508.0,Clear,odour free,27.0,0.0,35.46,45.18,7.91,225.23,30.85,32.8,7.94,27.33,184.61475,217.19167,5.27,0.97208714,0.97,51.884955924221465,Poor
5994,SAVANDAPUR,CWC,33,Tamil Nadu,573,Erode,Gobichettipalayam,-,-,Cauvery,Cauvery,Bhavani,-,-,Bhavani,11.52,77.51,01-01-2015 08:50,449.0,Clear,odour free,27.0,0.0,37.81,37.72,5.6,197.08,23.85,26.4,7.83,20.2,161.54099,193.90001,5.04,0.8277192,1.67,64.77205190598822,Poor
5995,SAVANDAPUR,CWC,33,Tamil Nadu,573,Erode,Gobichettipalayam,-,-,Cauvery,Cauvery,Bhavani,-,-,Bhavani,11.52,77.51,02-02-2015 08:50,370.0,Clear,odour free,26.0,0.0,19.66,33.95,6.9,164.23,24.76,23.7,8.09,13.57,134.61475,152.31667,1.89,0.83912575,1.4,55.961770575214196,Poor
5996,SAVANDAPUR,CWC,33,Tamil Nadu,573,Erode,Gobichettipalayam,-,-,Cauvery,Cauvery,Bhavani,-,-,Bhavani,11.52,77.51,02-03-2015 08:50,336.0,Clear,odour free,27.5,0.0,15.12,32.0,6.7,154.85,25.68,20.8,8.18,11.01,126.92623,144.8,2.23,0.7555712,1.2,54.99564760658591,Poor
5997,SAVANDAPUR,CWC,33,Tamil Nadu,573,Erode,Gobichettipalayam,-,-,Cauvery,Cauvery,Bhavani,-,-,Bhavani,11.52,77.51,01-04-2015 08:50,351.0,Clear,odour free,28.5,0.0,18.15,30.12,6.9,168.92,24.76,21.9,7.94,14.44,138.45901,148.54167,1.86,0.78525835,0.79,46.208537890059944,Good
5998,SAVANDAPUR,CWC,33,Tamil Nadu,573,Erode,Gobichettipalayam,-,-,Cauvery,Cauvery,Bhavani,-,-,Bhavani,11.52,77.51,01-05-2015 08:50,345.0,Clear,odour free,28.5,0.0,13.61,30.48,,117.31,17.43,22.0,7.66,12.53,96.15574,106.65,1.9,0.93090034,1.97,38.673101757753514,Good
5999,SAVANDAPUR,CWC,33,Tamil Nadu,573,Erode,Gobichettipalayam,-,-,Cauvery,Cauvery,Bhavani,-,-,Bhavani,11.52,77.51,01-06-2015 08:50,360.0,Clear,odour free,28.5,0.0,11.11,32.55,3.8,144.08,27.91,24.6,7.91,25.94,118.098366,144.06667,1.21,0.8962088,1.64,64.71732173104745,Poor
6000,SAVANDAPUR,CWC,33,Tamil Nadu,573,Erode,Gobichettipalayam,-,-,Cauvery,Cauvery,Bhavani,-,-,Bhavani,11.52,77.51,01-07-2015 08:50,265.0,Clear,odour free,31.0,0.0,22.22,28.48,9.1,106.9,10.59,21.1,7.53,17.8,87.622955,99.674995,2.7,0.9223478,4.1,80.34072535548509,Very Poor
6001,SAVANDAPUR,CWC,33,Tamil Nadu,573,Erode,Gobichettipalayam,-,-,Cauvery,Cauvery,Bhavani,-,-,Bhavani,11.52,77.51,01-08-2015 08:50,178.0,Clear,odour free,29.5,0.0,17.46,21.26,8.2,70.72,4.81,15.0,7.56,8.02,57.967213,63.691666,1.37,0.8197047,1.75,48.385916664421295,Good
6002,SAVANDAPUR,CWC,33,Tamil Nadu,573,Erode,Gobichettipalayam,-,-,Cauvery,Cauvery,Bhavani,-,-,Bhavani,11.52,77.51,01-09-2015 08:50,278.0,Clear,odour free,29.5,0.0,28.57,25.13,8.1,127.3,10.59,18.1,7.53,14.91,104.34426,115.55,1.66,0.734611,1.22,42.907573906322035,Good
6003,SAVANDAPUR,CWC,33,Tamil Nadu,573,Erode,Gobichettipalayam,-,-,Cauvery,Cauvery,Bhavani,-,-,Bhavani,11.52,77.51,01-10-2015 08:50,305.0,Clear,odour free,29.5,0.0,26.85,23.08,7.4,135.43,14.37,17.0,7.72,17.92,111.008194,127.0,3.44,0.6584449,1.95,59.05353154819813,Poor
6004,SAVANDAPUR,CWC,33,Tamil Nadu,573,Erode,Gobichettipalayam,-,-,Cauvery,Cauvery,Bhavani,-,-,Bhavani,11.52,77.51,02-11-2015 08:50,424.0,Clear,odour free,29.5,0.0,41.07,30.77,7.6,186.79,21.07,20.6,7.7,20.45,153.10655,190.46666,4.32,0.65148675,1.9,60.324323794053136,Poor
6005,SAVANDAPUR,CWC,33,Tamil Nadu,573,Erode,Gobichettipalayam,-,-,Cauvery,Cauvery,Bhavani,-,-,Bhavani,11.52,77.51,01-12-2015 08:50,485.0,Light Brown,odour free,28.0,0.0,28.43,48.09,7.3,158.78,25.86,34.4,8.05,32.28,130.14754,178.825,7.21,1.1236273,1.14,58.051664588599046,Poor
6006,SAVANDAPUR,CWC,33,Tamil Nadu,573,Erode,Gobichettipalayam,-,-,Cauvery,Cauvery,Bhavani,-,-,Bhavani,11.52,77.51,01-01-2016 08:50,529.0,Clear,odour free,26.5,0.0,33.17,45.1,7.0,247.5,36.4,32.3,7.65,28.75,202.86885,234.59167,4.33,0.9213544,1.7,60.95768637750966,Poor
6007,SAVANDAPUR,CWC,33,Tamil Nadu,573,Erode,Gobichettipalayam,-,-,Cauvery,Cauvery,Bhavani,-,-,Bhavani,11.52,77.51,01-02-2016 08:50,451.0,Clear,odour free,27.5,0.0,33.17,41.63,7.5,186.79,23.95,28.9,7.5,22.76,153.10655,182.71666,3.78,0.93358785,4.29,90.5567548271655,Very Poor
6008,SAVANDAPUR,CWC,33,Tamil Nadu,573,Erode,Gobichettipalayam,-,-,Cauvery,Cauvery,Bhavani,-,-,Bhavani,11.52,77.51,01-03-2016 08:50,417.0,Clear,odour free,27.5,0.0,42.44,41.85,6.9,173.31,15.25,27.2,7.82,20.87,142.05737,169.64166,3.27,0.9110652,1.93,61.559635127847464,Poor
6009,SAVANDAPUR,CWC,33,Tamil Nadu,573,Erode,Gobichettipalayam,-,-,Cauvery,Cauvery,Bhavani,-,-,Bhavani,11.52,77.51,01-04-2016 08:50,374.0,Clear,odour free,31.0,0.0,51.87,41.85,7.2,168.75,10.48,25.1,7.76,15.55,138.31967,173.34166,3.88,0.8311585,1.57,55.639146388517965,Poor
6010,SAVANDAPUR,CWC,33,Tamil Nadu,573,Erode,Gobichettipalayam,-,-,Cauvery,Cauvery,Bhavani,-,-,Bhavani,11.52,77.51,02-05-2016 08:30,431.0,Clear,odour free,31.5,0.0,23.58,32.75,6.9,191.55,27.64,24.4,7.83,17.35,157.0082,174.11667,3.8,0.8079509,1.88,62.91323094230371,Poor
6011,SAVANDAPUR,CWC,33,Tamil Nadu,573,Erode,Gobichettipalayam,-,-,Cauvery,Cauvery,Bhavani,-,-,Bhavani,11.52,77.51,01-06-2016 08:50,445.0,Clear,odour free,31.0,0.0,33.01,41.85,6.8,196.11,22.88,31.7,7.91,22.07,160.7459,177.85832,0.731,1.0378748,0.57,42.135169529225685,Good
6012,SAVANDAPUR,CWC,33,Tamil Nadu,573,Erode,Gobichettipalayam,-,-,Cauvery,Cauvery,Bhavani,-,-,Bhavani,11.52,77.51,01-07-2016 08:50,290.0,Clear,odour free,25.0,0.0,23.58,34.57,6.43,118.58,10.48,24.0,7.94,12.94,97.196724,102.61666,0.426,1.0338743,2.66,68.85287810084729,Poor
6013,SAVANDAPUR,CWC,33,Tamil Nadu,573,Erode,Gobichettipalayam,-,-,Cauvery,Cauvery,Bhavani,-,-,Bhavani,11.52,77.51,01-08-2016 08:50,313.0,Clear,odour free,31.0,0.0,14.15,32.75,6.83,118.58,17.16,23.7,7.79,20.27,97.196724,106.875,0.767,1.001713,1.83,56.33926319352378,Poor
6014,SAVANDAPUR,CWC,33,Tamil Nadu,573,Erode,Gobichettipalayam,-,-,Cauvery,Cauvery,Bhavani,-,-,Bhavani,11.52,77.51,01-09-2016 08:50,260.0,Clear,odour free,29.5,0.0,20.43,25.47,6.55,95.78,10.48,19.1,7.51,17.05,78.508194,94.74167,0.995,0.85646707,1.16,44.70091248970703,Good
6015,SAVANDAPUR,CWC,33,Tamil Nadu,573,Erode,Gobichettipalayam,-,-,Cauvery,Cauvery,Bhavani,-,-,Bhavani,11.52,77.51,01-10-2016 08:50,255.0,Clear,odour free,30.5,0.0,23.75,24.86,6.63,102.99,7.68,18.5,7.7,13.82,84.41803,91.375,0.866,0.8442055,1.53,50.841070643767786,Poor
6016,SAVANDAPUR,CWC,33,Tamil Nadu,573,Erode,Gobichettipalayam,-,-,Cauvery,Cauvery,Bhavani,-,-,Bhavani,11.52,77.51,01-11-2016 08:50,261.0,Clear,odour free,30.0,0.0,23.75,26.78,7.12,98.09,6.72,19.7,7.52,14.57,80.401634,87.375,0.995,0.91916525,2.28,58.02961817846185,Poor
6017,SAVANDAPUR,CWC,33,Tamil Nadu,573,Erode,Gobichettipalayam,-,-,Cauvery,Cauvery,Bhavani,-,-,Bhavani,11.52,77.51,01-12-2016 08:50,257.0,Clear,odour free,26.5,0.0,25.27,29.1,6.38,102.48,5.75,20.8,8.06,10.88,84.0,87.13333,0.542,0.9715974,1.14,49.00871746168948,Good
6018,SAVANDAPUR,CWC,33,Tamil Nadu,573,Erode,Gobichettipalayam,-,-,Cauvery,Cauvery,Bhavani,-,-,Bhavani,11.52,77.51,02-01-2017 08:50,267.0,Clear,odour free,26.5,0.0,23.69,32.98,6.35,102.48,6.7,22.7,7.71,13.08,84.0,87.14167,0.323,1.0605562,0.74,40.19012147117968,Good
6019,SAVANDAPUR,CWC,33,Tamil Nadu,573,Erode,Gobichettipalayam,-,-,Cauvery,Cauvery,Bhavani,-,-,Bhavani,11.52,77.51,01-02-2017 08:50,296.0,Clear,odour free,27.0,0.0,30.01,36.85,6.82,117.12,6.7,23.5,7.37,12.12,96.0,102.941666,0.257,1.0099007,2.09,54.14720712516095,Poor
6020,SAVANDAPUR,CWC,33,Tamil Nadu,573,Erode,Gobichettipalayam,-,-,Cauvery,Cauvery,Bhavani,-,-,Bhavani,11.52,77.51,01-03-2017 08:50,310.0,Clear,odour free,28.0,0.0,31.28,36.17,5.13,127.52,5.69,27.6,7.58,12.18,104.52459,101.90833,0.216,1.1918485,0.76,42.33679048357099,Good
6021,SAVANDAPUR,CWC,33,Tamil Nadu,573,Erode,Gobichettipalayam,-,-,Cauvery,Cauvery,Bhavani,-,-,Bhavani,11.52,77.51,01-04-2017 08:50,292.0,Clear,odour free,32.0,0.0,29.72,39.98,5.03,102.99,4.74,24.3,7.3,8.67,84.41803,94.049995,0.291,1.0921721,1.93,55.558416778438804,Poor
6022,SAVANDAPUR,CWC,33,Tamil Nadu,573,Erode,Gobichettipalayam,-,-,Cauvery,Cauvery,Bhavani,-,-,Bhavani,11.52,77.51,01-05-2017 08:50,372.0,Clear,odour free,34.0,0.0,26.59,49.5,6.95,102.99,8.54,27.5,7.05,9.93,84.41803,102.058334,0.415,1.1873944,1.55,43.83239293107286,Good
6081,SEVANUR,CWC,33,Tamil Nadu,584,Salem,Sankari,-,-,Cauvery,Cauvery,Chittar,-,-,Chittar,11.55194444,77.73194444,01-01-2015 09:00,607.0,Clear,odour free,26.0,0.0,36.3,41.49,,290.92,34.85,38.6,8.02,20.48,238.45903,235.95833,7.44,1.0976845,,26.005477070914203,Good
6087,SINGASADANAPALLI,CWC,33,Tamil Nadu,577,Krishnagiri,Krishnagiri,-,-,Duplicate-Ponnaiyar,East flowing rivers between Pennar and Kanyakumari,-,-,-,Ponnaiyar,12.87,77.83611111,01-01-2016 08:30,1331.0,Brown,other-dis-agreeable,25.0,0.0,78.4,164.72,2.56,544.242,37.908,138.069,7.65,21.456,446.1,353.95,2.073776,3.2028668,7.82,155.01560574737314,Unsuitable
6089,SINGASADANAPALLI,CWC,33,Tamil Nadu,577,Krishnagiri,Krishnagiri,-,-,Duplicate-Ponnaiyar,East flowing rivers between Pennar and Kanyakumari,-,-,-,Ponnaiyar,12.87,77.83611111,01-03-2016 08:30,1400.0,Brown,other-dis-agreeable,30.0,0.0,92.8,204.125,0.6,533.384,34.02,134.55,7.39,13.968,437.19998,373.75,3.404916,3.036343,14.65,251.27326410693564,Unsuitable
6091,SINGASADANAPALLI,CWC,33,Tamil Nadu,577,Krishnagiri,Krishnagiri,-,-,Duplicate-Ponnaiyar,East flowing rivers between Pennar and Kanyakumari,-,-,-,Ponnaiyar,12.87,77.83611111,02-05-2016 08:30,1370.0,Brown,other-dis-agreeable,32.0,0.0,75.2,188.15,0.58,480.985,21.384,188.577,7.0,26.352,394.25,277.1,3.376892,4.940762,7.7,151.3185203037818,Unsuitable
6092,SINGASADANAPALLI,CWC,33,Tamil Nadu,577,Krishnagiri,Krishnagiri,-,-,Duplicate-Ponnaiyar,East flowing rivers between Pennar and Kanyakumari,-,-,-,Ponnaiyar,12.87,77.83611111,01-06-2016 08:30,1182.0,Light Brown,odour free,28.0,0.0,69.8,164.72,0.0,435.174,30.375,120.06,7.0,40.32,356.7,301.0625,3.99342,3.0194194,9.54,179.23502012693342,Unsuitable
6093,SINGASADANAPALLI,CWC,33,Tamil Nadu,577,Krishnagiri,Krishnagiri,-,-,Duplicate-Ponnaiyar,East flowing rivers between Pennar and Kanyakumari,-,-,-,Ponnaiyar,12.87,77.83611111,01-07-2016 08:30,1198.0,Light Brown,other-dis-agreeable,25.0,0.0,54.8,159.395,0.0,411.567,39.123,132.48,7.03,43.056,337.34998,300.0125,1.443236,3.3398006,14.6,245.6229996073569,Unsuitable
6094,SINGASADANAPALLI,CWC,33,Tamil Nadu,577,Krishnagiri,Krishnagiri,-,-,Duplicate-Ponnaiyar,East flowing rivers between Pennar and Kanyakumari,-,-,-,Ponnaiyar,12.87,77.83611111,02-08-2016 08:30,868.0,Brown,other-dis-agreeable,25.0,0.0,43.8,115.02,0.4,294.752,14.337,109.94,7.1,19.728,241.6,169.2375,2.297968,3.6864133,18.5,294.49430710215086,Unsuitable
6095,SINGASADANAPALLI,CWC,33,Tamil Nadu,577,Krishnagiri,Krishnagiri,-,-,Duplicate-Ponnaiyar,East flowing rivers between Pennar and Kanyakumari,-,-,-,Ponnaiyar,12.87,77.83611111,01-09-2016 08:30,1105.0,Brown,other-dis-agreeable,27.0,0.0,75.6,157.62,0.0,384.056,20.655,115.0,7.17,17.616,314.8,275.0625,3.138688,3.0240257,18.5,299.3878556142401,Unsuitable
6096,SINGASADANAPALLI,CWC,33,Tamil Nadu,577,Krishnagiri,Krishnagiri,-,-,Duplicate-Ponnaiyar,East flowing rivers between Pennar and Kanyakumari,-,-,-,Ponnaiyar,12.87,77.83611111,12-09-2016 08:30,1152.0,Brown,other-dis-agreeable,25.5,0.0,59.4,153.005,0.0,344.772,34.749,120.05218,7.28,16.896,282.6,293.2875,4.41378,3.0601828,25.3,395.3877009839923,Unsuitable
6097,SINGASADANAPALLI,CWC,33,Tamil Nadu,577,Krishnagiri,Krishnagiri,-,-,Duplicate-Ponnaiyar,East flowing rivers between Pennar and Kanyakumari,-,-,-,Ponnaiyar,12.87,77.83611111,21-09-2016 08:30,1225.0,Brown,other-dis-agreeable,28.0,0.0,60.6,173.24,1.57,421.998,19.8045,160.06966,7.38,17.472,345.9,234.01875,5.100368,4.564355,15.9,264.3715728203936,Unsuitable
6098,SINGASADANAPALLI,CWC,33,Tamil Nadu,577,Krishnagiri,Krishnagiri,-,-,Duplicate-Ponnaiyar,East flowing rivers between Pennar and Kanyakumari,-,-,-,Ponnaiyar,12.87,77.83611111,04-10-2016 08:30,1215.0,Brown,other-dis-agreeable,28.0,0.0,69.8,176.435,0.0,439.139,38.88,109.848,7.99,13.248,359.95,336.5,7.888756,2.6139376,39.3,596.7100267140382,Unsuitable
6099,SINGASADANAPALLI,CWC,33,Tamil Nadu,577,Krishnagiri,Krishnagiri,-,-,Duplicate-Ponnaiyar,East flowing rivers between Pennar and Kanyakumari,-,-,-,Ponnaiyar,12.87,77.83611111,13-10-2016 08:30,1264.0,Brown,other-dis-agreeable,27.0,0.0,67.6,203.415,0.0,404.979,43.74,112.056,7.46,17.664,331.95,351.25,8.883608,2.6104162,25.3,404.340749964233,Unsuitable
6100,SINGASADANAPALLI,CWC,33,Tamil Nadu,577,Krishnagiri,Krishnagiri,-,-,Duplicate-Ponnaiyar,East flowing rivers between Pennar and Kanyakumari,-,-,-,Ponnaiyar,12.87,77.83611111,21-10-2016 08:30,1223.0,Brown,other-dis-agreeable,27.0,0.0,60.6,188.86,0.0,419.619,52.488,95.036,7.47,15.984,343.94998,370.19998,10.509,2.157349,18.0,308.8124679105664,Unsuitable
6101,SINGASADANAPALLI,CWC,33,Tamil Nadu,577,Krishnagiri,Krishnagiri,-,-,Duplicate-Ponnaiyar,East flowing rivers between Pennar and Kanyakumari,-,-,-,Ponnaiyar,12.87,77.83611111,01-11-2016 08:30,1294.0,Brown,other-dis-agreeable,25.0,0.0,63.0,189.215,0.0,442.86,65.124,102.051,7.47,6.096,363.0,428.85,20.009136,2.1528459,21.05,363.56831268777717,Unsuitable
6102,SINGASADANAPALLI,CWC,33,Tamil Nadu,577,Krishnagiri,Krishnagiri,-,-,Duplicate-Ponnaiyar,East flowing rivers between Pennar and Kanyakumari,-,-,-,Ponnaiyar,12.87,77.83611111,17-11-2016 08:30,1324.0,Brown,other-dis-agreeable,27.0,0.0,108.8,196.67,0.6,484.523,44.712,112.056,7.58,4.704,397.15,458.30002,14.404336,2.2839222,10.2,208.14394071128808,Unsuitable
6103,SINGASADANAPALLI,CWC,33,Tamil Nadu,577,Krishnagiri,Krishnagiri,-,-,Duplicate-Ponnaiyar,East flowing rivers between Pennar and Kanyakumari,-,-,-,Ponnaiyar,12.87,77.83611111,21-11-2016 08:30,1308.0,Brown,other-dis-agreeable,26.0,0.0,86.4,134.19,0.0,557.479,54.432,114.057,7.6,8.688,456.95,442.8,13.605652,2.3663852,18.6,323.2439569960418,Unsuitable
6104,SINGASADANAPALLI,CWC,33,Tamil Nadu,577,Krishnagiri,Krishnagiri,-,-,Duplicate-Ponnaiyar,East flowing rivers between Pennar and Kanyakumari,-,-,-,Ponnaiyar,12.87,77.83611111,03-12-2016 08:30,1380.0,Brown,other-dis-agreeable,28.0,0.0,74.6,198.8,0.0,420.595,57.4695,115.046,7.46,26.4,344.75,425.95624,19.602789,2.4342926,26.3,433.1935928338659,Unsuitable
6105,SINGASADANAPALLI,CWC,33,Tamil Nadu,577,Krishnagiri,Krishnagiri,-,-,Duplicate-Ponnaiyar,East flowing rivers between Pennar and Kanyakumari,-,-,-,Ponnaiyar,12.87,77.83611111,13-12-2016 08:30,1191.0,Brown,other-dis-agreeable,24.0,0.0,91.4,160.46,0.0,472.14,36.45,96.048,7.6,29.28,387.0,380.375,1.96168,2.1487536,34.8,525.3070671427664,Unsuitable
6107,SINGASADANAPALLI,CWC,33,Tamil Nadu,577,Krishnagiri,Krishnagiri,-,-,Duplicate-Ponnaiyar,East flowing rivers between Pennar and Kanyakumari,-,-,-,Ponnaiyar,12.87,77.83611111,02-01-2017 13:50,1306.0,Brown,other-dis-agreeable,24.0,0.0,67.6,183.535,0.0,531.432,41.067,124.246,7.68,20.3856,435.6,340.1125,0.686588,2.9411504,7.4,154.53487489667287,Unsuitable
6108,SINGASADANAPALLI,CWC,33,Tamil Nadu,577,Krishnagiri,Krishnagiri,-,-,Duplicate-Ponnaiyar,East flowing rivers between Pennar and Kanyakumari,-,-,-,Ponnaiyar,12.87,77.83611111,11-01-2017 15:00,1302.0,Brown,other-dis-agreeable,24.5,0.0,80.0,184.955,0.0,478.667,47.0205,120.06,7.57,45.168,392.35,395.91876,2.045752,2.6340387,7.95,163.74601912903177,Unsuitable
6109,SINGASADANAPALLI,CWC,33,Tamil Nadu,577,Krishnagiri,Krishnagiri,-,-,Duplicate-Ponnaiyar,East flowing rivers between Pennar and Kanyakumari,-,-,-,Ponnaiyar,12.87,77.83611111,21-01-2017 11:00,1302.0,Brown,odour free,20.0,0.0,70.2,179.63,0.0,492.209,46.2915,116.058,7.43,30.0,403.45,368.38126,1.4012,2.6400988,12.9,228.0823498652773,Unsuitable
6110,SINGASADANAPALLI,CWC,33,Tamil Nadu,577,Krishnagiri,Krishnagiri,-,-,Duplicate-Ponnaiyar,East flowing rivers between Pennar and Kanyakumari,-,-,-,Ponnaiyar,12.87,77.83611111,01-02-2017 10:00,1417.0,Brown,other-dis-agreeable,20.0,0.0,83.8,178.92,0.0,512.522,18.468,173.581,7.46,36.0,420.09998,286.45,1.4012,4.471757,18.85,305.29894062544713,Unsuitable
6111,SINGASADANAPALLI,CWC,33,Tamil Nadu,577,Krishnagiri,Krishnagiri,-,-,Duplicate-Ponnaiyar,East flowing rivers between Pennar and Kanyakumari,-,-,-,Ponnaiyar,12.87,77.83611111,13-02-2017 09:00,1327.0,Brown,other-dis-agreeable,20.0,0.0,79.8,170.045,0.0,491.294,26.244,150.558,7.61,36.96,402.7,308.85,1.064912,3.7370517,18.75,305.85967906592276,Unsuitable
6112,SINGASADANAPALLI,CWC,33,Tamil Nadu,577,Krishnagiri,Krishnagiri,-,-,Duplicate-Ponnaiyar,East flowing rivers between Pennar and Kanyakumari,-,-,-,Ponnaiyar,12.87,77.83611111,21-02-2017 15:00,1328.0,Brown,other-dis-agreeable,26.0,0.0,87.8,193.475,0.0,461.77,16.524,192.073,7.74,36.96,378.5,288.35,0.518444,4.9310274,26.95,416.12908149728963,Unsuitable
6113,SINGASADANAPALLI,CWC,33,Tamil Nadu,577,Krishnagiri,Krishnagiri,-,-,Duplicate-Ponnaiyar,East flowing rivers between Pennar and Kanyakumari,-,-,-,Ponnaiyar,12.87,77.83611111,01-03-2017 13:10,1389.0,Brown,other-dis-agreeable,23.0,0.0,63.4,186.375,0.0,469.517,41.796,154.077,7.73,30.0,384.85,332.65002,0.448384,3.6883974,23.9,377.6309135879155,Unsuitable
6114,SINGASADANAPALLI,CWC,33,Tamil Nadu,577,Krishnagiri,Krishnagiri,-,-,Duplicate-Ponnaiyar,East flowing rivers between Pennar and Kanyakumari,-,-,-,Ponnaiyar,12.87,77.83611111,13-03-2017 11:30,1273.0,Brown,other-dis-agreeable,26.0,0.0,70.0,174.305,0.0,471.408,37.7865,142.071,7.46,25.008,386.4,332.44376,0.588504,3.4011338,17.6,289.62399519687796,Unsuitable
6115,SINGASADANAPALLI,CWC,33,Tamil Nadu,577,Krishnagiri,Krishnagiri,-,-,Duplicate-Ponnaiyar,East flowing rivers between Pennar and Kanyakumari,-,-,-,Ponnaiyar,12.87,77.83611111,21-03-2017 11:00,1373.0,Brown,other-dis-agreeable,26.0,0.0,67.4,198.8,0.0,510.326,35.3565,168.084,7.42,24.0,418.3,315.81876,0.63054,4.1282706,18.2,297.1917776694168,Unsuitable
6116,SINGASADANAPALLI,CWC,33,Tamil Nadu,577,Krishnagiri,Krishnagiri,-,-,Duplicate-Ponnaiyar,East flowing rivers between Pennar and Kanyakumari,-,-,-,Ponnaiyar,12.87,77.83611111,01-04-2017 10:03,1428.0,Brown,other-dis-agreeable,26.0,0.0,54.4,191.345,0.0,492.758,34.6275,182.068,7.48,57.984,403.9,280.28125,0.28024,4.747991,16.2,269.9169654738344,Unsuitable
6117,SINGASADANAPALLI,CWC,33,Tamil Nadu,577,Krishnagiri,Krishnagiri,-,-,Duplicate-Ponnaiyar,East flowing rivers between Pennar and Kanyakumari,-,-,-,Ponnaiyar,12.87,77.83611111,11-04-2017 10:00,1465.0,Brown,other-dis-agreeable,28.0,0.0,65.6,216.55,0.0,467.504,36.0855,184.069,7.55,55.968,383.2,314.35623,1.555332,4.5316663,10.3,192.94517419742638,Unsuitable
6118,SINGASADANAPALLI,CWC,33,Tamil Nadu,577,Krishnagiri,Krishnagiri,-,-,Duplicate-Ponnaiyar,East flowing rivers between Pennar and Kanyakumari,-,-,-,Ponnaiyar,12.87,77.83611111,21-04-2017 10:00,1465.0,Brown,other-dis-agreeable,26.0,0.0,59.4,205.9,0.0,504.043,33.8985,186.07,7.59,59.952,413.15,289.74374,1.26108,4.7717648,10.5,195.25541140532852,Unsuitable
6119,SINGASADANAPALLI,CWC,33,Tamil Nadu,577,Krishnagiri,Krishnagiri,-,-,Duplicate-Ponnaiyar,East flowing rivers between Pennar and Kanyakumari,-,-,-,Ponnaiyar,12.87,77.83611111,01-05-2017 10:00,1405.0,Brown,other-dis-agreeable,27.0,0.0,56.8,187.795,0.0,533.689,39.9735,162.081,7.4,60.96,437.45,308.55624,0.546468,4.028993,21.6,343.3448732994739,Unsuitable
6120,SINGASADANAPALLI,CWC,33,Tamil Nadu,577,Krishnagiri,Krishnagiri,-,-,Duplicate-Ponnaiyar,East flowing rivers between Pennar and Kanyakumari,-,-,-,Ponnaiyar,12.87,77.83611111,12-05-2017 09:00,1415.0,Brown,other-dis-agreeable,27.0,0.0,64.4,167.205,0.0,546.865,54.7965,144.072,7.55,68.976,448.25,389.31876,0.0,3.1890943,26.2,408.6419094433052,Unsuitable
6121,SINGASADANAPALLI,CWC,33,Tamil Nadu,577,Krishnagiri,Krishnagiri,-,-,Duplicate-Ponnaiyar,East flowing rivers between Pennar and Kanyakumari,-,-,-,Ponnaiyar,12.87,77.83611111,22-05-2017 10:00,1324.0,Brown,other-dis-agreeable,28.0,0.0,63.0,178.92,0.0,496.479,44.3475,142.071,7.3,67.968,406.95,342.28125,0.938804,3.3530931,23.7,371.91710142452354,Unsuitable
6122,SINGASADANAPALLI,CWC,33,Tamil Nadu,577,Krishnagiri,Krishnagiri,-,-,Duplicate-Ponnaiyar,East flowing rivers between Pennar and Kanyakumari,-,-,-,Ponnaiyar,12.87,77.83611111,01-06-2017 09:30,1022.0,,,30.0,0.0,56.8,187.795,0.0,533.689,39.9735,162.081,7.4,60.96,437.45,308.55624,0.546468,4.028993,16.15,269.6837195328024,Unsuitable
6123,SINGASADANAPALLI,CWC,33,Tamil Nadu,577,Krishnagiri,Krishnagiri,-,-,Duplicate-Ponnaiyar,East flowing rivers between Pennar and Kanyakumari,-,-,-,Ponnaiyar,12.87,77.83611111,12-06-2017 10:00,1286.0,Light Brown,,25.0,0.0,51.2,160.815,0.0,464.088,39.123,149.063,7.57,20.4,380.40002,291.0125,0.546468,3.815866,16.9,280.7752857583417,Unsuitable
6124,SINGASADANAPALLI,CWC,33,Tamil Nadu,577,Krishnagiri,Krishnagiri,-,-,Duplicate-Ponnaiyar,East flowing rivers between Pennar and Kanyakumari,-,-,-,Ponnaiyar,12.87,77.83611111,21-06-2017 10:00,1380.0,Light Brown,other-dis-agreeable,25.0,0.0,57.8,186.02,0.0,492.758,39.123,156.078,7.5,37.968,403.9,307.5125,1.429224,3.886148,21.55,344.405136505079,Unsuitable
6125,SINGASADANAPALLI,CWC,33,Tamil Nadu,577,Krishnagiri,Krishnagiri,-,-,Duplicate-Ponnaiyar,East flowing rivers between Pennar and Kanyakumari,-,-,-,Ponnaiyar,12.87,77.83611111,03-07-2017 10:00,1416.0,Light Brown,other-dis-agreeable,25.0,0.0,81.8,171.465,0.0,546.865,49.6935,127.466,7.56,24.768,448.25,411.55627,1.205032,2.7430005,26.17,409.3750634370977,Unsuitable
6126,SINGASADANAPALLI,CWC,33,Tamil Nadu,577,Krishnagiri,Krishnagiri,-,-,Duplicate-Ponnaiyar,East flowing rivers between Pennar and Kanyakumari,-,-,-,Ponnaiyar,12.87,77.83611111,14-07-2017 09:00,1431.0,Brown,other-dis-agreeable,23.0,0.0,84.4,178.565,0.0,510.204,38.151,145.061,7.49,34.272,418.2,369.9625,0.588504,3.2911441,38.0,566.1805256390386,Unsuitable
6127,SINGASADANAPALLI,CWC,33,Tamil Nadu,577,Krishnagiri,Krishnagiri,-,-,Duplicate-Ponnaiyar,East flowing rivers between Pennar and Kanyakumari,-,-,-,Ponnaiyar,12.87,77.83611111,22-07-2017 10:00,1259.0,Brown,other-dis-agreeable,24.0,0.0,81.8,153.36,0.0,473.299,45.8055,115.851,7.48,28.176,387.95,395.35626,1.835572,2.5433383,24.2,381.93357429181174,Unsuitable
6128,SINGASADANAPALLI,CWC,33,Tamil Nadu,577,Krishnagiri,Krishnagiri,-,-,Duplicate-Ponnaiyar,East flowing rivers between Pennar and Kanyakumari,-,-,-,Ponnaiyar,12.87,77.83611111,01-08-2017 09:00,1164.0,Brown,other-dis-agreeable,27.0,0.0,62.4,147.68,0.0,448.899,35.721,135.47,7.55,34.368,367.94998,304.8375,1.303116,3.3870409,27.0,417.7315978992799,Unsuitable
6129,SINGASADANAPALLI,CWC,33,Tamil Nadu,577,Krishnagiri,Krishnagiri,-,-,Duplicate-Ponnaiyar,East flowing rivers between Pennar and Kanyakumari,-,-,-,Ponnaiyar,12.87,77.83611111,11-08-2017 10:00,1324.0,Brown,other-dis-agreeable,27.0,0.0,76.2,178.92,0.0,478.179,49.572,129.053,7.62,25.008,391.94998,397.05,1.4012,2.8276877,26.9,419.7119973997329,Unsuitable
6130,SINGASADANAPALLI,CWC,33,Tamil Nadu,577,Krishnagiri,Krishnagiri,-,-,Duplicate-Ponnaiyar,East flowing rivers between Pennar and Kanyakumari,-,-,-,Ponnaiyar,12.87,77.83611111,21-08-2017 10:00,887.0,Brown,other-dis-agreeable,25.0,0.0,47.4,108.275,2.78,267.119,32.805,82.041,7.57,26.976,218.95,255.1875,5.198452,2.2424521,11.4,203.23012599750427,Unsuitable
6131,SINGASADANAPALLI,CWC,33,Tamil Nadu,577,Krishnagiri,Krishnagiri,-,-,Duplicate-Ponnaiyar,East flowing rivers between Pennar and Kanyakumari,-,-,-,Ponnaiyar,12.87,77.83611111,05-09-2017 09:00,,Brown,other-dis-agreeable,,0.0,51.7,99.17,,244.0,20.63,70.0,7.3,17.0,200.0,266.992,,,,8.643813534264867,Excellent
6132,SINGASADANAPALLI,CWC,33,Tamil Nadu,577,Krishnagiri,Krishnagiri,-,-,Duplicate-Ponnaiyar,East flowing rivers between Pennar and Kanyakumari,-,-,-,Ponnaiyar,12.87,77.83611111,11-09-2017 10:00,673.0,,,,0.0,37.83,117.2,,176.0,19.1,66.0,7.3,18.7,144.262,205.375,,,,7.8449017001287595,Excellent
6133,SINGASADANAPALLI,CWC,33,Tamil Nadu,577,Krishnagiri,Krishnagiri,-,-,Duplicate-Ponnaiyar,East flowing rivers between Pennar and Kanyakumari,-,-,-,Ponnaiyar,12.87,77.83611111,21-09-2017 10:00,,,,,0.0,88.27,115.39,,405.0,42.02,60.0,7.5,22.9,331.967,472.842,,,,15.278351888502076,Excellent
6134,SINGASADANAPALLI,CWC,33,Tamil Nadu,577,Krishnagiri,Krishnagiri,-,-,Duplicate-Ponnaiyar,East flowing rivers between Pennar and Kanyakumari,-,-,-,Ponnaiyar,12.87,77.83611111,03-10-2017 10:00,,Brown,other-dis-agreeable,23.0,0.0,73.0,83.0,,269.0,3.6,63.0,7.5,16.2,220.492,313.167,,,9.1,131.817579661246,Unsuitable
6135,SINGASADANAPALLI,CWC,33,Tamil Nadu,577,Krishnagiri,Krishnagiri,-,-,Duplicate-Ponnaiyar,East flowing rivers between Pennar and Kanyakumari,-,-,-,Ponnaiyar,12.87,77.83611111,11-10-2017 10:42,670.0,Brown,odour free,24.0,0.0,43.0,78.0,,254.0,22.5,57.0,7.6,15.3,208.197,235.417,,,15.0,214.12917087923444,Unsuitable
6136,SINGASADANAPALLI,CWC,33,Tamil Nadu,577,Krishnagiri,Krishnagiri,-,-,Duplicate-Ponnaiyar,East flowing rivers between Pennar and Kanyakumari,-,-,-,Ponnaiyar,12.87,77.83611111,21-10-2017 11:02,,Brown,other-dis-agreeable,23.0,0.0,59.0,102.0,,344.0,34.2,75.0,7.4,24.6,281.967,331.333,,,13.0,187.73374862892842,Unsuitable
6137,SINGASADANAPALLI,CWC,33,Tamil Nadu,577,Krishnagiri,Krishnagiri,-,-,Duplicate-Ponnaiyar,East flowing rivers between Pennar and Kanyakumari,-,-,-,Ponnaiyar,12.87,77.83611111,01-11-2017 09:00,1139.0,,,,0.0,56.0,150.0,,449.0,36.6,114.0,7.3,22.0,368.033,324.833,,,,11.8907788083997,Excellent
6138,SINGASADANAPALLI,CWC,33,Tamil Nadu,577,Krishnagiri,Krishnagiri,-,-,Duplicate-Ponnaiyar,East flowing rivers between Pennar and Kanyakumari,-,-,-,Ponnaiyar,12.87,77.83611111,13-11-2017 09:00,,,,,0.0,70.0,189.0,,492.0,30.9,146.0,7.6,26.7,403.279,368.917,,,,14.651707441143271,Excellent
6139,SINGASADANAPALLI,CWC,33,Tamil Nadu,577,Krishnagiri,Krishnagiri,-,-,Duplicate-Ponnaiyar,East flowing rivers between Pennar and Kanyakumari,-,-,-,Ponnaiyar,12.87,77.83611111,21-11-2017 10:00,,,,,0.0,82.0,183.0,,532.0,49.9,141.0,7.7,26.5,436.066,466.417,,,,18.800824212726727,Excellent
6140,SINGASADANAPALLI,CWC,33,Tamil Nadu,577,Krishnagiri,Krishnagiri,-,-,Duplicate-Ponnaiyar,East flowing rivers between Pennar and Kanyakumari,-,-,-,Ponnaiyar,12.87,77.83611111,04-12-2017 09:00,1312.0,,,,0.0,86.18,173.0,,515.0,38.51,126.0,7.5,30.6,422.131,455.358,,,,15.386925481265997,Excellent
6141,SINGASADANAPALLI,CWC,33,Tamil Nadu,577,Krishnagiri,Krishnagiri,-,-,Duplicate-Ponnaiyar,East flowing rivers between Pennar and Kanyakumari,-,-,-,Ponnaiyar,12.87,77.83611111,11-12-2017 09:00,,,,,0.0,69.55,164.0,,526.0,49.52,132.0,7.6,16.5,431.148,413.592,,,,17.256247317468645,Excellent
6142,SINGASADANAPALLI,CWC,33,Tamil Nadu,577,Krishnagiri,Krishnagiri,-,-,Duplicate-Ponnaiyar,East flowing rivers between Pennar and Kanyakumari,-,-,-,Ponnaiyar,12.87,77.83611111,21-12-2017 09:00,,,,,0.0,74.2,171.0,,555.0,45.0,140.0,7.8,17.7,454.918,421.667,,,,18.792016886038123,Excellent
6143,SINGASADANAPALLI,CWC,33,Tamil Nadu,577,Krishnagiri,Krishnagiri,-,-,Duplicate-Ponnaiyar,East flowing rivers between Pennar and Kanyakumari,-,-,-,Ponnaiyar,12.87,77.83611111,01-01-2018 09:00,1392.0,Brown,odour free,25.0,0.0,67.0,189.0,,534.0,43.6,144.0,7.6,25.6,437.705,388.167,,,21.7,309.7424836663647,Unsuitable
6144,SINGASADANAPALLI,CWC,33,Tamil Nadu,577,Krishnagiri,Krishnagiri,-,-,Duplicate-Ponnaiyar,East flowing rivers between Pennar and Kanyakumari,-,-,-,Ponnaiyar,12.87,77.83611111,11-01-2018 09:30,1411.0,Brown,odour free,24.0,0.0,78.0,189.0,,543.0,39.0,147.0,7.8,29.1,445.082,422.5,,,21.2,304.6579106061329,Unsuitable
6145,SINGASADANAPALLI,CWC,33,Tamil Nadu,577,Krishnagiri,Krishnagiri,-,-,Duplicate-Ponnaiyar,East flowing rivers between Pennar and Kanyakumari,-,-,-,Ponnaiyar,12.87,77.83611111,22-01-2018 09:00,1364.0,Brown,odour free,25.0,0.0,58.0,170.0,,551.0,71.3,105.0,7.7,30.5,451.639,419.917,,,27.5,392.61091865770106,Unsuitable
6146,SINGASADANAPALLI,CWC,33,Tamil Nadu,577,Krishnagiri,Krishnagiri,-,-,Duplicate-Ponnaiyar,East flowing rivers between Pennar and Kanyakumari,-,-,-,Ponnaiyar,12.87,77.83611111,01-02-2018 09:00,,Brown,odour free,24.0,0.0,84.0,186.0,,517.0,39.0,139.0,7.5,30.7,423.77,447.5,,,1.4,34.2981212345208,Good
6147,SINGASADANAPALLI,CWC,33,Tamil Nadu,577,Krishnagiri,Krishnagiri,-,-,Duplicate-Ponnaiyar,East flowing rivers between Pennar and Kanyakumari,-,-,-,Ponnaiyar,12.87,77.83611111,12-02-2018 09:00,1386.0,Brown,,,0.0,86.0,182.0,,527.0,32.0,144.0,7.4,39.4,431.967,438.333,,,25.0,351.43099058928266,Unsuitable
6148,SINGASADANAPALLI,CWC,33,Tamil Nadu,577,Krishnagiri,Krishnagiri,-,-,Duplicate-Ponnaiyar,East flowing rivers between Pennar and Kanyakumari,-,-,-,Ponnaiyar,12.87,77.83611111,22-02-2018 09:00,1447.0,Brown,odour free,25.0,0.0,79.0,206.0,,538.0,45.0,152.0,7.5,39.6,440.984,441.667,,,0.8,27.11184293878265,Good
6149,SINGASADANAPALLI,CWC,33,Tamil Nadu,577,Krishnagiri,Krishnagiri,-,-,Duplicate-Ponnaiyar,East flowing rivers between Pennar and Kanyakumari,-,-,-,Ponnaiyar,12.87,77.83611111,01-03-2018 09:30,1488.0,Brown,other-dis-agreeable,25.0,0.0,84.0,224.0,,487.0,26.9,179.0,7.4,46.0,399.18,417.25,,,23.0,323.7245503282624,Unsuitable
6150,SINGASADANAPALLI,CWC,33,Tamil Nadu,577,Krishnagiri,Krishnagiri,-,-,Duplicate-Ponnaiyar,East flowing rivers between Pennar and Kanyakumari,-,-,-,Ponnaiyar,12.87,77.83611111,12-03-2018 10:00,,Brown,other-dis-agreeable,23.0,0.0,79.0,200.0,,477.0,45.7,145.0,7.4,41.2,390.984,443.417,,,25.5,359.7462912116299,Unsuitable
6151,SINGASADANAPALLI,CWC,33,Tamil Nadu,577,Krishnagiri,Krishnagiri,-,-,Duplicate-Ponnaiyar,East flowing rivers between Pennar and Kanyakumari,-,-,-,Ponnaiyar,12.87,77.83611111,21-03-2018 09:00,,Brown,other-dis-agreeable,26.0,0.0,75.0,183.0,,468.0,45.7,136.0,7.4,42.1,383.607,426.75,,,22.0,312.23697841655144,Unsuitable
6153,Thengudi,CWC,33,Tamil Nadu,590,Tiruvarur,NANNILAM,-,-,Cauvery,Cauvery,-,-,-,Thirumalairajanar,10.91611111,79.63916667,01-10-2005 09:00,356.0,Light Brown,odour free,28.5,0.0,22.4,39.05,4.17,139.69,9.72,39.1,7.43,7.728,114.5,96.5,,1.7368604,4.7,96.70887142925271,Very Poor
6154,Thengudi,CWC,33,Tamil Nadu,590,Tiruvarur,NANNILAM,-,-,Cauvery,Cauvery,-,-,-,Thirumalairajanar,10.91611111,79.63916667,02-11-2005 09:00,528.0,Light Brown,odour free,27.5,0.0,33.6,83.78,5.422,142.13,28.0665,50.6,7.57,,116.50001,200.94374,,1.5589895,4.36,93.43067129552357,Very Poor
6155,Thengudi,CWC,33,Tamil Nadu,590,Tiruvarur,NANNILAM,-,-,Cauvery,Cauvery,-,-,-,Thirumalairajanar,10.91611111,79.63916667,01-12-2005 09:00,492.0,Light Brown,odour free,27.0,0.0,22.4,51.475,7.831,205.57,23.814,41.86,7.73,,168.5,155.225,,1.4678508,3.15,71.61498475924779,Poor
6156,Thengudi,CWC,33,Tamil Nadu,590,Tiruvarur,NANNILAM,-,-,Cauvery,Cauvery,-,-,-,Thirumalairajanar,10.91611111,79.63916667,02-01-2006 09:00,722.0,Light Brown,odour free,26.5,0.0,36.0,74.195,6.426,266.57,25.758,90.85,7.38,,218.5,197.325,,2.8240674,3.1,72.20296805999332,Poor
6157,Thengudi,CWC,33,Tamil Nadu,590,Tiruvarur,NANNILAM,-,-,Cauvery,Cauvery,-,-,-,Thirumalairajanar,10.91611111,79.63916667,01-02-2006 09:00,710.0,Clear,odour free,25.0,0.0,25.6,70.645,9.338,259.25,20.412,69.46,7.92,26.784,212.5,149.05,,2.4846902,3.77,77.92556155117873,Very Poor
6169,Thengudi,CWC,33,Tamil Nadu,590,Tiruvarur,NANNILAM,-,-,Cauvery,Cauvery,-,-,-,Thirumalairajanar,10.91611111,79.63916667,01-08-2007 09:15,325.0,Clear,odour free,28.5,0.0,31.2,30.4945,6.362,155.001,13.122,39.307,7.28,17.616,127.05,132.675,,1.4890507,2.92,66.48380477212395,Poor
6170,Thengudi,CWC,33,Tamil Nadu,590,Tiruvarur,NANNILAM,-,-,Cauvery,Cauvery,-,-,-,Thirumalairajanar,10.91611111,79.63916667,01-09-2007 08:00,326.0,Clear,odour free,28.0,0.0,27.2,36.2455,,137.25,11.664,39.813,7.44,16.416,112.5,116.6,,1.6088692,1.96,33.799895408301154,Good
6171,Thengudi,CWC,33,Tamil Nadu,590,Tiruvarur,NANNILAM,-,-,Cauvery,Cauvery,-,-,-,Thirumalairajanar,10.91611111,79.63916667,03-10-2007 10:00,336.0,Light Brown,odour free,32.0,0.0,27.2,28.613,8.291,147.376,9.72,35.604,7.4,9.888,120.8,108.5,,1.491172,2.938,62.307970117792934,Poor
6172,Thengudi,CWC,33,Tamil Nadu,590,Tiruvarur,NANNILAM,-,-,Cauvery,Cauvery,-,-,-,Thirumalairajanar,10.91611111,79.63916667,01-11-2007 10:00,433.0,Clear,odour free,28.0,0.0,30.4,40.044,4.684,147.376,15.552,24.518,7.26,14.064,120.8,140.8,,0.9018409,3.31,76.09935131384425,Very Poor
6173,Thengudi,CWC,33,Tamil Nadu,590,Tiruvarur,NANNILAM,-,-,Cauvery,Cauvery,-,-,-,Thirumalairajanar,10.91611111,79.63916667,01-12-2007 09:30,537.0,Clear,odour free,26.5,0.0,37.6,45.7595,5.806,249.063,25.758,26.611,7.49,18.816,204.15,201.325,,0.8188952,2.77,70.16364665776464,Poor
6174,Thengudi,CWC,33,Tamil Nadu,590,Tiruvarur,NANNILAM,-,-,Cauvery,Cauvery,-,-,-,Thirumalairajanar,10.91611111,79.63916667,01-01-2008 10:30,466.0,Clear,odour free,26.5,0.0,24.0,80.088,5.457,193.126,23.814,,7.9,25.44,158.3,159.225,,,0.76,46.97734516746945,Good
6175,Thengudi,CWC,33,Tamil Nadu,590,Tiruvarur,NANNILAM,-,-,Cauvery,Cauvery,-,-,-,Thirumalairajanar,10.91611111,79.63916667,01-02-2008 10:00,543.0,Clear,odour free,28.0,0.0,41.6,63.8645,6.28,249.063,15.552,,8.05,24.864,204.15,168.8,,,0.52,42.483557351328166,Good
6176,Thengudi,CWC,33,Tamil Nadu,590,Tiruvarur,NANNILAM,-,-,Cauvery,Cauvery,-,-,-,Thirumalairajanar,10.91611111,79.63916667,01-03-2008 10:30,493.0,Clear,odour free,26.0,0.0,26.6,76.254,6.08,236.314,21.9915,,8.01,20.496,193.7,158.13126,,,2.53,70.25761883534425,Poor
6177,Thengudi,CWC,33,Tamil Nadu,590,Tiruvarur,NANNILAM,-,-,Cauvery,Cauvery,-,-,-,Thirumalairajanar,10.91611111,79.63916667,01-04-2008 10:30,540.0,Clear,odour free,27.5,12.51,32.0,70.5385,6.21,327.814,20.898,,8.41,23.52,289.55,167.075,,,0.74,49.84511888422593,Good
6178,Thengudi,CWC,33,Tamil Nadu,590,Tiruvarur,NANNILAM,-,-,Cauvery,Cauvery,-,-,-,Thirumalairajanar,10.91611111,79.63916667,20-06-2008 08:30,505.0,Clear,odour free,29.0,0.0,32.0,61.0245,7.32,198.189,18.468,,7.26,27.936,162.45,156.95,,,1.65,47.60777669893652,Good
6179,Thengudi,CWC,33,Tamil Nadu,590,Tiruvarur,NANNILAM,-,-,Cauvery,Cauvery,-,-,-,Thirumalairajanar,10.91611111,79.63916667,01-07-2008 09:45,421.0,Clear,odour free,29.0,0.0,30.4,51.475,6.693,195.688,21.384,,7.63,14.112,160.4,165.1,,,2.62,66.1447670370547,Poor
6180,Thengudi,CWC,33,Tamil Nadu,590,Tiruvarur,NANNILAM,-,-,Cauvery,Cauvery,-,-,-,Thirumalairajanar,10.91611111,79.63916667,01-08-2008 09:30,575.0,Clear,odour free,28.5,0.0,29.6,64.823,7.52,269.376,26.244,,7.91,14.688,220.8,183.35,,,0.1,33.58445169377018,Good
6181,Thengudi,CWC,33,Tamil Nadu,590,Tiruvarur,NANNILAM,-,-,Cauvery,Cauvery,-,-,-,Thirumalairajanar,10.91611111,79.63916667,01-09-2008 09:20,595.0,Clear,odour free,29.5,0.0,32.0,64.823,7.93,195.688,15.552,,7.55,,160.4,144.8,,,0.23,29.131417571971326,Good
6182,Thengudi,CWC,33,Tamil Nadu,590,Tiruvarur,NANNILAM,-,-,Cauvery,Cauvery,-,-,-,Thirumalairajanar,10.91611111,79.63916667,03-10-2008 09:20,468.0,Clear,odour free,30.5,0.0,33.6,74.3725,7.93,198.189,21.384,,7.54,,162.45,173.1,,,2.78,64.41826158456135,Poor
6183,Thengudi,CWC,33,Tamil Nadu,590,Tiruvarur,NANNILAM,-,-,Cauvery,Cauvery,-,-,-,Thirumalairajanar,10.91611111,79.63916667,01-11-2008 09:30,320.0,Clear,odour free,28.0,0.0,25.6,102.95,5.7,284.626,34.02,,7.63,,233.3,205.75,,,0.79,45.93417095871684,Good
6184,Thengudi,CWC,33,Tamil Nadu,590,Tiruvarur,NANNILAM,-,-,Cauvery,Cauvery,-,-,-,Thirumalairajanar,10.91611111,79.63916667,01-12-2008 09:30,448.0,Clear,odour free,27.5,0.0,25.6,43.8425,7.32,152.439,12.636,,7.20305,,124.95,116.65,,,2.51,57.400567854133875,Poor
6185,Thengudi,CWC,33,Tamil Nadu,590,Tiruvarur,NANNILAM,-,-,Cauvery,Cauvery,-,-,-,Thirumalairajanar,10.91611111,79.63916667,01-01-2009 10:30,310.0,Clear,odour free,26.0,0.0,39.2,85.8035,5.665,259.189,22.356,,7.6,,212.45,191.15,,,1.38,52.285095035528634,Poor
6186,Thengudi,CWC,33,Tamil Nadu,590,Tiruvarur,NANNILAM,-,-,Cauvery,Cauvery,-,-,-,Thirumalairajanar,10.91611111,79.63916667,02-02-2009 08:00,571.0,Clear,odour free,26.5,0.0,36.8,66.74,6.08,269.376,26.244,,7.72,,220.8,201.35,,,0.67,43.291582232501945,Good
6187,Thengudi,CWC,33,Tamil Nadu,590,Tiruvarur,NANNILAM,-,-,Cauvery,Cauvery,-,-,-,Thirumalairajanar,10.91611111,79.63916667,02-03-2009 09:30,739.0,Clear,odour free,27.5,0.0,47.32,102.95,7.32,279.502,28.188,,7.68,,229.1,235.75,,,2.64,67.08664286168471,Poor
6188,Thengudi,CWC,33,Tamil Nadu,590,Tiruvarur,NANNILAM,-,-,Cauvery,Cauvery,-,-,-,Thirumalairajanar,10.91611111,79.63916667,17-08-2009 10:30,311.0,Light Brown,odour free,28.0,0.0,8.16,49.558,5.459,134.505,8.748,60.536,7.85,30.48,110.25,56.85,,3.507652,3.534,81.27379241101944,Very Poor
6189,Thengudi,CWC,33,Tamil Nadu,590,Tiruvarur,NANNILAM,-,-,Cauvery,Cauvery,-,-,-,Thirumalairajanar,10.91611111,79.63916667,01-09-2009 08:00,141.0,Clear,odour free,29.0,0.0,31.0,80.017,5.55,181.048,14.58,69.023,7.8,14.784,148.4,138.25,,2.5618815,2.038,62.02580208959258,Poor
6190,Thengudi,CWC,33,Tamil Nadu,590,Tiruvarur,NANNILAM,-,-,Cauvery,Cauvery,-,-,-,Thirumalairajanar,10.91611111,79.63916667,01-10-2009 08:00,340.0,Clear,odour free,29.0,0.0,29.38,57.155,4.735,279.319,14.58,68.54,7.75,12.48,228.95,134.2,,2.5822394,1.23,52.85135930023686,Poor
6191,Thengudi,CWC,33,Tamil Nadu,590,Tiruvarur,NANNILAM,-,-,Cauvery,Cauvery,-,-,-,Thirumalairajanar,10.91611111,79.63916667,03-11-2009 09:30,547.0,Clear,odour free,27.25,0.0,24.48,91.448,5.292,320.677,14.58,101.039,7.61,10.56,262.85,121.95,,3.9942267,1.23,50.2356596873162,Poor
6192,Thengudi,CWC,33,Tamil Nadu,590,Tiruvarur,NANNILAM,-,-,Cauvery,Cauvery,-,-,-,Thirumalairajanar,10.91611111,79.63916667,01-12-2009 09:30,340.0,Clear,odour free,26.0,0.0,14.68,102.311,5.107,403.454,34.02,121.555,8.22,31.488,330.7,178.45,,3.9786918,0.649,51.60085447803901,Poor
6193,Thengudi,CWC,33,Tamil Nadu,590,Tiruvarur,NANNILAM,-,-,Cauvery,Cauvery,-,-,-,Thirumalairajanar,10.91611111,79.63916667,01-01-2010 08:00,752.0,Clear,odour free,26.8,0.0,32.64,106.0385,4.39,372.405,26.244,122.061,7.95,31.872,305.25,190.95,,3.8576722,1.389,60.171475331044256,Poor
6194,Thengudi,CWC,33,Tamil Nadu,590,Tiruvarur,NANNILAM,-,-,Cauvery,Cauvery,-,-,-,Thirumalairajanar,10.91611111,79.63916667,01-02-2010 08:00,526.0,Clear,odour free,26.6,0.0,34.28,81.8275,6.712,289.628,14.58,102.051,8.15,13.872,237.4,146.45,,3.6797056,1.852,60.39528943122388,Poor
6195,Thengudi,CWC,33,Tamil Nadu,590,Tiruvarur,NANNILAM,-,-,Cauvery,Cauvery,-,-,-,Thirumalairajanar,10.91611111,79.63916667,01-03-2010 08:00,686.0,Clear,odour free,28.8,39.99,44.06,102.311,4.956,279.319,19.44,104.535,8.25,25.632,295.6,191.15,,3.2994068,1.111,57.05827241245012,Poor
6196,Thengudi,CWC,33,Tamil Nadu,590,Tiruvarur,NANNILAM,-,-,Cauvery,Cauvery,-,-,-,Thirumalairajanar,10.91611111,79.63916667,01-09-2010 08:30,431.0,Clear,odour free,28.0,0.0,22.89,65.93,4.075,204.36,19.44,50.6,7.79,20.37,167.5082,138.225,0.377,1.8797346,1.204,55.34539071963374,Poor
6197,Thengudi,CWC,33,Tamil Nadu,590,Tiruvarur,NANNILAM,-,-,Cauvery,Cauvery,-,-,-,Thirumalairajanar,10.91611111,79.63916667,04-10-2010 08:40,452.0,Clear,odour free,30.0,0.0,27.8,64.8,4.909,253.68,20.42,59.2,7.81,18.01,207.93442,154.58333,0.405,2.0792022,1.482,57.64270871584244,Poor
6198,Thengudi,CWC,33,Tamil Nadu,590,Tiruvarur,NANNILAM,-,-,Cauvery,Cauvery,-,-,-,Thirumalairajanar,10.91611111,79.63916667,01-11-2010 10:10,452.0,Clear,odour free,29.0,0.0,27.8,53.87,4.307,238.32,17.5,50.5,7.77,9.19,195.34427,142.41667,0.159,1.8474717,0.62,46.295505353537756,Good
6199,Thengudi,CWC,33,Tamil Nadu,590,Tiruvarur,NANNILAM,-,-,Cauvery,Cauvery,-,-,-,Thirumalairajanar,10.91611111,79.63916667,01-12-2010 09:30,431.0,Light Brown,odour free,24.0,0.0,22.89,38.29,4.075,327.2,15.56,36.3,7.66,12.42,268.19672,122.058334,,1.4346118,2.0,64.01383550443512,Poor
6200,Thengudi,CWC,33,Tamil Nadu,590,Tiruvarur,NANNILAM,-,-,Cauvery,Cauvery,-,-,-,Thirumalairajanar,10.91611111,79.63916667,03-01-2011 09:05,678.0,Clear,odour free,26.0,0.0,37.61,84.23,3.612,305.33,28.19,69.0,7.89,27.79,250.27048,211.48334,0.54,2.0719488,0.767,53.86798857956984,Poor
6201,Thengudi,CWC,33,Tamil Nadu,590,Tiruvarur,NANNILAM,-,-,Cauvery,Cauvery,-,-,-,Thirumalairajanar,10.91611111,79.63916667,01-02-2011 08:30,597.0,Light Brown,odour free,25.5,0.0,31.07,88.49,7.913,274.41,27.22,67.8,8.02,20.56,224.92624,191.09166,0.644,2.1422281,0.96,46.51239249010443,Good
6202,Thengudi,CWC,33,Tamil Nadu,590,Tiruvarur,NANNILAM,-,-,Cauvery,Cauvery,-,-,-,Thirumalairajanar,10.91611111,79.63916667,01-03-2011 09:05,608.0,Clear,odour free,26.5,0.0,54.51,110.78,2.068,302.58,18.47,82.7,8.1,20.56,248.01639,213.23332,0.644,2.4705462,0.623,57.08142581966235,Poor
6203,Thengudi,CWC,33,Tamil Nadu,590,Tiruvarur,NANNILAM,-,-,Cauvery,Cauvery,-,-,-,Thirumalairajanar,10.91611111,79.63916667,15-06-2011 09:15,498.0,Clear,odour free,25.0,0.0,30.46,62.86,5.581,219.6,23.33,48.3,8.05,19.75,180.0,173.35834,7.43,1.601973,0.53,54.30254715731159,Poor
6204,Thengudi,CWC,33,Tamil Nadu,590,Tiruvarur,NANNILAM,-,-,Cauvery,Cauvery,-,-,-,Thirumalairajanar,10.91611111,79.63916667,01-07-2011 09:05,620.0,Clear,odour free,29.0,0.0,35.27,66.16,4.306,224.48,28.19,50.2,7.72,17.05,184.0,205.63333,1.05,1.5288391,1.294,57.83137601320203,Poor
6205,Thengudi,CWC,33,Tamil Nadu,590,Tiruvarur,NANNILAM,-,-,Cauvery,Cauvery,-,-,-,Thirumalairajanar,10.91611111,79.63916667,01-08-2011 08:30,540.0,Clear,odour free,28.0,0.0,32.06,66.16,4.3,239.12,32.08,50.9,8.08,16.32,196.0,213.81668,1.63,1.5206444,2.28,75.82155164051696,Very Poor
6206,Thengudi,CWC,33,Tamil Nadu,590,Tiruvarur,NANNILAM,-,-,Cauvery,Cauvery,-,-,-,Thirumalairajanar,10.91611111,79.63916667,02-09-2011 08:30,341.0,Clear,odour free,28.0,0.0,16.03,36.39,4.352,180.56,20.42,29.8,8.14,8.59,148.0,125.15833,0.119,1.1639775,1.18,57.06751957830607,Poor
6207,Thengudi,CWC,33,Tamil Nadu,590,Tiruvarur,NANNILAM,-,-,Cauvery,Cauvery,-,-,-,Thirumalairajanar,10.91611111,79.63916667,01-10-2011 08:30,660.0,Clear,odour free,29.0,0.0,22.44,46.31,4.212,180.56,21.39,35.7,7.66,10.3,148.0,145.225,0.275,1.2940513,1.58,58.82886682324703,Poor
6208,Thengudi,CWC,33,Tamil Nadu,590,Tiruvarur,NANNILAM,-,-,Cauvery,Cauvery,-,-,-,Thirumalairajanar,10.91611111,79.63916667,01-11-2011 09:00,420.0,Light Brown,odour free,25.5,0.0,19.24,51.55,4.767,189.73,19.44,40.0,7.78,5.49,155.51639,129.1,0.129,1.5379168,1.05,50.865243010912934,Poor
6209,Thengudi,CWC,33,Tamil Nadu,590,Tiruvarur,NANNILAM,-,-,Cauvery,Cauvery,-,-,-,Thirumalairajanar,10.91611111,79.63916667,01-12-2011 09:00,520.0,Clear,odour free,26.0,0.0,8.02,68.73,5.11,140.54,20.42,49.6,7.83,10.25,115.19672,105.13333,0.593,2.115301,1.04,50.67918413789403,Poor
6210,Thengudi,CWC,33,Tamil Nadu,590,Tiruvarur,NANNILAM,-,-,Cauvery,Cauvery,-,-,-,Thirumalairajanar,10.91611111,79.63916667,02-01-2012 09:00,510.0,Clear,odour free,25.0,0.0,20.84,68.73,5.0,175.68,17.5,52.3,7.34,15.44,144.0,125.01667,0.951,2.0429168,2.21,62.582783555685374,Poor
6211,Thengudi,CWC,33,Tamil Nadu,590,Tiruvarur,NANNILAM,-,-,Cauvery,Cauvery,-,-,-,Thirumalairajanar,10.91611111,79.63916667,01-02-2012 09:00,541.0,Clear,odour free,24.0,0.0,25.65,68.73,3.182,196.76,18.47,53.2,8.23,19.26,161.27869,141.08333,0.803,1.955774,2.17,75.30940774993245,Very Poor
6212,Thengudi,CWC,33,Tamil Nadu,590,Tiruvarur,NANNILAM,-,-,Cauvery,Cauvery,-,-,-,Thirumalairajanar,10.91611111,79.63916667,01-03-2012 08:30,410.0,Clear,odour free,26.0,0.0,33.67,89.35,2.182,245.95,27.22,65.4,7.52,25.04,201.59836,197.59166,1.45,2.0319116,2.02,71.56877821744798,Poor
6213,Thengudi,CWC,33,Tamil Nadu,590,Tiruvarur,NANNILAM,-,-,Cauvery,Cauvery,-,-,-,Thirumalairajanar,10.91611111,79.63916667,28-09-2012 08:30,437.0,Brown,odour free,26.0,0.0,21.98,63.91,9.21,159.35,7.62,72.4,7.97,28.34,130.61476,86.7,0.14,3.3920043,1.1,40.56051642662979,Good
6214,Thengudi,CWC,33,Tamil Nadu,590,Tiruvarur,NANNILAM,-,-,Cauvery,Cauvery,-,-,-,Thirumalairajanar,10.91611111,79.63916667,01-10-2012 08:45,457.0,Light Brown,odour free,26.0,0.0,31.4,127.82,7.017,184.24,19.04,87.3,7.43,21.19,151.0164,157.83334,0.21,3.033611,2.01,55.521083794728725,Poor
6215,Thengudi,CWC,33,Tamil Nadu,590,Tiruvarur,NANNILAM,-,-,Cauvery,Cauvery,-,-,-,Thirumalairajanar,10.91611111,79.63916667,01-11-2012 08:00,572.0,Brown,odour free,23.5,0.0,12.56,40.51,8.173,109.55,9.52,37.6,7.46,9.01,89.79508,71.06667,0.763,1.9477323,3.79,75.10700591647195,Very Poor
6216,Thengudi,CWC,33,Tamil Nadu,590,Tiruvarur,NANNILAM,-,-,Cauvery,Cauvery,-,-,-,Thirumalairajanar,10.91611111,79.63916667,01-12-2012 07:00,540.0,Light Brown,odour free,25.0,0.0,36.11,75.24,7.176,209.14,15.23,55.7,7.72,18.83,171.42622,153.73334,0.306,1.9602295,1.2,46.49179907402992,Good
6217,Thengudi,CWC,33,Tamil Nadu,590,Tiruvarur,NANNILAM,-,-,Cauvery,Cauvery,-,-,-,Thirumalairajanar,10.91611111,79.63916667,01-01-2013 08:30,673.0,Light Brown,odour free,25.5,0.0,53.39,98.39,7.097,278.86,15.23,89.6,7.84,21.46,228.57376,196.93333,0.7,2.7846682,0.96,45.914693388056975,Good
6218,Thengudi,CWC,33,Tamil Nadu,590,Tiruvarur,NANNILAM,-,-,Cauvery,Cauvery,-,-,-,Thirumalairajanar,10.91611111,79.63916667,12-08-2013 08:45,660.0,Light Brown,odour free,28.0,0.0,21.71,31.2,5.183,94.61,6.07,19.3,7.28,13.15,77.54918,79.566666,1.21,0.94364065,1.28,47.25765531733354,Good
6219,Thengudi,CWC,33,Tamil Nadu,590,Tiruvarur,NANNILAM,-,-,Cauvery,Cauvery,-,-,-,Thirumalairajanar,10.91611111,79.63916667,02-09-2013 09:00,247.0,Clear,odour free,30.0,0.0,21.71,70.9,5.103,97.6,8.1,47.2,7.78,23.61,80.0,88.025,2.28,2.1948578,1.52,57.25237459662677,Poor
6220,Thengudi,CWC,33,Tamil Nadu,590,Tiruvarur,NANNILAM,-,-,Cauvery,Cauvery,-,-,-,Thirumalairajanar,10.91611111,79.63916667,01-10-2013 08:30,350.0,Brown,odour free,30.5,0.0,26.72,48.21,5.423,123.3,6.07,37.1,7.48,10.97,101.065575,92.09167,3.5,1.6856917,1.24,51.08325289087463,Poor
6221,Thengudi,CWC,33,Tamil Nadu,590,Tiruvarur,NANNILAM,-,-,Cauvery,Cauvery,-,-,-,Thirumalairajanar,10.91611111,79.63916667,01-11-2013 09:00,544.0,Light Brown,odour free,30.0,0.0,8.08,124.6,5.023,76.6,14.7,71.4,7.6,17.99,62.786884,81.45,2.1,3.4584339,2.55,70.13853715111198,Poor
6222,Thengudi,CWC,33,Tamil Nadu,590,Tiruvarur,NANNILAM,-,-,Cauvery,Cauvery,-,-,-,Thirumalairajanar,10.91611111,79.63916667,02-12-2013 09:00,586.0,Light Brown,odour free,26.0,0.0,18.56,93.59,5.342,170.2,23.53,70.2,7.88,18.18,139.5082,144.44167,4.22,2.5523877,2.74,78.92963030564961,Very Poor
6223,Thengudi,CWC,33,Tamil Nadu,590,Tiruvarur,NANNILAM,-,-,Cauvery,Cauvery,-,-,-,Thirumalairajanar,10.91611111,79.63916667,01-01-2014 09:15,480.0,Light Brown,odour free,26.0,0.0,18.56,96.42,4.864,158.9,23.53,69.5,7.61,23.11,130.2459,144.44167,5.69,2.5269365,2.55,76.77024922921935,Very Poor
6224,Thengudi,CWC,33,Tamil Nadu,590,Tiruvarur,NANNILAM,-,-,Cauvery,Cauvery,-,-,-,Thirumalairajanar,10.91611111,79.63916667,01-02-2014 09:15,607.0,Light Brown,odour free,26.5,0.0,15.19,113.44,5.981,130.51,20.46,80.0,8.23,28.97,106.9754,123.225,6.08,3.149393,2.33,76.82224108604768,Very Poor
6225,Thengudi,CWC,33,Tamil Nadu,590,Tiruvarur,NANNILAM,-,-,Cauvery,Cauvery,-,-,-,Thirumalairajanar,10.91611111,79.63916667,01-03-2014 08:55,630.0,Light Brown,odour free,27.0,11.16,10.13,116.28,5.183,96.5,17.39,83.4,8.36,28.73,97.69836,97.78333,6.12,3.6866744,1.82,72.62803158173972,Poor
6227,Thengudi,CWC,33,Tamil Nadu,590,Tiruvarur,NANNILAM,-,-,Cauvery,Cauvery,-,-,-,Thirumalairajanar,10.91611111,79.63916667,01-09-2014 08:30,442.0,Light Brown,odour free,28.0,0.0,30.28,42.54,6.14,189.1,16.21,32.6,7.44,24.4,155.0,143.24167,0.6,1.1889277,2.19,59.98264049132053,Poor
6228,Thengudi,CWC,33,Tamil Nadu,590,Tiruvarur,NANNILAM,-,-,Cauvery,Cauvery,-,-,-,Thirumalairajanar,10.91611111,79.63916667,01-10-2014 08:30,340.0,Light Brown,odour free,30.0,0.0,16.88,45.38,4.35,115.9,9.22,35.0,7.95,10.62,95.0,80.61667,1.07,1.7015309,1.58,60.06958804485193,Poor
6229,Thengudi,CWC,33,Tamil Nadu,590,Tiruvarur,NANNILAM,-,-,Cauvery,Cauvery,-,-,-,Thirumalairajanar,10.91611111,79.63916667,01-11-2014 09:00,509.0,Light Brown,odour free,26.0,6.0,23.63,80.63,5.26,140.3,12.29,62.2,8.26,19.03,125.0,110.28333,1.24,2.5851827,1.28,57.80210765673932,Poor
6230,Thengudi,CWC,33,Tamil Nadu,590,Tiruvarur,NANNILAM,-,-,Cauvery,Cauvery,-,-,-,Thirumalairajanar,10.91611111,79.63916667,01-12-2014 09:15,532.0,Light Brown,odour free,25.0,0.0,28.69,83.41,4.47,195.2,14.34,62.9,7.74,13.44,160.0,131.475,1.94,2.394208,1.46,58.67629918371564,Poor
6231,Thengudi,CWC,33,Tamil Nadu,590,Tiruvarur,NANNILAM,-,-,Cauvery,Cauvery,-,-,-,Thirumalairajanar,10.91611111,79.63916667,01-01-2015 09:10,667.0,Light Brown,odour free,27.0,0.0,40.5,94.53,4.94,225.7,22.53,70.6,7.82,20.28,185.0,195.125,2.19,2.2061908,1.46,60.257212683008255,Poor
6232,Thengudi,CWC,33,Tamil Nadu,590,Tiruvarur,NANNILAM,-,-,Cauvery,Cauvery,-,-,-,Thirumalairajanar,10.91611111,79.63916667,02-02-2015 09:00,641.0,Light Brown,odour free,24.0,0.0,37.13,104.93,4.82,195.2,18.43,73.1,7.96,22.67,160.0,169.61667,3.39,2.4496942,1.64,65.04128845180189,Poor
6233,Thengudi,CWC,33,Tamil Nadu,590,Tiruvarur,NANNILAM,-,-,Cauvery,Cauvery,-,-,-,Thirumalairajanar,10.91611111,79.63916667,02-03-2015 08:45,650.0,Light Brown,odour free,28.0,22.33,32.06,113.44,4.51,153.2,17.29,80.9,8.3,24.31,162.79044,152.19168,1.01,2.8623972,0.55,51.18479897229244,Poor
6234,Thengudi,CWC,33,Tamil Nadu,590,Tiruvarur,NANNILAM,-,-,Cauvery,Cauvery,-,-,-,Thirumalairajanar,10.91611111,79.63916667,14-05-2015 08:45,762.0,Brown,odour free,28.0,0.0,33.4,129.16,4.9,218.2,21.08,99.5,7.71,33.02,178.85246,171.33334,1.13,3.318719,2.19,67.64277374934429,Poor
6235,Thengudi,CWC,33,Tamil Nadu,590,Tiruvarur,NANNILAM,-,-,Cauvery,Cauvery,-,-,-,Thirumalairajanar,10.91611111,79.63916667,24-08-2015 08:00,514.0,Clear,odour free,30.0,0.0,26.72,88.11,6.5,189.46,12.97,70.0,7.6,24.06,155.29509,120.84167,0.705,2.779109,1.82,55.34815830273261,Poor
6236,Thengudi,CWC,33,Tamil Nadu,590,Tiruvarur,NANNILAM,-,-,Cauvery,Cauvery,-,-,-,Thirumalairajanar,10.91611111,79.63916667,01-09-2015 08:45,517.0,Clear,odour free,30.0,0.0,32.06,74.34,6.38,172.24,13.78,53.8,7.75,20.01,141.18033,137.56667,0.751,2.001576,1.28,49.986951249463495,Good
6237,Thengudi,CWC,33,Tamil Nadu,590,Tiruvarur,NANNILAM,-,-,Cauvery,Cauvery,-,-,-,Thirumalairajanar,10.91611111,79.63916667,01-10-2015 08:45,740.0,Light Brown,odour free,28.0,0.0,38.74,112.89,4.66,252.61,20.27,85.5,7.96,23.93,207.05737,181.30833,0.57,2.7715104,2.74,77.40491620368165,Very Poor
6238,Thengudi,CWC,33,Tamil Nadu,590,Tiruvarur,NANNILAM,-,-,Cauvery,Cauvery,-,-,-,Thirumalairajanar,10.91611111,79.63916667,02-11-2015 08:30,530.0,Light Brown,odour free,27.0,0.0,26.72,85.36,4.9,201.93,17.02,65.3,7.22,17.23,165.51639,137.71666,0.37,2.42937,0.91,43.664122391983405,Good
6239,Thengudi,CWC,33,Tamil Nadu,590,Tiruvarur,NANNILAM,-,-,Cauvery,Cauvery,-,-,-,Thirumalairajanar,10.91611111,79.63916667,01-12-2015 08:30,615.0,Light Brown,odour free,26.5,0.0,18.7,49.56,4.66,134.62,9.73,38.4,7.87,8.83,110.34426,87.291664,0.242,1.793911,1.82,60.96023100712163,Poor
6240,Thengudi,CWC,33,Tamil Nadu,590,Tiruvarur,NANNILAM,-,-,Cauvery,Cauvery,-,-,-,Thirumalairajanar,10.91611111,79.63916667,04-01-2016 08:15,454.0,Light Brown,odour free,25.5,0.0,24.05,66.89,4.98,155.01,13.78,50.9,7.9,20.34,127.05737,117.541664,0.307,2.049434,1.64,58.98622015439458,Poor
6241,Thengudi,CWC,33,Tamil Nadu,590,Tiruvarur,NANNILAM,-,-,Cauvery,Cauvery,-,-,-,Thirumalairajanar,10.91611111,79.63916667,01-02-2016 08:45,710.0,Light Brown,odour free,26.0,16.94,24.05,90.97,4.66,68.89,13.62,57.6,8.35,28.11,84.70055,116.875,0.268,2.3257706,1.09,56.56222025271433,Poor
6242,Thengudi,CWC,33,Tamil Nadu,590,Tiruvarur,NANNILAM,-,-,Cauvery,Cauvery,-,-,-,Thirumalairajanar,10.91611111,79.63916667,01-03-2016 08:45,665.0,Light Brown,odour free,28.5,11.29,36.87,96.32,5.06,200.94,22.37,67.1,8.37,29.02,183.52159,185.38333,0.252,2.1514564,1.64,65.15952571176499,Poor
6243,Thengudi,CWC,33,Tamil Nadu,590,Tiruvarur,NANNILAM,-,-,Cauvery,Cauvery,-,-,-,Thirumalairajanar,10.91611111,79.63916667,18-05-2016 09:15,670.0,Light Brown,odour free,27.0,0.0,30.46,117.72,4.62,159.13,20.43,90.0,7.27,45.92,130.43443,161.275,1.217,3.094302,2.01,61.483056837673075,Poor
6244,Thengudi,CWC,33,Tamil Nadu,590,Tiruvarur,NANNILAM,-,-,Cauvery,Cauvery,-,-,-,Thirumalairajanar,10.91611111,79.63916667,01-09-2016 09:00,470.0,Brown,odour free,26.5,0.0,25.65,56.72,4.39,157.6,13.62,43.8,7.55,22.19,129.18033,120.875,0.729,1.7388963,2.54,69.81139535127254,Poor
6245,Thengudi,CWC,33,Tamil Nadu,590,Tiruvarur,NANNILAM,-,-,Cauvery,Cauvery,-,-,-,Thirumalairajanar,10.91611111,79.63916667,24-10-2016 09:00,430.0,Light Brown,odour free,27.5,0.0,32.06,54.02,4.62,152.5,10.7,39.8,7.23,18.35,125.0,124.73334,0.435,1.5545287,2.9,70.3951601057911,Poor
6246,Thengudi,CWC,33,Tamil Nadu,590,Tiruvarur,NANNILAM,-,-,Cauvery,Cauvery,-,-,-,Thirumalairajanar,10.91611111,79.63916667,01-11-2016 08:45,840.0,Light Brown,odour free,27.5,0.0,28.86,170.16,4.15,183.0,10.7,131.5,7.78,31.81,150.0,116.73334,0.79,5.3099723,0.91,50.92490061161715,Poor
6247,Thengudi,CWC,33,Tamil Nadu,590,Tiruvarur,NANNILAM,-,-,Cauvery,Cauvery,-,-,-,Thirumalairajanar,10.91611111,79.63916667,23-01-2017 08:45,640.0,Brown,odour free,26.0,0.0,30.46,98.05,3.83,164.4,15.56,75.0,8.22,25.1,134.75409,140.98334,0.731,2.756911,2.78,81.5033633536411,Very Poor
6248,Thengudi,CWC,33,Tamil Nadu,590,Tiruvarur,NANNILAM,-,-,Cauvery,Cauvery,-,-,-,Thirumalairajanar,10.91611111,79.63916667,01-02-2017 08:30,657.0,Light Brown,odour free,25.0,0.0,33.67,115.35,4.19,169.52,14.59,85.8,8.08,13.86,138.95082,144.96666,0.617,3.1095982,2.47,74.92508437932186,Poor
6249,Thengudi,CWC,33,Tamil Nadu,590,Tiruvarur,NANNILAM,-,-,Cauvery,Cauvery,-,-,-,Thirumalairajanar,10.91611111,79.63916667,16-10-2017 08:00,580.0,Clear,Odour free,27.5,0.0,27.0,52.4,4.0,128.0,12.7,42.0,7.3,27.7,105.0,121.0,0.47,1.7,1.3,51.18569292765511,Poor
6250,Thengudi,CWC,33,Tamil Nadu,590,Tiruvarur,NANNILAM,-,-,Cauvery,Cauvery,-,-,-,Thirumalairajanar,10.91611111,79.63916667,01-11-2017 08:00,680.0,Brown,Odour free,26.0,0.0,21.0,90.2,4.5,134.0,16.5,69.0,7.2,20.3,109.0,121.0,0.29,2.7,2.4,64.14391252165896,Poor
6251,Thengudi,CWC,33,Tamil Nadu,590,Tiruvarur,NANNILAM,-,-,Cauvery,Cauvery,-,-,-,Thirumalairajanar,10.91611111,79.63916667,01-12-2017 20:57,390.0,Brown,Odour free,26.5,10.1,8.0,62.7,4.8,77.0,12.7,48.0,8.8,12.3,80.0,73.0,0.15,2.5,1.9,70.53227947605197,Poor
6252,Thengudi,CWC,33,Tamil Nadu,590,Tiruvarur,NANNILAM,-,-,Cauvery,Cauvery,-,-,-,Thirumalairajanar,10.91611111,79.63916667,01-01-2018 08:00,726.0,Light Brown,Odour free,24.5,0.0,25.0,127.4,4.5,195.0,21.9,96.3,8.1,31.4,160.0,153.0,0.17,3.4,2.0,68.43735252038724,Poor
6253,Thengudi,CWC,33,Tamil Nadu,590,Tiruvarur,NANNILAM,-,-,Cauvery,Cauvery,-,-,-,Thirumalairajanar,10.91611111,79.63916667,01-02-2018 08:00,680.0,Light Brown,Odour free,24.0,0.0,34.0,124.2,4.7,166.0,19.5,88.1,8.0,30.8,136.0,165.0,0.26,3.0,1.3,57.426239607674816,Poor
6254,Thengudi,CWC,33,Tamil Nadu,590,Tiruvarur,NANNILAM,-,-,Cauvery,Cauvery,-,-,-,Thirumalairajanar,10.91611111,79.63916667,02-08-2018 08:00,640.0,Light Brown,Odour free,28.5,0.0,13.0,34.3,5.1,100.0,12.5,26.8,7.3,17.5,82.0,84.0,0.56,1.3,1.5,50.58938901871016,Poor
6255,Thengudi,CWC,33,Tamil Nadu,590,Tiruvarur,NANNILAM,-,-,Cauvery,Cauvery,-,-,-,Thirumalairajanar,10.91611111,79.63916667,01-09-2018 08:00,245.0,Light Brown,Odour free,27.5,0.0,19.0,35.1,5.3,86.0,4.9,24.4,7.6,10.1,71.0,69.0,0.24,1.3,1.2,47.47547753032254,Good
6256,Thengudi,CWC,33,Tamil Nadu,590,Tiruvarur,NANNILAM,-,-,Cauvery,Cauvery,-,-,-,Thirumalairajanar,10.91611111,79.63916667,01-10-2018 08:00,267.0,Light Brown,Odour free,28.0,0.0,16.0,33.0,5.2,104.0,11.6,25.2,7.6,8.6,85.0,88.0,1.16,1.2,1.3,51.134571669289585,Poor
6257,Thengudi,CWC,33,Tamil Nadu,590,Tiruvarur,NANNILAM,-,-,Cauvery,Cauvery,-,-,-,Thirumalairajanar,10.91611111,79.63916667,01-11-2018 08:00,384.0,Light Brown,Odour free,29.0,0.0,28.0,43.1,5.0,139.0,9.5,34.2,7.7,22.6,114.0,110.0,0.46,1.4,2.3,65.48244297137045,Poor
6258,Thengudi,CWC,33,Tamil Nadu,590,Tiruvarur,NANNILAM,-,-,Cauvery,Cauvery,-,-,-,Thirumalairajanar,10.91611111,79.63916667,01-12-2018 08:00,438.0,Light Brown,Odour free,39.4,0.0,26.0,47.0,4.0,179.0,15.7,40.3,7.9,17.8,147.0,130.0,0.49,1.5,1.2,56.06689040965235,Poor
6259,Thengudi,CWC,33,Tamil Nadu,590,Tiruvarur,NANNILAM,-,-,Cauvery,Cauvery,-,-,-,Thirumalairajanar,10.91611111,79.63916667,01-01-2019 08:00,549.0,Light Brown,Odour free,27.0,0.0,38.0,59.4,5.0,251.0,20.4,59.3,8.1,30.2,206.0,181.0,3.34,1.9,2.0,71.0709107889424,Poor
6260,Thengudi,CWC,33,Tamil Nadu,590,Tiruvarur,NANNILAM,-,-,Cauvery,Cauvery,-,-,-,Thirumalairajanar,10.91611111,79.63916667,01-02-2019 08:00,669.0,Light Brown,Odour free,25.0,0.0,37.0,70.6,5.8,269.0,21.3,73.9,7.9,36.4,221.0,180.0,3.16,2.4,1.9,65.80050177245776,Poor
6261,Thengudi,CWC,33,Tamil Nadu,590,Tiruvarur,NANNILAM,-,-,Cauvery,Cauvery,-,-,-,Thirumalairajanar,10.91611111,79.63916667,13-09-2019 08:00,320.0,Light Brown,Odour free,27.5,0.0,22.0,54.7,4.0,108.0,7.6,38.6,7.6,19.1,89.0,86.0,0.08,1.8,3.2,78.2472881396347,Very Poor
6262,Thengudi,CWC,33,Tamil Nadu,590,Tiruvarur,NANNILAM,-,-,Cauvery,Cauvery,-,-,-,Thirumalairajanar,10.91611111,79.63916667,01-10-2019 08:00,680.0,Light Brown,odour free,28.5,0.0,20.0,49.5,6.5,156.0,10.2,52.8,7.8,20.5,128.0,92.0,0.09,2.4,3.4,77.03732374775463,Very Poor
6263,Thengudi,CWC,33,Tamil Nadu,590,Tiruvarur,NANNILAM,-,-,Cauvery,Cauvery,-,-,-,Thirumalairajanar,10.91611111,79.63916667,01-11-2019 08:00,405.0,Light Brown,Odour free,27.5,0.0,20.0,59.0,6.9,123.0,11.3,45.1,7.9,22.5,101.0,98.0,0.21,2.0,3.2,74.49231961466928,Poor
6264,Thengudi,CWC,33,Tamil Nadu,590,Tiruvarur,NANNILAM,-,-,Cauvery,Cauvery,-,-,-,Thirumalairajanar,10.91611111,79.63916667,02-12-2019 08:00,665.0,Light Brown,Odour free,26.0,0.0,18.0,34.3,7.2,120.0,13.0,26.3,7.6,19.7,98.0,100.0,0.33,1.1,2.0,54.88617037849523,Poor
6265,Thengudi,CWC,33,Tamil Nadu,590,Tiruvarur,NANNILAM,-,-,Cauvery,Cauvery,-,-,-,Thirumalairajanar,10.91611111,79.63916667,01-01-2020 08:00,650.0,Light Brown,Odour free,27.5,0.0,39.0,66.0,7.0,227.0,24.3,52.4,8.0,28.2,186.0,198.0,0.66,1.6,2.4,67.72653520275964,Poor
6266,Thengudi,CWC,33,Tamil Nadu,590,Tiruvarur,NANNILAM,-,-,Cauvery,Cauvery,-,-,-,Thirumalairajanar,10.91611111,79.63916667,01-02-2020 08:00,626.0,Light Brown,Odour free,28.0,0.0,41.0,74.7,7.0,203.0,20.4,57.5,8.1,34.8,167.0,188.0,0.35,1.8,1.6,56.973036466529955,Poor
6268,Thengudi,CWC,33,Tamil Nadu,590,Tiruvarur,NANNILAM,-,-,Cauvery,Cauvery,-,-,-,Thirumalairajanar,10.91611111,79.63916667,07-08-2020 08:00,680.0,Clear,odour free,28.0,30.64,24.43,60.18,7.2,150.55,20.38,53.2,9.1,24.11,,,0.0,,2.58,77.30925603668908,Very Poor
6269,Thengudi,CWC,33,Tamil Nadu,590,Tiruvarur,NANNILAM,-,-,Cauvery,Cauvery,-,-,-,Thirumalairajanar,10.91611111,79.63916667,04-09-2020 08:00,342.8,Light Brown,Odour free,28.0,10.32,21.17,33.0,6.49,110.19,13.77,27.0,8.43,9.39,,,0.08,,1.81,61.25155797447025,Poor
6270,Thengudi,CWC,33,Tamil Nadu,590,Tiruvarur,NANNILAM,-,-,Cauvery,Cauvery,-,-,-,Thirumalairajanar,10.91611111,79.63916667,01-10-2020 08:00,389.9,Brown,odour free,28.5,0.0,20.98,47.51,4.46,152.17,14.55,38.3,7.91,22.4,,,0.06,,2.98,77.42556566041937,Very Poor
6271,Thengudi,CWC,33,Tamil Nadu,590,Tiruvarur,NANNILAM,-,-,Cauvery,Cauvery,-,-,-,Thirumalairajanar,10.91611111,79.63916667,02-11-2020 08:00,529.2,Light Brown,odour free,27.0,0.0,25.96,63.35,6.69,198.25,18.53,52.0,8.24,26.64,,,0.05,,1.0,48.89575198308615,Good
6272,Thengudi,CWC,33,Tamil Nadu,590,Tiruvarur,NANNILAM,-,-,Cauvery,Cauvery,-,-,-,Thirumalairajanar,10.91611111,79.63916667,01-12-2020 08:00,630.0,Light Brown,Odour free,28.0,0.0,36.64,62.73,0.08,246.52,25.94,48.6,8.27,25.08,,,0.86,,1.0,68.13465674726183,Poor
6657,THENGUMARAHADA,CWC,33,Tamil Nadu,587,Nilgiris,Kotagiri,-,-,Cauvery,Cauvery,Bhavani,Moyar,-,Moyar,11.57277778,76.91916667,01-06-2001 06:50,124.0,Clear,odour free,24.1,0.0,4.81,26.88,7.1,28.93,9.72,6.4,7.72,7.59,23.713116,52.525,1.56,0.386072,0.7,38.97470773022081,Good
6658,THENGUMARAHADA,CWC,33,Tamil Nadu,587,Nilgiris,Kotagiri,-,-,Cauvery,Cauvery,Bhavani,Moyar,-,Moyar,11.57277778,76.91916667,02-07-2001 07:00,131.0,Clear,odour free,24.1,0.0,11.22,20.66,7.4,36.77,7.78,4.4,7.81,4.07,30.139345,60.466667,1.32,0.24706867,0.7,38.672829276471624,Good
6659,THENGUMARAHADA,CWC,33,Tamil Nadu,587,Nilgiris,Kotagiri,-,-,Cauvery,Cauvery,Bhavani,Moyar,-,Moyar,11.57277778,76.91916667,01-08-2001 07:30,106.0,Light Brown,odour free,24.1,0.0,8.02,15.37,6.8,40.31,6.81,3.0,7.74,3.0,33.040985,48.425,0.904,0.18828931,0.6,37.42099857935127,Good
6660,THENGUMARAHADA,CWC,33,Tamil Nadu,587,Nilgiris,Kotagiri,-,-,Cauvery,Cauvery,Bhavani,Moyar,-,Moyar,11.57277778,76.91916667,01-09-2001 07:00,100.0,Light Brown,odour free,23.0,0.0,11.22,14.15,7.3,32.02,4.86,2.9,7.3,2.0,26.245901,48.300003,1.31,0.18208545,0.4,29.52751981719045,Good
6661,THENGUMARAHADA,CWC,33,Tamil Nadu,587,Nilgiris,Kotagiri,-,-,Cauvery,Cauvery,Bhavani,Moyar,-,Moyar,11.57277778,76.91916667,01-10-2001 07:00,189.0,Light Brown,odour free,24.3,0.0,19.24,18.72,8.2,75.37,2.92,16.1,7.15,3.67,61.77869,60.266666,2.07,0.90392554,0.7,30.909080306404693,Good
6662,THENGUMARAHADA,CWC,33,Tamil Nadu,587,Nilgiris,Kotagiri,-,-,Cauvery,Cauvery,Bhavani,Moyar,-,Moyar,11.57277778,76.91916667,01-11-2001 07:00,90.0,Light Brown,odour free,24.7,0.0,17.64,13.93,7.4,58.36,6.81,5.1,7.36,3.45,47.836067,72.475,1.84,0.26137397,0.8,36.447312875574276,Good
6663,THENGUMARAHADA,CWC,33,Tamil Nadu,587,Nilgiris,Kotagiri,-,-,Cauvery,Cauvery,Bhavani,Moyar,-,Moyar,11.57277778,76.91916667,01-12-2001 08:00,143.0,Clear,odour free,23.6,0.0,20.84,35.47,7.0,86.67,6.81,27.6,7.61,3.76,71.040985,80.475,3.1,1.3420672,0.7,40.304420177901505,Good
6664,THENGUMARAHADA,CWC,33,Tamil Nadu,587,Nilgiris,Kotagiri,-,-,Cauvery,Cauvery,Bhavani,Moyar,-,Moyar,11.57277778,76.91916667,01-01-2002 06:30,206.0,Clear,odour free,21.7,0.0,24.05,24.39,7.4,75.84,4.86,8.4,7.52,4.163,62.163933,80.375,1.62,0.40848908,2.7,63.36015039162971,Poor
6665,THENGUMARAHADA,CWC,33,Tamil Nadu,587,Nilgiris,Kotagiri,-,-,Cauvery,Cauvery,Bhavani,Moyar,-,Moyar,11.57277778,76.91916667,01-02-2002 06:30,166.0,Clear,odour free,23.2,0.0,19.24,17.91,7.5,65.0,6.81,4.2,7.34,5.56,53.27869,76.475,1.87,0.20952128,1.0,38.820917818565505,Good
6666,THENGUMARAHADA,CWC,33,Tamil Nadu,587,Nilgiris,Kotagiri,-,-,Cauvery,Cauvery,Bhavani,Moyar,-,Moyar,11.57277778,76.91916667,01-03-2002 06:30,171.0,Clear,odour free,23.3,0.0,12.83,38.03,7.3,37.87,9.72,6.2,7.17,4.4,31.040983,72.575005,1.48,0.3178135,0.8,34.746632007646205,Good
6667,THENGUMARAHADA,CWC,33,Tamil Nadu,587,Nilgiris,Kotagiri,-,-,Cauvery,Cauvery,Bhavani,Moyar,-,Moyar,11.57277778,76.91916667,01-04-2002 06:30,167.0,Clear,odour free,25.7,0.0,12.83,33.44,7.3,35.18,9.72,6.0,6.64,4.16,28.836065,72.575005,1.04,0.30756143,0.6,26.436884975241227,Good
6668,THENGUMARAHADA,CWC,33,Tamil Nadu,587,Nilgiris,Kotagiri,-,-,Cauvery,Cauvery,Bhavani,Moyar,-,Moyar,11.57277778,76.91916667,01-05-2002 06:30,135.0,Clear,odour free,26.6,0.0,17.64,24.67,8.3,32.8,2.92,4.8,7.02,3.4,26.885244,56.266666,1.85,0.27892944,0.6,27.617714416320915,Good
6669,THENGUMARAHADA,CWC,33,Tamil Nadu,587,Nilgiris,Kotagiri,-,-,Cauvery,Cauvery,Bhavani,Moyar,-,Moyar,11.57277778,76.91916667,01-06-2002 06:30,103.0,Light Brown,odour free,26.0,0.0,20.84,22.78,7.6,77.88,6.81,7.2,6.98,3.4,63.836063,80.475,1.93,0.35010448,1.6,43.40157077588743,Good
6670,THENGUMARAHADA,CWC,33,Tamil Nadu,587,Nilgiris,Kotagiri,-,-,Cauvery,Cauvery,Bhavani,Moyar,-,Moyar,11.57277778,76.91916667,01-07-2002 06:30,212.0,Clear,odour free,26.0,0.0,20.84,37.56,7.9,49.19,9.72,4.8,7.03,4.77,40.31967,92.6,3.21,0.21768512,0.9,35.60667641737009,Good
6671,THENGUMARAHADA,CWC,33,Tamil Nadu,587,Nilgiris,Kotagiri,-,-,Cauvery,Cauvery,Bhavani,Moyar,-,Moyar,11.57277778,76.91916667,01-08-2002 06:30,156.0,Clear,odour free,24.2,0.0,16.03,19.11,8.3,43.73,6.81,6.6,7.65,7.35,35.84426,68.450005,2.09,0.3480944,1.0,39.886133175660106,Good
6672,THENGUMARAHADA,CWC,33,Tamil Nadu,587,Nilgiris,Kotagiri,-,-,Cauvery,Cauvery,Bhavani,Moyar,-,Moyar,11.57277778,76.91916667,02-09-2002 06:45,124.0,Light Brown,odour free,23.6,0.0,9.62,12.95,6.9,37.9,6.81,4.5,7.49,7.24,31.065575,52.425,1.34,0.27138028,0.4,32.66544625349724,Good
6673,THENGUMARAHADA,CWC,33,Tamil Nadu,587,Nilgiris,Kotagiri,-,-,Cauvery,Cauvery,Bhavani,Moyar,-,Moyar,11.57277778,76.91916667,01-10-2002 06:45,185.0,Light Brown,odour free,25.7,0.0,16.03,28.26,7.3,33.17,6.81,3.5,7.53,4.92,27.188522,68.450005,2.29,0.18459551,1.0,41.494547781467084,Good
6674,THENGUMARAHADA,CWC,33,Tamil Nadu,587,Nilgiris,Kotagiri,-,-,Cauvery,Cauvery,Bhavani,Moyar,-,Moyar,11.57277778,76.91916667,01-11-2002 06:45,156.0,Light Brown,odour free,24.1,0.0,19.24,21.13,7.2,47.22,6.81,6.1,7.54,10.56,38.704918,76.475,4.06,0.30430472,1.2,46.836560260662566,Good
6675,THENGUMARAHADA,CWC,33,Tamil Nadu,587,Nilgiris,Kotagiri,-,-,Cauvery,Cauvery,Bhavani,Moyar,-,Moyar,11.57277778,76.91916667,02-12-2002 06:45,226.0,Clear,odour free,22.4,0.0,30.46,40.88,6.6,67.85,10.69,5.8,6.98,6.4,55.614754,120.691666,5.29,0.2303156,0.7,38.736540684264085,Good
6676,THENGUMARAHADA,CWC,33,Tamil Nadu,587,Nilgiris,Kotagiri,-,-,Cauvery,Cauvery,Bhavani,Moyar,-,Moyar,11.57277778,76.91916667,01-01-2003 06:45,200.0,Clear,odour free,21.2,0.0,24.05,13.64,6.8,66.43,4.86,4.2,7.39,5.8,54.45082,80.375,2.7,0.20424454,0.3,32.47238739846122,Good
6677,THENGUMARAHADA,CWC,33,Tamil Nadu,587,Nilgiris,Kotagiri,-,-,Cauvery,Cauvery,Bhavani,Moyar,-,Moyar,11.57277778,76.91916667,01-02-2003 06:50,245.0,Clear,odour free,23.0,0.0,32.06,55.48,7.2,36.15,4.86,5.3,7.44,2.25,29.63115,100.4,3.55,0.23054408,0.6,37.258138950156585,Good
6678,THENGUMARAHADA,CWC,33,Tamil Nadu,587,Nilgiris,Kotagiri,-,-,Cauvery,Cauvery,Bhavani,Moyar,-,Moyar,11.57277778,76.91916667,01-03-2003 06:45,214.0,Clear,odour free,24.7,0.0,25.65,41.84,7.4,41.53,5.83,7.3,7.42,8.44,34.04098,88.416664,4.0,0.3385092,1.1,43.83006844095252,Good
6679,THENGUMARAHADA,CWC,33,Tamil Nadu,587,Nilgiris,Kotagiri,-,-,Cauvery,Cauvery,Bhavani,Moyar,-,Moyar,11.57277778,76.91916667,01-04-2003 06:45,220.0,Clear,odour free,27.1,0.0,25.65,52.76,7.3,36.73,6.81,9.1,7.32,4.5,30.106558,92.5,3.9,0.4126289,0.8,39.10235471755926,Good
6680,THENGUMARAHADA,CWC,33,Tamil Nadu,587,Nilgiris,Kotagiri,-,-,Cauvery,Cauvery,Bhavani,Moyar,-,Moyar,11.57277778,76.91916667,02-06-2003 06:10,230.0,Clear,odour free,27.6,0.0,25.65,27.97,7.1,85.33,7.78,5.4,7.41,11.39,69.94263,96.541664,1.3,0.23971376,2.5,60.50253925203078,Poor
6681,THENGUMARAHADA,CWC,33,Tamil Nadu,587,Nilgiris,Kotagiri,-,-,Cauvery,Cauvery,Bhavani,Moyar,-,Moyar,11.57277778,76.91916667,01-07-2003 06:15,242.0,Clear,odour free,25.0,0.0,27.25,43.98,7.2,37.13,4.86,9.3,7.42,5.42,30.434427,88.375,1.94,0.43124783,0.9,39.02424936674377,Good
6682,THENGUMARAHADA,CWC,33,Tamil Nadu,587,Nilgiris,Kotagiri,-,-,Cauvery,Cauvery,Bhavani,Moyar,-,Moyar,11.57277778,76.91916667,01-08-2003 06:45,231.0,Clear,odour free,25.3,0.0,24.05,43.14,6.9,42.43,7.78,9.6,7.43,7.93,34.77869,92.541664,5.36,0.43530428,1.1,47.09863554457373,Good
6683,THENGUMARAHADA,CWC,33,Tamil Nadu,587,Nilgiris,Kotagiri,-,-,Cauvery,Cauvery,Bhavani,Moyar,-,Moyar,11.57277778,76.91916667,01-09-2003 06:45,190.0,Clear,odour free,26.0,0.0,20.84,39.21,6.8,20.68,3.89,4.8,7.5,2.1,16.950819,68.308334,3.5,0.25318152,0.7,39.58785416585197,Good
6684,THENGUMARAHADA,CWC,33,Tamil Nadu,587,Nilgiris,Kotagiri,-,-,Cauvery,Cauvery,Bhavani,Moyar,-,Moyar,11.57277778,76.91916667,01-10-2003 06:40,217.0,Clear,odour free,27.8,0.0,22.44,40.88,6.8,48.8,6.81,11.0,7.94,7.76,40.0,84.475,1.8,0.52201796,0.9,45.00872090148951,Good
6685,THENGUMARAHADA,CWC,33,Tamil Nadu,587,Nilgiris,Kotagiri,-,-,Cauvery,Cauvery,Bhavani,Moyar,-,Moyar,11.57277778,76.91916667,01-11-2003 06:40,177.0,Clear,odour free,25.2,0.0,30.46,48.95,7.2,55.16,9.72,9.1,7.65,9.44,45.213116,116.65,2.026,0.36752102,1.5,50.30449673223966,Poor
6686,THENGUMARAHADA,CWC,33,Tamil Nadu,587,Nilgiris,Kotagiri,-,-,Cauvery,Cauvery,Bhavani,Moyar,-,Moyar,11.57277778,76.91916667,01-12-2003 06:45,287.0,Clear,odour free,24.2,0.0,33.67,43.95,7.0,70.01,11.67,9.6,7.75,13.68,57.385246,132.8,2.06,0.36341217,1.1,46.83114292999984,Good
6687,THENGUMARAHADA,CWC,33,Tamil Nadu,587,Nilgiris,Kotagiri,-,-,Cauvery,Cauvery,Bhavani,Moyar,-,Moyar,11.57277778,76.91916667,01-01-2004 06:45,340.0,Clear,odour free,22.8,0.0,20.84,35.6,7.1,37.86,7.78,4.9,7.92,3.41,31.032787,84.51667,1.334,0.2325373,1.3,48.92996743051251,Good
6688,THENGUMARAHADA,CWC,33,Tamil Nadu,587,Nilgiris,Kotagiri,-,-,Cauvery,Cauvery,Bhavani,Moyar,-,Moyar,11.57277778,76.91916667,03-02-2004 06:45,185.0,Clear,odour free,23.4,0.0,19.24,44.39,7.0,24.71,8.75,4.3,7.49,6.19,20.254097,84.558334,0.792,0.20406513,0.6,35.04368871395473,Good
6689,THENGUMARAHADA,CWC,33,Tamil Nadu,587,Nilgiris,Kotagiri,-,-,Cauvery,Cauvery,Bhavani,Moyar,-,Moyar,11.57277778,76.91916667,01-03-2004 06:45,192.0,Clear,odour free,24.4,8.14,28.86,48.48,7.0,16.54,4.86,5.2,8.49,4.86,27.124044,92.4,0.992,0.2358049,0.7,45.91011016921805,Good
6690,THENGUMARAHADA,CWC,33,Tamil Nadu,587,Nilgiris,Kotagiri,-,-,Cauvery,Cauvery,Bhavani,Moyar,-,Moyar,11.57277778,76.91916667,01-04-2004 06:45,238.0,Clear,odour free,26.6,0.0,32.06,44.6,7.2,42.43,6.81,4.3,8.17,14.68,34.77869,108.525,3.59,0.17996472,4.1,91.87851265697776,Very Poor
6691,THENGUMARAHADA,CWC,33,Tamil Nadu,587,Nilgiris,Kotagiri,-,-,Cauvery,Cauvery,Bhavani,Moyar,-,Moyar,11.57277778,76.91916667,01-06-2004 06:25,178.0,Clear,odour free,24.3,0.0,17.64,27.15,7.2,36.14,7.78,7.2,7.66,20.21,29.62295,76.51666,3.39,0.3591828,0.7,40.524903793099334,Good
6692,THENGUMARAHADA,CWC,33,Tamil Nadu,587,Nilgiris,Kotagiri,-,-,Cauvery,Cauvery,Bhavani,Moyar,-,Moyar,11.57277778,76.91916667,01-07-2004 06:40,186.0,Clear,odour free,24.3,0.0,24.05,32.92,7.0,43.64,4.86,8.6,7.24,4.72,35.770493,80.375,4.67,0.41821504,0.6,36.97434440580937,Good
6693,THENGUMARAHADA,CWC,33,Tamil Nadu,587,Nilgiris,Kotagiri,-,-,Cauvery,Cauvery,Bhavani,Moyar,-,Moyar,11.57277778,76.91916667,02-08-2004 06:40,246.0,Clear,odour free,23.5,0.0,16.03,24.61,7.1,30.74,5.83,4.3,7.56,5.28,25.196722,64.36667,4.43,0.23382522,1.1,46.0898332096587,Good
6694,THENGUMARAHADA,CWC,33,Tamil Nadu,587,Nilgiris,Kotagiri,-,-,Cauvery,Cauvery,Bhavani,Moyar,-,Moyar,11.57277778,76.91916667,01-09-2004 06:45,96.0,Clear,odour free,24.3,0.0,8.02,13.02,6.8,27.77,3.89,3.6,7.45,4.43,22.762295,36.258335,0.967,0.260924,0.8,36.97229530874943,Good
6695,THENGUMARAHADA,CWC,33,Tamil Nadu,587,Nilgiris,Kotagiri,-,-,Cauvery,Cauvery,Bhavani,Moyar,-,Moyar,11.57277778,76.91916667,01-10-2004 06:45,165.0,Clear,odour free,24.0,0.0,16.03,20.46,6.8,38.88,6.81,4.8,7.73,7.4,31.868853,68.450005,2.56,0.25315958,2.3,62.57229458712862,Poor
6696,THENGUMARAHADA,CWC,33,Tamil Nadu,587,Nilgiris,Kotagiri,-,-,Cauvery,Cauvery,Bhavani,Moyar,-,Moyar,11.57277778,76.91916667,01-11-2004 06:50,192.0,Light Brown,odour free,22.6,0.0,11.22,19.51,7.1,35.42,10.69,4.3,7.71,10.16,29.032785,72.59167,2.86,0.22045949,0.7,40.79782339038184,Good
6697,THENGUMARAHADA,CWC,33,Tamil Nadu,587,Nilgiris,Kotagiri,-,-,Cauvery,Cauvery,Bhavani,Moyar,-,Moyar,11.57277778,76.91916667,01-12-2004 06:50,232.0,Clear,odour free,20.2,0.0,24.05,27.9,7.0,58.33,10.69,8.3,7.72,19.93,47.811478,104.666664,2.32,0.35402945,0.1,32.874993119326945,Good
6698,THENGUMARAHADA,CWC,33,Tamil Nadu,587,Nilgiris,Kotagiri,-,-,Cauvery,Cauvery,Bhavani,Moyar,-,Moyar,11.57277778,76.91916667,01-01-2005 06:45,234.0,Clear,odour free,22.4,0.0,24.05,38.83,7.0,55.46,10.69,6.3,7.54,6.74,45.459015,104.666664,2.09,0.26872116,0.6,37.60252162889265,Good
6699,THENGUMARAHADA,CWC,33,Tamil Nadu,587,Nilgiris,Kotagiri,-,-,Cauvery,Cauvery,Bhavani,Moyar,-,Moyar,11.57277778,76.91916667,01-02-2005 06:50,280.0,Clear,odour free,23.2,0.0,24.05,48.53,8.1,36.97,5.83,6.1,7.4,4.45,30.30328,84.416664,1.56,0.28950804,2.0,51.00212136630264,Poor
6700,THENGUMARAHADA,CWC,33,Tamil Nadu,587,Nilgiris,Kotagiri,-,-,Cauvery,Cauvery,Bhavani,Moyar,-,Moyar,11.57277778,76.91916667,01-03-2005 06:50,224.0,Clear,odour free,23.5,0.0,24.05,43.65,6.8,36.69,8.75,4.9,7.45,14.24,30.073769,96.58333,0.932,0.2175197,0.6,35.536491251907584,Good
6701,THENGUMARAHADA,CWC,33,Tamil Nadu,587,Nilgiris,Kotagiri,-,-,Cauvery,Cauvery,Bhavani,Moyar,-,Moyar,11.57277778,76.91916667,01-04-2005 06:45,240.0,Clear,odour free,25.4,0.0,22.44,52.16,6.5,34.31,9.72,7.1,6.96,1.7,28.122952,96.600006,1.44,0.31522495,0.6,32.31711176367495,Good
6702,THENGUMARAHADA,CWC,33,Tamil Nadu,587,Nilgiris,Kotagiri,-,-,Cauvery,Cauvery,Bhavani,Moyar,-,Moyar,11.57277778,76.91916667,02-05-2005 06:45,225.0,Clear,odour free,25.6,0.0,20.84,42.92,7.6,43.38,10.69,6.0,7.2,4.44,35.557377,96.64166,1.46,0.26638934,1.5,44.109884811328634,Good
6703,THENGUMARAHADA,CWC,33,Tamil Nadu,587,Nilgiris,Kotagiri,-,-,Cauvery,Cauvery,Bhavani,Moyar,-,Moyar,11.57277778,76.91916667,01-06-2005 06:50,216.0,Clear,odour free,24.2,0.0,25.65,59.1,7.5,34.05,10.69,5.9,7.09,3.86,27.909836,108.666664,2.13,0.24696356,1.4,42.9238653190424,Good
6704,THENGUMARAHADA,CWC,33,Tamil Nadu,587,Nilgiris,Kotagiri,-,-,Cauvery,Cauvery,Bhavani,Moyar,-,Moyar,11.57277778,76.91916667,01-07-2005 06:45,179.0,Light Brown,odour free,25.0,0.0,14.43,27.58,7.4,27.11,6.81,5.8,6.56,2.34,22.221312,64.45,2.98,0.3152944,1.6,40.87139516142877,Good
6705,THENGUMARAHADA,CWC,33,Tamil Nadu,587,Nilgiris,Kotagiri,-,-,Cauvery,Cauvery,Bhavani,Moyar,-,Moyar,11.57277778,76.91916667,01-08-2005 08:30,160.0,Light Brown,odour free,22.2,0.0,8.02,11.94,8.9,36.32,6.81,5.0,6.67,6.76,29.77049,48.425,1.38,0.31381553,4.0,68.41860434391245,Poor
6706,THENGUMARAHADA,CWC,33,Tamil Nadu,587,Nilgiris,Kotagiri,-,-,Cauvery,Cauvery,Bhavani,Moyar,-,Moyar,11.57277778,76.91916667,01-09-2005 08:30,120.0,Light Brown,odour free,23.3,0.0,11.22,13.59,8.8,39.2,5.83,3.8,7.2,3.48,32.13115,52.341667,1.12,0.22925301,1.5,39.57410689193969,Good
6707,THENGUMARAHADA,CWC,33,Tamil Nadu,587,Nilgiris,Kotagiri,-,-,Cauvery,Cauvery,Bhavani,Moyar,-,Moyar,11.57277778,76.91916667,01-10-2005 08:30,115.0,Clear,odour free,23.0,0.0,8.75,15.09,9.2,22.7,3.54,3.6,6.99,3.48,18.606558,36.625,1.64,0.259553,1.0,29.984423060509965,Good
6708,THENGUMARAHADA,CWC,33,Tamil Nadu,587,Nilgiris,Kotagiri,-,-,Cauvery,Cauvery,Bhavani,Moyar,-,Moyar,11.57277778,76.91916667,02-11-2005 08:30,200.0,Light Brown,odour free,23.3,0.0,19.24,25.33,8.9,93.53,9.72,19.1,6.86,11.3,76.66393,88.6,2.41,0.88563645,2.5,52.200709278975324,Poor
6709,THENGUMARAHADA,CWC,33,Tamil Nadu,587,Nilgiris,Kotagiri,-,-,Cauvery,Cauvery,Bhavani,Moyar,-,Moyar,11.57277778,76.91916667,01-12-2005 08:50,203.0,Clear,odour free,22.3,0.0,18.95,19.64,7.3,73.2,10.61,16.2,7.78,16.92,59.999996,91.583336,3.14,0.73893356,0.8,43.01624856128888,Good
6710,THENGUMARAHADA,CWC,33,Tamil Nadu,587,Nilgiris,Kotagiri,-,-,Cauvery,Cauvery,Bhavani,Moyar,-,Moyar,11.57277778,76.91916667,02-01-2006 08:55,249.0,Clear,odour free,18.3,0.0,22.44,29.12,7.6,77.31,11.67,12.4,7.57,8.92,63.36885,104.725,2.17,0.528874,1.0,42.02997578667716,Good
6711,THENGUMARAHADA,CWC,33,Tamil Nadu,587,Nilgiris,Kotagiri,-,-,Cauvery,Cauvery,Bhavani,Moyar,-,Moyar,11.57277778,76.91916667,01-02-2006 08:50,220.0,Clear,odour free,21.5,0.0,17.64,37.6,7.6,62.81,12.64,7.7,7.56,7.05,51.48361,96.76667,1.91,0.34179828,0.3,32.12193306865691,Good
6712,THENGUMARAHADA,CWC,33,Tamil Nadu,587,Nilgiris,Kotagiri,-,-,Cauvery,Cauvery,Bhavani,Moyar,-,Moyar,11.57277778,76.91916667,01-03-2006 08:40,150.0,Clear,odour free,23.7,0.0,16.03,32.53,7.0,28.99,4.86,5.0,7.37,1.84,23.762295,60.325,1.04,0.28078744,0.7,34.85784280237096,Good
6713,THENGUMARAHADA,CWC,33,Tamil Nadu,587,Nilgiris,Kotagiri,-,-,Cauvery,Cauvery,Bhavani,Moyar,-,Moyar,11.57277778,76.91916667,01-04-2006 08:45,209.0,Clear,odour free,25.5,0.0,22.44,32.37,7.4,52.89,7.78,7.9,7.39,5.93,43.35246,88.51667,2.01,0.36630425,1.2,42.67332803364491,Good
6714,THENGUMARAHADA,CWC,33,Tamil Nadu,587,Nilgiris,Kotagiri,-,-,Cauvery,Cauvery,Bhavani,Moyar,-,Moyar,11.57277778,76.91916667,01-05-2006 08:50,191.0,Clear,odour free,25.3,0.0,20.84,34.53,7.8,48.08,5.83,12.6,7.37,9.94,39.409836,76.39167,1.55,0.628728,1.1,39.24135763941216,Good
6715,THENGUMARAHADA,CWC,33,Tamil Nadu,587,Nilgiris,Kotagiri,-,-,Cauvery,Cauvery,Bhavani,Moyar,-,Moyar,11.57277778,76.91916667,01-06-2006 08:40,140.0,Clear,odour free,25.3,0.0,12.83,19.41,6.1,42.85,7.78,7.4,7.21,7.8,35.122948,64.49167,2.48,0.40227678,3.3,72.86623713883193,Poor
6716,THENGUMARAHADA,CWC,33,Tamil Nadu,587,Nilgiris,Kotagiri,-,-,Cauvery,Cauvery,Bhavani,Moyar,-,Moyar,11.57277778,76.91916667,01-07-2006 08:50,139.0,Clear,odour free,24.8,0.0,14.43,20.08,6.6,33.82,2.92,5.8,7.17,6.12,27.721312,48.24167,1.47,0.36406517,4.2,81.44781681382837,Very Poor
6717,THENGUMARAHADA,CWC,33,Tamil Nadu,587,Nilgiris,Kotagiri,-,-,Cauvery,Cauvery,Bhavani,Moyar,-,Moyar,11.57277778,76.91916667,01-08-2006 08:30,108.0,Clear,odour free,24.0,0.0,11.22,14.22,6.8,35.4,3.89,4.9,7.35,3.67,29.016396,44.258335,1.76,0.32131127,1.5,46.55840737602732,Good
6718,THENGUMARAHADA,CWC,33,Tamil Nadu,587,Nilgiris,Kotagiri,-,-,Cauvery,Cauvery,Bhavani,Moyar,-,Moyar,11.57277778,76.91916667,01-09-2006 08:40,91.0,Clear,odour free,24.5,0.0,9.62,13.06,7.2,25.42,2.92,2.8,7.29,1.93,20.836065,36.216667,1.14,0.20293677,0.5,30.476927710668132,Good
6719,THENGUMARAHADA,CWC,33,Tamil Nadu,587,Nilgiris,Kotagiri,-,-,Cauvery,Cauvery,Bhavani,Moyar,-,Moyar,11.57277778,76.91916667,03-10-2006 08:50,124.0,Clear,odour free,24.5,0.0,16.03,21.71,7.5,35.4,1.94,6.6,7.47,2.33,29.016396,48.158337,2.07,0.41445228,1.1,40.77057774470648,Good
6720,THENGUMARAHADA,CWC,33,Tamil Nadu,587,Nilgiris,Kotagiri,-,-,Cauvery,Cauvery,Bhavani,Moyar,-,Moyar,11.57277778,76.91916667,01-11-2006 08:45,134.0,Clear,odour free,23.0,0.0,12.83,18.34,7.4,35.4,4.86,5.2,7.32,7.59,29.016396,52.325,2.86,0.31363496,1.7,49.0049095567266,Good
6721,THENGUMARAHADA,CWC,33,Tamil Nadu,587,Nilgiris,Kotagiri,-,-,Cauvery,Cauvery,Bhavani,Moyar,-,Moyar,11.57277778,76.91916667,01-12-2006 08:45,150.0,Clear,odour free,22.0,0.0,22.44,25.68,7.1,57.41,5.83,5.6,7.53,5.52,47.057377,80.39167,,0.27237102,1.0,39.32059170265233,Good
6722,THENGUMARAHADA,CWC,33,Tamil Nadu,587,Nilgiris,Kotagiri,-,-,Cauvery,Cauvery,Bhavani,Moyar,-,Moyar,11.57277778,76.91916667,02-01-2007 08:40,166.0,Clear,odour free,20.0,0.0,20.84,29.08,7.4,43.7,4.86,4.3,7.25,3.57,35.81967,72.35,2.29,0.22043261,0.6,33.04328260587057,Good
6723,THENGUMARAHADA,CWC,33,Tamil Nadu,587,Nilgiris,Kotagiri,-,-,Cauvery,Cauvery,Bhavani,Moyar,-,Moyar,11.57277778,76.91916667,01-02-2007 08:45,124.0,Clear,odour free,20.0,0.0,17.64,26.37,7.0,34.14,4.86,3.9,7.22,2.87,27.983606,64.35,1.77,0.21203028,1.4,43.81957894427487,Good
6724,THENGUMARAHADA,CWC,33,Tamil Nadu,587,Nilgiris,Kotagiri,-,-,Cauvery,Cauvery,Bhavani,Moyar,-,Moyar,11.57277778,76.91916667,01-03-2007 08:45,177.0,Clear,odour free,23.0,0.0,20.84,41.98,7.6,29.13,3.89,6.9,7.18,2.59,23.877048,68.308334,1.96,0.36394843,0.4,28.61617894363903,Good
6725,THENGUMARAHADA,CWC,33,Tamil Nadu,587,Nilgiris,Kotagiri,-,-,Cauvery,Cauvery,Bhavani,Moyar,-,Moyar,11.57277778,76.91916667,02-04-2007 08:50,200.0,Clear,odour free,25.0,0.0,25.65,37.61,7.0,44.14,3.89,7.3,7.19,3.65,36.18033,80.333336,2.47,0.35499322,0.6,33.72939243840114,Good
6726,THENGUMARAHADA,CWC,33,Tamil Nadu,587,Nilgiris,Kotagiri,-,-,Cauvery,Cauvery,Bhavani,Moyar,-,Moyar,11.57277778,76.91916667,01-05-2007 08:50,194.0,Clear,odour free,25.5,0.0,24.05,39.2,7.4,43.92,5.83,7.0,7.35,2.98,36.0,84.416664,2.73,0.33222237,0.8,37.499865547395366,Good
6727,THENGUMARAHADA,CWC,33,Tamil Nadu,587,Nilgiris,Kotagiri,-,-,Cauvery,Cauvery,Bhavani,Moyar,-,Moyar,11.57277778,76.91916667,01-06-2007 08:40,206.0,Light Brown,odour free,25.0,0.0,22.44,36.19,8.1,39.04,4.86,6.8,7.19,10.87,32.0,76.35,1.96,0.33931023,1.1,37.13318519401657,Good
6728,THENGUMARAHADA,CWC,33,Tamil Nadu,587,Nilgiris,Kotagiri,-,-,Cauvery,Cauvery,Bhavani,Moyar,-,Moyar,11.57277778,76.91916667,02-07-2007 08:15,93.0,Light Brown,odour free,23.0,0.0,11.22,14.07,6.8,24.52,2.92,5.0,7.33,7.55,20.098362,40.216667,2.63,0.34383193,0.6,35.105361959658715,Good
6729,THENGUMARAHADA,CWC,33,Tamil Nadu,587,Nilgiris,Kotagiri,-,-,Cauvery,Cauvery,Bhavani,Moyar,-,Moyar,11.57277778,76.91916667,01-08-2007 08:20,94.0,Light Brown,odour free,22.5,0.0,9.62,14.0,6.8,24.4,3.89,3.8,7.33,3.84,20.0,40.258335,2.37,0.26131707,0.3,30.816871835705886,Good
6730,THENGUMARAHADA,CWC,33,Tamil Nadu,587,Nilgiris,Kotagiri,-,-,Cauvery,Cauvery,Bhavani,Moyar,-,Moyar,11.57277778,76.91916667,01-09-2007 08:40,101.0,Light Brown,odour free,24.0,0.0,11.22,14.21,6.6,43.7,4.86,6.4,7.66,4.55,35.81967,48.300003,2.29,0.40184376,0.7,40.02764364794459,Good
6731,THENGUMARAHADA,CWC,33,Tamil Nadu,587,Nilgiris,Kotagiri,-,-,Cauvery,Cauvery,Bhavani,Moyar,-,Moyar,11.57277778,76.91916667,03-10-2007 06:45,99.0,Clear,odour free,24.5,0.0,11.22,12.0,7.4,29.58,1.94,4.9,7.34,3.41,24.245901,36.133335,2.01,0.35533512,1.2,40.885059156930076,Good
6732,THENGUMARAHADA,CWC,33,Tamil Nadu,587,Nilgiris,Kotagiri,-,-,Cauvery,Cauvery,Bhavani,Moyar,-,Moyar,11.57277778,76.91916667,01-11-2007 08:45,165.0,Light Brown,odour free,23.0,0.0,16.03,18.36,7.1,53.95,5.83,6.8,7.54,4.82,44.221313,64.36667,3.44,0.3697701,0.9,42.04025530940516,Good
6733,THENGUMARAHADA,CWC,33,Tamil Nadu,587,Nilgiris,Kotagiri,-,-,Cauvery,Cauvery,Bhavani,Moyar,-,Moyar,11.57277778,76.91916667,01-12-2007 08:30,170.0,Clear,odour free,22.0,0.0,20.84,26.8,7.1,58.85,5.83,7.5,7.51,5.13,48.237705,76.39167,2.99,0.3742428,2.3,60.2962162472976,Poor
6734,THENGUMARAHADA,CWC,33,Tamil Nadu,587,Nilgiris,Kotagiri,-,-,Cauvery,Cauvery,Bhavani,Moyar,-,Moyar,11.57277778,76.91916667,01-01-2008 08:20,130.0,Light Brown,odour free,21.0,0.0,19.24,21.15,7.38,54.41,5.83,6.7,7.48,5.48,44.598362,72.39166,2.61,0.34346822,0.4,33.093430408499856,Good
6735,THENGUMARAHADA,CWC,33,Tamil Nadu,587,Nilgiris,Kotagiri,-,-,Cauvery,Cauvery,Bhavani,Moyar,-,Moyar,11.57277778,76.91916667,01-02-2008 08:25,140.0,Clear,odour free,23.0,0.0,19.24,27.05,7.4,44.36,4.86,4.8,7.41,4.33,36.360657,68.35,1.96,0.25318426,5.2,96.27665197277332,Very Poor
6736,THENGUMARAHADA,CWC,33,Tamil Nadu,587,Nilgiris,Kotagiri,-,-,Cauvery,Cauvery,Bhavani,Moyar,-,Moyar,11.57277778,76.91916667,01-03-2008 08:40,162.0,Clear,odour free,22.5,0.0,16.03,31.47,6.8,31.65,5.83,4.3,7.97,3.14,25.942623,64.36667,1.78,0.23382522,0.5,39.43516747398939,Good
6737,THENGUMARAHADA,CWC,33,Tamil Nadu,587,Nilgiris,Kotagiri,-,-,Cauvery,Cauvery,Bhavani,Moyar,-,Moyar,11.57277778,76.91916667,01-04-2008 08:40,178.0,Light Brown,odour free,23.5,0.0,20.84,35.63,7.21,42.43,5.83,5.2,7.35,4.6,34.77869,76.39167,1.83,0.25947502,1.1,40.83449446563975,Good
6738,THENGUMARAHADA,CWC,33,Tamil Nadu,587,Nilgiris,Kotagiri,-,-,Cauvery,Cauvery,Bhavani,Moyar,-,Moyar,11.57277778,76.91916667,01-05-2008 08:30,183.0,Clear,odour free,27.3,0.0,17.64,27.05,7.18,48.53,5.83,5.9,7.25,4.3,39.778687,68.39166,1.76,0.311209,1.5,45.182878675882655,Good
6739,THENGUMARAHADA,CWC,33,Tamil Nadu,587,Nilgiris,Kotagiri,-,-,Cauvery,Cauvery,Bhavani,Moyar,-,Moyar,11.57277778,76.91916667,02-06-2008 08:00,176.0,Light Brown,odour free,25.8,0.0,17.64,20.0,7.37,53.99,4.86,6.5,7.62,5.45,44.2541,64.35,2.35,0.35338378,0.7,37.99988906838667,Good
6740,THENGUMARAHADA,CWC,33,Tamil Nadu,587,Nilgiris,Kotagiri,-,-,Cauvery,Cauvery,Bhavani,Moyar,-,Moyar,11.57277778,76.91916667,01-07-2008 08:00,183.0,Light Brown,odour free,24.3,0.0,12.83,15.38,6.99,37.96,3.89,5.5,7.38,7.87,31.114754,48.283333,1.68,0.34523946,1.7,49.04262099033097,Good
6741,THENGUMARAHADA,CWC,33,Tamil Nadu,587,Nilgiris,Kotagiri,-,-,Cauvery,Cauvery,Bhavani,Moyar,-,Moyar,11.57277778,76.91916667,01-08-2008 08:00,105.0,Light Brown,odour free,23.0,0.0,8.02,11.54,6.96,32.9,4.86,4.6,7.4,7.48,26.967215,40.300003,1.47,0.31633696,0.7,35.51658561753859,Good
6742,THENGUMARAHADA,CWC,33,Tamil Nadu,587,Nilgiris,Kotagiri,-,-,Cauvery,Cauvery,Bhavani,Moyar,-,Moyar,11.57277778,76.91916667,01-09-2008 08:00,130.0,Light Brown,odour free,22.5,0.0,14.43,15.45,6.99,42.67,2.92,6.6,7.71,6.37,34.975407,48.24167,2.03,0.41428104,0.6,37.663732310811994,Good
6743,THENGUMARAHADA,CWC,33,Tamil Nadu,587,Nilgiris,Kotagiri,-,-,Cauvery,Cauvery,Bhavani,Moyar,-,Moyar,11.57277778,76.91916667,03-10-2008 08:00,128.0,Clear,odour free,23.8,0.0,12.82,17.99,7.54,42.21,4.86,4.0,7.45,1.1,34.59836,52.3,,0.24131556,2.2,53.160452133307906,Poor
6744,THENGUMARAHADA,CWC,33,Tamil Nadu,587,Nilgiris,Kotagiri,-,-,Cauvery,Cauvery,Bhavani,Moyar,-,Moyar,11.57277778,76.91916667,01-11-2008 08:00,172.0,Light Brown,odour free,22.0,0.0,20.04,17.99,6.99,71.23,10.2,6.4,7.73,13.1,58.38525,92.6,1.74,0.29028043,1.2,46.947084268245185,Good
6745,THENGUMARAHADA,CWC,33,Tamil Nadu,587,Nilgiris,Kotagiri,-,-,Cauvery,Cauvery,Bhavani,Moyar,-,Moyar,11.57277778,76.91916667,01-12-2008 08:00,204.0,,,,0.0,22.44,27.99,6.8,64.0,5.83,13.7,7.18,8.13,52.459015,80.39167,1.99,0.6663363,1.1,40.569978810088706,Good
6746,THENGUMARAHADA,CWC,33,Tamil Nadu,587,Nilgiris,Kotagiri,-,-,Cauvery,Cauvery,Bhavani,Moyar,-,Moyar,11.57277778,76.91916667,01-01-2009 08:00,184.0,Clear,odour free,20.5,0.0,24.0,33.6,7.55,58.0,6.8,7.4,7.53,1.7,47.540985,88.333336,,0.3433927,2.1,53.24524025770185,Poor
6747,THENGUMARAHADA,CWC,33,Tamil Nadu,587,Nilgiris,Kotagiri,-,-,Cauvery,Cauvery,Bhavani,Moyar,-,Moyar,11.57277778,76.91916667,02-02-2009 08:00,182.4,Clear,odour free,22.0,0.0,22.4,35.6,7.36,53.0,6.8,6.6,7.28,1.0,43.442623,84.333336,0.165,0.31347385,2.3,54.185221869724366,Poor
6748,THENGUMARAHADA,CWC,33,Tamil Nadu,587,Nilgiris,Kotagiri,-,-,Cauvery,Cauvery,Bhavani,Moyar,-,Moyar,11.57277778,76.91916667,02-03-2009 08:00,143.0,Clear,odour free,23.0,0.0,24.0,41.5,7.78,34.0,3.9,4.1,7.26,1.0,27.868853,76.25,1.43,0.20466113,1.3,40.529295716474316,Good
6749,THENGUMARAHADA,CWC,33,Tamil Nadu,587,Nilgiris,Kotagiri,-,-,Cauvery,Cauvery,Bhavani,Moyar,-,Moyar,11.57277778,76.91916667,01-04-2009 08:00,169.0,Light Brown,odour free,24.5,0.0,25.6,49.5,7.55,38.0,4.86,6.3,6.95,1.0,31.147541,84.25,0.918,0.29921982,1.1,35.05247515723608,Good
6750,THENGUMARAHADA,CWC,33,Tamil Nadu,587,Nilgiris,Kotagiri,-,-,Cauvery,Cauvery,Bhavani,Moyar,-,Moyar,11.57277778,76.91916667,01-05-2009 08:00,181.0,Clear,odour free,24.5,0.0,22.4,39.6,8.28,43.0,4.9,5.4,7.21,1.4,35.245903,76.416664,0.438,0.26933748,1.9,45.81349302841894,Good
6751,THENGUMARAHADA,CWC,33,Tamil Nadu,587,Nilgiris,Kotagiri,-,-,Cauvery,Cauvery,Bhavani,Moyar,-,Moyar,11.57277778,76.91916667,01-06-2009 08:40,182.0,Clear,odour free,26.5,0.0,22.4,33.3,7.4,58.0,6.8,5.7,7.35,2.6,47.540985,84.333336,1.13,0.2707274,1.6,46.4767364345979,Good
6752,THENGUMARAHADA,CWC,33,Tamil Nadu,587,Nilgiris,Kotagiri,-,-,Cauvery,Cauvery,Bhavani,Moyar,-,Moyar,11.57277778,76.91916667,01-07-2009 08:45,180.0,Clear,odour free,24.5,0.0,16.0,26.9,7.2,48.0,5.8,7.0,7.28,3.742,39.34426,64.166664,1.06,0.38123688,2.0,51.27061267768293,Poor
6753,THENGUMARAHADA,CWC,33,Tamil Nadu,587,Nilgiris,Kotagiri,-,-,Cauvery,Cauvery,Bhavani,Moyar,-,Moyar,11.57277778,76.91916667,01-08-2009 08:45,156.0,Light Brown,odour free,26.0,0.0,12.8,15.7,8.1,47.0,5.8,6.0,7.55,3.7,38.52459,56.166668,2.52,0.34937224,0.6,34.30210323322524,Good
6754,THENGUMARAHADA,CWC,33,Tamil Nadu,587,Nilgiris,Kotagiri,-,-,Cauvery,Cauvery,Bhavani,Moyar,-,Moyar,11.57277778,76.91916667,01-09-2009 08:45,136.0,Light Brown,odour free,26.1,0.0,14.4,17.7,5.8,53.7,5.8,5.6,7.49,2.0,44.016396,60.166668,1.79,0.3150068,0.7,40.08021986408509,Good
6755,THENGUMARAHADA,CWC,33,Tamil Nadu,587,Nilgiris,Kotagiri,-,-,Cauvery,Cauvery,Bhavani,Moyar,-,Moyar,11.57277778,76.91916667,01-10-2009 08:45,128.0,Light Brown,odour free,23.5,0.0,11.2,17.1,7.3,38.4,4.9,3.5,7.56,1.2,31.47541,48.416668,1.17,0.21949624,0.8,37.26979469562211,Good
6757,THENGUMARAHADA,CWC,33,Tamil Nadu,587,Nilgiris,Kotagiri,-,-,Cauvery,Cauvery,Bhavani,Moyar,-,Moyar,11.57277778,76.91916667,01-12-2009 08:45,160.0,Clear,odour free,23.0,0.0,17.6,27.3,6.8,57.6,7.8,5.9,7.75,1.0,47.21311,76.5,0.995,0.29436427,0.2,32.72042502881238,Good
6758,THENGUMARAHADA,CWC,33,Tamil Nadu,587,Nilgiris,Kotagiri,-,-,Cauvery,Cauvery,Bhavani,Moyar,-,Moyar,11.57277778,76.91916667,01-01-2010 08:50,132.0,Clear,odour free,23.0,0.0,17.6,19.9,7.4,44.2,3.9,4.8,7.57,0.7,36.229507,60.25,1.19,0.26962844,1.0,39.90031539755115,Good
6759,THENGUMARAHADA,CWC,33,Tamil Nadu,587,Nilgiris,Kotagiri,-,-,Cauvery,Cauvery,Bhavani,Moyar,-,Moyar,11.57277778,76.91916667,01-02-2010 08:45,207.0,Clear,odour free,23.0,0.0,19.2,25.5,8.2,62.4,5.8,5.1,7.75,1.3,51.14754,72.16667,1.23,0.26185223,1.2,42.73196691405567,Good
6760,THENGUMARAHADA,CWC,33,Tamil Nadu,587,Nilgiris,Kotagiri,-,-,Cauvery,Cauvery,Bhavani,Moyar,-,Moyar,11.57277778,76.91916667,01-03-2010 08:50,133.0,Clear,odour free,23.5,0.0,19.2,22.0,7.8,44.0,2.92,4.0,7.25,2.0,36.065575,60.166668,1.07,0.22476472,0.8,32.89353993154578,Good
6761,THENGUMARAHADA,CWC,33,Tamil Nadu,587,Nilgiris,Kotagiri,-,-,Cauvery,Cauvery,Bhavani,Moyar,-,Moyar,11.57277778,76.91916667,01-04-2010 08:45,122.0,Clear,odour free,27.5,0.0,20.842,23.9,6.3,43.92,0.97,5.8,7.05,0.4,36.0,56.146664,0.921,0.33713973,1.5,43.82672960862862,Good
6762,THENGUMARAHADA,CWC,33,Tamil Nadu,587,Nilgiris,Kotagiri,-,-,Cauvery,Cauvery,Bhavani,Moyar,-,Moyar,11.57277778,76.91916667,01-05-2010 08:45,148.0,Light Brown,odour free,26.0,0.0,11.22,15.5,6.7,39.04,3.89,4.1,7.45,6.0,32.0,44.258335,1.11,0.26885226,3.0,67.26148332568316,Poor
6763,THENGUMARAHADA,CWC,33,Tamil Nadu,587,Nilgiris,Kotagiri,-,-,Cauvery,Cauvery,Bhavani,Moyar,-,Moyar,11.57277778,76.91916667,01-06-2010 08:45,132.0,Light Brown,odour free,27.0,0.0,20.89,17.02,8.3,58.56,2.92,6.1,7.62,5.2,48.0,64.39166,0.78,0.3313068,1.2,40.29998216374967,Good
6764,THENGUMARAHADA,CWC,33,Tamil Nadu,587,Nilgiris,Kotagiri,-,-,Cauvery,Cauvery,Bhavani,Moyar,-,Moyar,11.57277778,76.91916667,01-07-2010 08:45,215.0,Light Brown,odour free,24.5,0.0,22.44,25.52,7.2,58.56,4.86,7.9,7.63,10.7,48.0,76.35,3.75,0.39419863,1.0,44.46678804425581,Good
6765,THENGUMARAHADA,CWC,33,Tamil Nadu,587,Nilgiris,Kotagiri,-,-,Cauvery,Cauvery,Bhavani,Moyar,-,Moyar,11.57277778,76.91916667,02-08-2010 08:40,111.0,Clear,odour free,23.0,0.0,9.62,5.67,7.1,53.68,6.81,3.1,7.25,5.1,44.0,52.425,2.43,0.18695086,0.4,31.2088740402499,Good
6766,THENGUMARAHADA,CWC,33,Tamil Nadu,587,Nilgiris,Kotagiri,-,-,Cauvery,Cauvery,Bhavani,Moyar,-,Moyar,11.57277778,76.91916667,01-09-2010 08:45,98.0,Light Brown,odour free,23.5,0.0,9.62,6.61,7.6,43.92,4.86,3.9,7.2,10.05,36.0,44.3,4.79,0.2557418,0.8,37.44608352806525,Good
6767,THENGUMARAHADA,CWC,33,Tamil Nadu,587,Nilgiris,Kotagiri,-,-,Cauvery,Cauvery,Bhavani,Moyar,-,Moyar,11.57277778,76.91916667,01-10-2010 08:45,145.0,Light Brown,odour free,23.5,0.0,12.83,6.61,7.9,53.68,4.86,3.9,7.42,3.57,44.0,52.325,3.25,0.23522623,0.4,31.607756811642584,Good
6768,THENGUMARAHADA,CWC,33,Tamil Nadu,587,Nilgiris,Kotagiri,-,-,Cauvery,Cauvery,Bhavani,Moyar,-,Moyar,11.57277778,76.91916667,01-11-2010 08:45,187.0,Brown,odour free,22.5,0.0,16.03,19.82,8.1,29.28,2.92,5.0,7.7,10.61,24.0,52.24167,4.58,0.3015636,1.8,54.104578185058905,Poor
6769,THENGUMARAHADA,CWC,33,Tamil Nadu,587,Nilgiris,Kotagiri,-,-,Cauvery,Cauvery,Bhavani,Moyar,-,Moyar,11.57277778,76.91916667,01-12-2010 08:45,157.0,Light Brown,odour free,22.0,0.0,16.03,23.13,7.3,53.68,6.81,5.3,7.57,4.72,44.0,68.450005,4.25,0.27953038,0.8,41.601659599984906,Good
6770,THENGUMARAHADA,CWC,33,Tamil Nadu,587,Nilgiris,Kotagiri,-,-,Cauvery,Cauvery,Bhavani,Moyar,-,Moyar,11.57277778,76.91916667,01-01-2011 08:40,129.0,Clear,odour free,21.0,0.0,24.05,19.82,6.8,68.32,2.92,6.0,7.88,5.35,56.0,72.291664,2.51,0.3075208,1.0,46.10359794998967,Good
6771,THENGUMARAHADA,CWC,33,Tamil Nadu,587,Nilgiris,Kotagiri,-,-,Cauvery,Cauvery,Bhavani,Moyar,-,Moyar,11.57277778,76.91916667,01-02-2011 08:45,136.0,Clear,odour free,21.0,0.0,20.84,9.91,6.9,63.44,1.94,5.8,7.67,2.07,52.0,60.183334,1.16,0.32574546,1.6,50.03251600183604,Poor
6772,THENGUMARAHADA,CWC,33,Tamil Nadu,587,Nilgiris,Kotagiri,-,-,Cauvery,Cauvery,Bhavani,Moyar,-,Moyar,11.57277778,76.91916667,01-03-2011 08:45,184.0,Clear,odour free,22.5,0.0,22.44,29.77,6.1,43.92,2.92,8.6,7.6,3.3,36.0,68.26667,1.69,0.453612,1.7,53.58381775696663,Poor
6773,THENGUMARAHADA,CWC,33,Tamil Nadu,587,Nilgiris,Kotagiri,-,-,Cauvery,Cauvery,Bhavani,Moyar,-,Moyar,11.57277778,76.91916667,01-04-2011 08:35,116.0,Clear,odour free,24.0,0.0,14.43,16.54,6.8,43.92,3.89,3.9,7.15,1.9,36.0,52.283333,1.5,0.23522292,0.7,33.63659264368433,Good
6774,THENGUMARAHADA,CWC,33,Tamil Nadu,587,Nilgiris,Kotagiri,-,-,Cauvery,Cauvery,Bhavani,Moyar,-,Moyar,11.57277778,76.91916667,02-05-2011 08:40,135.0,Light Brown,odour free,26.0,0.0,20.84,25.18,7.2,53.68,4.86,7.1,7.87,7.68,44.0,72.35,2.28,0.3639701,2.1,59.75594201758151,Poor
6775,THENGUMARAHADA,CWC,33,Tamil Nadu,587,Nilgiris,Kotagiri,-,-,Cauvery,Cauvery,Bhavani,Moyar,-,Moyar,11.57277778,76.91916667,01-06-2011 09:40,168.0,Clear,odour free,28.5,0.0,25.65,25.18,7.1,74.82,4.86,8.0,7.52,5.84,61.32787,84.375,0.746,0.37967938,2.3,57.70011772755814,Poor
6776,THENGUMARAHADA,CWC,33,Tamil Nadu,587,Nilgiris,Kotagiri,-,-,Cauvery,Cauvery,Bhavani,Moyar,-,Moyar,11.57277778,76.91916667,01-07-2011 09:00,134.0,Clear,odour free,25.6,0.0,19.24,18.89,7.7,53.44,1.94,6.6,7.46,4.14,43.803276,56.183334,0.861,0.38366383,2.7,60.456779057378355,Poor
6777,THENGUMARAHADA,CWC,33,Tamil Nadu,587,Nilgiris,Kotagiri,-,-,Cauvery,Cauvery,Bhavani,Moyar,-,Moyar,11.57277778,76.91916667,02-08-2011 08:50,115.0,Clear,odour free,24.5,0.0,14.43,12.59,7.2,42.76,2.92,4.2,7.27,4.58,35.04918,48.24167,0.56,0.26363337,0.8,33.830899042435654,Good
6778,THENGUMARAHADA,CWC,33,Tamil Nadu,587,Nilgiris,Kotagiri,-,-,Cauvery,Cauvery,Bhavani,Moyar,-,Moyar,11.57277778,76.91916667,12-09-2011 08:45,109.0,Light Brown,odour free,23.0,0.0,11.22,12.59,7.4,42.76,5.83,3.2,7.24,5.69,35.04918,52.341667,0.363,0.19305517,0.4,27.729966903345417,Good
6779,THENGUMARAHADA,CWC,33,Tamil Nadu,587,Nilgiris,Kotagiri,-,-,Cauvery,Cauvery,Bhavani,Moyar,-,Moyar,11.57277778,76.91916667,01-10-2011 08:55,97.0,Clear,odour free,23.5,0.0,14.43,18.89,7.1,32.07,2.92,2.8,7.2,1.65,26.286884,48.24167,0.809,0.17575559,0.8,33.69088312036022,Good
6780,THENGUMARAHADA,CWC,33,Tamil Nadu,587,Nilgiris,Kotagiri,-,-,Cauvery,Cauvery,Bhavani,Moyar,-,Moyar,11.57277778,76.91916667,01-11-2011 09:00,110.0,Light Brown,odour free,23.5,0.0,11.22,15.74,7.6,42.76,4.86,4.0,7.39,2.6,35.04918,48.300003,0.36,0.25115234,0.5,29.857369724335125,Good
6781,THENGUMARAHADA,CWC,33,Tamil Nadu,587,Nilgiris,Kotagiri,-,-,Cauvery,Cauvery,Bhavani,Moyar,-,Moyar,11.57277778,76.91916667,01-12-2011 09:05,120.0,Light Brown,odour free,23.0,0.0,16.03,15.74,7.7,53.44,4.86,4.2,7.1,3.81,43.803276,60.325,0.313,0.23586144,0.6,28.304065068831765,Good
6782,THENGUMARAHADA,CWC,33,Tamil Nadu,587,Nilgiris,Kotagiri,-,-,Cauvery,Cauvery,Bhavani,Moyar,-,Moyar,11.57277778,76.91916667,02-01-2012 09:10,142.0,Clear,odour free,21.0,0.0,17.64,22.04,7.6,53.44,6.81,4.0,7.52,4.44,43.803276,72.475,0.303,0.20499918,0.4,30.198750000556377,Good
6783,THENGUMARAHADA,CWC,33,Tamil Nadu,587,Nilgiris,Kotagiri,-,-,Cauvery,Cauvery,Bhavani,Moyar,-,Moyar,11.57277778,76.91916667,01-02-2012 09:00,148.0,Clear,odour free,21.0,0.0,22.44,28.33,7.8,48.1,3.89,4.1,6.65,1.63,39.426228,72.308334,0.505,0.21017776,1.2,32.149073862725935,Good
6784,THENGUMARAHADA,CWC,33,Tamil Nadu,587,Nilgiris,Kotagiri,-,-,Cauvery,Cauvery,Bhavani,Moyar,-,Moyar,11.57277778,76.91916667,01-03-2012 08:50,137.0,Clear,odour free,23.0,0.0,16.03,31.48,6.8,42.76,6.81,6.1,7.1,1.67,35.04918,68.450005,0.351,0.3217236,1.8,47.137226121596164,Good
6785,THENGUMARAHADA,CWC,33,Tamil Nadu,587,Nilgiris,Kotagiri,-,-,Cauvery,Cauvery,Bhavani,Moyar,-,Moyar,11.57277778,76.91916667,02-04-2012 08:45,145.0,Light Brown,odour free,22.5,0.0,19.24,34.63,8.4,42.76,5.83,5.3,6.92,3.38,35.04918,72.39166,0.779,0.27169877,1.8,41.84557716390862,Good
6786,THENGUMARAHADA,CWC,33,Tamil Nadu,587,Nilgiris,Kotagiri,-,-,Cauvery,Cauvery,Bhavani,Moyar,-,Moyar,11.57277778,76.91916667,01-05-2012 08:40,126.0,Light Brown,odour free,25.0,0.0,16.03,22.04,7.8,48.1,3.89,6.3,7.41,3.94,39.426228,56.283337,0.439,0.36618122,1.5,43.184196517180126,Good
6787,THENGUMARAHADA,CWC,33,Tamil Nadu,587,Nilgiris,Kotagiri,-,-,Cauvery,Cauvery,Bhavani,Moyar,-,Moyar,11.57277778,76.91916667,01-06-2012 08:30,144.0,Clear,odour free,24.0,0.0,17.64,25.18,5.2,48.1,5.83,4.4,7.42,1.39,39.426228,68.39166,0.423,0.23208807,2.7,66.38893987282815,Poor
6788,THENGUMARAHADA,CWC,33,Tamil Nadu,587,Nilgiris,Kotagiri,-,-,Cauvery,Cauvery,Bhavani,Moyar,-,Moyar,11.57277778,76.91916667,02-07-2012 08:40,199.0,Clear,odour free,24.5,0.0,19.24,28.33,6.2,69.48,7.78,8.4,7.35,4.55,56.95082,80.51667,0.382,0.40845898,2.7,63.55701173100767,Poor
6789,THENGUMARAHADA,CWC,33,Tamil Nadu,587,Nilgiris,Kotagiri,-,-,Cauvery,Cauvery,Bhavani,Moyar,-,Moyar,11.57277778,76.91916667,01-08-2012 08:50,192.0,Clear,odour free,25.0,0.0,19.24,25.18,7.6,58.79,5.83,5.7,7.15,4.06,48.188526,72.39166,0.3,0.29220432,1.8,45.51097322352839,Good
6790,THENGUMARAHADA,CWC,33,Tamil Nadu,587,Nilgiris,Kotagiri,-,-,Cauvery,Cauvery,Bhavani,Moyar,-,Moyar,11.57277778,76.91916667,01-09-2012 08:45,166.0,Light Brown,odour free,22.5,0.0,14.43,21.48,8.7,33.99,4.86,4.1,7.1,8.45,27.860657,56.325,0.779,0.23831153,0.4,23.567091840355605,Excellent
6791,THENGUMARAHADA,CWC,33,Tamil Nadu,587,Nilgiris,Kotagiri,-,-,Cauvery,Cauvery,Bhavani,Moyar,-,Moyar,11.57277778,76.91916667,01-10-2012 08:40,106.0,Clear,odour free,26.0,0.0,12.83,17.19,6.2,38.84,2.92,5.8,7.3,1.9,31.836065,44.24167,0.602,0.3802135,2.4,58.26948905239083,Poor
6792,THENGUMARAHADA,CWC,33,Tamil Nadu,587,Nilgiris,Kotagiri,-,-,Cauvery,Cauvery,Bhavani,Moyar,-,Moyar,11.57277778,76.91916667,01-11-2012 08:00,128.0,Light Brown,odour free,21.0,0.0,12.83,12.89,8.2,24.28,4.86,5.0,7.25,24.55,19.90164,52.325,1.43,0.30157208,3.2,64.85178944155659,Poor
6793,THENGUMARAHADA,CWC,33,Tamil Nadu,587,Nilgiris,Kotagiri,-,-,Cauvery,Cauvery,Bhavani,Moyar,-,Moyar,11.57277778,76.91916667,01-12-2012 08:30,221.0,Clear,odour free,20.0,0.0,25.56,30.08,7.8,82.55,9.72,7.6,7.35,8.67,67.66394,104.4,1.09,0.32451984,0.6,32.50780768475686,Good
6794,THENGUMARAHADA,CWC,33,Tamil Nadu,587,Nilgiris,Kotagiri,-,-,Cauvery,Cauvery,Bhavani,Moyar,-,Moyar,11.57277778,76.91916667,01-01-2013 08:40,310.0,Clear,odour free,24.0,0.0,35.27,60.15,6.9,82.55,11.67,11.7,7.35,4.74,67.66394,136.8,1.61,0.4363602,0.8,38.758467873607074,Good
6795,THENGUMARAHADA,CWC,33,Tamil Nadu,587,Nilgiris,Kotagiri,-,-,Cauvery,Cauvery,Bhavani,Moyar,-,Moyar,11.57277778,76.91916667,01-02-2013 08:45,408.0,Clear,odour free,22.0,0.0,59.32,116.01,7.9,38.84,6.81,12.1,6.83,1.22,31.836065,176.675,1.16,0.39668643,1.0,33.40049144262563,Good
6796,THENGUMARAHADA,CWC,33,Tamil Nadu,587,Nilgiris,Kotagiri,-,-,Cauvery,Cauvery,Bhavani,Moyar,-,Moyar,11.57277778,76.91916667,01-03-2013 08:40,315.0,Clear,odour free,22.0,0.0,43.29,81.63,7.8,48.56,12.64,6.3,7.05,2.11,39.80328,160.89168,0.748,0.21662608,0.6,30.176931591078898,Good
6797,THENGUMARAHADA,CWC,33,Tamil Nadu,587,Nilgiris,Kotagiri,-,-,Cauvery,Cauvery,Bhavani,Moyar,-,Moyar,11.57277778,76.91916667,01-04-2013 08:45,208.0,Clear,odour free,26.0,0.0,27.25,60.15,8.0,19.42,6.81,5.3,7.07,1.55,15.918033,96.5,0.427,0.23527281,0.4,25.313002866314566,Good
6798,THENGUMARAHADA,CWC,33,Tamil Nadu,587,Nilgiris,Kotagiri,-,-,Cauvery,Cauvery,Bhavani,Moyar,-,Moyar,11.57277778,76.91916667,01-05-2013 08:35,137.0,Clear,odour free,26.5,0.0,19.24,42.97,6.7,29.13,4.86,5.1,7.25,0.94,23.877048,68.35,0.294,0.26900825,0.8,35.02867408921106,Good
6799,THENGUMARAHADA,CWC,33,Tamil Nadu,587,Nilgiris,Kotagiri,-,-,Cauvery,Cauvery,Bhavani,Moyar,-,Moyar,11.57277778,76.91916667,01-06-2013 08:40,128.0,Clear,odour free,27.0,0.0,20.84,25.78,7.0,43.7,3.89,3.5,7.23,2.17,35.81967,68.308334,0.472,0.18461153,0.8,34.19897531697586,Good
6800,THENGUMARAHADA,CWC,33,Tamil Nadu,587,Nilgiris,Kotagiri,-,-,Cauvery,Cauvery,Bhavani,Moyar,-,Moyar,11.57277778,76.91916667,01-07-2013 08:30,127.0,Clear,odour free,24.0,0.0,12.83,21.48,7.5,33.99,4.86,4.2,7.6,4.59,27.860657,52.325,0.816,0.25332054,0.8,36.765746997969224,Good
6801,THENGUMARAHADA,CWC,33,Tamil Nadu,587,Nilgiris,Kotagiri,-,-,Cauvery,Cauvery,Bhavani,Moyar,-,Moyar,11.57277778,76.91916667,01-08-2013 08:45,88.0,Light Brown,odour free,20.5,0.0,8.02,12.71,7.6,31.22,4.86,1.8,7.34,3.73,25.590164,40.300003,0.891,0.12378403,1.0,36.649621042789356,Good
6802,THENGUMARAHADA,CWC,33,Tamil Nadu,587,Nilgiris,Kotagiri,-,-,Cauvery,Cauvery,Bhavani,Moyar,-,Moyar,11.57277778,76.91916667,02-09-2013 08:30,76.59,Light Brown,odour free,23.0,0.0,6.42,4.24,8.0,14.64,1.95,2.2,7.24,12.64,12.0,24.175001,0.496,0.19516267,1.3,37.748759294534004,Good
6803,THENGUMARAHADA,CWC,33,Tamil Nadu,587,Nilgiris,Kotagiri,-,-,Cauvery,Cauvery,Bhavani,Moyar,-,Moyar,11.57277778,76.91916667,01-10-2013 08:10,123.0,Clear,odour free,24.0,0.0,9.47,20.55,6.9,23.83,4.78,3.1,7.5,1.77,19.532787,43.591667,1.01,0.20492662,0.6,34.7163139130383,Good
6804,THENGUMARAHADA,CWC,33,Tamil Nadu,587,Nilgiris,Kotagiri,-,-,Cauvery,Cauvery,Bhavani,Moyar,-,Moyar,11.57277778,76.91916667,01-11-2013 08:25,99.0,Clear,odour free,24.0,0.0,14.2,20.15,7.3,28.71,2.87,3.7,7.35,3.13,23.532785,47.458332,1.09,0.23415706,0.5,30.89029438101085,Good
6805,THENGUMARAHADA,CWC,33,Tamil Nadu,587,Nilgiris,Kotagiri,-,-,Cauvery,Cauvery,Bhavani,Moyar,-,Moyar,11.57277778,76.91916667,02-12-2013 08:30,194.0,Clear,odour free,20.0,0.0,16.35,17.86,6.7,68.3,6.97,9.3,8.14,4.66,55.98361,69.916664,1.32,0.48532692,1.0,47.770795641224346,Good
6806,THENGUMARAHADA,CWC,33,Tamil Nadu,587,Nilgiris,Kotagiri,-,-,Cauvery,Cauvery,Bhavani,Moyar,-,Moyar,11.57277778,76.91916667,01-01-2014 08:30,152.0,Clear,odour free,21.0,0.0,15.78,35.35,5.4,32.97,8.61,4.3,7.29,2.52,27.024591,75.325,1.31,0.21626313,1.0,43.09271025925175,Good
6807,THENGUMARAHADA,CWC,33,Tamil Nadu,587,Nilgiris,Kotagiri,-,-,Cauvery,Cauvery,Bhavani,Moyar,-,Moyar,11.57277778,76.91916667,01-02-2014 08:45,189.0,Clear,odour free,21.0,0.0,15.71,16.85,6.8,58.27,4.77,8.9,7.35,5.01,47.762295,59.15,1.43,0.5047423,1.0,39.74506658907196,Good
6808,THENGUMARAHADA,CWC,33,Tamil Nadu,587,Nilgiris,Kotagiri,-,-,Cauvery,Cauvery,Bhavani,Moyar,-,Moyar,11.57277778,76.91916667,01-03-2014 08:25,211.0,Clear,odour free,20.0,0.0,17.81,18.86,6.9,96.62,8.83,9.8,7.6,2.81,79.196724,81.316666,1.53,0.47431234,1.0,42.75589063756815,Good
6809,THENGUMARAHADA,CWC,33,Tamil Nadu,587,Nilgiris,Kotagiri,-,-,Cauvery,Cauvery,Bhavani,Moyar,-,Moyar,11.57277778,76.91916667,01-04-2014 08:30,165.0,Clear,odour free,23.5,0.0,25.15,43.49,6.8,23.64,0.95,7.4,7.25,1.69,19.377048,66.833336,1.05,0.39422983,1.0,37.99003885799673,Good
6810,THENGUMARAHADA,CWC,33,Tamil Nadu,587,Nilgiris,Kotagiri,-,-,Cauvery,Cauvery,Bhavani,Moyar,-,Moyar,11.57277778,76.91916667,01-05-2014 08:30,140.0,Clear,odour free,26.5,0.0,15.72,39.7,6.4,23.64,5.72,7.0,7.45,1.3,19.377048,63.13333,1.04,0.38434598,1.2,44.01953621683597,Good
6811,THENGUMARAHADA,CWC,33,Tamil Nadu,587,Nilgiris,Kotagiri,-,-,Cauvery,Cauvery,Bhavani,Moyar,-,Moyar,11.57277778,76.91916667,02-06-2014 08:45,208.0,Clear,odour free,26.5,0.0,26.72,39.7,7.0,52.02,6.67,7.8,7.15,7.05,42.639343,94.59167,1.77,0.3497254,1.5,45.135536168252344,Good
6813,THENGUMARAHADA,CWC,33,Tamil Nadu,587,Nilgiris,Kotagiri,-,-,Cauvery,Cauvery,Bhavani,Moyar,-,Moyar,11.57277778,76.91916667,01-08-2014 08:30,98.0,Clear,odour free,9.2,0.0,9.51,24.13,24.0,23.24,4.8,5.4,7.21,2.63,19.049181,43.775,0.824,0.35622066,0.6,-11.580870584891192,Excellent
6814,THENGUMARAHADA,CWC,33,Tamil Nadu,587,Nilgiris,Kotagiri,-,-,Cauvery,Cauvery,Bhavani,Moyar,-,Moyar,11.57277778,76.91916667,01-09-2014 08:45,114.0,Clear,odour free,23.5,0.0,14.2,22.46,7.6,28.26,1.91,7.2,7.44,3.5,23.163935,43.458332,1.06,0.47598994,1.4,42.987053707278214,Good
6815,THENGUMARAHADA,CWC,33,Tamil Nadu,587,Nilgiris,Kotagiri,-,-,Cauvery,Cauvery,Bhavani,Moyar,-,Moyar,11.57277778,76.91916667,01-10-2014 08:30,130.0,Clear,odour free,22.5,0.0,13.87,22.46,7.1,37.54,4.67,5.8,6.7,5.36,30.770493,54.133335,0.984,0.34388027,0.4,24.014974662676654,Excellent
6816,THENGUMARAHADA,CWC,33,Tamil Nadu,587,Nilgiris,Kotagiri,-,-,Cauvery,Cauvery,Bhavani,Moyar,-,Moyar,11.57277778,76.91916667,01-11-2014 08:40,160.0,Clear,odour free,22.0,9.23,16.96,20.59,7.5,37.54,6.54,7.0,8.31,5.7,46.153824,69.649994,2.69,0.36595115,1.33,53.41446375113264,Poor
6817,THENGUMARAHADA,CWC,33,Tamil Nadu,587,Nilgiris,Kotagiri,-,-,Cauvery,Cauvery,Bhavani,Moyar,-,Moyar,11.57277778,76.91916667,01-12-2014 08:30,88.0,Clear,odour free,21.0,0.0,10.79,15.06,6.8,23.46,1.87,4.8,7.62,2.55,19.229507,34.766666,1.25,0.35485974,0.97,41.008065868444696,Good
6818,THENGUMARAHADA,CWC,33,Tamil Nadu,587,Nilgiris,Kotagiri,-,-,Cauvery,Cauvery,Bhavani,Moyar,-,Moyar,11.57277778,76.91916667,01-01-2015 08:40,195.0,Clear,odour free,22.0,0.0,13.61,43.38,7.4,42.23,12.84,7.7,6.97,3.24,34.614754,87.525,2.31,0.35951987,1.04,37.34542761461365,Good
6819,THENGUMARAHADA,CWC,33,Tamil Nadu,587,Nilgiris,Kotagiri,-,-,Cauvery,Cauvery,Bhavani,Moyar,-,Moyar,11.57277778,76.91916667,02-02-2015 08:30,190.0,Clear,odour free,20.0,0.0,19.66,37.72,7.1,56.31,10.09,6.9,7.68,1.66,46.15574,91.191666,1.48,0.31536943,1.4,48.519287510094266,Good
6820,THENGUMARAHADA,CWC,33,Tamil Nadu,587,Nilgiris,Kotagiri,-,-,Cauvery,Cauvery,Bhavani,Moyar,-,Moyar,11.57277778,76.91916667,02-03-2015 08:30,184.0,Clear,odour free,19.0,0.0,13.61,39.53,7.0,42.23,11.01,6.3,7.42,2.19,34.614754,79.9,1.87,0.3078073,0.8,38.586935177365,Good
6821,THENGUMARAHADA,CWC,33,Tamil Nadu,587,Nilgiris,Kotagiri,-,-,Cauvery,Cauvery,Bhavani,Moyar,-,Moyar,11.57277778,76.91916667,01-04-2015 08:04,180.0,Clear,odour free,24.0,0.0,12.1,35.77,7.1,51.62,12.84,7.2,8.1,3.31,42.311474,83.75,1.83,0.34371826,1.36,52.58577014326705,Poor
6822,THENGUMARAHADA,CWC,33,Tamil Nadu,587,Nilgiris,Kotagiri,-,-,Cauvery,Cauvery,Bhavani,Moyar,-,Moyar,11.57277778,76.91916667,01-05-2015 08:30,176.0,Clear,odour free,26.0,0.0,12.1,34.55,6.3,42.23,10.09,8.4,7.1,4.65,34.614754,72.29167,1.83,0.43148342,1.38,44.920239179900484,Good
6823,THENGUMARAHADA,CWC,33,Tamil Nadu,587,Nilgiris,Kotagiri,-,-,Cauvery,Cauvery,Bhavani,Moyar,-,Moyar,11.57277778,76.91916667,01-06-2015 08:30,177.0,Light Brown,odour free,22.0,0.0,12.7,32.55,6.2,41.83,9.63,8.6,7.42,10.26,34.28689,71.875,2.13,0.44298008,1.27,47.0665960300523,Good
6824,THENGUMARAHADA,CWC,33,Tamil Nadu,587,Nilgiris,Kotagiri,-,-,Cauvery,Cauvery,Bhavani,Moyar,-,Moyar,11.57277778,76.91916667,01-07-2015 08:40,82.0,Clear,odour free,24.0,0.0,12.7,14.24,7.1,23.24,1.93,3.2,8.15,2.85,19.049181,39.791664,1.25,0.22110562,1.44,51.711997871560406,Poor
6825,THENGUMARAHADA,CWC,33,Tamil Nadu,587,Nilgiris,Kotagiri,-,-,Cauvery,Cauvery,Bhavani,Moyar,-,Moyar,11.57277778,76.91916667,01-08-2015 08:45,173.0,Clear,odour free,23.0,0.0,25.4,17.4,7.2,70.72,5.78,6.1,7.96,5.24,57.967213,87.583336,3.84,0.2842067,0.39,39.694028923589585,Good
6826,THENGUMARAHADA,CWC,33,Tamil Nadu,587,Nilgiris,Kotagiri,-,-,Cauvery,Cauvery,Bhavani,Moyar,-,Moyar,11.57277778,76.91916667,01-09-2015 08:40,138.0,Clear,odour free,25.5,0.0,19.05,23.2,7.1,37.72,2.89,7.0,7.96,6.21,30.918034,59.666664,2.17,0.39498207,1.42,51.15408644495049,Poor
6827,THENGUMARAHADA,CWC,33,Tamil Nadu,587,Nilgiris,Kotagiri,-,-,Cauvery,Cauvery,Bhavani,Moyar,-,Moyar,11.57277778,76.91916667,01-10-2015 08:45,144.0,Light Brown,odour free,24.0,0.0,17.37,19.23,7.6,37.36,3.83,7.4,7.28,11.84,30.622952,59.383335,3.16,0.41869727,1.17,41.327354736178016,Good
6828,THENGUMARAHADA,CWC,33,Tamil Nadu,587,Nilgiris,Kotagiri,-,-,Cauvery,Cauvery,Bhavani,Moyar,-,Moyar,11.57277778,76.91916667,02-11-2015 08:30,195.0,Clear,odour free,23.0,0.0,22.11,30.77,6.9,56.04,8.62,8.6,7.32,7.52,45.934425,91.191666,3.99,0.39292765,2.67,65.66836223160779,Poor
6829,THENGUMARAHADA,CWC,33,Tamil Nadu,587,Nilgiris,Kotagiri,-,-,Cauvery,Cauvery,Bhavani,Moyar,-,Moyar,11.57277778,76.91916667,01-12-2015 08:40,96.0,Clear,odour free,22.5,0.0,12.64,17.31,6.5,14.01,1.92,5.2,7.82,7.07,11.483606,39.600002,2.45,0.36016494,0.76,42.35513411114821,Good
6830,THENGUMARAHADA,CWC,33,Tamil Nadu,587,Nilgiris,Kotagiri,-,-,Cauvery,Cauvery,Bhavani,Moyar,-,Moyar,11.57277778,76.91916667,01-01-2016 08:20,221.0,Clear,odour free,21.0,0.0,20.53,29.49,6.8,65.38,10.54,9.1,7.6,8.43,53.59016,95.24167,2.82,0.40698293,1.5,51.624516762641676,Poor
6831,THENGUMARAHADA,CWC,33,Tamil Nadu,587,Nilgiris,Kotagiri,-,-,Cauvery,Cauvery,Bhavani,Moyar,-,Moyar,11.57277778,76.91916667,01-02-2016 08:20,213.0,Clear,odour free,20.0,0.0,28.43,38.16,6.4,60.71,6.7,8.2,7.15,5.06,49.762295,98.99167,2.23,0.3593735,1.58,48.36448971984438,Good
6832,THENGUMARAHADA,CWC,33,Tamil Nadu,587,Nilgiris,Kotagiri,-,-,Cauvery,Cauvery,Bhavani,Moyar,-,Moyar,11.57277778,76.91916667,01-03-2016 08:20,244.0,Clear,odour free,21.0,0.0,36.15,63.68,7.2,31.93,4.77,9.9,7.1,4.31,26.17213,110.25,2.67,0.41090465,1.35,43.21095310319201,Good
6833,THENGUMARAHADA,CWC,33,Tamil Nadu,587,Nilgiris,Kotagiri,-,-,Cauvery,Cauvery,Bhavani,Moyar,-,Moyar,11.57277778,76.91916667,01-04-2016 08:25,238.0,Clear,odour free,24.0,0.0,29.86,63.68,7.6,27.36,7.63,7.7,7.19,4.31,22.42623,106.441666,1.72,0.32546565,1.37,42.39140524281877,Good
6834,THENGUMARAHADA,CWC,33,Tamil Nadu,587,Nilgiris,Kotagiri,-,-,Cauvery,Cauvery,Bhavani,Moyar,-,Moyar,11.57277778,76.91916667,02-05-2016 08:20,136.0,Clear,odour free,26.0,0.0,15.72,29.11,7.2,27.36,4.77,6.2,7.26,2.13,22.42623,59.175,2.41,0.3515437,1.13,40.74886756223472,Good
6835,THENGUMARAHADA,CWC,33,Tamil Nadu,587,Nilgiris,Kotagiri,-,-,Cauvery,Cauvery,Bhavani,Moyar,-,Moyar,11.57277778,76.91916667,01-06-2016 08:20,190.0,Clear,odour free,25.5,0.0,17.29,30.93,7.2,54.73,6.67,12.1,7.37,5.21,44.860657,71.01667,1.87,0.62645674,1.33,44.27239112163591,Good
6836,THENGUMARAHADA,CWC,33,Tamil Nadu,587,Nilgiris,Kotagiri,-,-,Cauvery,Cauvery,Bhavani,Moyar,-,Moyar,11.57277778,76.91916667,01-07-2016 08:20,153.0,Light Brown,odour free,24.0,0.0,17.29,27.29,7.64,36.49,3.81,9.4,7.67,8.05,29.909838,59.100002,2.51,0.5331317,0.76,38.618680598343595,Good
6837,THENGUMARAHADA,CWC,33,Tamil Nadu,587,Nilgiris,Kotagiri,-,-,Cauvery,Cauvery,Bhavani,Moyar,-,Moyar,11.57277778,76.91916667,01-08-2016 08:15,138.0,Light Brown,odour free,24.5,0.0,11.0,14.56,7.38,54.73,7.63,6.4,7.43,6.91,44.860657,59.291668,0.862,0.3629162,0.91,37.399041659215186,Good
6838,THENGUMARAHADA,CWC,33,Tamil Nadu,587,Nilgiris,Kotagiri,-,-,Cauvery,Cauvery,Bhavani,Moyar,-,Moyar,11.57277778,76.91916667,01-09-2016 08:10,164.0,Clear,odour free,25.0,0.0,14.15,23.65,7.1,54.73,7.63,8.8,7.48,4.16,44.860657,67.166664,1.83,0.46868658,0.39,32.84630780582845,Good
6839,THENGUMARAHADA,CWC,33,Tamil Nadu,587,Nilgiris,Kotagiri,-,-,Cauvery,Cauvery,Bhavani,Moyar,-,Moyar,11.57277778,76.91916667,01-10-2016 08:10,130.0,Clear,odour free,26.0,0.0,14.25,19.13,6.92,44.14,4.8,6.4,7.43,4.08,36.18033,55.625,1.29,0.3743319,1.73,49.814974189875535,Good
6840,THENGUMARAHADA,CWC,33,Tamil Nadu,587,Nilgiris,Kotagiri,-,-,Cauvery,Cauvery,Bhavani,Moyar,-,Moyar,11.57277778,76.91916667,01-11-2016 08:10,253.0,Clear,odour free,24.0,0.0,34.84,57.38,7.08,49.05,5.76,10.3,7.59,4.47,40.204918,111.1,2.21,0.42594978,1.71,52.634090642813995,Poor
6841,THENGUMARAHADA,CWC,33,Tamil Nadu,587,Nilgiris,Kotagiri,-,-,Cauvery,Cauvery,Bhavani,Moyar,-,Moyar,11.57277778,76.91916667,01-12-2016 08:10,269.0,Clear,odour free,20.0,0.0,34.75,65.95,7.12,53.68,8.62,9.1,7.4,2.38,44.0,122.791664,1.56,0.3581071,1.71,50.36921703053715,Poor
6842,THENGUMARAHADA,CWC,33,Tamil Nadu,587,Nilgiris,Kotagiri,-,-,Cauvery,Cauvery,Bhavani,Moyar,-,Moyar,11.57277778,76.91916667,02-01-2017 08:15,281.0,Clear,odour free,23.0,0.0,41.07,73.71,7.03,43.92,6.7,9.3,7.22,2.4,36.0,130.59166,1.64,0.35473025,0.56,33.33189842108192,Good
6843,THENGUMARAHADA,CWC,33,Tamil Nadu,587,Nilgiris,Kotagiri,-,-,Cauvery,Cauvery,Bhavani,Moyar,-,Moyar,11.57277778,76.91916667,01-02-2017 08:10,279.0,Clear,odour free,23.0,0.0,33.17,67.89,7.01,43.92,8.62,9.3,7.02,2.68,36.0,118.84166,1.65,0.3720293,2.28,54.77014367995612,Poor
6844,THENGUMARAHADA,CWC,33,Tamil Nadu,587,Nilgiris,Kotagiri,-,-,Cauvery,Cauvery,Bhavani,Moyar,-,Moyar,11.57277778,76.91916667,01-03-2017 08:50,275.0,Clear,odour free,23.5,0.0,34.41,68.54,6.76,44.14,7.59,10.0,7.15,3.12,36.18033,117.65,1.32,0.40198043,1.14,40.727520730801025,Good
6845,THENGUMARAHADA,CWC,33,Tamil Nadu,587,Nilgiris,Kotagiri,-,-,Cauvery,Cauvery,Bhavani,Moyar,-,Moyar,11.57277778,76.91916667,01-04-2017 08:20,312.0,Clear,odour free,24.0,0.0,31.28,78.06,6.57,53.95,14.23,10.9,7.18,1.94,44.221313,137.49167,1.45,0.4056645,1.35,45.42460540160475,Good
6846,THENGUMARAHADA,CWC,33,Tamil Nadu,587,Nilgiris,Kotagiri,-,-,Cauvery,Cauvery,Bhavani,Moyar,-,Moyar,11.57277778,76.91916667,01-05-2017 08:20,364.0,Clear,odour free,25.0,0.0,26.59,97.09,7.42,44.14,20.87,13.1,7.16,1.64,36.18033,153.43333,2.05,0.46185526,1.74,49.945140500659704,Good
7195,THENI,CWC,33,Tamil Nadu,588,Theni,THENI,-,-,Duplicate-Vaigai,East flowing rivers between Pennar and Kanyakumari,Suruliar,-,-,Suruliar,10.00111111,77.485,03-07-2001 08:30,175.0,Clear,odour free,24.7,0.0,12.83,10.33,7.7,65.36,5.83,7.4,7.79,3.0,53.573772,56.366665,0.664,0.4301289,0.8,38.0937224883757,Good
7196,THENI,CWC,33,Tamil Nadu,588,Theni,THENI,-,-,Duplicate-Vaigai,East flowing rivers between Pennar and Kanyakumari,Suruliar,-,-,Suruliar,10.00111111,77.485,01-08-2001 08:30,111.0,Clear,odour free,24.7,0.0,12.83,11.96,7.6,44.34,3.89,4.8,8.04,2.9,36.34426,48.283333,0.546,0.3012999,0.9,41.59166318790039,Good
7197,THENI,CWC,33,Tamil Nadu,588,Theni,THENI,-,-,Duplicate-Vaigai,East flowing rivers between Pennar and Kanyakumari,Suruliar,-,-,Suruliar,10.00111111,77.485,01-09-2001 08:30,152.0,Clear,odour free,26.5,0.0,14.43,11.0,8.1,76.04,7.78,5.7,7.6,2.67,62.32787,68.49167,0.468,0.3006302,0.7,34.03401051592032,Good
7198,THENI,CWC,33,Tamil Nadu,588,Theni,THENI,-,-,Duplicate-Vaigai,East flowing rivers between Pennar and Kanyakumari,Suruliar,-,-,Suruliar,10.00111111,77.485,01-10-2001 08:30,160.0,Clear,odour free,26.5,0.0,16.03,9.36,7.2,91.24,8.75,6.9,7.47,3.83,74.78688,76.53333,0.88,0.34427667,0.9,38.51006353287392,Good
7199,THENI,CWC,33,Tamil Nadu,588,Theni,THENI,-,-,Duplicate-Vaigai,East flowing rivers between Pennar and Kanyakumari,Suruliar,-,-,Suruliar,10.00111111,77.485,01-11-2001 08:30,191.0,Light Brown,odour free,28.0,0.0,14.43,23.22,6.7,63.66,10.69,6.9,7.86,2.96,52.18033,80.61667,0.992,0.33558145,1.5,51.937224462301494,Poor
7200,THENI,CWC,33,Tamil Nadu,588,Theni,THENI,-,-,Duplicate-Vaigai,East flowing rivers between Pennar and Kanyakumari,Suruliar,-,-,Suruliar,10.00111111,77.485,01-12-2001 08:30,206.0,Clear,odour free,24.7,0.0,12.83,11.09,6.9,97.51,5.83,22.5,7.82,3.9,79.92623,56.366665,1.07,1.3078244,1.1,45.08590669033256,Good
7201,THENI,CWC,33,Tamil Nadu,588,Theni,THENI,-,-,Duplicate-Vaigai,East flowing rivers between Pennar and Kanyakumari,Suruliar,-,-,Suruliar,10.00111111,77.485,01-01-2002 08:30,225.0,Clear,odour free,23.7,0.0,19.24,26.6,6.8,81.26,9.72,7.8,8.09,3.796,66.60656,88.6,1.21,0.36167353,0.9,46.090232082280195,Good
7202,THENI,CWC,33,Tamil Nadu,588,Theni,THENI,-,-,Duplicate-Vaigai,East flowing rivers between Pennar and Kanyakumari,Suruliar,-,-,Suruliar,10.00111111,77.485,01-02-2002 08:30,183.0,Clear,odour free,23.5,0.0,22.44,13.42,6.8,102.92,7.78,9.2,7.86,7.26,84.36066,88.51667,1.16,0.42658216,0.6,39.629754595871695,Good
7203,THENI,CWC,33,Tamil Nadu,588,Theni,THENI,-,-,Duplicate-Vaigai,East flowing rivers between Pennar and Kanyakumari,Suruliar,-,-,Suruliar,10.00111111,77.485,01-03-2002 08:30,336.0,Clear,odour free,25.7,0.0,33.67,15.66,6.5,158.84,14.58,16.5,7.7,14.65,130.19672,144.92499,1.59,0.59808505,0.8,43.618792003075974,Good
7204,THENI,CWC,33,Tamil Nadu,588,Theni,THENI,-,-,Duplicate-Vaigai,East flowing rivers between Pennar and Kanyakumari,Suruliar,-,-,Suruliar,10.00111111,77.485,01-04-2002 08:30,343.0,Clear,odour free,26.7,0.0,33.67,37.16,6.5,145.75,17.5,20.7,7.55,6.29,119.46722,157.09166,2.12,0.72085714,1.1,47.3147186688286,Good
7205,THENI,CWC,33,Tamil Nadu,588,Theni,THENI,-,-,Duplicate-Vaigai,East flowing rivers between Pennar and Kanyakumari,Suruliar,-,-,Suruliar,10.00111111,77.485,02-09-2002 08:30,180.0,Clear,odour free,26.0,0.0,14.43,9.25,6.1,80.54,10.69,6.0,7.86,8.03,66.016396,80.61667,1.08,0.29180995,0.9,45.48410051937782,Good
7206,THENI,CWC,33,Tamil Nadu,588,Theni,THENI,-,-,Duplicate-Vaigai,East flowing rivers between Pennar and Kanyakumari,Suruliar,-,-,Suruliar,10.00111111,77.485,01-10-2002 08:30,365.0,Clear,odour free,26.5,0.0,30.46,20.73,6.5,165.83,17.5,16.6,7.99,13.39,135.92622,149.06667,3.5,0.5935146,3.4,84.20178882656144,Very Poor
7207,THENI,CWC,33,Tamil Nadu,588,Theni,THENI,-,-,Duplicate-Vaigai,East flowing rivers between Pennar and Kanyakumari,Suruliar,-,-,Suruliar,10.00111111,77.485,01-11-2002 08:30,168.0,Light Brown,odour free,26.7,0.0,14.43,15.36,6.6,57.72,7.78,6.8,7.82,8.48,47.311478,68.49167,2.93,0.3586466,1.6,55.07210192911759,Poor
7208,THENI,CWC,33,Tamil Nadu,588,Theni,THENI,-,-,Duplicate-Vaigai,East flowing rivers between Pennar and Kanyakumari,Suruliar,-,-,Suruliar,10.00111111,77.485,02-12-2002 08:30,170.0,Light Brown,odour free,25.5,0.0,11.22,13.01,6.4,83.51,14.58,6.4,7.31,7.32,68.45082,88.8,2.85,0.2967849,0.8,40.77380567067258,Good
7209,THENI,CWC,33,Tamil Nadu,588,Theni,THENI,-,-,Duplicate-Vaigai,East flowing rivers between Pennar and Kanyakumari,Suruliar,-,-,Suruliar,10.00111111,77.485,01-01-2003 08:30,266.0,Clear,odour free,25.7,0.0,25.65,13.64,6.6,117.53,10.69,10.9,7.93,6.87,96.33607,108.666664,5.36,0.4562547,1.2,54.588014392317234,Poor
7210,THENI,CWC,33,Tamil Nadu,588,Theni,THENI,-,-,Duplicate-Vaigai,East flowing rivers between Pennar and Kanyakumari,Suruliar,-,-,Suruliar,10.00111111,77.485,01-02-2003 08:30,569.0,Clear,odour free,25.5,0.0,36.87,48.08,5.9,201.4,31.11,38.7,8.08,15.65,165.08195,221.8,8.7,1.1349217,4.2,106.13915625347737,Unsuitable
7211,THENI,CWC,33,Tamil Nadu,588,Theni,THENI,-,-,Duplicate-Vaigai,East flowing rivers between Pennar and Kanyakumari,Suruliar,-,-,Suruliar,10.00111111,77.485,01-03-2003 08:30,555.0,Clear,odour free,28.8,0.0,43.29,32.33,6.3,249.17,28.19,25.6,8.25,15.85,204.2377,225.68333,12.8,0.7440066,4.6,116.94240388967047,Unsuitable
7212,THENI,CWC,33,Tamil Nadu,588,Theni,THENI,-,-,Duplicate-Vaigai,East flowing rivers between Pennar and Kanyakumari,Suruliar,-,-,Suruliar,10.00111111,77.485,01-05-2003 08:30,267.0,Brown,odour free,26.7,0.0,19.24,16.64,6.6,71.16,7.78,16.7,7.59,14.0,58.327873,80.51667,7.19,0.8120554,3.4,82.6092697132076,Very Poor
7213,THENI,CWC,33,Tamil Nadu,588,Theni,THENI,-,-,Duplicate-Vaigai,East flowing rivers between Pennar and Kanyakumari,Suruliar,-,-,Suruliar,10.00111111,77.485,01-07-2003 08:30,288.0,Clear,odour free,28.0,15.65,24.05,16.49,7.2,100.78,13.61,14.7,8.33,7.33,108.68989,116.83333,6.79,0.5936613,1.8,67.17130254701385,Poor
7214,THENI,CWC,33,Tamil Nadu,588,Theni,THENI,-,-,Duplicate-Vaigai,East flowing rivers between Pennar and Kanyakumari,Suruliar,-,-,Suruliar,10.00111111,77.485,01-08-2003 08:30,769.0,Clear,odour free,26.0,0.0,59.32,58.14,6.2,344.78,33.05,45.3,8.12,17.68,282.60657,286.00833,9.7,1.1692425,3.5,98.87490518741951,Very Poor
7215,THENI,CWC,33,Tamil Nadu,588,Theni,THENI,-,-,Duplicate-Vaigai,East flowing rivers between Pennar and Kanyakumari,Suruliar,-,-,Suruliar,10.00111111,77.485,01-09-2003 08:30,326.0,Clear,odour free,27.0,0.0,30.46,18.67,7.9,132.35,14.58,15.8,7.8,5.89,108.48361,136.9,10.7,0.58933634,1.5,61.37933037519671,Poor
7216,THENI,CWC,33,Tamil Nadu,588,Theni,THENI,-,-,Duplicate-Vaigai,East flowing rivers between Pennar and Kanyakumari,Suruliar,-,-,Suruliar,10.00111111,77.485,01-10-2003 08:30,370.0,Clear,odour free,26.5,8.0,41.68,29.73,6.9,166.75,16.53,24.9,8.37,17.68,150.01366,173.075,1.45,0.8258162,0.3,42.7159677496145,Good
7217,THENI,CWC,33,Tamil Nadu,588,Theni,THENI,-,-,Duplicate-Vaigai,East flowing rivers between Pennar and Kanyakumari,Suruliar,-,-,Suruliar,10.00111111,77.485,01-11-2003 08:30,141.0,Light Brown,odour free,28.0,4.17,14.43,11.75,5.8,50.92,5.83,5.5,8.43,3.84,48.687702,60.36667,0.65,0.30886996,1.7,61.18500840359579,Poor
7218,THENI,CWC,33,Tamil Nadu,588,Theni,THENI,-,-,Duplicate-Vaigai,East flowing rivers between Pennar and Kanyakumari,Suruliar,-,-,Suruliar,10.00111111,77.485,01-12-2003 08:30,165.0,Clear,odour free,24.5,0.0,16.03,15.29,6.2,70.01,9.72,8.4,8.04,10.84,57.385246,80.575005,1.26,0.40853015,1.5,55.177608914806775,Poor
7219,THENI,CWC,33,Tamil Nadu,588,Theni,THENI,-,-,Duplicate-Vaigai,East flowing rivers between Pennar and Kanyakumari,Suruliar,-,-,Suruliar,10.00111111,77.485,01-01-2004 08:30,151.0,Clear,odour free,26.0,0.0,17.64,21.76,7.3,71.52,8.75,7.5,7.8,4.51,58.622948,80.558334,1.107,0.3646989,1.5,49.812907254876244,Good
7220,THENI,CWC,33,Tamil Nadu,588,Theni,THENI,-,-,Duplicate-Vaigai,East flowing rivers between Pennar and Kanyakumari,Suruliar,-,-,Suruliar,10.00111111,77.485,03-02-2004 08:30,367.0,Clear,odour free,26.5,8.1,35.27,19.3,6.8,156.48,16.53,17.4,8.38,11.37,141.7623,157.05,0.776,0.605935,2.2,67.64305140723609,Poor
7221,THENI,CWC,33,Tamil Nadu,588,Theni,THENI,-,-,Duplicate-Vaigai,East flowing rivers between Pennar and Kanyakumari,Suruliar,-,-,Suruliar,10.00111111,77.485,01-03-2004 08:30,610.0,Clear,odour free,26.5,0.0,35.27,52.35,6.2,268.84,35.0,41.8,8.0,23.36,220.36066,234.00833,0.432,1.1936767,5.1,107.46191615142193,Unsuitable
7222,THENI,CWC,33,Tamil Nadu,588,Theni,THENI,-,-,Duplicate-Vaigai,East flowing rivers between Pennar and Kanyakumari,Suruliar,-,-,Suruliar,10.00111111,77.485,01-05-2004 08:30,543.0,Clear,odour free,26.5,0.0,38.48,43.03,6.5,198.29,27.22,30.7,7.75,18.13,162.53278,209.61667,3.96,0.9258914,3.3,82.98290638263627,Very Poor
7223,THENI,CWC,33,Tamil Nadu,588,Theni,THENI,-,-,Duplicate-Vaigai,East flowing rivers between Pennar and Kanyakumari,Suruliar,-,-,Suruliar,10.00111111,77.485,01-07-2004 08:30,114.0,Clear,odour free,26.0,0.0,9.62,10.99,6.7,39.67,3.89,6.9,7.44,5.56,32.51639,40.258335,1.92,0.47449678,0.8,38.37608878433641,Good
7224,THENI,CWC,33,Tamil Nadu,588,Theni,THENI,-,-,Duplicate-Vaigai,East flowing rivers between Pennar and Kanyakumari,Suruliar,-,-,Suruliar,10.00111111,77.485,02-08-2004 08:00,148.0,Clear,odour free,26.0,0.0,14.43,11.36,6.7,61.49,5.83,6.5,8.01,3.97,50.40164,60.36667,3.34,0.36502814,1.5,55.476064520442876,Poor
7225,THENI,CWC,33,Tamil Nadu,588,Theni,THENI,-,-,Duplicate-Vaigai,East flowing rivers between Pennar and Kanyakumari,Suruliar,-,-,Suruliar,10.00111111,77.485,01-09-2004 08:30,159.0,Clear,odour free,27.0,0.0,14.43,11.16,7.3,71.41,9.72,5.9,8.23,4.51,58.53279,76.575005,2.74,0.29438436,1.2,51.87068469794698,Poor
7226,THENI,CWC,33,Tamil Nadu,588,Theni,THENI,-,-,Duplicate-Vaigai,East flowing rivers between Pennar and Kanyakumari,Suruliar,-,-,Suruliar,10.00111111,77.485,01-10-2004 08:30,127.0,Clear,odour free,24.5,0.0,11.22,14.88,7.2,46.67,7.78,6.0,7.76,14.7,38.254097,60.466667,1.47,0.33691183,2.0,56.50104969423116,Poor
7227,THENI,CWC,33,Tamil Nadu,588,Theni,THENI,-,-,Duplicate-Vaigai,East flowing rivers between Pennar and Kanyakumari,Suruliar,-,-,Suruliar,10.00111111,77.485,01-11-2004 08:30,127.0,Light Brown,odour free,25.0,0.0,11.22,11.7,6.7,55.1,5.83,4.8,7.81,4.65,45.163933,52.341667,0.515,0.28958276,0.2,32.4541519783172,Good
7228,THENI,CWC,33,Tamil Nadu,588,Theni,THENI,-,-,Duplicate-Vaigai,East flowing rivers between Pennar and Kanyakumari,Suruliar,-,-,Suruliar,10.00111111,77.485,01-12-2004 08:30,143.0,Light Brown,odour free,24.0,0.0,16.03,13.02,6.7,58.33,7.78,6.9,8.15,10.45,47.811478,72.49167,1.04,0.35368845,1.0,47.60931712774414,Good
7229,THENI,CWC,33,Tamil Nadu,588,Theni,THENI,-,-,Duplicate-Vaigai,East flowing rivers between Pennar and Kanyakumari,Suruliar,-,-,Suruliar,10.00111111,77.485,01-01-2005 08:30,174.0,Clear,odour free,23.0,0.0,16.03,15.53,6.3,62.85,7.78,6.8,7.88,4.88,51.51639,72.49167,1.06,0.34856254,0.3,36.61398752881237,Good
7230,THENI,CWC,33,Tamil Nadu,588,Theni,THENI,-,-,Duplicate-Vaigai,East flowing rivers between Pennar and Kanyakumari,Suruliar,-,-,Suruliar,10.00111111,77.485,01-02-2005 08:30,245.0,Clear,odour free,23.0,0.0,22.44,19.41,6.4,92.43,9.72,9.2,7.91,10.45,75.7623,96.600006,0.776,0.4084605,4.7,96.33758623877311,Very Poor
7231,THENI,CWC,33,Tamil Nadu,588,Theni,THENI,-,-,Duplicate-Vaigai,East flowing rivers between Pennar and Kanyakumari,Suruliar,-,-,Suruliar,10.00111111,77.485,01-03-2005 08:30,861.0,Clear,odour free,23.0,0.0,41.68,64.6,8.1,326.54,50.55,59.0,7.68,46.46,267.65573,314.825,2.06,1.4529493,1.4,54.370585222828936,Poor
7232,THENI,CWC,33,Tamil Nadu,588,Theni,THENI,-,-,Duplicate-Vaigai,East flowing rivers between Pennar and Kanyakumari,Suruliar,-,-,Suruliar,10.00111111,77.485,01-04-2005 08:30,534.0,Clear,odour free,28.0,0.0,36.87,46.37,4.2,205.88,24.31,32.6,7.38,11.28,168.7541,193.46666,1.17,1.0233126,2.3,67.90883778196385,Poor
7233,THENI,CWC,33,Tamil Nadu,588,Theni,THENI,-,-,Duplicate-Vaigai,East flowing rivers between Pennar and Kanyakumari,Suruliar,-,-,Suruliar,10.00111111,77.485,02-05-2005 08:30,810.0,Clear,odour free,23.0,0.0,48.1,56.57,7.9,286.29,23.33,75.2,7.75,29.45,234.66394,217.45833,11.1,2.2255905,2.0,70.68918188178581,Poor
7234,THENI,CWC,33,Tamil Nadu,588,Theni,THENI,-,-,Duplicate-Vaigai,East flowing rivers between Pennar and Kanyakumari,Suruliar,-,-,Suruliar,10.00111111,77.485,01-06-2005 08:30,279.0,Clear,odour free,28.5,0.0,28.86,19.7,5.7,113.49,8.75,17.1,7.72,11.54,93.02459,108.60834,1.27,0.71568334,1.6,55.1388029609185,Poor
7235,THENI,CWC,33,Tamil Nadu,588,Theni,THENI,-,-,Duplicate-Vaigai,East flowing rivers between Pennar and Kanyakumari,Suruliar,-,-,Suruliar,10.00111111,77.485,01-07-2005 08:30,512.0,Clear,odour free,27.0,0.0,44.89,39.4,6.8,234.96,25.28,31.5,7.64,29.82,192.59016,217.55833,2.89,0.9322334,2.4,67.73287724279493,Poor
7236,THENI,CWC,33,Tamil Nadu,588,Theni,THENI,-,-,Duplicate-Vaigai,East flowing rivers between Pennar and Kanyakumari,Suruliar,-,-,Suruliar,10.00111111,77.485,01-08-2005 08:30,155.0,Clear,odour free,25.5,0.0,8.02,9.95,6.4,40.86,5.83,5.8,7.4,9.5,33.491802,44.341667,1.3,0.3803403,1.2,43.65720596986425,Good
7237,THENI,CWC,33,Tamil Nadu,588,Theni,THENI,-,-,Duplicate-Vaigai,East flowing rivers between Pennar and Kanyakumari,Suruliar,-,-,Suruliar,10.00111111,77.485,01-09-2005 08:30,121.0,Clear,odour free,24.5,0.0,11.22,9.71,7.5,54.88,4.86,4.4,8.05,1.69,44.98361,48.300003,0.428,0.2762676,1.0,43.26193917189264,Good
7238,THENI,CWC,33,Tamil Nadu,588,Theni,THENI,-,-,Duplicate-Vaigai,East flowing rivers between Pennar and Kanyakumari,Suruliar,-,-,Suruliar,10.00111111,77.485,01-10-2005 08:30,119.0,Clear,odour free,25.0,0.0,11.66,9.43,6.7,54.47,5.3,5.1,7.72,2.11,44.64754,51.233334,1.15,0.31093678,1.5,49.85486609840717,Good
7239,THENI,CWC,33,Tamil Nadu,588,Theni,THENI,-,-,Duplicate-Vaigai,East flowing rivers between Pennar and Kanyakumari,Suruliar,-,-,Suruliar,10.00111111,77.485,02-11-2005 08:30,146.0,Clear,odour free,24.5,0.0,12.83,10.86,6.3,52.87,5.83,6.66,7.94,7.65,43.336063,56.366665,0.783,0.387116,0.7,41.84504742286233,Good
7240,THENI,CWC,33,Tamil Nadu,588,Theni,THENI,-,-,Duplicate-Vaigai,East flowing rivers between Pennar and Kanyakumari,Suruliar,-,-,Suruliar,10.00111111,77.485,01-12-2005 08:30,211.0,Clear,odour free,25.0,0.0,16.03,14.28,7.3,85.4,9.72,10.5,7.69,12.01,70.0,80.575005,2.18,0.51066273,2.1,58.32730982571495,Poor
7241,THENI,CWC,33,Tamil Nadu,588,Theni,THENI,-,-,Duplicate-Vaigai,East flowing rivers between Pennar and Kanyakumari,Suruliar,-,-,Suruliar,10.00111111,77.485,02-01-2006 08:30,289.0,Clear,odour free,24.0,0.0,22.44,17.47,7.3,140.12,16.53,18.8,7.82,16.85,114.852455,124.975006,1.71,0.73435193,0.8,42.81052811954553,Good
7242,THENI,CWC,33,Tamil Nadu,588,Theni,THENI,-,-,Duplicate-Vaigai,East flowing rivers between Pennar and Kanyakumari,Suruliar,-,-,Suruliar,10.00111111,77.485,01-02-2006 08:30,253.0,Clear,odour free,25.0,0.0,20.84,15.38,7.4,120.79,15.56,11.3,8.05,13.02,99.008194,116.933334,1.62,0.45632583,0.9,45.71391306579555,Good
7243,THENI,CWC,33,Tamil Nadu,588,Theni,THENI,-,-,Duplicate-Vaigai,East flowing rivers between Pennar and Kanyakumari,Suruliar,-,-,Suruliar,10.00111111,77.485,01-03-2006 08:30,189.0,Clear,odour free,22.0,0.0,17.64,13.39,5.8,96.63,7.78,8.9,8.05,3.82,79.20492,76.51666,1.02,0.44398984,0.9,47.691773382532965,Good
7244,THENI,CWC,33,Tamil Nadu,588,Theni,THENI,-,-,Duplicate-Vaigai,East flowing rivers between Pennar and Kanyakumari,Suruliar,-,-,Suruliar,10.00111111,77.485,01-04-2006 08:30,147.0,Clear,odour free,26.4,0.0,12.83,22.85,6.5,52.89,5.83,5.6,7.63,5.69,43.35246,56.366665,0.879,0.32550293,0.6,37.16139595206019,Good
7245,THENI,CWC,33,Tamil Nadu,588,Theni,THENI,-,-,Duplicate-Vaigai,East flowing rivers between Pennar and Kanyakumari,Suruliar,-,-,Suruliar,10.00111111,77.485,01-07-2006 08:45,151.0,Clear,odour free,24.0,0.0,12.83,10.04,6.6,72.48,5.83,7.8,7.72,4.59,59.40984,56.366665,0.498,0.4533791,1.8,53.5449940401108,Poor
7246,THENI,CWC,33,Tamil Nadu,588,Theni,THENI,-,-,Duplicate-Vaigai,East flowing rivers between Pennar and Kanyakumari,Suruliar,-,-,Suruliar,10.00111111,77.485,01-08-2006 08:45,142.0,Clear,odour free,25.0,0.0,12.83,10.66,7.3,75.86,6.81,7.9,7.75,4.87,62.18033,60.45,1.36,0.44350296,1.4,47.85626714217019,Good
7247,THENI,CWC,33,Tamil Nadu,588,Theni,THENI,-,-,Duplicate-Vaigai,East flowing rivers between Pennar and Kanyakumari,Suruliar,-,-,Suruliar,10.00111111,77.485,01-09-2006 08:45,128.0,Clear,odour free,24.0,0.0,11.22,9.79,7.3,66.78,5.83,7.1,7.77,3.71,54.737705,52.341667,0.937,0.42834115,0.7,37.851304916702425,Good
7248,THENI,CWC,33,Tamil Nadu,588,Theni,THENI,-,-,Duplicate-Vaigai,East flowing rivers between Pennar and Kanyakumari,Suruliar,-,-,Suruliar,10.00111111,77.485,03-10-2006 09:00,138.0,Clear,odour free,22.5,0.0,9.62,9.05,7.9,45.51,3.89,5.1,7.81,2.84,37.303276,40.258335,1.03,0.350715,1.3,44.536932346221406,Good
7249,THENI,CWC,33,Tamil Nadu,588,Theni,THENI,-,-,Duplicate-Vaigai,East flowing rivers between Pennar and Kanyakumari,Suruliar,-,-,Suruliar,10.00111111,77.485,01-11-2006 08:30,178.0,Clear,odour free,23.5,0.0,11.22,9.17,7.7,50.57,3.89,6.0,7.59,4.82,41.45082,44.258335,1.49,0.39344236,1.8,50.331211294351185,Poor
7250,THENI,CWC,33,Tamil Nadu,588,Theni,THENI,-,-,Duplicate-Vaigai,East flowing rivers between Pennar and Kanyakumari,Suruliar,-,-,Suruliar,10.00111111,77.485,01-12-2006 09:00,121.0,Clear,odour free,22.5,0.0,11.22,12.84,7.3,46.97,5.83,5.7,7.71,3.96,38.5,52.341667,,0.34387952,0.3,30.68745385749996,Good
7251,THENI,CWC,33,Tamil Nadu,588,Theni,THENI,-,-,Duplicate-Vaigai,East flowing rivers between Pennar and Kanyakumari,Suruliar,-,-,Suruliar,10.00111111,77.485,02-01-2007 09:00,134.0,Clear,odour free,23.0,0.0,11.22,9.09,8.2,53.41,6.81,5.3,7.75,3.73,43.778687,56.425,1.76,0.3080248,1.1,41.89109890216907,Good
7252,THENI,CWC,33,Tamil Nadu,588,Theni,THENI,-,-,Duplicate-Vaigai,East flowing rivers between Pennar and Kanyakumari,Suruliar,-,-,Suruliar,10.00111111,77.485,01-02-2007 09:00,277.0,Clear,odour free,23.5,0.0,24.05,13.18,7.7,122.0,10.69,12.1,8.21,4.86,100.0,104.666664,1.86,0.51611525,0.9,46.1235098079705,Good
7253,THENI,CWC,33,Tamil Nadu,588,Theni,THENI,-,-,Duplicate-Vaigai,East flowing rivers between Pennar and Kanyakumari,Suruliar,-,-,Suruliar,10.00111111,77.485,01-03-2007 08:30,387.0,Clear,odour free,30.0,0.0,33.67,19.88,7.7,203.94,16.53,18.9,8.08,6.19,167.16394,153.05,1.95,0.666757,0.5,40.9802913908627,Good
7254,THENI,CWC,33,Tamil Nadu,588,Theni,THENI,-,-,Duplicate-Vaigai,East flowing rivers between Pennar and Kanyakumari,Suruliar,-,-,Suruliar,10.00111111,77.485,04-04-2007 09:00,440.0,Clear,odour free,26.0,0.0,33.67,21.78,7.7,215.8,17.5,21.8,8.27,7.44,176.88525,157.09166,2.3,0.7591635,1.8,60.97581836739154,Poor
7255,THENI,CWC,33,Tamil Nadu,588,Theni,THENI,-,-,Duplicate-Vaigai,East flowing rivers between Pennar and Kanyakumari,Suruliar,-,-,Suruliar,10.00111111,77.485,01-05-2007 09:00,270.0,Clear,odour free,25.5,0.0,20.84,11.76,7.5,141.52,12.64,13.9,7.49,4.74,116.0,104.76667,2.95,0.59285486,1.6,50.79186496951851,Poor
7256,THENI,CWC,33,Tamil Nadu,588,Theni,THENI,-,-,Duplicate-Vaigai,East flowing rivers between Pennar and Kanyakumari,Suruliar,-,-,Suruliar,10.00111111,77.485,02-07-2007 09:00,141.0,Clear,odour free,23.0,0.0,11.22,10.05,6.4,53.95,4.86,7.3,7.71,5.6,44.221313,48.300003,2.27,0.45835304,1.6,53.17326444886897,Poor
7257,THENI,CWC,33,Tamil Nadu,588,Theni,THENI,-,-,Duplicate-Vaigai,East flowing rivers between Pennar and Kanyakumari,Suruliar,-,-,Suruliar,10.00111111,77.485,01-08-2007 09:00,87.0,Clear,odour free,23.5,0.0,8.02,8.0,7.1,34.16,3.89,4.1,7.47,5.09,28.0,36.258335,1.68,0.29716346,0.9,38.63046551367495,Good
7258,THENI,CWC,33,Tamil Nadu,588,Theni,THENI,-,-,Duplicate-Vaigai,East flowing rivers between Pennar and Kanyakumari,Suruliar,-,-,Suruliar,10.00111111,77.485,01-09-2007 09:00,128.0,Clear,odour free,24.0,0.0,9.62,10.15,6.5,53.41,6.81,7.3,7.72,4.23,43.778687,52.425,1.74,0.44023913,2.1,59.362190656663806,Poor
7259,THENI,CWC,33,Tamil Nadu,588,Theni,THENI,-,-,Duplicate-Vaigai,East flowing rivers between Pennar and Kanyakumari,Suruliar,-,-,Suruliar,10.00111111,77.485,03-10-2007 09:00,89.0,Clear,odour free,25.0,0.0,8.02,8.0,7.5,39.43,3.89,5.7,7.44,3.8,32.31967,36.258335,1.43,0.41312966,0.7,34.33868915154515,Good
7260,THENI,CWC,33,Tamil Nadu,588,Theni,THENI,-,-,Duplicate-Vaigai,East flowing rivers between Pennar and Kanyakumari,Suruliar,-,-,Suruliar,10.00111111,77.485,01-11-2007 09:00,100.0,Clear,odour free,24.5,0.0,11.22,8.16,4.2,53.95,3.89,6.0,7.87,3.22,44.221313,44.258335,1.66,0.39344236,2.4,70.18039394153276,Poor
7261,THENI,CWC,33,Tamil Nadu,588,Theni,THENI,-,-,Duplicate-Vaigai,East flowing rivers between Pennar and Kanyakumari,Suruliar,-,-,Suruliar,10.00111111,77.485,01-12-2007 09:00,277.0,Clear,odour free,22.5,0.0,9.62,8.24,6.7,49.045,4.86,5.6,7.86,4.51,40.200817,44.3,1.22,0.36721897,0.8,41.69377644381786,Good
7262,THENI,CWC,33,Tamil Nadu,588,Theni,THENI,-,-,Duplicate-Vaigai,East flowing rivers between Pennar and Kanyakumari,Suruliar,-,-,Suruliar,10.00111111,77.485,01-01-2008 09:00,606.0,Clear,odour free,20.0,0.0,43.29,53.83,6.0,247.72,22.36,47.5,7.97,20.63,203.04918,201.39168,4.57,1.4609139,1.5,62.39675662446151,Poor
7263,THENI,CWC,33,Tamil Nadu,588,Theni,THENI,-,-,Duplicate-Vaigai,East flowing rivers between Pennar and Kanyakumari,Suruliar,-,-,Suruliar,10.00111111,77.485,01-02-2008 09:00,170.0,Clear,odour free,23.5,0.0,14.43,9.66,7.1,83.8,6.81,7.9,7.76,4.18,68.68853,64.45,1.15,0.42945272,1.0,42.86217317409032,Good
7264,THENI,CWC,33,Tamil Nadu,588,Theni,THENI,-,-,Duplicate-Vaigai,East flowing rivers between Pennar and Kanyakumari,Suruliar,-,-,Suruliar,10.00111111,77.485,01-03-2008 09:00,168.0,Dark Green,odour free,22.5,0.0,22.44,20.36,9.8,121.34,10.69,19.5,8.05,15.04,99.459015,100.64166,1.71,0.84830266,0.9,39.107518926252254,Good
7265,THENI,CWC,33,Tamil Nadu,588,Theni,THENI,-,-,Duplicate-Vaigai,East flowing rivers between Pennar and Kanyakumari,Suruliar,-,-,Suruliar,10.00111111,77.485,01-04-2008 09:00,415.0,Clear,odour free,22.5,0.0,32.06,33.65,6.72,169.74,15.56,23.8,8.08,21.22,139.13115,144.98334,2.65,0.8626482,2.2,67.09807066324099,Poor
7266,THENI,CWC,33,Tamil Nadu,588,Theni,THENI,-,-,Duplicate-Vaigai,East flowing rivers between Pennar and Kanyakumari,Suruliar,-,-,Suruliar,10.00111111,77.485,01-05-2008 09:00,643.0,Clear,odour free,24.0,0.0,44.89,52.16,6.8,280.4,22.36,54.1,8.12,28.24,229.83606,205.39166,4.24,1.6475426,1.5,61.569472561877056,Poor
7267,THENI,CWC,33,Tamil Nadu,588,Theni,THENI,-,-,Duplicate-Vaigai,East flowing rivers between Pennar and Kanyakumari,Suruliar,-,-,Suruliar,10.00111111,77.485,01-07-2008 08:00,227.0,Clear,odour free,24.5,0.0,22.44,19.22,6.4,130.13,10.69,16.1,7.87,9.52,106.66394,100.64166,1.7,0.7003935,1.3,51.39300473715167,Poor
7268,THENI,CWC,33,Tamil Nadu,588,Theni,THENI,-,-,Duplicate-Vaigai,East flowing rivers between Pennar and Kanyakumari,Suruliar,-,-,Suruliar,10.00111111,77.485,01-08-2008 08:00,120.0,Clear,odour free,24.5,0.0,11.22,9.61,6.2,54.83,4.86,6.4,7.98,5.37,44.942623,48.300003,0.815,0.40184376,0.9,45.02415675079881,Good
7269,THENI,CWC,33,Tamil Nadu,588,Theni,THENI,-,-,Duplicate-Vaigai,East flowing rivers between Pennar and Kanyakumari,Suruliar,-,-,Suruliar,10.00111111,77.485,01-09-2008 08:00,116.0,Clear,odour free,24.5,0.0,11.22,9.66,6.75,43.0,3.89,5.1,7.94,4.83,35.245903,44.258335,1.39,0.334426,0.7,41.06751286848046,Good
7270,THENI,CWC,33,Tamil Nadu,588,Theni,THENI,-,-,Duplicate-Vaigai,East flowing rivers between Pennar and Kanyakumari,Suruliar,-,-,Suruliar,10.00111111,77.485,03-10-2008 08:00,142.0,Clear,odour free,25.5,0.0,11.22,11.99,4.9,58.58,5.83,6.2,7.89,1.1,48.016396,52.341667,,0.3740444,1.1,49.315524195220725,Good
7271,THENI,CWC,33,Tamil Nadu,588,Theni,THENI,-,-,Duplicate-Vaigai,East flowing rivers between Pennar and Kanyakumari,Suruliar,-,-,Suruliar,10.00111111,77.485,01-11-2008 08:00,125.0,Clear,odour free,24.0,0.0,12.02,11.99,8.1,52.76,7.29,4.8,7.62,13.2,43.2459,60.425,0.33,0.26957405,1.1,39.29064866588774,Good
7272,THENI,CWC,33,Tamil Nadu,588,Theni,THENI,-,-,Duplicate-Vaigai,East flowing rivers between Pennar and Kanyakumari,Suruliar,-,-,Suruliar,10.00111111,77.485,01-12-2008 08:00,148.0,,,,0.0,14.42,17.99,6.7,100.24,6.83,14.8,7.43,4.51,82.16393,64.50833,0.0825,0.8041844,1.2,42.21293708530052,Good
7273,THENI,CWC,33,Tamil Nadu,588,Theni,THENI,-,-,Duplicate-Vaigai,East flowing rivers between Pennar and Kanyakumari,Suruliar,-,-,Suruliar,10.00111111,77.485,01-01-2009 08:00,225.0,Clear,odour free,20.0,0.0,30.6,17.8,6.6,130.0,10.7,14.9,8.1,13.2,106.55738,121.083336,0.117,0.59071237,1.9,59.50642427607419,Poor
7274,THENI,CWC,33,Tamil Nadu,588,Theni,THENI,-,-,Duplicate-Vaigai,East flowing rivers between Pennar and Kanyakumari,Suruliar,-,-,Suruliar,10.00111111,77.485,02-02-2009 08:00,457.0,Clear,odour free,21.0,0.0,48.0,39.6,6.9,264.0,22.4,38.7,8.06,35.0,216.39345,213.33333,0.396,1.1563116,1.9,61.469195982561565,Poor
7275,THENI,CWC,33,Tamil Nadu,588,Theni,THENI,-,-,Duplicate-Vaigai,East flowing rivers between Pennar and Kanyakumari,Suruliar,-,-,Suruliar,10.00111111,77.485,02-03-2009 08:00,434.0,Clear,odour free,25.0,0.0,49.6,41.5,6.0,269.0,26.2,29.8,7.86,13.3,220.4918,233.16667,0.226,0.85181993,4.7,99.9988913378082,Very Poor
7276,THENI,CWC,33,Tamil Nadu,588,Theni,THENI,-,-,Duplicate-Vaigai,East flowing rivers between Pennar and Kanyakumari,Suruliar,-,-,Suruliar,10.00111111,77.485,01-05-2009 08:00,194.0,Clear,odour free,25.5,0.0,22.4,15.8,5.7,120.0,8.7,12.5,7.85,4.1,98.36066,92.25,0.089,0.5678275,2.8,70.92823626504206,Poor
7277,THENI,CWC,33,Tamil Nadu,588,Theni,THENI,-,-,Duplicate-Vaigai,East flowing rivers between Pennar and Kanyakumari,Suruliar,-,-,Suruliar,10.00111111,77.485,01-06-2009 09:30,545.0,Clear,odour free,25.5,0.0,56.0,27.4,6.6,275.0,26.2,20.9,8.25,15.4,225.40984,249.16667,1.15,0.57782465,1.3,57.54124171455483,Poor
7278,THENI,CWC,33,Tamil Nadu,588,Theni,THENI,-,-,Duplicate-Vaigai,East flowing rivers between Pennar and Kanyakumari,Suruliar,-,-,Suruliar,10.00111111,77.485,01-07-2009 08:45,217.0,Clear,odour free,25.0,0.0,17.6,13.4,6.0,105.6,8.7,9.2,7.87,3.742,,80.25,0.613,0.44822046,1.0,46.22071359308185,Good
7279,THENI,CWC,33,Tamil Nadu,588,Theni,THENI,-,-,Duplicate-Vaigai,East flowing rivers between Pennar and Kanyakumari,Suruliar,-,-,Suruliar,10.00111111,77.485,01-08-2009 09:30,283.0,Clear,odour free,25.0,0.0,9.6,9.9,5.7,48.8,5.8,5.7,7.74,3.0,40.0,48.166668,1.21,0.35854563,1.1,47.261166646875544,Good
7280,THENI,CWC,33,Tamil Nadu,588,Theni,THENI,-,-,Duplicate-Vaigai,East flowing rivers between Pennar and Kanyakumari,Suruliar,-,-,Suruliar,10.00111111,77.485,01-09-2009 09:30,167.0,Clear,odour free,26.0,0.0,17.6,11.8,6.9,92.7,7.8,7.7,7.68,3.0,75.983604,76.5,0.692,0.38417032,1.3,46.363401279110434,Good
7281,THENI,CWC,33,Tamil Nadu,588,Theni,THENI,-,-,Duplicate-Vaigai,East flowing rivers between Pennar and Kanyakumari,Suruliar,-,-,Suruliar,10.00111111,77.485,01-10-2009 09:30,158.0,Clear,odour free,25.5,0.0,14.4,11.4,5.8,91.2,9.7,7.3,7.78,1.0,74.7541,76.416664,0.326,0.36461544,1.2,48.482749830940925,Good
7283,THENI,CWC,33,Tamil Nadu,588,Theni,THENI,-,-,Duplicate-Vaigai,East flowing rivers between Pennar and Kanyakumari,Suruliar,-,-,Suruliar,10.00111111,77.485,01-12-2009 09:30,112.0,Light Brown,odour free,24.5,0.0,9.6,9.7,8.0,67.2,7.8,5.7,7.42,2.0,55.081966,56.5,0.831,0.33118054,0.2,26.08904026574944,Good
7284,THENI,CWC,33,Tamil Nadu,588,Theni,THENI,-,-,Duplicate-Vaigai,East flowing rivers between Pennar and Kanyakumari,Suruliar,-,-,Suruliar,10.00111111,77.485,01-01-2010 09:30,164.0,Light Brown,odour free,23.5,0.0,12.8,11.3,7.6,72.0,7.8,6.9,8.06,3.5,59.01639,64.5,1.18,0.37507415,1.2,47.26270891295882,Good
7285,THENI,CWC,33,Tamil Nadu,588,Theni,THENI,-,-,Duplicate-Vaigai,East flowing rivers between Pennar and Kanyakumari,Suruliar,-,-,Suruliar,10.00111111,77.485,01-02-2010 08:30,298.0,Clear,odour free,22.5,0.0,33.6,17.0,5.0,182.4,16.5,12.8,8.08,2.0,149.5082,152.75,1.24,0.4520037,1.2,56.313882091818094,Poor
7286,THENI,CWC,33,Tamil Nadu,588,Theni,THENI,-,-,Duplicate-Vaigai,East flowing rivers between Pennar and Kanyakumari,Suruliar,-,-,Suruliar,10.00111111,77.485,01-03-2010 08:30,425.0,Clear,odour free,23.0,0.0,43.2,28.4,5.0,244.0,23.0,20.1,7.76,7.0,,203.83333,0.942,0.6145084,0.6,45.645193052641204,Good
7287,THENI,CWC,33,Tamil Nadu,588,Theni,THENI,-,-,Duplicate-Vaigai,East flowing rivers between Pennar and Kanyakumari,Suruliar,-,-,Suruliar,10.00111111,77.485,01-05-2010 08:30,136.0,Dark Brown,odour free,24.0,0.0,11.22,14.18,6.7,68.32,7.77,9.4,7.92,1.79,56.0,60.425,1.86,0.52800953,3.0,73.30282958573768,Poor
7288,THENI,CWC,33,Tamil Nadu,588,Theni,THENI,-,-,Duplicate-Vaigai,East flowing rivers between Pennar and Kanyakumari,Suruliar,-,-,Suruliar,10.00111111,77.485,01-06-2010 08:30,332.0,Clear,odour free,26.0,0.0,43.28,45.38,4.1,234.24,19.44,25.0,8.1,10.8,192.0,189.2,0.63,0.7931419,1.8,67.11761587740634,Poor
7289,THENI,CWC,33,Tamil Nadu,588,Theni,THENI,-,-,Duplicate-Vaigai,East flowing rivers between Pennar and Kanyakumari,Suruliar,-,-,Suruliar,10.00111111,77.485,01-07-2010 08:30,516.0,Clear,odour free,25.0,0.0,41.68,85.08,7.3,258.64,29.16,48.0,8.04,14.1,212.00002,225.7,8.26,1.3950945,3.8,96.35854906171015,Very Poor
7290,THENI,CWC,33,Tamil Nadu,588,Theni,THENI,-,-,Duplicate-Vaigai,East flowing rivers between Pennar and Kanyakumari,Suruliar,-,-,Suruliar,10.00111111,77.485,02-08-2010 08:30,101.0,Light Brown,odour free,25.0,0.0,11.22,8.51,7.3,63.44,7.78,4.9,7.8,7.5,52.0,60.466667,3.48,0.27514467,1.1,46.915485940574975,Good
7291,THENI,CWC,33,Tamil Nadu,588,Theni,THENI,-,-,Duplicate-Vaigai,East flowing rivers between Pennar and Kanyakumari,Suruliar,-,-,Suruliar,10.00111111,77.485,01-09-2010 08:30,133.0,Clear,odour free,25.0,0.0,16.03,13.22,7.9,73.2,5.83,7.9,7.46,4.24,59.999996,64.36667,4.26,0.42958584,1.4,47.04143462369052,Good
7292,THENI,CWC,33,Tamil Nadu,588,Theni,THENI,-,-,Duplicate-Vaigai,East flowing rivers between Pennar and Kanyakumari,Suruliar,-,-,Suruliar,10.00111111,77.485,01-10-2010 08:30,112.0,Light Brown,odour free,24.0,0.0,12.83,9.91,7.9,58.56,4.86,5.9,7.76,3.61,48.0,52.325,2.85,0.35585508,1.6,50.60161870300603,Poor
7293,THENI,CWC,33,Tamil Nadu,588,Theni,THENI,-,-,Duplicate-Vaigai,East flowing rivers between Pennar and Kanyakumari,Suruliar,-,-,Suruliar,10.00111111,77.485,01-11-2010 08:30,121.0,Clear,odour free,23.5,0.0,14.43,13.22,6.4,63.44,4.86,7.0,7.88,4.66,52.0,56.325,2.78,0.40687335,0.6,42.021658309091194,Good
7294,THENI,CWC,33,Tamil Nadu,588,Theni,THENI,-,-,Duplicate-Vaigai,East flowing rivers between Pennar and Kanyakumari,Suruliar,-,-,Suruliar,10.00111111,77.485,01-12-2010 08:30,203.0,Light Brown,odour free,22.0,0.0,24.05,19.82,7.8,107.36,8.75,11.8,7.78,7.83,88.0,96.58333,4.07,0.52382296,0.8,42.799052050844914,Good
7295,THENI,CWC,33,Tamil Nadu,588,Theni,THENI,-,-,Duplicate-Vaigai,East flowing rivers between Pennar and Kanyakumari,Suruliar,-,-,Suruliar,10.00111111,77.485,01-01-2011 08:30,165.0,Clear,odour free,23.0,0.0,17.64,23.13,8.1,92.72,10.69,13.6,8.17,7.82,76.0,88.64166,2.77,0.63061553,1.3,51.006633673120646,Poor
7296,THENI,CWC,33,Tamil Nadu,588,Theni,THENI,-,-,Duplicate-Vaigai,East flowing rivers between Pennar and Kanyakumari,Suruliar,-,-,Suruliar,10.00111111,77.485,01-02-2011 08:30,157.0,Clear,odour free,23.0,0.0,24.05,13.22,8.2,102.48,7.78,8.1,8.05,3.77,84.0,92.541664,0.823,0.367288,1.0,42.92023397618708,Good
7297,THENI,CWC,33,Tamil Nadu,588,Theni,THENI,-,-,Duplicate-Vaigai,East flowing rivers between Pennar and Kanyakumari,Suruliar,-,-,Suruliar,10.00111111,77.485,01-03-2011 08:30,244.0,Clear,odour free,25.0,0.0,22.44,23.16,8.5,131.76,12.64,13.4,8.01,5.35,107.99999,108.76667,0.851,0.5608658,1.1,43.953047279714504,Good
7298,THENI,CWC,33,Tamil Nadu,588,Theni,THENI,-,-,Duplicate-Vaigai,East flowing rivers between Pennar and Kanyakumari,Suruliar,-,-,Suruliar,10.00111111,77.485,01-04-2011 08:30,533.0,Clear,odour free,24.0,0.0,54.51,62.86,8.6,209.84,14.58,47.3,7.52,16.27,172.0,197.025,1.9,1.4695799,3.3,71.6757063244154,Poor
7299,THENI,CWC,33,Tamil Nadu,588,Theni,THENI,-,-,Duplicate-Vaigai,East flowing rivers between Pennar and Kanyakumari,Suruliar,-,-,Suruliar,10.00111111,77.485,02-05-2011 08:30,521.0,Clear,odour free,26.0,33.6,51.3,62.96,8.1,239.12,26.25,43.4,8.3,18.34,252.0,237.625,2.9,1.228825,2.8,76.71017152701607,Very Poor
7300,THENI,CWC,33,Tamil Nadu,588,Theni,THENI,-,-,Duplicate-Vaigai,East flowing rivers between Pennar and Kanyakumari,Suruliar,-,-,Suruliar,10.00111111,77.485,01-07-2011 08:30,89.8,Clear,odour free,26.0,0.0,11.22,9.44,8.6,48.1,2.92,5.6,7.68,2.78,39.426228,40.216667,0.288,0.38509175,1.9,48.63777250017883,Good
7301,THENI,CWC,33,Tamil Nadu,588,Theni,THENI,-,-,Duplicate-Vaigai,East flowing rivers between Pennar and Kanyakumari,Suruliar,-,-,Suruliar,10.00111111,77.485,01-08-2011 08:30,120.0,Clear,odour free,24.5,0.0,12.83,12.59,8.1,64.13,4.86,9.6,7.83,5.62,52.56557,52.325,0.235,0.5790184,1.1,40.863400933322204,Good
7302,THENI,CWC,33,Tamil Nadu,588,Theni,THENI,-,-,Duplicate-Vaigai,East flowing rivers between Pennar and Kanyakumari,Suruliar,-,-,Suruliar,10.00111111,77.485,02-09-2011 08:30,120.0,Clear,odour free,24.5,0.0,9.62,9.44,8.1,48.1,3.89,4.9,7.41,2.11,39.426228,40.258335,0.28,0.33696148,0.6,29.84802154249527,Good
7303,THENI,CWC,33,Tamil Nadu,588,Theni,THENI,-,-,Duplicate-Vaigai,East flowing rivers between Pennar and Kanyakumari,Suruliar,-,-,Suruliar,10.00111111,77.485,01-10-2011 08:30,103.0,Clear,odour free,24.5,0.0,11.22,12.59,8.2,42.76,1.94,7.6,7.52,1.61,35.04918,36.133335,0.206,0.551132,2.4,54.63262410373647,Poor
7304,THENI,CWC,33,Tamil Nadu,588,Theni,THENI,-,-,Duplicate-Vaigai,East flowing rivers between Pennar and Kanyakumari,Suruliar,-,-,Suruliar,10.00111111,77.485,01-11-2011 08:30,142.0,Light Brown,odour free,24.0,0.0,19.24,18.89,9.3,90.85,8.75,10.1,8.1,8.03,74.46721,84.558334,0.95,0.4793158,1.1,42.11899842291,Good
7305,THENI,CWC,33,Tamil Nadu,588,Theni,THENI,-,-,Duplicate-Vaigai,East flowing rivers between Pennar and Kanyakumari,Suruliar,-,-,Suruliar,10.00111111,77.485,01-12-2011 08:30,112.0,Clear,odour free,24.0,0.0,11.22,9.44,8.1,53.44,4.86,6.5,7.32,3.77,43.803276,48.300003,0.56,0.40812257,1.8,45.75741722874641,Good
7306,THENI,CWC,33,Tamil Nadu,588,Theni,THENI,-,-,Duplicate-Vaigai,East flowing rivers between Pennar and Kanyakumari,Suruliar,-,-,Suruliar,10.00111111,77.485,02-01-2012 08:30,121.0,Clear,odour free,22.0,0.0,16.03,12.59,8.2,58.79,2.92,8.4,7.99,2.68,48.188526,52.24167,1.95,0.5066268,1.1,44.002647415788395,Good
7307,THENI,CWC,33,Tamil Nadu,588,Theni,THENI,-,-,Duplicate-Vaigai,East flowing rivers between Pennar and Kanyakumari,Suruliar,-,-,Suruliar,10.00111111,77.485,01-02-2012 08:30,295.0,Clear,odour free,23.5,0.0,32.06,37.78,8.7,133.1,13.61,22.2,8.01,12.19,109.098366,136.85834,2.3,0.82805043,2.5,64.63180058693787,Poor
7308,THENI,CWC,33,Tamil Nadu,588,Theni,THENI,-,-,Duplicate-Vaigai,East flowing rivers between Pennar and Kanyakumari,Suruliar,-,-,Suruliar,10.00111111,77.485,01-03-2012 08:30,350.0,Clear,odour free,25.0,0.0,24.05,44.07,7.4,171.02,20.42,28.5,7.81,10.38,140.18033,145.20833,1.53,1.0329714,1.1,47.060319983865064,Good
7309,THENI,CWC,33,Tamil Nadu,588,Theni,THENI,-,-,Duplicate-Vaigai,East flowing rivers between Pennar and Kanyakumari,Suruliar,-,-,Suruliar,10.00111111,77.485,01-05-2012 08:30,332.0,Clear,odour free,26.5,0.0,32.06,40.92,5.5,165.68,14.58,30.0,8.13,17.34,135.80327,140.90001,0.8,1.1029207,2.2,68.27785119779996,Poor
7310,THENI,CWC,33,Tamil Nadu,588,Theni,THENI,-,-,Duplicate-Vaigai,East flowing rivers between Pennar and Kanyakumari,Suruliar,-,-,Suruliar,10.00111111,77.485,01-06-2012 08:30,344.0,Clear,odour free,27.0,0.0,33.67,34.63,6.0,171.02,10.69,25.8,7.99,10.25,140.18033,128.71666,0.276,0.991934,1.8,59.073308595824,Poor
7311,THENI,CWC,33,Tamil Nadu,588,Theni,THENI,-,-,Duplicate-Vaigai,East flowing rivers between Pennar and Kanyakumari,Suruliar,-,-,Suruliar,10.00111111,77.485,01-09-2012 08:30,238.0,Clear,odour free,27.0,0.0,24.05,30.08,7.9,101.97,6.81,17.7,7.6,5.86,83.58197,88.5,0.328,0.8205839,0.6,33.309568390838855,Good
7312,THENI,CWC,33,Tamil Nadu,588,Theni,THENI,-,-,Duplicate-Vaigai,East flowing rivers between Pennar and Kanyakumari,Suruliar,-,-,Suruliar,10.00111111,77.485,01-11-2012 08:30,120.0,Light Brown,odour free,24.0,0.0,12.83,8.59,7.3,58.27,4.86,5.0,7.39,3.5,47.762295,52.325,0.334,0.30157208,1.6,45.52711202519195,Good
7313,THENI,CWC,33,Tamil Nadu,588,Theni,THENI,-,-,Duplicate-Vaigai,East flowing rivers between Pennar and Kanyakumari,Suruliar,-,-,Suruliar,10.00111111,77.485,01-12-2012 08:30,352.0,Clear,odour free,24.0,0.0,35.27,34.37,5.7,165.09,13.61,20.2,7.71,12.0,135.31967,144.88333,0.506,0.7321974,1.5,53.84058152113437,Poor
7314,THENI,CWC,33,Tamil Nadu,588,Theni,THENI,-,-,Duplicate-Vaigai,East flowing rivers between Pennar and Kanyakumari,Suruliar,-,-,Suruliar,10.00111111,77.485,01-01-2013 08:30,408.0,Clear,odour free,24.0,0.0,41.68,38.67,6.9,199.08,19.44,21.9,7.99,9.32,163.18033,185.2,0.6,0.7022902,1.6,56.07851703486893,Poor
7315,THENI,CWC,33,Tamil Nadu,588,Theni,THENI,-,-,Duplicate-Vaigai,East flowing rivers between Pennar and Kanyakumari,Suruliar,-,-,Suruliar,10.00111111,77.485,01-03-2013 08:30,608.0,Clear,odour free,24.0,0.0,49.7,60.15,6.4,310.76,33.05,40.9,7.85,16.07,254.72131,261.95834,0.15,1.1033313,1.5,56.76644976811007,Poor
7316,THENI,CWC,33,Tamil Nadu,588,Theni,THENI,-,-,Duplicate-Vaigai,East flowing rivers between Pennar and Kanyakumari,Suruliar,-,-,Suruliar,10.00111111,77.485,01-04-2013 08:30,250.0,Clear,odour free,26.0,0.0,32.06,21.48,7.0,135.96,8.75,12.3,7.21,4.96,111.44263,116.60834,0.147,0.496756,1.9,49.78566733451762,Good
7317,THENI,CWC,33,Tamil Nadu,588,Theni,THENI,-,-,Duplicate-Vaigai,East flowing rivers between Pennar and Kanyakumari,Suruliar,-,-,Suruliar,10.00111111,77.485,01-05-2013 08:30,575.0,Clear,odour free,27.5,0.0,44.89,55.86,8.8,305.9,33.05,36.1,7.42,12.68,250.7377,249.93333,0.163,0.9971323,1.8,50.466477077074096,Poor
7318,THENI,CWC,33,Tamil Nadu,588,Theni,THENI,-,-,Duplicate-Vaigai,East flowing rivers between Pennar and Kanyakumari,Suruliar,-,-,Suruliar,10.00111111,77.485,01-07-2013 08:30,87.0,Clear,odour free,25.0,0.0,11.22,8.59,7.0,38.84,1.94,4.5,7.52,2.52,31.836065,36.133335,0.268,0.32632816,1.9,50.967144177118605,Poor
7319,THENI,CWC,33,Tamil Nadu,588,Theni,THENI,-,-,Duplicate-Vaigai,East flowing rivers between Pennar and Kanyakumari,Suruliar,-,-,Suruliar,10.00111111,77.485,01-08-2013 08:30,98.0,Clear,odour free,24.0,0.0,11.22,10.59,8.3,43.23,2.92,5.6,7.89,4.06,35.434425,40.216667,0.477,0.38509175,1.2,42.16664858195431,Good
7320,THENI,CWC,33,Tamil Nadu,588,Theni,THENI,-,-,Duplicate-Vaigai,East flowing rivers between Pennar and Kanyakumari,Suruliar,-,-,Suruliar,10.00111111,77.485,02-09-2013 08:30,91.0,Light Brown,odour free,25.0,0.0,8.02,8.47,8.8,34.16,3.9,4.4,7.22,4.07,28.0,36.300003,0.127,0.31872514,1.6,39.509292941544665,Good
7321,THENI,CWC,33,Tamil Nadu,588,Theni,THENI,-,-,Duplicate-Vaigai,East flowing rivers between Pennar and Kanyakumari,Suruliar,-,-,Suruliar,10.00111111,77.485,01-10-2013 08:30,107.0,Clear,odour free,25.0,0.0,11.05,10.27,7.3,57.19,5.74,5.4,7.65,3.16,46.87705,51.541668,0.354,0.32829905,2.3,57.567790990152126,Poor
7322,THENI,CWC,33,Tamil Nadu,588,Theni,THENI,-,-,Duplicate-Vaigai,East flowing rivers between Pennar and Kanyakumari,Suruliar,-,-,Suruliar,10.00111111,77.485,01-11-2013 08:30,130.0,Clear,odour free,26.5,0.0,12.62,12.09,7.7,66.98,7.66,6.4,7.64,3.46,54.90164,63.466667,0.237,0.3507137,1.0,39.11387730640072,Good
7323,THENI,CWC,33,Tamil Nadu,588,Theni,THENI,-,-,Duplicate-Vaigai,East flowing rivers between Pennar and Kanyakumari,Suruliar,-,-,Suruliar,10.00111111,77.485,02-12-2013 08:30,162.6,Clear,odour free,25.0,0.0,14.72,14.29,5.5,87.4,6.97,10.0,7.6,5.26,71.63934,65.84167,0.1,0.5378377,1.1,45.52339730336052,Good
7324,THENI,CWC,33,Tamil Nadu,588,Theni,THENI,-,-,Duplicate-Vaigai,East flowing rivers between Pennar and Kanyakumari,Suruliar,-,-,Suruliar,10.00111111,77.485,01-01-2014 08:30,359.6,Clear,odour free,24.0,0.0,41.03,29.77,5.6,183.71,16.27,16.0,7.73,14.93,150.58197,170.36667,1.83,0.53484607,1.8,60.54380399478597,Poor
7325,THENI,CWC,33,Tamil Nadu,588,Theni,THENI,-,-,Duplicate-Vaigai,East flowing rivers between Pennar and Kanyakumari,Suruliar,-,-,Suruliar,10.00111111,77.485,01-05-2014 08:30,363.0,Clear,odour free,26.0,0.0,34.58,32.14,8.1,184.42,15.25,23.0,7.58,6.92,151.16394,149.99167,0.921,0.81951195,1.9,52.689432756489744,Poor
7326,THENI,CWC,33,Tamil Nadu,588,Theni,THENI,-,-,Duplicate-Vaigai,East flowing rivers between Pennar and Kanyakumari,Suruliar,-,-,Suruliar,10.00111111,77.485,01-08-2014 08:30,132.0,Clear,odour free,24.5,0.0,17.43,11.14,9.4,60.42,3.84,6.6,7.62,6.0,49.52459,59.575,0.83,0.37283117,0.9,33.552342069841195,Good
7327,THENI,CWC,33,Tamil Nadu,588,Theni,THENI,-,-,Duplicate-Vaigai,East flowing rivers between Pennar and Kanyakumari,Suruliar,-,-,Suruliar,10.00111111,77.485,01-09-2014 08:30,188.0,Clear,odour free,24.5,0.0,15.78,18.72,6.0,89.5,9.57,12.4,7.71,4.22,73.36066,79.325,1.03,0.6078015,1.35,50.24935278228178,Poor
7328,THENI,CWC,33,Tamil Nadu,588,Theni,THENI,-,-,Duplicate-Vaigai,East flowing rivers between Pennar and Kanyakumari,Suruliar,-,-,Suruliar,10.00111111,77.485,01-10-2014 08:30,109.0,Clear,odour free,25.5,0.0,7.71,14.98,8.8,46.92,4.67,8.6,7.37,2.19,38.459015,38.733334,0.155,0.60325426,1.76,43.293176852277966,Good
7329,THENI,CWC,33,Tamil Nadu,588,Theni,THENI,-,-,Duplicate-Vaigai,East flowing rivers between Pennar and Kanyakumari,Suruliar,-,-,Suruliar,10.00111111,77.485,01-11-2014 08:30,194.0,Light Brown,odour free,24.0,0.0,12.33,22.46,6.5,84.46,12.15,13.0,7.22,4.15,69.22951,81.45,1.69,0.62924546,0.76,37.416700808932234,Good
7330,THENI,CWC,33,Tamil Nadu,588,Theni,THENI,-,-,Duplicate-Vaigai,East flowing rivers between Pennar and Kanyakumari,Suruliar,-,-,Suruliar,10.00111111,77.485,01-12-2014 08:30,98.0,Clear,odour free,24.0,0.0,9.25,13.18,7.6,37.54,2.8,7.2,7.5,2.14,30.770493,34.791668,1.02,0.53241515,1.36,42.95716645669401,Good
7331,THENI,CWC,33,Tamil Nadu,588,Theni,THENI,-,-,Duplicate-Vaigai,East flowing rivers between Pennar and Kanyakumari,Suruliar,-,-,Suruliar,10.00111111,77.485,01-01-2015 08:30,116.0,Clear,odour free,24.0,0.0,10.59,13.2,7.0,42.23,3.67,8.5,7.03,2.76,34.614754,41.766666,1.1,0.5737612,1.25,38.791690933838844,Good
7332,THENI,CWC,33,Tamil Nadu,588,Theni,THENI,-,-,Duplicate-Vaigai,East flowing rivers between Pennar and Kanyakumari,Suruliar,-,-,Suruliar,10.00111111,77.485,02-02-2015 08:30,150.0,Clear,odour free,23.0,18.46,12.1,15.09,6.9,28.15,6.42,11.3,8.64,2.99,53.840435,57.0,0.932,0.65329355,1.0,51.34245333100848,Poor
7333,THENI,CWC,33,Tamil Nadu,588,Theni,THENI,-,-,Duplicate-Vaigai,East flowing rivers between Pennar and Kanyakumari,Suruliar,-,-,Suruliar,10.00111111,77.485,01-04-2015 08:30,281.0,Clear,odour free,27.0,0.0,15.12,20.7,5.9,145.46,21.09,14.4,8.09,6.43,119.229515,125.675,1.5,0.5613602,0.99,51.678692450661295,Poor
7334,THENI,CWC,33,Tamil Nadu,588,Theni,THENI,-,-,Duplicate-Vaigai,East flowing rivers between Pennar and Kanyakumari,Suruliar,-,-,Suruliar,10.00111111,77.485,01-05-2015 08:30,195.0,Clear,odour free,26.5,0.0,16.64,16.26,6.9,93.85,8.25,12.5,7.64,4.44,76.92623,75.975,1.53,0.6258969,2.37,61.52929338924921,Poor
7335,THENI,CWC,33,Tamil Nadu,588,Theni,THENI,-,-,Duplicate-Vaigai,East flowing rivers between Pennar and Kanyakumari,Suruliar,-,-,Suruliar,10.00111111,77.485,01-06-2015 08:30,500.0,Clear,odour free,27.0,0.0,14.29,46.79,4.6,237.03,41.39,34.8,8.08,16.33,194.28688,208.18333,3.1,1.0547794,1.64,68.9641460594608,Poor
7336,THENI,CWC,33,Tamil Nadu,588,Theni,THENI,-,-,Duplicate-Vaigai,East flowing rivers between Pennar and Kanyakumari,Suruliar,-,-,Suruliar,10.00111111,77.485,01-07-2015 08:30,54.0,Clear,odour free,27.0,0.0,6.35,8.14,6.0,18.59,1.93,4.4,7.83,4.19,15.237705,23.916666,1.02,0.392428,0.82,42.586787590470855,Good
7337,THENI,CWC,33,Tamil Nadu,588,Theni,THENI,-,-,Duplicate-Vaigai,East flowing rivers between Pennar and Kanyakumari,Suruliar,-,-,Suruliar,10.00111111,77.485,01-08-2015 08:30,118.0,Clear,odour free,26.0,0.0,12.7,15.46,7.2,42.43,2.89,8.2,7.49,5.04,34.77869,43.791668,1.29,0.5402979,0.97,39.07751498191776,Good
7338,THENI,CWC,33,Tamil Nadu,588,Theni,THENI,-,-,Duplicate-Vaigai,East flowing rivers between Pennar and Kanyakumari,Suruliar,-,-,Suruliar,10.00111111,77.485,01-09-2015 08:30,177.0,Clear,odour free,26.5,0.0,17.46,17.4,4.6,75.44,6.74,11.7,7.73,5.96,61.836067,71.73333,1.3,0.6027144,0.61,43.91227974909392,Good
7339,THENI,CWC,33,Tamil Nadu,588,Theni,THENI,-,-,Duplicate-Vaigai,East flowing rivers between Pennar and Kanyakumari,Suruliar,-,-,Suruliar,10.00111111,77.485,01-10-2015 08:30,148.0,Light Brown,odour free,24.0,0.0,20.53,17.31,7.4,56.04,1.92,10.0,7.49,8.11,45.934425,59.325,1.69,0.56568,1.75,49.735993554473275,Good
7340,THENI,CWC,33,Tamil Nadu,588,Theni,THENI,-,-,Duplicate-Vaigai,East flowing rivers between Pennar and Kanyakumari,Suruliar,-,-,Suruliar,10.00111111,77.485,02-11-2015 08:30,182.0,Clear,odour free,25.0,0.0,18.95,19.23,12.7,74.72,4.79,13.5,7.32,8.46,61.245903,67.333336,1.86,0.71743697,2.1,40.06474130794269,Good
7341,THENI,CWC,33,Tamil Nadu,588,Theni,THENI,-,-,Duplicate-Vaigai,East flowing rivers between Pennar and Kanyakumari,Suruliar,-,-,Suruliar,10.00111111,77.485,01-12-2015 08:30,203.0,Clear,odour free,25.0,0.0,20.53,23.08,7.4,70.05,6.7,14.5,7.34,9.44,57.418034,79.24167,3.59,0.7105362,2.1,56.118328411623516,Poor
7342,THENI,CWC,33,Tamil Nadu,588,Theni,THENI,-,-,Duplicate-Vaigai,East flowing rivers between Pennar and Kanyakumari,Suruliar,-,-,Suruliar,10.00111111,77.485,01-01-2016 08:30,150.0,Clear,odour free,22.5,0.0,20.53,13.88,7.6,65.38,2.87,8.1,8.06,5.45,53.59016,63.283333,0.932,0.44376776,1.32,48.077180679991905,Good
7343,THENI,CWC,33,Tamil Nadu,588,Theni,THENI,-,-,Duplicate-Vaigai,East flowing rivers between Pennar and Kanyakumari,Suruliar,-,-,Suruliar,10.00111111,77.485,01-02-2016 08:30,143.0,Clear,odour free,24.0,0.0,17.37,15.61,7.5,60.71,2.87,9.5,7.38,4.77,49.762295,55.383335,0.751,0.5564319,1.93,49.7681864218211,Good
7344,THENI,CWC,33,Tamil Nadu,588,Theni,THENI,-,-,Duplicate-Vaigai,East flowing rivers between Pennar and Kanyakumari,Suruliar,-,-,Suruliar,10.00111111,77.485,01-03-2016 08:30,217.0,Clear,odour free,25.0,0.0,28.29,23.65,6.3,91.22,4.77,13.2,7.8,5.77,74.77049,90.6,2.02,0.60449934,0.77,43.3934153387143,Good
7345,THENI,CWC,33,Tamil Nadu,588,Theni,THENI,-,-,Duplicate-Vaigai,East flowing rivers between Pennar and Kanyakumari,Suruliar,-,-,Suruliar,10.00111111,77.485,01-04-2016 08:30,220.0,Clear,odour free,26.5,0.0,23.58,20.02,10.6,95.78,6.67,14.8,7.84,5.41,78.508194,86.74167,2.02,0.6930565,1.37,41.1394828395886,Good
7346,THENI,CWC,33,Tamil Nadu,588,Theni,THENI,-,-,Duplicate-Vaigai,East flowing rivers between Pennar and Kanyakumari,Suruliar,-,-,Suruliar,10.00111111,77.485,09-05-2016 08:30,229.0,Clear,odour free,27.0,0.0,22.0,18.2,1.3,109.46,8.58,14.1,7.76,5.76,89.72131,90.75,1.2,0.6457846,1.51,65.09859225583003,Poor
7347,THENI,CWC,33,Tamil Nadu,588,Theni,THENI,-,-,Duplicate-Vaigai,East flowing rivers between Pennar and Kanyakumari,Suruliar,-,-,Suruliar,10.00111111,77.485,14-06-2016 08:30,234.0,Clear,odour free,27.0,0.0,22.0,21.83,9.1,109.46,8.58,16.1,7.72,5.79,89.72131,90.75,0.512,0.7373853,1.52,44.26772366409939,Good
7348,THENI,CWC,33,Tamil Nadu,588,Theni,THENI,-,-,Duplicate-Vaigai,East flowing rivers between Pennar and Kanyakumari,Suruliar,-,-,Suruliar,10.00111111,77.485,01-07-2016 08:30,153.0,Clear,odour free,27.0,0.0,15.72,20.02,6.65,54.73,2.86,12.7,7.45,5.61,44.860657,51.216667,0.615,0.7735973,0.95,39.138969808049985,Good
7349,THENI,CWC,33,Tamil Nadu,588,Theni,THENI,-,-,Duplicate-Vaigai,East flowing rivers between Pennar and Kanyakumari,Suruliar,-,-,Suruliar,10.00111111,77.485,04-08-2016 08:30,223.0,Clear,odour free,26.0,0.0,14.15,20.02,7.74,91.22,11.44,14.3,7.78,9.63,74.77049,83.041664,1.09,0.68532944,1.1,43.46334008858316,Good
7350,THENI,CWC,33,Tamil Nadu,588,Theni,THENI,-,-,Duplicate-Vaigai,East flowing rivers between Pennar and Kanyakumari,Suruliar,-,-,Suruliar,10.00111111,77.485,01-09-2016 08:30,259.0,Clear,odour free,26.5,0.0,12.57,23.65,6.77,118.58,16.2,17.5,7.58,11.12,97.196724,98.925,0.401,0.7688633,2.13,57.84149879528511,Poor
7351,THENI,CWC,33,Tamil Nadu,588,Theni,THENI,-,-,Duplicate-Vaigai,East flowing rivers between Pennar and Kanyakumari,Suruliar,-,-,Suruliar,10.00111111,77.485,04-10-2016 08:30,231.0,Clear,odour free,26.5,0.0,26.92,21.04,6.16,102.99,4.8,14.3,7.77,5.44,84.41803,87.3,0.663,0.66717154,1.53,52.072626961029776,Poor
7352,THENI,CWC,33,Tamil Nadu,588,Theni,THENI,-,-,Duplicate-Vaigai,East flowing rivers between Pennar and Kanyakumari,Suruliar,-,-,Suruliar,10.00111111,77.485,01-11-2016 08:30,372.0,Clear,odour free,25.0,0.0,38.0,34.43,7.39,161.85,12.48,21.8,7.55,12.84,132.66394,147.0,1.74,0.7843252,3.42,75.38991543906084,Very Poor
7353,THENI,CWC,33,Tamil Nadu,588,Theni,THENI,-,-,Duplicate-Vaigai,East flowing rivers between Pennar and Kanyakumari,Suruliar,-,-,Suruliar,10.00111111,77.485,01-12-2016 08:30,262.0,Clear,odour free,24.0,0.0,30.01,21.34,4.82,126.88,6.7,15.1,7.56,6.48,104.0,102.941666,0.62,0.64891493,1.52,53.71562281816809,Poor
7354,THENI,CWC,33,Tamil Nadu,588,Theni,THENI,-,-,Duplicate-Vaigai,East flowing rivers between Pennar and Kanyakumari,Suruliar,-,-,Suruliar,10.00111111,77.485,02-01-2017 08:30,178.0,Clear,odour free,24.0,0.0,20.53,15.52,5.45,82.96,3.83,11.1,7.51,4.66,68.0,67.28333,0.371,0.58992475,0.74,39.95629158698555,Good
7355,THENI,CWC,33,Tamil Nadu,588,Theni,THENI,-,-,Duplicate-Vaigai,East flowing rivers between Pennar and Kanyakumari,Suruliar,-,-,Suruliar,10.00111111,77.485,01-02-2017 08:30,265.0,Clear,odour free,24.0,0.0,31.59,19.4,7.33,131.76,7.66,14.1,7.53,5.43,107.99999,110.89166,0.321,0.5838681,0.76,36.62801994313035,Good
7356,THENI,CWC,33,Tamil Nadu,588,Theni,THENI,-,-,Duplicate-Vaigai,East flowing rivers between Pennar and Kanyakumari,Suruliar,-,-,Suruliar,10.00111111,77.485,01-03-2017 08:30,171.0,Clear,odour free,25.5,0.0,15.64,19.04,5.89,73.57,4.74,14.2,7.27,3.97,60.30328,58.85,0.125,0.8073675,1.52,46.77466932614813,Good
7357,THENI,CWC,33,Tamil Nadu,588,Theni,THENI,-,-,Duplicate-Vaigai,East flowing rivers between Pennar and Kanyakumari,Suruliar,-,-,Suruliar,10.00111111,77.485,01-04-2017 08:30,133.0,Clear,odour free,26.5,0.0,15.64,15.23,5.41,53.95,1.9,10.1,7.25,3.29,44.221313,47.016666,0.37,0.6418936,1.74,50.57796593358052,Poor
7358,THENI,CWC,33,Tamil Nadu,588,Theni,THENI,-,-,Duplicate-Vaigai,East flowing rivers between Pennar and Kanyakumari,Suruliar,-,-,Suruliar,10.00111111,77.485,01-05-2017 08:30,114.0,Clear,odour free,28.5,0.0,10.95,11.42,5.99,49.05,2.85,8.4,7.62,2.73,40.204918,39.25,0.331,0.5847076,1.16,44.728997147654475,Good
7789,URACHIKOTTAI,CWC,33,Tamil Nadu,573,Erode,BHAVANI,-,-,Cauvery,Cauvery,-,-,-,Cauvery,11.47777778,77.7,02-07-2001 08:30,425.0,Clear,odour free,26.8,0.0,24.05,27.55,7.7,216.51,20.42,39.7,7.96,10.57,177.46721,145.20833,1.55,1.4389111,1.3,50.57757410979701,Poor
7790,URACHIKOTTAI,CWC,33,Tamil Nadu,573,Erode,BHAVANI,-,-,Cauvery,Cauvery,-,-,-,Cauvery,11.47777778,77.7,01-08-2001 08:35,290.0,Clear,odour free,26.3,0.0,28.86,20.5,7.4,137.05,6.81,20.9,8.25,9.7,112.33607,100.525,0.954,0.9089529,1.6,55.282762325933525,Poor
7791,URACHIKOTTAI,CWC,33,Tamil Nadu,573,Erode,BHAVANI,-,-,Cauvery,Cauvery,-,-,-,Cauvery,11.47777778,77.7,01-09-2001 08:50,286.0,Clear,odour free,25.8,0.0,27.25,20.44,7.5,164.08,18.47,19.4,7.5,11.07,134.4918,145.08333,0.76,0.7032387,1.5,48.03166399784603,Good
7792,URACHIKOTTAI,CWC,33,Tamil Nadu,573,Erode,BHAVANI,-,-,Cauvery,Cauvery,-,-,-,Cauvery,11.47777778,77.7,01-10-2001 08:40,462.0,Light Brown,odour free,25.3,0.0,32.06,32.76,6.0,174.55,16.53,41.4,7.81,23.7,143.07378,149.02501,1.67,1.4802039,1.3,53.21159000727265,Poor
7793,URACHIKOTTAI,CWC,33,Tamil Nadu,573,Erode,BHAVANI,-,-,Cauvery,Cauvery,-,-,-,Cauvery,11.47777778,77.7,01-11-2001 08:50,925.0,Clear,odour free,25.8,31.3,14.43,34.06,6.0,137.93,30.14,39.1,8.34,22.56,165.22403,161.65833,1.79,1.3445054,3.3,87.01730284944442,Very Poor
7794,URACHIKOTTAI,CWC,33,Tamil Nadu,573,Erode,BHAVANI,-,-,Cauvery,Cauvery,-,-,-,Cauvery,11.47777778,77.7,01-12-2001 08:30,146.0,Clear,odour free,25.2,0.0,40.08,37.69,5.9,189.6,11.67,46.0,8.11,16.85,155.40984,148.82501,1.84,1.6445816,3.0,79.04272868778516,Very Poor
7795,URACHIKOTTAI,CWC,33,Tamil Nadu,573,Erode,BHAVANI,-,-,Cauvery,Cauvery,-,-,-,Cauvery,11.47777778,77.7,01-01-2002 08:45,476.0,Clear,odour free,25.2,15.98,32.06,31.04,7.5,189.6,20.42,43.2,8.4,16.317,182.04317,165.23334,1.42,1.467265,3.0,78.37889352198484,Very Poor
7796,URACHIKOTTAI,CWC,33,Tamil Nadu,573,Erode,BHAVANI,-,-,Cauvery,Cauvery,-,-,-,Cauvery,11.47777778,77.7,01-02-2002 08:30,412.0,Clear,odour free,25.5,26.64,25.65,29.08,7.7,146.26,19.44,36.8,8.3,14.91,164.28525,145.125,1.7,1.3339853,1.3,53.87136471000843,Poor
7797,URACHIKOTTAI,CWC,33,Tamil Nadu,573,Erode,BHAVANI,-,-,Cauvery,Cauvery,-,-,-,Cauvery,11.47777778,77.7,01-03-2002 08:30,419.0,Clear,odour free,26.3,0.0,27.25,33.56,7.6,174.22,11.67,40.9,7.99,18.32,142.80328,116.75,1.51,1.6517308,1.9,57.90917916607055,Poor
7798,URACHIKOTTAI,CWC,33,Tamil Nadu,573,Erode,BHAVANI,-,-,Cauvery,Cauvery,-,-,-,Cauvery,11.47777778,77.7,01-05-2002 10:00,486.0,Clear,odour free,26.2,0.0,24.05,37.96,7.8,229.57,20.42,43.6,8.06,16.63,188.17213,145.20833,2.36,1.5802649,2.8,72.61743056376874,Poor
7799,URACHIKOTTAI,CWC,33,Tamil Nadu,573,Erode,BHAVANI,-,-,Cauvery,Cauvery,-,-,-,Cauvery,11.47777778,77.7,01-08-2002 09:30,474.0,Clear,odour free,26.7,26.88,28.86,47.79,6.5,153.05,19.44,44.0,8.5,22.73,170.25082,153.15001,2.56,1.5523883,4.0,96.54475205044749,Very Poor
7800,URACHIKOTTAI,CWC,33,Tamil Nadu,573,Erode,BHAVANI,-,-,Cauvery,Cauvery,-,-,-,Cauvery,11.47777778,77.7,02-09-2002 09:30,380.0,Clear,odour free,26.2,0.0,22.44,25.89,6.1,132.66,11.67,22.5,8.29,11.32,108.73771,104.725,1.38,0.95965046,2.2,68.12794528887882,Poor
7801,URACHIKOTTAI,CWC,33,Tamil Nadu,573,Erode,BHAVANI,-,-,Cauvery,Cauvery,-,-,-,Cauvery,11.47777778,77.7,01-10-2002 09:40,347.0,Clear,odour free,28.5,13.98,19.24,20.73,5.3,94.76,14.58,18.1,8.36,13.79,100.97213,108.85,3.02,0.75759774,1.4,62.30242257399812,Poor
7803,URACHIKOTTAI,CWC,33,Tamil Nadu,573,Erode,BHAVANI,-,-,Cauvery,Cauvery,-,-,-,Cauvery,11.47777778,77.7,01-11-2002 09:15,375.0,Clear,odour free,26.5,15.49,28.86,28.81,6.7,146.92,16.53,34.6,8.64,14.35,146.24289,141.02501,4.74,1.2718616,2.9,84.56181533652854,Very Poor
7805,URACHIKOTTAI,CWC,33,Tamil Nadu,573,Erode,BHAVANI,-,-,Cauvery,Cauvery,-,-,-,Cauvery,11.47777778,77.7,02-12-2002 09:30,374.0,Clear,odour free,26.2,0.0,25.65,20.44,5.3,156.58,20.42,25.8,7.83,14.58,128.34427,149.20833,4.71,0.92241365,1.3,59.11161819431861,Poor
7807,URACHIKOTTAI,CWC,33,Tamil Nadu,573,Erode,BHAVANI,-,-,Cauvery,Cauvery,-,-,-,Cauvery,11.47777778,77.7,01-02-2003 08:30,463.0,Clear,odour free,27.0,15.24,28.86,22.19,7.0,185.9,22.36,33.5,8.43,17.97,177.77704,165.31667,6.53,1.1378199,1.7,68.71818979664424,Poor
7808,URACHIKOTTAI,CWC,33,Tamil Nadu,573,Erode,BHAVANI,-,-,Cauvery,Cauvery,-,-,-,Cauvery,11.47777778,77.7,01-08-2003 09:45,680.0,Clear,odour free,25.3,20.89,33.67,67.52,7.6,159.13,29.17,57.3,8.92,56.21,165.2511,205.71666,9.9,1.7448997,3.7,104.39130811515413,Unsuitable
7809,URACHIKOTTAI,CWC,33,Tamil Nadu,573,Erode,BHAVANI,-,-,Cauvery,Cauvery,-,-,-,Cauvery,11.47777778,77.7,01-09-2003 09:20,456.0,Clear,odour free,26.3,16.27,24.05,46.68,6.3,103.4,20.42,44.5,8.53,32.07,111.870766,145.20833,11.2,1.6128851,4.2,110.40051062059867,Unsuitable
7810,URACHIKOTTAI,CWC,33,Tamil Nadu,573,Erode,BHAVANI,-,-,Cauvery,Cauvery,-,-,-,Cauvery,11.47777778,77.7,01-10-2003 09:00,325.0,Clear,odour free,26.5,12.0,24.05,27.87,5.9,97.61,12.64,25.9,9.13,22.88,100.008194,112.791664,0.812,1.0644447,2.8,84.27316412867408,Very Poor
7811,URACHIKOTTAI,CWC,33,Tamil Nadu,573,Erode,BHAVANI,-,-,Cauvery,Cauvery,-,-,-,Cauvery,11.47777778,77.7,01-11-2003 08:45,411.0,Clear,odour free,26.2,8.35,28.86,33.29,7.1,114.56,14.58,24.2,8.66,17.84,107.818306,132.9,0.81,0.9162033,2.1,67.73501712086892,Poor
7812,URACHIKOTTAI,CWC,33,Tamil Nadu,573,Erode,BHAVANI,-,-,Cauvery,Cauvery,-,-,-,Cauvery,11.47777778,77.7,01-01-2004 08:30,393.0,Clear,odour free,26.8,12.41,30.46,29.67,8.0,138.83,9.24,35.2,8.79,15.27,134.47842,114.649994,0.876,1.4338783,1.7,60.726478844603925,Poor
7813,URACHIKOTTAI,CWC,33,Tamil Nadu,573,Erode,BHAVANI,-,-,Cauvery,Cauvery,-,-,-,Cauvery,11.47777778,77.7,01-07-2004 09:30,810.0,Clear,odour free,26.8,11.71,33.67,91.6,7.4,150.75,33.05,74.7,8.4,85.76,143.08224,221.88333,7.65,2.1906772,4.4,107.36316594754958,Unsuitable
7814,URACHIKOTTAI,CWC,33,Tamil Nadu,573,Erode,BHAVANI,-,-,Cauvery,Cauvery,-,-,-,Cauvery,11.47777778,77.7,02-08-2004 10:00,323.0,Clear,odour free,26.3,11.34,22.44,28.4,7.1,84.55,13.61,26.8,8.59,17.55,88.203285,112.808334,4.21,1.101563,4.4,101.88183619682628,Unsuitable
7816,URACHIKOTTAI,CWC,33,Tamil Nadu,573,Erode,BHAVANI,-,-,Cauvery,Cauvery,-,-,-,Cauvery,11.47777778,77.7,01-09-2004 10:00,265.0,Clear,odour free,26.8,0.0,17.64,16.74,6.0,87.27,13.61,15.6,7.86,22.03,71.53278,100.80833,2.87,0.67851746,1.3,53.95206178624797,Poor
7818,URACHIKOTTAI,CWC,33,Tamil Nadu,573,Erode,BHAVANI,-,-,Cauvery,Cauvery,-,-,-,Cauvery,11.47777778,77.7,01-12-2004 09:00,418.0,Clear,odour free,25.8,3.82,30.46,26.04,7.5,159.42,16.53,28.0,8.64,16.94,137.0388,145.025,0.651,1.0148854,2.7,74.8635695987728,Poor
7820,URACHIKOTTAI,CWC,33,Tamil Nadu,573,Erode,BHAVANI,-,-,Cauvery,Cauvery,-,-,-,Cauvery,11.47777778,77.7,01-01-2005 09:30,438.0,Clear,odour free,23.8,0.0,30.46,38.83,7.1,155.27,18.47,30.0,8.22,13.45,127.27049,153.10832,0.912,1.0584415,0.7,45.44288158571384,Good
7822,URACHIKOTTAI,CWC,33,Tamil Nadu,573,Erode,BHAVANI,-,-,Cauvery,Cauvery,-,-,-,Cauvery,11.47777778,77.7,01-04-2005 09:30,457.0,Clear,odour free,25.5,7.5,24.05,46.37,6.6,133.44,22.36,32.4,8.33,28.95,121.87705,153.29167,0.365,1.1430781,3.4,84.01734613318074,Very Poor
7824,URACHIKOTTAI,CWC,33,Tamil Nadu,573,Erode,BHAVANI,-,-,Cauvery,Cauvery,-,-,-,Cauvery,11.47777778,77.7,01-08-2005 09:00,358.0,Clear,odour free,25.3,0.0,24.05,29.84,6.1,140.72,16.53,24.9,7.78,10.54,115.34426,129.0,0.732,0.95724344,1.9,59.21879688627657,Poor
7826,URACHIKOTTAI,CWC,33,Tamil Nadu,573,Erode,BHAVANI,-,-,Cauvery,Cauvery,-,-,-,Cauvery,11.47777778,77.7,01-09-2005 09:15,188.0,Clear,odour free,27.8,0.0,16.03,15.53,6.4,74.47,6.81,11.2,8.05,5.89,61.040985,68.450005,0.521,0.59070563,1.5,53.443829563283906,Poor
7828,URACHIKOTTAI,CWC,33,Tamil Nadu,573,Erode,BHAVANI,-,-,Cauvery,Cauvery,-,-,-,Cauvery,11.47777778,77.7,01-10-2005 10:00,220.0,Clear,odour free,27.8,0.0,16.03,13.2,6.8,95.33,10.61,15.9,8.08,9.18,78.13934,84.28333,1.44,0.7561749,0.4,39.60599560680847,Good
7830,URACHIKOTTAI,CWC,33,Tamil Nadu,573,Erode,BHAVANI,-,-,Cauvery,Cauvery,-,-,-,Cauvery,11.47777778,77.7,02-11-2005 09:05,299.0,Light Brown,odour free,25.0,0.0,24.05,19.9,6.7,101.67,10.69,21.8,7.21,22.3,83.33607,104.666664,2.34,0.9298605,1.8,51.90976374453558,Poor
7832,URACHIKOTTAI,CWC,33,Tamil Nadu,573,Erode,BHAVANI,-,-,Cauvery,Cauvery,-,-,-,Cauvery,11.47777778,77.7,01-12-2005 09:00,368.0,Clear,odour free,27.8,16.0,26.24,17.85,7.0,113.87,14.14,27.8,8.36,23.02,120.00273,124.51667,1.99,1.0874453,1.3,55.64215588487768,Poor
7834,URACHIKOTTAI,CWC,33,Tamil Nadu,573,Erode,BHAVANI,-,-,Cauvery,Cauvery,-,-,-,Cauvery,11.47777778,77.7,02-01-2006 08:45,429.0,Clear,odour free,25.8,23.76,27.25,23.29,7.0,135.29,20.42,32.1,8.41,21.38,150.49344,153.20833,1.47,1.132483,1.1,53.85657096209484,Poor
7836,URACHIKOTTAI,CWC,33,Tamil Nadu,573,Erode,BHAVANI,-,-,Cauvery,Cauvery,-,-,-,Cauvery,11.47777778,77.7,01-04-2006 10:00,509.0,Clear,odour free,28.8,0.0,30.46,30.47,6.6,221.16,15.56,41.0,8.22,17.4,181.27869,140.98334,1.62,1.5071114,3.5,85.17140129456978,Very Poor
7837,URACHIKOTTAI,CWC,33,Tamil Nadu,573,Erode,BHAVANI,-,-,Cauvery,Cauvery,-,-,-,Cauvery,11.47777778,77.7,02-05-2006 09:30,456.0,Clear,odour free,29.8,14.18,25.65,29.08,7.1,192.32,20.42,38.9,8.42,14.31,181.27269,149.20833,0.614,1.390771,2.2,67.57957301373456,Poor
7839,URACHIKOTTAI,CWC,33,Tamil Nadu,573,Erode,BHAVANI,-,-,Cauvery,Cauvery,-,-,-,Cauvery,11.47777778,77.7,01-07-2006 09:15,452.0,Clear,odour free,28.0,0.0,22.44,26.77,6.6,207.76,19.44,39.2,8.26,13.18,170.29507,137.1,0.78,1.4622375,1.3,55.08208673339216,Poor
7841,URACHIKOTTAI,CWC,33,Tamil Nadu,573,Erode,BHAVANI,-,-,Cauvery,Cauvery,-,-,-,Cauvery,11.47777778,77.7,01-08-2006 09:20,281.0,Clear,odour free,28.8,0.0,20.84,19.55,6.5,131.48,9.72,21.9,7.99,8.34,107.770485,92.6,1.72,0.9931883,1.4,53.49058888925318,Poor
7843,URACHIKOTTAI,CWC,33,Tamil Nadu,573,Erode,BHAVANI,-,-,Cauvery,Cauvery,-,-,-,Cauvery,11.47777778,77.7,01-09-2006 09:00,196.0,Clear,odour free,28.5,5.06,16.03,13.06,6.8,77.05,6.81,10.4,8.34,5.34,71.58907,68.450005,0.941,0.5485124,1.2,51.677158219176725,Poor
7845,URACHIKOTTAI,CWC,33,Tamil Nadu,573,Erode,BHAVANI,-,-,Cauvery,Cauvery,-,-,-,Cauvery,11.47777778,77.7,03-10-2006 09:30,235.0,Clear,odour free,28.0,0.0,19.24,18.09,7.7,106.2,9.72,15.1,8.02,6.45,87.04918,88.6,4.05,0.7001628,0.8,45.32129109916226,Good
7847,URACHIKOTTAI,CWC,33,Tamil Nadu,573,Erode,BHAVANI,-,-,Cauvery,Cauvery,-,-,-,Cauvery,11.47777778,77.7,01-12-2006 08:15,442.0,Clear,odour free,24.0,0.0,36.87,44.02,8.0,203.55,22.36,40.0,8.2,53.63,166.84427,185.34166,,1.2826807,2.0,60.473895506263204,Poor
7849,URACHIKOTTAI,CWC,33,Tamil Nadu,573,Erode,BHAVANI,-,-,Cauvery,Cauvery,-,-,-,Cauvery,11.47777778,77.7,02-01-2007 08:05,338.0,Clear,odour free,26.0,0.0,28.86,19.99,8.4,179.66,15.56,24.0,8.22,10.19,147.2623,136.98334,2.03,0.8950639,0.6,41.67145774158679,Good
7852,URACHIKOTTAI,CWC,33,Tamil Nadu,573,Erode,BHAVANI,-,-,Cauvery,Cauvery,-,-,-,Cauvery,11.47777778,77.7,01-03-2007 10:20,399.0,Clear,odour free,26.8,4.78,27.25,28.72,6.6,179.66,16.53,33.0,8.36,16.5,155.22896,137.0,1.68,1.2308323,1.0,52.73360026070231,Poor
7854,URACHIKOTTAI,CWC,33,Tamil Nadu,573,Erode,BHAVANI,-,-,Cauvery,Cauvery,-,-,-,Cauvery,11.47777778,77.7,02-04-2007 10:20,383.0,Clear,odour free,26.8,9.64,25.65,25.73,6.7,166.75,16.53,31.2,8.31,18.02,152.747,133.0,1.68,1.1811614,2.2,68.15593639420099,Poor
7856,URACHIKOTTAI,CWC,33,Tamil Nadu,573,Erode,BHAVANI,-,-,Cauvery,Cauvery,-,-,-,Cauvery,11.47777778,77.7,01-05-2007 10:15,429.0,Clear,odour free,27.0,0.0,22.44,25.48,6.8,190.32,19.44,33.9,8.12,15.45,156.0,137.1,3.11,1.264537,1.5,58.71952746912108,Poor
7857,URACHIKOTTAI,CWC,33,Tamil Nadu,573,Erode,BHAVANI,-,-,Cauvery,Cauvery,-,-,-,Cauvery,11.47777778,77.7,01-08-2007 08:00,187.0,Clear,odour free,26.0,0.0,14.43,14.0,7.9,97.6,8.75,14.0,8.02,4.98,80.0,72.53333,2.65,0.71763605,1.6,53.597987892643104,Poor
7859,URACHIKOTTAI,CWC,33,Tamil Nadu,573,Erode,BHAVANI,-,-,Cauvery,Cauvery,-,-,-,Cauvery,11.47777778,77.7,01-09-2007 08:00,155.0,Clear,odour free,25.0,0.0,14.43,14.21,7.4,72.84,7.78,10.1,7.88,5.17,59.704914,68.49167,1.99,0.53269565,0.3,34.94355299394344,Good
7861,URACHIKOTTAI,CWC,33,Tamil Nadu,573,Erode,BHAVANI,-,-,Cauvery,Cauvery,-,-,-,Cauvery,11.47777778,77.7,03-10-2007 08:00,207.0,Clear,odour free,26.0,0.0,17.64,16.0,7.6,103.52,8.75,15.4,8.12,6.58,84.852455,80.558334,2.6,0.7488483,2.1,62.12966900974851,Poor
7863,URACHIKOTTAI,CWC,33,Tamil Nadu,573,Erode,BHAVANI,-,-,Cauvery,Cauvery,-,-,-,Cauvery,11.47777778,77.7,01-11-2007 08:00,263.0,Clear,odour free,24.0,0.0,22.44,18.36,8.0,132.42,9.72,19.1,8.21,5.8,108.540985,96.600006,2.47,0.8479996,1.4,52.730303519938175,Poor
7865,URACHIKOTTAI,CWC,33,Tamil Nadu,573,Erode,BHAVANI,-,-,Cauvery,Cauvery,-,-,-,Cauvery,11.47777778,77.7,01-12-2007 08:00,313.0,Clear,odour free,24.0,0.0,27.25,20.61,7.7,161.85,11.67,22.5,8.19,7.44,132.66394,116.75,1.83,0.9086538,0.4,39.533768976822934,Good
7866,URACHIKOTTAI,CWC,33,Tamil Nadu,573,Erode,BHAVANI,-,-,Cauvery,Cauvery,-,-,-,Cauvery,11.47777778,77.7,01-01-2008 08:00,442.0,Clear,odour free,26.0,14.62,27.25,21.15,8.9,158.35,13.61,35.2,8.62,18.56,154.16176,124.83333,1.94,1.3750223,1.6,57.375545979978384,Poor
7871,URACHIKOTTAI,CWC,33,Tamil Nadu,573,Erode,BHAVANI,-,-,Cauvery,Cauvery,-,-,-,Cauvery,11.47777778,77.7,01-07-2008 08:00,391.0,Clear,odour free,26.0,0.0,22.44,28.84,7.9,189.78,16.53,33.0,8.04,8.1,155.55737,124.975006,1.39,1.2890221,2.0,59.38198464256759,Poor
7873,URACHIKOTTAI,CWC,33,Tamil Nadu,573,Erode,BHAVANI,-,-,Cauvery,Cauvery,-,-,-,Cauvery,11.47777778,77.7,01-08-2008 08:00,385.0,Clear,odour free,26.0,0.0,24.05,28.84,8.0,197.39,16.53,32.3,8.05,8.82,161.79507,129.0,1.16,1.2417254,1.3,49.55165201229594,Good
7875,URACHIKOTTAI,CWC,33,Tamil Nadu,573,Erode,BHAVANI,-,-,Cauvery,Cauvery,-,-,-,Cauvery,11.47777778,77.7,01-09-2008 08:00,218.0,Clear,odour free,24.5,0.0,19.24,17.39,7.6,101.33,6.81,15.1,8.12,6.1,83.05738,76.475,2.18,0.7532789,0.6,41.10641428895035,Good
7877,URACHIKOTTAI,CWC,33,Tamil Nadu,573,Erode,BHAVANI,-,-,Cauvery,Cauvery,-,-,-,Cauvery,11.47777778,77.7,03-10-2008 08:00,282.0,Clear,odour free,25.0,0.0,25.65,15.99,7.7,142.45,8.74,22.3,7.96,1.0,116.76229,100.541664,,0.9701745,1.1,44.01406810374839,Good
7879,URACHIKOTTAI,CWC,33,Tamil Nadu,573,Erode,BHAVANI,-,-,Cauvery,Cauvery,-,-,-,Cauvery,11.47777778,77.7,01-11-2008 08:00,348.0,Clear,odour free,24.0,0.0,30.46,25.99,7.8,179.38,17.98,28.9,7.85,14.82,147.03279,151.06667,0.092,1.026462,1.4,48.56027068092581,Good
7881,URACHIKOTTAI,CWC,33,Tamil Nadu,573,Erode,BHAVANI,-,-,Cauvery,Cauvery,-,-,-,Cauvery,11.47777778,77.7,01-01-2009 08:00,322.0,Clear,odour free,24.0,14.4,35.2,29.7,7.7,182.0,18.5,32.8,8.35,17.6,173.18033,165.08333,,1.1142536,1.1,49.73804989865993,Good
7884,URACHIKOTTAI,CWC,33,Tamil Nadu,573,Erode,BHAVANI,-,-,Cauvery,Cauvery,-,-,-,Cauvery,11.47777778,77.7,01-04-2009 08:00,362.0,Clear,odour free,25.0,19.0,27.2,33.6,7.8,163.0,20.4,39.1,8.45,40.7,165.27322,153.0,0.197,1.3803823,3.9,88.63381568545631,Very Poor
7889,URACHIKOTTAI,CWC,33,Tamil Nadu,573,Erode,BHAVANI,-,-,Cauvery,Cauvery,-,-,-,Cauvery,11.47777778,77.7,01-09-2009 09:00,258.0,Clear,odour free,27.0,0.0,14.4,20.7,8.2,107.0,11.6,16.0,8.01,1.3,87.70492,84.333336,1.27,0.76090366,1.1,44.763870816602285,Good
7893,URACHIKOTTAI,CWC,33,Tamil Nadu,573,Erode,BHAVANI,-,-,Cauvery,Cauvery,-,-,-,Cauvery,11.47777778,77.7,03-11-2009 10:10,286.0,Clear,odour free,26.0,0.0,28.8,29.3,8.6,187.0,17.5,28.8,8.15,21.5,153.27869,144.91667,1.66,1.0444305,1.4,51.22429074029918,Poor
7894,URACHIKOTTAI,CWC,33,Tamil Nadu,573,Erode,BHAVANI,-,-,Cauvery,Cauvery,-,-,-,Cauvery,11.47777778,77.7,01-12-2009 09:00,470.0,Clear,odour free,26.5,19.2,35.2,35.1,8.6,195.0,24.3,32.8,8.42,46.3,191.83606,189.25,1.91,1.0410614,0.5,43.360704277345924,Good
7895,URACHIKOTTAI,CWC,33,Tamil Nadu,573,Erode,BHAVANI,-,-,Cauvery,Cauvery,-,-,-,Cauvery,11.47777778,77.7,01-01-2010 09:00,265.0,Clear,odour free,24.0,0.0,28.8,26.5,5.4,197.0,16.5,25.8,8.1,1.0,161.4754,140.75,1.59,0.9493087,0.8,50.46137485097048,Poor
7896,URACHIKOTTAI,CWC,33,Tamil Nadu,573,Erode,BHAVANI,-,-,Cauvery,Cauvery,-,-,-,Cauvery,11.47777778,77.7,01-03-2010 09:30,360.0,Clear,odour free,28.5,0.0,25.6,33.2,8.3,200.5,20.4,30.2,8.05,27.0,164.34427,149.0,0.848,1.0804806,1.8,55.84918644407619,Poor
7897,URACHIKOTTAI,CWC,33,Tamil Nadu,573,Erode,BHAVANI,-,-,Cauvery,Cauvery,-,-,-,Cauvery,11.47777778,77.7,01-05-2010 10:00,265.0,Clear,odour free,29.0,19.2,28.86,39.7,6.3,112.24,12.64,29.6,8.37,25.56,124.0,124.81667,0.604,1.1561456,2.0,65.20107330086476,Poor
7898,URACHIKOTTAI,CWC,33,Tamil Nadu,573,Erode,BHAVANI,-,-,Cauvery,Cauvery,-,-,-,Cauvery,11.47777778,77.7,01-07-2010 08:00,345.0,Clear,odour free,26.0,0.0,27.25,45.38,8.1,185.44,19.44,34.7,8.2,10.2,152.0,149.125,7.02,1.240777,2.6,75.9561303710239,Very Poor
7899,URACHIKOTTAI,CWC,33,Tamil Nadu,573,Erode,BHAVANI,-,-,Cauvery,Cauvery,-,-,-,Cauvery,11.47777778,77.7,02-08-2010 09:15,332.0,Clear,odour free,27.0,24.0,22.44,48.21,8.4,141.52,21.39,31.7,8.4,9.4,156.0,145.225,4.37,1.1490595,1.2,55.117280433815004,Poor
7900,URACHIKOTTAI,CWC,33,Tamil Nadu,573,Erode,BHAVANI,-,-,Cauvery,Cauvery,-,-,-,Cauvery,11.47777778,77.7,01-09-2010 09:10,293.0,Clear,odour free,26.0,0.0,22.44,39.65,8.6,156.16,15.56,26.6,7.69,9.45,128.0,120.933334,5.43,1.0561647,1.4,50.84928263353046,Poor
7901,URACHIKOTTAI,CWC,33,Tamil Nadu,573,Erode,BHAVANI,-,-,Cauvery,Cauvery,-,-,-,Cauvery,11.47777778,77.7,01-10-2010 08:50,286.0,Clear,odour free,27.0,0.0,24.05,39.65,8.5,151.28,14.58,25.6,7.82,10.2,124.0,120.875,4.51,1.0165217,1.6,53.815078667715845,Poor
7902,URACHIKOTTAI,CWC,33,Tamil Nadu,573,Erode,BHAVANI,-,-,Cauvery,Cauvery,-,-,-,Cauvery,11.47777778,77.7,01-11-2010 09:05,331.0,Clear,odour free,27.0,0.0,30.46,39.65,8.2,161.04,15.56,30.5,7.88,16.88,132.0,140.98334,5.96,1.1211438,1.2,51.90000554429555,Poor
7903,URACHIKOTTAI,CWC,33,Tamil Nadu,573,Erode,BHAVANI,-,-,Cauvery,Cauvery,-,-,-,Cauvery,11.47777778,77.7,01-01-2011 09:00,344.0,Clear,odour free,24.0,0.0,38.48,39.65,8.6,214.72,22.36,29.6,8.14,11.85,176.0,189.36667,1.27,0.93898827,1.0,46.316375731436885,Good
7904,URACHIKOTTAI,CWC,33,Tamil Nadu,573,Erode,BHAVANI,-,-,Cauvery,Cauvery,-,-,-,Cauvery,11.47777778,77.7,01-03-2011 09:45,422.0,Clear,,29.5,0.0,32.06,49.62,8.5,195.2,18.47,33.8,8.1,15.45,160.0,157.10834,0.639,1.1771513,2.1,59.52027469955649,Poor
7905,URACHIKOTTAI,CWC,33,Tamil Nadu,573,Erode,BHAVANI,-,-,Cauvery,Cauvery,-,-,-,Cauvery,11.47777778,77.7,01-07-2011 09:00,327.0,Clear,odour free,29.5,0.0,30.46,37.78,8.3,165.68,15.56,26.5,7.69,9.62,135.80327,140.98334,0.644,0.9741086,2.8,64.96246142976935,Poor
7906,URACHIKOTTAI,CWC,33,Tamil Nadu,573,Erode,BHAVANI,-,-,Cauvery,Cauvery,-,-,-,Cauvery,11.47777778,77.7,01-08-2011 09:20,248.0,Clear,odour free,28.0,0.0,22.44,28.33,8.5,128.27,10.69,20.0,7.98,8.47,105.13935,100.64166,0.654,0.870054,2.4,60.735898988387625,Poor
7907,URACHIKOTTAI,CWC,33,Tamil Nadu,573,Erode,BHAVANI,-,-,Cauvery,Cauvery,-,-,-,Cauvery,11.47777778,77.7,02-09-2011 09:30,215.0,Clear,odour free,28.5,0.0,16.03,25.18,7.8,117.58,11.67,17.9,7.7,7.87,96.37705,88.700005,0.502,0.8299318,0.8,37.94945445290271,Good
7908,URACHIKOTTAI,CWC,33,Tamil Nadu,573,Erode,BHAVANI,-,-,Cauvery,Cauvery,-,-,-,Cauvery,11.47777778,77.7,01-10-2011 09:25,187.0,Clear,odour free,30.0,0.0,19.24,18.89,7.9,90.85,7.78,13.7,7.67,4.4,74.46721,80.51667,0.451,0.66617715,4.0,80.00159963199643,Very Poor
7909,URACHIKOTTAI,CWC,33,Tamil Nadu,573,Erode,BHAVANI,-,-,Cauvery,Cauvery,-,-,-,Cauvery,11.47777778,77.7,02-01-2012 08:30,332.0,Clear,odour free,25.0,0.0,32.06,37.78,7.5,171.02,15.56,27.9,8.08,15.8,140.18033,144.98334,0.65,1.0112557,0.6,41.073288328604136,Good
7910,URACHIKOTTAI,CWC,33,Tamil Nadu,573,Erode,BHAVANI,-,-,Cauvery,Cauvery,-,-,-,Cauvery,11.47777778,77.7,01-02-2012 08:00,289.0,Clear,odour free,26.5,0.0,35.27,37.78,7.7,144.3,8.75,25.6,7.25,9.93,118.278694,124.63333,0.48,0.9999513,1.9,49.00263260193619,Good
7911,URACHIKOTTAI,CWC,33,Tamil Nadu,573,Erode,BHAVANI,-,-,Cauvery,Cauvery,-,-,-,Cauvery,11.47777778,77.7,01-03-2012 10:15,271.0,Clear,odour free,28.5,0.0,14.43,34.63,6.4,144.3,18.47,24.0,8.01,8.75,118.278694,113.03333,0.356,0.98643535,1.6,56.15258674058531,Poor
7912,URACHIKOTTAI,CWC,33,Tamil Nadu,573,Erode,BHAVANI,-,-,Cauvery,Cauvery,-,-,-,Cauvery,11.47777778,77.7,02-04-2012 10:20,280.0,Clear,odour free,29.5,0.0,20.84,31.48,6.6,144.3,13.61,24.0,8.08,12.37,118.278694,108.808334,0.295,1.0045427,2.2,63.82097713457962,Poor
7913,URACHIKOTTAI,CWC,33,Tamil Nadu,573,Erode,BHAVANI,-,-,Cauvery,Cauvery,-,-,-,Cauvery,11.47777778,77.7,01-05-2012 10:20,276.0,Clear,odour free,31.0,0.0,20.84,31.48,6.8,122.92,10.69,22.9,7.92,11.47,100.7541,96.64166,0.205,1.0167192,2.2,61.187652464749554,Poor
7914,URACHIKOTTAI,CWC,33,Tamil Nadu,573,Erode,BHAVANI,-,-,Cauvery,Cauvery,-,-,-,Cauvery,11.47777778,77.7,01-06-2012 09:40,382.0,Clear,odour free,31.0,0.0,28.86,40.92,6.6,181.71,15.56,30.3,8.05,11.78,148.94263,136.98334,0.267,1.1300181,3.8,85.7769985814377,Very Poor
7915,URACHIKOTTAI,CWC,33,Tamil Nadu,573,Erode,BHAVANI,-,-,Cauvery,Cauvery,-,-,-,Cauvery,11.47777778,77.7,02-07-2012 09:35,365.0,Clear,odour free,30.0,0.0,32.06,40.92,6.2,171.02,12.64,30.2,8.15,11.38,140.18033,132.81667,0.264,1.1433485,1.2,52.242199743271826,Poor
7916,URACHIKOTTAI,CWC,33,Tamil Nadu,573,Erode,BHAVANI,-,-,Cauvery,Cauvery,-,-,-,Cauvery,11.47777778,77.7,01-08-2012 09:30,332.0,Clear,odour free,29.5,0.0,27.25,37.78,8.5,149.64,14.58,28.6,7.82,15.65,122.65574,128.875,0.117,1.0996486,3.0,67.50360275525777,Poor
7917,URACHIKOTTAI,CWC,33,Tamil Nadu,573,Erode,BHAVANI,-,-,Cauvery,Cauvery,-,-,-,Cauvery,11.47777778,77.7,01-09-2012 09:25,306.0,Clear,odour free,29.5,0.0,30.46,34.37,4.1,131.1,7.78,25.2,7.89,13.51,107.45902,108.566666,0.138,1.054684,0.8,48.63553480451302,Good
7918,URACHIKOTTAI,CWC,33,Tamil Nadu,573,Erode,BHAVANI,-,-,Cauvery,Cauvery,-,-,-,Cauvery,11.47777778,77.7,01-10-2012 08:30,215.0,Clear,odour free,30.0,0.0,27.25,30.08,7.8,97.11,1.94,23.1,8.19,7.54,79.59836,76.208336,0.203,1.1527462,1.8,54.63462289745179,Poor
7919,URACHIKOTTAI,CWC,33,Tamil Nadu,573,Erode,BHAVANI,-,-,Cauvery,Cauvery,-,-,-,Cauvery,11.47777778,77.7,05-11-2012 09:30,308.0,Clear,odour free,28.5,19.1,32.06,30.08,8.2,101.97,9.72,19.7,8.36,11.04,115.4153,120.65,0.175,0.78227407,3.6,80.93478636121577,Very Poor
7920,URACHIKOTTAI,CWC,33,Tamil Nadu,573,Erode,BHAVANI,-,-,Cauvery,Cauvery,-,-,-,Cauvery,11.47777778,77.7,01-12-2012 09:30,334.0,Clear,odour free,27.5,0.0,27.25,34.37,6.8,155.38,15.56,25.4,7.99,12.56,127.36066,132.95833,0.045,0.9615812,1.0,46.45390568358848,Good
7921,URACHIKOTTAI,CWC,33,Tamil Nadu,573,Erode,BHAVANI,-,-,Cauvery,Cauvery,-,-,-,Cauvery,11.47777778,77.7,01-03-2013 09:00,454.0,Clear,odour free,28.0,28.66,33.67,47.26,8.2,160.23,25.28,33.3,8.4,20.63,179.10272,189.50833,0.088,1.0563287,3.0,75.75535949596231,Very Poor
7922,URACHIKOTTAI,CWC,33,Tamil Nadu,573,Erode,BHAVANI,-,-,Cauvery,Cauvery,-,-,-,Cauvery,11.47777778,77.7,11-07-2013 09:20,291.0,Light Brown,odour free,27.5,0.0,14.43,30.08,6.8,135.96,23.33,17.8,7.54,16.01,111.44263,133.28334,1.26,0.6739163,1.6,52.448630458653255,Poor
7923,URACHIKOTTAI,CWC,33,Tamil Nadu,573,Erode,BHAVANI,-,-,Cauvery,Cauvery,-,-,-,Cauvery,11.47777778,77.7,01-08-2013 09:15,140.0,Clear,odour free,27.0,0.0,12.83,12.71,7.0,67.24,6.81,6.6,7.63,6.45,55.114754,60.45,0.5,0.37052146,1.2,43.706790590911986,Good
7924,URACHIKOTTAI,CWC,33,Tamil Nadu,573,Erode,BHAVANI,-,-,Cauvery,Cauvery,-,-,-,Cauvery,11.47777778,77.7,02-09-2013 09:00,119.7,Clear,odour free,27.0,0.0,8.02,12.71,7.8,34.16,3.9,6.6,7.78,4.81,28.0,36.300003,0.208,0.4780877,1.2,42.09645066644015,Good
7925,URACHIKOTTAI,CWC,33,Tamil Nadu,573,Erode,BHAVANI,-,-,Cauvery,Cauvery,-,-,-,Cauvery,11.47777778,77.7,01-10-2013 09:00,192.0,Clear,odour free,27.0,0.0,17.36,16.44,7.4,81.02,8.61,10.7,7.9,8.46,66.409836,79.275,0.45,0.52449816,0.9,41.6155790434292,Good
7926,URACHIKOTTAI,CWC,33,Tamil Nadu,573,Erode,BHAVANI,-,-,Cauvery,Cauvery,-,-,-,Cauvery,11.47777778,77.7,01-11-2013 09:00,232.0,Clear,odour free,28.5,0.0,26.83,24.18,7.5,119.61,8.61,15.1,8.22,10.84,98.040985,102.95,0.147,0.6491572,1.2,48.510194141848295,Good
7927,URACHIKOTTAI,CWC,33,Tamil Nadu,573,Erode,BHAVANI,-,-,Cauvery,Cauvery,-,-,-,Cauvery,11.47777778,77.7,02-12-2013 09:20,368.8,Clear,odour free,26.5,0.0,31.07,23.23,7.2,195.2,19.92,17.0,8.0,17.69,160.0,160.675,0.2,0.58553416,2.4,65.46665757785303,Poor
7928,URACHIKOTTAI,CWC,33,Tamil Nadu,573,Erode,BHAVANI,-,-,Cauvery,Cauvery,-,-,-,Cauvery,11.47777778,77.7,01-01-2014 09:30,380.0,Clear,odour free,24.5,9.27,31.56,31.63,7.6,169.58,19.14,22.8,8.38,14.61,154.45,158.65,0.028,0.79024166,2.3,66.4246768960529,Poor
7929,URACHIKOTTAI,CWC,33,Tamil Nadu,573,Erode,BHAVANI,-,-,Cauvery,Cauvery,-,-,-,Cauvery,11.47777778,77.7,01-03-2014 09:30,400.0,Clear,odour free,26.5,0.0,29.14,35.83,7.2,198.07,27.47,25.2,7.98,19.82,162.35246,187.30833,0.21,0.8043032,7.3,132.6210706771504,Unsuitable
7930,URACHIKOTTAI,CWC,33,Tamil Nadu,573,Erode,BHAVANI,-,-,Cauvery,Cauvery,-,-,-,Cauvery,11.47777778,77.7,01-04-2014 09:30,415.0,Clear,odour free,28.0,18.6,33.01,39.7,7.0,165.5,22.88,30.1,8.41,21.86,166.65573,177.85832,0.21,0.9854899,3.4,84.0094829202235,Very Poor
7931,URACHIKOTTAI,CWC,33,Tamil Nadu,573,Erode,BHAVANI,-,-,Cauvery,Cauvery,-,-,-,Cauvery,11.47777778,77.7,01-05-2014 10:00,440.0,Clear,odour free,28.5,0.0,26.72,43.49,7.4,179.69,20.97,33.3,7.73,14.16,147.28688,154.17499,0.866,1.1712016,3.4,76.77815956312494,Very Poor
7934,URACHIKOTTAI,CWC,33,Tamil Nadu,573,Erode,BHAVANI,-,-,Cauvery,Cauvery,-,-,-,Cauvery,11.47777778,77.7,01-08-2014 08:00,269.0,Clear,odour free,24.0,0.0,25.36,29.7,6.8,116.19,9.61,20.3,8.12,9.01,95.23771,103.441666,0.549,0.87081164,3.0,74.25963641820465,Poor
7935,URACHIKOTTAI,CWC,33,Tamil Nadu,573,Erode,BHAVANI,-,-,Cauvery,Cauvery,-,-,-,Cauvery,11.47777778,77.7,01-09-2014 08:00,158.0,Clear,odour free,24.0,0.0,15.78,18.72,7.6,70.66,5.74,12.0,7.68,4.1,57.918037,63.366665,0.659,0.65766436,2.5,60.381080837704864,Poor
7936,URACHIKOTTAI,CWC,33,Tamil Nadu,573,Erode,BHAVANI,-,-,Cauvery,Cauvery,-,-,-,Cauvery,11.47777778,77.7,01-10-2014 09:00,196.0,Clear,odour free,29.0,0.0,16.96,20.59,7.4,89.15,8.41,15.4,7.66,5.16,73.07377,77.441666,0.945,0.7637682,0.8,38.56880622402913,Good
7937,URACHIKOTTAI,CWC,33,Tamil Nadu,573,Erode,BHAVANI,-,-,Cauvery,Cauvery,-,-,-,Cauvery,11.47777778,77.7,01-11-2014 09:30,358.0,Clear,odour free,29.0,0.0,29.29,31.83,7.6,150.15,16.83,24.3,8.2,21.66,123.07377,143.35,3.14,0.8859742,2.48,70.44654788835106,Poor
7938,URACHIKOTTAI,CWC,33,Tamil Nadu,573,Erode,BHAVANI,-,-,Cauvery,Cauvery,-,-,-,Cauvery,11.47777778,77.7,11-12-2014 08:00,328.0,Clear,odour free,26.5,0.0,20.04,35.77,7.4,145.46,18.7,25.9,8.05,12.51,119.229515,128.01668,1.99,0.9999048,2.53,68.77715668039727,Poor
7939,URACHIKOTTAI,CWC,33,Tamil Nadu,573,Erode,BHAVANI,-,-,Cauvery,Cauvery,-,-,-,Cauvery,11.47777778,77.7,01-01-2015 08:30,436.0,Clear,odour free,26.5,0.0,28.74,41.49,7.2,168.92,18.34,31.8,7.83,20.12,138.45901,148.26666,3.58,1.1401975,1.25,52.14122689664902,Poor
7940,URACHIKOTTAI,CWC,33,Tamil Nadu,573,Erode,BHAVANI,-,-,Cauvery,Cauvery,-,-,-,Cauvery,11.47777778,77.7,02-02-2015 08:00,342.0,Clear,odour free,27.5,0.0,19.66,35.83,7.5,159.54,17.43,27.3,8.21,10.36,130.7705,121.775,0.556,1.0805557,1.4,52.87232412728315,Poor
7941,URACHIKOTTAI,CWC,33,Tamil Nadu,573,Erode,BHAVANI,-,-,Cauvery,Cauvery,-,-,-,Cauvery,11.47777778,77.7,01-04-2015 08:00,385.0,Clear,odour free,30.5,0.0,15.12,33.88,7.2,173.62,27.52,25.3,8.05,20.95,142.31148,152.46667,1.53,0.8956948,3.15,78.35504388521946,Very Poor
7942,URACHIKOTTAI,CWC,33,Tamil Nadu,573,Erode,BHAVANI,-,-,Cauvery,Cauvery,-,-,-,Cauvery,11.47777778,77.7,01-05-2015 08:00,367.0,Clear,odour free,30.0,0.0,15.12,36.58,,150.15,20.18,27.9,7.65,14.23,123.07377,121.88333,1.62,1.1043679,5.52,86.77339246625974,Very Poor
7943,URACHIKOTTAI,CWC,33,Tamil Nadu,573,Erode,BHAVANI,-,-,Cauvery,Cauvery,-,-,-,Cauvery,11.47777778,77.7,01-06-2015 09:30,427.0,Clear,odour free,31.0,0.0,20.64,40.68,7.2,176.61,28.88,30.3,8.01,31.86,144.7623,171.93333,1.24,1.0098752,4.37,94.53912237489469,Very Poor
7944,URACHIKOTTAI,CWC,33,Tamil Nadu,573,Erode,BHAVANI,-,-,Cauvery,Cauvery,-,-,-,Cauvery,11.47777778,77.7,04-07-2015 09:45,393.0,Clear,odour free,30.0,13.71,25.4,40.68,7.0,153.37,21.18,31.0,8.3,15.71,148.56311,151.75,1.52,1.0990725,4.51,99.00786242846584,Very Poor
7945,URACHIKOTTAI,CWC,33,Tamil Nadu,573,Erode,BHAVANI,-,-,Cauvery,Cauvery,-,-,-,Cauvery,11.47777778,77.7,01-08-2015 08:00,321.0,Clear,odour free,29.5,0.0,28.57,32.86,7.2,141.45,10.59,24.8,8.03,11.1,115.94262,115.55,1.37,1.0065387,2.53,67.36615166157979,Poor
7946,URACHIKOTTAI,CWC,33,Tamil Nadu,573,Erode,BHAVANI,-,-,Cauvery,Cauvery,-,-,-,Cauvery,11.47777778,77.7,01-09-2015 08:00,138.0,Clear,odour free,29.5,9.28,14.29,21.26,7.2,28.29,1.93,13.7,8.35,4.86,38.655193,43.766666,1.07,0.9025101,2.23,63.98260296205111,Poor
7947,URACHIKOTTAI,CWC,33,Tamil Nadu,573,Erode,BHAVANI,-,-,Cauvery,Cauvery,-,-,-,Cauvery,11.47777778,77.7,01-10-2015 09:15,306.0,Clear,odour free,29.5,0.0,23.69,32.7,6.8,130.76,14.37,24.2,7.74,12.31,107.18032,119.1,2.65,0.96806544,3.5,80.66693577344336,Very Poor
7948,URACHIKOTTAI,CWC,33,Tamil Nadu,573,Erode,BHAVANI,-,-,Cauvery,Cauvery,-,-,-,Cauvery,11.47777778,77.7,02-11-2015 09:45,415.0,Clear,odour free,30.0,0.0,36.33,46.16,7.1,168.11,17.24,32.1,8.02,24.61,137.79509,162.65834,4.01,1.0984234,2.68,74.13157184395219,Poor
7950,URACHIKOTTAI,CWC,33,Tamil Nadu,573,Erode,BHAVANI,-,-,Cauvery,Cauvery,-,-,-,Cauvery,11.47777778,77.7,01-01-2016 09:30,421.0,Clear,odour free,27.0,18.37,34.75,34.69,7.2,182.12,23.95,28.7,8.3,18.68,179.89536,186.66667,2.34,0.9172084,5.11,108.37528207095397,Unsuitable
7951,URACHIKOTTAI,CWC,33,Tamil Nadu,573,Erode,BHAVANI,-,-,Cauvery,Cauvery,-,-,-,Cauvery,11.47777778,77.7,01-02-2016 08:30,468.0,Clear,odour free,27.0,27.56,22.11,39.89,7.0,163.45,31.61,30.7,8.37,20.14,179.90874,186.98334,2.1,0.9811887,3.21,84.3708903031459,Very Poor
7952,URACHIKOTTAI,CWC,33,Tamil Nadu,573,Erode,BHAVANI,-,-,Cauvery,Cauvery,-,-,-,Cauvery,11.47777778,77.7,09-03-2016 09:30,430.0,Clear,odour free,28.0,22.43,26.72,43.67,7.4,123.14,22.88,33.8,8.73,22.58,138.31776,162.13333,6.21,1.1593766,5.61,122.95826146474162,Unsuitable
7953,URACHIKOTTAI,CWC,33,Tamil Nadu,573,Erode,BHAVANI,-,-,Cauvery,Cauvery,-,-,-,Cauvery,11.47777778,77.7,01-04-2016 10:00,476.0,Clear,odour free,31.0,0.0,33.01,43.67,7.2,200.67,22.88,36.3,7.86,22.75,164.48361,177.85832,5.14,1.1884812,5.28,109.68077343717711,Unsuitable
7954,URACHIKOTTAI,CWC,33,Tamil Nadu,573,Erode,BHAVANI,-,-,Cauvery,Cauvery,-,-,-,Cauvery,11.47777778,77.7,02-05-2016 10:00,486.0,Clear,odour free,32.5,13.46,28.29,43.67,7.0,168.75,25.73,38.2,8.32,19.6,160.753,177.93333,7.3,1.2508712,5.09,114.90303175501137,Unsuitable
7955,URACHIKOTTAI,CWC,33,Tamil Nadu,573,Erode,BHAVANI,-,-,Cauvery,Cauvery,-,-,-,Cauvery,11.47777778,77.7,01-06-2016 10:00,523.0,Clear,odour free,31.5,0.0,28.29,52.77,7.2,214.36,30.5,40.1,7.95,31.3,175.70493,197.80833,1.27,1.2456416,3.04,76.64618101284437,Very Poor
7956,URACHIKOTTAI,CWC,33,Tamil Nadu,573,Erode,BHAVANI,-,-,Cauvery,Cauvery,-,-,-,Cauvery,11.47777778,77.7,06-07-2016 09:30,521.0,Clear,odour free,30.0,8.97,29.86,56.41,7.24,191.55,26.69,41.5,8.36,27.83,171.9582,185.85834,1.16,1.3296129,2.85,77.22641931382834,Very Poor
7957,URACHIKOTTAI,CWC,33,Tamil Nadu,573,Erode,BHAVANI,-,-,Cauvery,Cauvery,-,-,-,Cauvery,11.47777778,77.7,01-08-2016 09:30,413.0,Clear,odour free,28.0,0.0,17.29,43.67,6.95,177.87,27.64,32.9,7.91,17.05,145.79507,158.39166,0.325,1.142611,4.57,95.498334169687,Very Poor
7958,URACHIKOTTAI,CWC,33,Tamil Nadu,573,Erode,BHAVANI,-,-,Cauvery,Cauvery,-,-,-,Cauvery,11.47777778,77.7,01-09-2016 11:30,395.0,Clear,odour free,32.0,0.0,18.86,41.85,7.24,141.38,24.78,31.8,8.43,23.92,115.88525,150.40001,1.09,1.1331229,6.38,124.65565908364728,Unsuitable
7959,URACHIKOTTAI,CWC,33,Tamil Nadu,573,Erode,BHAVANI,-,-,Cauvery,Cauvery,-,-,-,Cauvery,11.47777778,77.7,01-10-2016 09:00,256.0,Clear,odour free,29.5,0.0,25.33,26.78,7.23,117.71,7.68,20.1,7.75,9.5,96.483604,95.325,0.446,0.89794356,0.96,41.663633896307246,Good
7960,URACHIKOTTAI,CWC,33,Tamil Nadu,573,Erode,BHAVANI,-,-,Cauvery,Cauvery,-,-,-,Cauvery,11.47777778,77.7,01-11-2016 09:00,292.0,Clear,odour free,30.0,0.0,23.75,34.43,6.95,122.61,10.56,25.0,7.85,10.39,100.5,103.375,1.17,1.0729955,5.13,100.97843186370356,Unsuitable
7982,Vaigai Reservoir,CWC,33,Tamil Nadu,588,Theni,ANDIPATTI,-,-,Duplicate-Vaigai,East flowing rivers between Pennar and Kanyakumari,-,-,-,Vaigai,10.05333333,77.58916667,01-06-2007 08:00,91.0,Clear,odour free,25.0,0.0,6.0,13.5,,31.0,3.5,7.6,6.3,1.0,25.409836,29.583334,,0.60997564,0.1,-4.4981640554707765,Excellent
7983,Vaigai Reservoir,CWC,33,Tamil Nadu,588,Theni,ANDIPATTI,-,-,Duplicate-Vaigai,East flowing rivers between Pennar and Kanyakumari,-,-,-,Vaigai,10.05333333,77.58916667,01-08-2007 08:00,54.0,Clear,odour free,24.5,0.0,6.0,9.9,,15.0,2.0,4.8,6.5,1.0,12.295082,23.333334,,0.4334701,1.0,9.291152726405647,Excellent
7984,Vaigai Reservoir,CWC,33,Tamil Nadu,588,Theni,ANDIPATTI,-,-,Duplicate-Vaigai,East flowing rivers between Pennar and Kanyakumari,-,-,-,Vaigai,10.05333333,77.58916667,01-10-2007 08:00,63.0,Clear,odour free,23.0,0.0,5.0,9.2,7.0,15.0,2.0,3.7,7.0,1.0,12.295082,20.833334,,0.35369453,0.4,25.17406591571685,Good
7985,Vaigai Reservoir,CWC,33,Tamil Nadu,588,Theni,ANDIPATTI,-,-,Duplicate-Vaigai,East flowing rivers between Pennar and Kanyakumari,-,-,-,Vaigai,10.05333333,77.58916667,01-12-2007 08:00,72.0,Clear,odour free,23.0,0.0,6.0,10.7,6.6,21.0,2.5,4.6,7.0,1.4,17.213116,25.416666,,0.3981323,0.6,29.01529123638864,Good
7986,Vaigai Reservoir,CWC,33,Tamil Nadu,588,Theni,ANDIPATTI,-,-,Duplicate-Vaigai,East flowing rivers between Pennar and Kanyakumari,-,-,-,Vaigai,10.05333333,77.58916667,01-02-2008 08:00,95.0,Clear,odour free,26.0,0.0,9.0,14.9,4.0,37.0,3.0,9.5,6.8,1.0,30.32787,35.0,,0.70048016,1.2,42.02654458386984,Good
7987,Vaigai Reservoir,CWC,33,Tamil Nadu,588,Theni,ANDIPATTI,-,-,Duplicate-Vaigai,East flowing rivers between Pennar and Kanyakumari,-,-,-,Vaigai,10.05333333,77.58916667,01-04-2008 08:00,88.0,Clear,odour free,26.0,0.0,8.0,14.2,4.0,27.0,3.0,8.0,6.6,1.0,22.131147,32.5,,0.6122355,1.0,37.35612470573624,Good
7988,Vaigai Reservoir,CWC,33,Tamil Nadu,588,Theni,ANDIPATTI,-,-,Duplicate-Vaigai,East flowing rivers between Pennar and Kanyakumari,-,-,-,Vaigai,10.05333333,77.58916667,01-08-2008 08:00,60.0,Clear,odour free,22.0,0.0,3.2,5.68,7.8,14.4,1.5,3.4,6.9,1.0,11.803278,14.25,0.186,0.3930677,1.2,33.093366738479034,Good
7989,Vaigai Reservoir,CWC,33,Tamil Nadu,588,Theni,ANDIPATTI,-,-,Duplicate-Vaigai,East flowing rivers between Pennar and Kanyakumari,-,-,-,Vaigai,10.05333333,77.58916667,03-10-2008 08:00,68.0,Clear,odour free,24.0,0.0,6.4,10.7,6.0,25.6,2.0,6.1,6.75,1.0,20.983606,24.333334,0.226,0.5393878,0.4,25.675737513710718,Good
7990,Vaigai Reservoir,CWC,33,Tamil Nadu,588,Theni,ANDIPATTI,-,-,Duplicate-Vaigai,East flowing rivers between Pennar and Kanyakumari,-,-,-,Vaigai,10.05333333,77.58916667,01-12-2008 08:00,80.0,Clear,odour free,24.0,0.0,4.8,9.9,6.0,26.8,2.92,5.8,7.12,1.0,21.967213,24.166668,0.267,0.5150703,0.4,29.344999201062688,Good
7991,Vaigai Reservoir,CWC,33,Tamil Nadu,588,Theni,ANDIPATTI,-,-,Duplicate-Vaigai,East flowing rivers between Pennar and Kanyakumari,-,-,-,Vaigai,10.05333333,77.58916667,01-08-2009 08:30,70.0,Clear,odour free,23.0,0.0,4.0,7.8,8.04,15.86,1.0,4.6,7.05,1.0,13.0,14.166667,,0.5329466,0.2,20.139242772088163,Excellent
7992,Vaigai Reservoir,CWC,33,Tamil Nadu,588,Theni,ANDIPATTI,-,-,Duplicate-Vaigai,East flowing rivers between Pennar and Kanyakumari,-,-,-,Vaigai,10.05333333,77.58916667,01-10-2009 08:30,70.0,Clear,odour free,24.0,0.0,3.2,7.1,8.04,13.1,1.0,3.7,7.1,1.0,10.737705,12.166667,,0.4626878,1.0,31.391393265375868,Good
7993,Vaigai Reservoir,CWC,33,Tamil Nadu,588,Theni,ANDIPATTI,-,-,Duplicate-Vaigai,East flowing rivers between Pennar and Kanyakumari,-,-,-,Vaigai,10.05333333,77.58916667,01-12-2009 08:30,77.0,Clear,odour free,24.0,0.0,4.8,9.2,,19.5,2.45,6.0,6.9,11.6,15.983606,22.208334,,0.55569714,0.79,10.347196472968038,Excellent
7994,Vaigai Reservoir,CWC,33,Tamil Nadu,588,Theni,ANDIPATTI,-,-,Duplicate-Vaigai,East flowing rivers between Pennar and Kanyakumari,-,-,-,Vaigai,10.05333333,77.58916667,01-02-2010 08:15,94.0,Clear,odour free,23.5,0.0,7.2,12.1,,36.6,2.9,8.6,6.25,1.0,29.999998,30.083334,,0.6841406,1.6,15.253780616545063,Excellent
7995,Vaigai Reservoir,CWC,33,Tamil Nadu,588,Theni,ANDIPATTI,-,-,Duplicate-Vaigai,East flowing rivers between Pennar and Kanyakumari,-,-,-,Vaigai,10.05333333,77.58916667,02-08-2010 08:30,70.0,Clear,odour free,25.0,0.0,4.8,7.1,9.4,21.96,1.5,4.0,6.85,1.0,18.0,18.25,0.128,0.40841407,0.4,17.753447191886433,Excellent
7996,Vaigai Reservoir,CWC,33,Tamil Nadu,588,Theni,ANDIPATTI,-,-,Duplicate-Vaigai,East flowing rivers between Pennar and Kanyakumari,-,-,-,Vaigai,10.05333333,77.58916667,01-10-2010 08:30,75.0,Clear,odour free,25.0,0.0,4.2,7.89,8.06,21.96,2.9,4.2,6.65,1.0,18.0,22.583334,0.261,0.3859009,1.39,32.97117647682293,Good
7997,Vaigai Reservoir,CWC,33,Tamil Nadu,588,Theni,ANDIPATTI,-,-,Duplicate-Vaigai,East flowing rivers between Pennar and Kanyakumari,-,-,-,Vaigai,10.05333333,77.58916667,01-12-2010 08:00,42.0,Clear,odour free,22.0,0.0,2.4,5.5,8.2,8.54,0.5,3.6,6.9,1.0,7.0,8.083334,0.529,0.552055,1.5,36.36420331008474,Good
7998,Vaigai Reservoir,CWC,33,Tamil Nadu,588,Theni,ANDIPATTI,-,-,Duplicate-Vaigai,East flowing rivers between Pennar and Kanyakumari,-,-,-,Vaigai,10.05333333,77.58916667,01-02-2011 08:00,70.0,Clear,odour free,23.0,0.0,7.2,8.5,8.8,36.6,2.9,6.0,6.5,1.0,29.999998,30.083334,1.07,0.47730738,0.2,14.700750111195893,Excellent
7999,Vaigai Reservoir,CWC,33,Tamil Nadu,588,Theni,ANDIPATTI,-,-,Duplicate-Vaigai,East flowing rivers between Pennar and Kanyakumari,-,-,-,Vaigai,10.05333333,77.58916667,03-06-2011 08:00,60.0,Light Brown,odour free,24.0,0.0,4.8,7.1,7.0,17.0,1.0,3.8,6.4,0.8,13.934426,16.166668,,0.4120486,0.8,24.702936465377466,Excellent
8000,Vaigai Reservoir,CWC,33,Tamil Nadu,588,Theni,ANDIPATTI,-,-,Duplicate-Vaigai,East flowing rivers between Pennar and Kanyakumari,-,-,-,Vaigai,10.05333333,77.58916667,01-08-2011 08:00,72.0,Brown,odour free,23.0,0.0,5.6,8.3,6.0,18.3,1.46,4.4,6.8,0.5,14.999999,20.083334,0.239,0.4281687,0.6,28.7383285236341,Good
8001,Vaigai Reservoir,CWC,33,Tamil Nadu,588,Theni,ANDIPATTI,-,-,Duplicate-Vaigai,East flowing rivers between Pennar and Kanyakumari,-,-,-,Vaigai,10.05333333,77.58916667,01-10-2011 08:00,68.0,Clear,odour free,25.0,0.0,6.4,7.1,6.0,24.0,2.0,3.8,6.2,1.0,19.67213,24.333334,0.131,0.3360121,0.4,20.296386491010544,Excellent
8002,Vaigai Reservoir,CWC,33,Tamil Nadu,588,Theni,ANDIPATTI,-,-,Duplicate-Vaigai,East flowing rivers between Pennar and Kanyakumari,-,-,-,Vaigai,10.05333333,77.58916667,01-12-2011 08:00,54.0,Clear,odour free,25.0,0.0,4.0,7.8,7.2,19.52,1.5,4.2,6.45,0.6,16.0,16.25,1.6,0.45456165,1.2,32.082107436374336,Good
8003,Vaigai Reservoir,CWC,33,Tamil Nadu,588,Theni,ANDIPATTI,-,-,Duplicate-Vaigai,East flowing rivers between Pennar and Kanyakumari,-,-,-,Vaigai,10.05333333,77.58916667,01-02-2012 08:00,68.0,Clear,odour free,22.0,0.0,8.0,12.8,6.4,37.8,3.9,6.8,7.4,1.0,30.983606,36.25,1.81,0.49291644,0.6,35.85480307672438,Good
8004,Vaigai Reservoir,CWC,33,Tamil Nadu,588,Theni,ANDIPATTI,-,-,Duplicate-Vaigai,East flowing rivers between Pennar and Kanyakumari,-,-,-,Vaigai,10.05333333,77.58916667,01-08-2012 08:00,70.0,Light Brown,odour free,24.5,0.0,5.6,6.4,6.6,17.08,1.0,3.4,6.25,1.0,14.0,18.166666,1.59,0.3477367,0.8,26.24136796974105,Good
8005,Vaigai Reservoir,CWC,33,Tamil Nadu,588,Theni,ANDIPATTI,-,-,Duplicate-Vaigai,East flowing rivers between Pennar and Kanyakumari,-,-,-,Vaigai,10.05333333,77.58916667,01-10-2012 08:00,71.0,Clear,odour free,25.0,0.0,5.6,5.68,6.0,23.2,3.4,4.0,6.9,1.1,19.016394,28.166666,2.07,0.3290319,0.42,29.78097456920534,Good
8007,Vaigai Reservoir,CWC,33,Tamil Nadu,588,Theni,ANDIPATTI,-,-,Duplicate-Vaigai,East flowing rivers between Pennar and Kanyakumari,-,-,-,Vaigai,10.05333333,77.58916667,01-04-2013 08:00,188.0,Clear,odour free,28.0,0.0,14.4,23.0,3.9,70.7,5.8,17.3,7.15,0.7,57.950817,60.166668,2.18,0.97314596,2.4,65.18278361718491,Poor
8069,Vazhavachanur,CWC,33,Tamil Nadu,593,Tiruvannamalai,CHENGAM,-,-,Duplicate-Ponnaiyar,East flowing rivers between Pennar and Kanyakumari,-,-,-,Ponnaiyar,12.06583333,78.97805556,01-11-2002 08:00,387.0,,,28.0,0.0,32.0,32.66,5.4,162.87,15.552,23.92,7.83,14.256,133.5,144.8,3.488988,0.867548,1.3,56.8729871238495,Poor
8071,Vazhavachanur,CWC,33,Tamil Nadu,593,Tiruvannamalai,CHENGAM,-,-,Duplicate-Ponnaiyar,East flowing rivers between Pennar and Kanyakumari,-,-,-,Ponnaiyar,12.06583333,78.97805556,01-11-2003 08:00,754.0,,,29.0,0.0,28.8,100.11,4.5,229.36,44.712,71.3,7.88,39.168,188.0,258.3,1.387188,1.9390203,0.5,51.016998521627166,Poor
8072,Vazhavachanur,CWC,33,Tamil Nadu,593,Tiruvannamalai,CHENGAM,-,-,Duplicate-Ponnaiyar,East flowing rivers between Pennar and Kanyakumari,-,-,-,Ponnaiyar,12.06583333,78.97805556,01-12-2003 08:00,806.0,,,26.0,0.0,49.6,105.08,4.8,259.25,37.908,73.14,8.12,43.488,212.5,281.95,1.275092,1.9021646,0.5,52.1176402864546,Poor
8073,Vazhavachanur,CWC,33,Tamil Nadu,593,Tiruvannamalai,CHENGAM,-,-,Duplicate-Ponnaiyar,East flowing rivers between Pennar and Kanyakumari,-,-,-,Ponnaiyar,12.06583333,78.97805556,01-10-2004 08:00,575.0,,,25.0,0.0,41.6,57.865,7.1,175.07,24.3,40.02,8.01,33.072,143.5,205.25,2.424076,1.2194353,0.9,49.35214320345908,Good
8074,Vazhavachanur,CWC,33,Tamil Nadu,593,Tiruvannamalai,CHENGAM,-,-,Duplicate-Ponnaiyar,East flowing rivers between Pennar and Kanyakumari,-,-,-,Ponnaiyar,12.06583333,78.97805556,01-11-2004 08:00,368.0,,,26.0,0.0,35.2,29.465,7.7,153.72,13.608,21.39,8.12,15.072,126.0,144.7,1.975692,0.77582455,0.7,43.63537263738534,Good
8075,Vazhavachanur,CWC,33,Tamil Nadu,593,Tiruvannamalai,CHENGAM,-,-,Duplicate-Ponnaiyar,East flowing rivers between Pennar and Kanyakumari,-,-,-,Ponnaiyar,12.06583333,78.97805556,01-12-2004 08:00,733.0,,,25.0,0.0,36.8,48.28,6.1,283.65,45.684,41.63,8.25,29.184,232.5,282.35,5.408632,1.082574,0.5,55.67297375490804,Poor
8076,Vazhavachanur,CWC,33,Tamil Nadu,593,Tiruvannamalai,CHENGAM,-,-,Duplicate-Ponnaiyar,East flowing rivers between Pennar and Kanyakumari,-,-,-,Ponnaiyar,12.06583333,78.97805556,01-01-2005 08:00,729.0,,,25.0,0.0,38.4,79.875,5.9,265.96,34.992,63.02,8.14,24.0,218.0,241.8,1.779524,1.7702279,1.4,61.41107843324273,Poor
8077,Vazhavachanur,CWC,33,Tamil Nadu,593,Tiruvannamalai,CHENGAM,-,-,Duplicate-Ponnaiyar,East flowing rivers between Pennar and Kanyakumari,-,-,-,Ponnaiyar,12.06583333,78.97805556,01-02-2005 08:00,844.0,,,26.0,0.0,56.0,99.045,4.0,258.64,34.02,77.74,8.05,53.088,212.0,281.75,1.247068,2.0218954,1.7,69.30149192458711,Poor
8078,Vazhavachanur,CWC,33,Tamil Nadu,593,Tiruvannamalai,CHENGAM,-,-,Duplicate-Ponnaiyar,East flowing rivers between Pennar and Kanyakumari,-,-,-,Ponnaiyar,12.06583333,78.97805556,01-03-2005 08:00,955.0,,,27.0,0.0,56.0,106.5,3.6,326.35,35.964,94.53,7.72,36.048,267.5,289.85,2.143836,2.424161,0.3,49.816892937192996,Good
8079,Vazhavachanur,CWC,33,Tamil Nadu,593,Tiruvannamalai,CHENGAM,-,-,Duplicate-Ponnaiyar,East flowing rivers between Pennar and Kanyakumari,-,-,-,Ponnaiyar,12.06583333,78.97805556,01-04-2005 08:00,990.0,,,29.0,0.0,48.0,108.275,4.7,339.16,38.88,96.37,7.52,41.376,278.0,282.0,0.7006,2.506281,0.8,50.3796267903413,Poor
8080,Vazhavachanur,CWC,33,Tamil Nadu,593,Tiruvannamalai,CHENGAM,-,-,Duplicate-Ponnaiyar,East flowing rivers between Pennar and Kanyakumari,-,-,-,Ponnaiyar,12.06583333,78.97805556,01-05-2005 08:00,902.0,,,28.0,0.0,48.0,103.66,3.3,303.78,34.992,88.32,7.8,16.224,249.0,265.8,0.896768,2.3655577,1.8,69.57026365905226,Poor
8088,Vazhavachanur,CWC,33,Tamil Nadu,593,Tiruvannamalai,CHENGAM,-,-,Duplicate-Ponnaiyar,East flowing rivers between Pennar and Kanyakumari,-,-,-,Ponnaiyar,12.06583333,78.97805556,01-12-2008 08:30,559.0,Clear,odour free,24.5,0.0,38.4,85.8035,6.7,233.813,25.272,,7.68,,191.65,201.3,,,0.85,43.62238122784428,Good
8089,Vazhavachanur,CWC,33,Tamil Nadu,593,Tiruvannamalai,CHENGAM,-,-,Duplicate-Ponnaiyar,East flowing rivers between Pennar and Kanyakumari,-,-,-,Ponnaiyar,12.06583333,78.97805556,01-01-2009 08:00,817.0,Clear,odour free,25.5,0.0,28.8,104.867,6.089,332.877,18.468,,7.75,,272.85,148.95,,,0.6,41.4718456737724,Good
8090,Vazhavachanur,CWC,33,Tamil Nadu,593,Tiruvannamalai,CHENGAM,-,-,Duplicate-Ponnaiyar,East flowing rivers between Pennar and Kanyakumari,-,-,-,Ponnaiyar,12.06583333,78.97805556,02-02-2009 08:00,887.0,Clear,odour free,26.5,0.0,28.8,111.541,6.089,353.19,50.544,,7.84,,289.5,282.6,,,1.63,61.055449606562064,Poor
8091,Vazhavachanur,CWC,33,Tamil Nadu,593,Tiruvannamalai,CHENGAM,-,-,Duplicate-Ponnaiyar,East flowing rivers between Pennar and Kanyakumari,-,-,-,Ponnaiyar,12.06583333,78.97805556,02-03-2009 09:00,684.0,Clear,odour free,28.0,0.0,44.88,125.8475,6.767,259.189,27.702,,7.71,,212.45,227.625,,,2.09,61.19004010285024,Poor
8092,Vazhavachanur,CWC,33,Tamil Nadu,593,Tiruvannamalai,CHENGAM,-,-,Duplicate-Ponnaiyar,East flowing rivers between Pennar and Kanyakumari,-,-,-,Ponnaiyar,12.06583333,78.97805556,01-04-2009 08:30,945.0,Clear,odour free,30.0,0.0,67.33,110.37,4.134,398.32,19.44,102.0,7.72,40.656,326.49182,249.32501,,2.8173997,3.161,82.62685816741381,Very Poor
8093,Vazhavachanur,CWC,33,Tamil Nadu,593,Tiruvannamalai,CHENGAM,-,-,Duplicate-Ponnaiyar,East flowing rivers between Pennar and Kanyakumari,-,-,-,Ponnaiyar,12.06583333,78.97805556,01-05-2009 08:30,991.0,Clear,odour free,30.5,0.0,47.42,110.37,6.152,460.4,31.11,111.044,7.854,25.776,377.37704,248.175,,3.077563,3.366,82.84465227478661,Very Poor
8094,Vazhavachanur,CWC,33,Tamil Nadu,593,Tiruvannamalai,CHENGAM,-,-,Duplicate-Ponnaiyar,East flowing rivers between Pennar and Kanyakumari,-,-,-,Ponnaiyar,12.06583333,78.97805556,03-06-2009 09:00,836.0,Clear,odour free,31.0,0.0,35.9,114.3455,7.498,346.541,30.132,92.046,7.93,17.472,284.05,215.3,,2.7397792,3.329,78.81096768563118,Very Poor
8095,Vazhavachanur,CWC,33,Tamil Nadu,593,Tiruvannamalai,CHENGAM,-,-,Duplicate-Ponnaiyar,East flowing rivers between Pennar and Kanyakumari,-,-,-,Ponnaiyar,12.06583333,78.97805556,22-09-2009 08:00,980.0,Clear,odour free,30.0,0.0,44.06,169.5835,6.322,543.083,33.048,189.589,7.66,28.512,445.15,247.85,,5.2588053,0.649,44.60748305673455,Good
8096,Vazhavachanur,CWC,33,Tamil Nadu,593,Tiruvannamalai,CHENGAM,-,-,Duplicate-Ponnaiyar,East flowing rivers between Pennar and Kanyakumari,-,-,-,Ponnaiyar,12.06583333,78.97805556,01-10-2009 08:00,978.0,Clear,odour free,30.0,0.0,45.7,167.702,6.553,537.898,36.936,195.086,7.5,29.52,440.9,268.15,,5.2029347,0.378,39.46003242564421,Good
8097,Vazhavachanur,CWC,33,Tamil Nadu,593,Tiruvannamalai,CHENGAM,-,-,Duplicate-Ponnaiyar,East flowing rivers between Pennar and Kanyakumari,-,-,-,Ponnaiyar,12.06583333,78.97805556,06-11-2009 08:30,922.0,Clear,odour free,25.0,0.0,37.54,161.9865,7.528,548.268,33.048,226.596,8.11,33.648,449.4,231.55,,6.504133,2.555,71.53063570190918,Poor
8098,Vazhavachanur,CWC,33,Tamil Nadu,593,Tiruvannamalai,CHENGAM,-,-,Duplicate-Ponnaiyar,East flowing rivers between Pennar and Kanyakumari,-,-,-,Ponnaiyar,12.06583333,78.97805556,01-12-2009 09:00,851.0,Clear,odour free,29.5,0.0,35.9,109.7305,8.681,630.984,53.46,152.076,7.37,35.568,517.2,312.5,,3.7598536,1.482,49.901697397745885,Good
8099,Vazhavachanur,CWC,33,Tamil Nadu,593,Tiruvannamalai,CHENGAM,-,-,Duplicate-Ponnaiyar,East flowing rivers between Pennar and Kanyakumari,-,-,-,Ponnaiyar,12.06583333,78.97805556,01-01-2010 08:00,703.0,Clear,odour free,27.0,0.0,24.48,100.4295,7.957,403.454,36.936,106.536,8.11,27.888,330.7,215.1,,3.1748097,1.112,50.26392191330059,Poor
8100,Vazhavachanur,CWC,33,Tamil Nadu,593,Tiruvannamalai,CHENGAM,-,-,Duplicate-Ponnaiyar,East flowing rivers between Pennar and Kanyakumari,-,-,-,Ponnaiyar,12.06583333,78.97805556,01-02-2010 08:00,1007.0,Clear,odour free,29.0,0.0,35.9,132.06,9.587,434.442,25.272,156.078,8.0,19.872,356.1,195.05,,4.8797827,0.556,36.463806794156454,Good
8101,Vazhavachanur,CWC,33,Tamil Nadu,593,Tiruvannamalai,CHENGAM,-,-,Duplicate-Ponnaiyar,East flowing rivers between Pennar and Kanyakumari,-,-,-,Ponnaiyar,12.06583333,78.97805556,01-03-2010 08:00,1010.0,Clear,odour free,27.5,0.0,45.7,130.214,4.837,403.454,28.188,110.538,7.85,14.928,330.7,231.7,1.52,3.1703234,0.926,54.3983132417696,Poor
8102,Vazhavachanur,CWC,33,Tamil Nadu,593,Tiruvannamalai,CHENGAM,-,-,Duplicate-Ponnaiyar,East flowing rivers between Pennar and Kanyakumari,-,-,-,Ponnaiyar,12.06583333,78.97805556,01-04-2010 09:00,1155.0,Clear,odour free,30.0,54.99,101.18,158.117,3.721,434.442,25.272,144.555,8.36,69.552,447.75,358.25,9.28,3.330422,1.482,80.91712225269048,Very Poor
8103,Vazhavachanur,CWC,33,Tamil Nadu,593,Tiruvannamalai,CHENGAM,-,-,Duplicate-Ponnaiyar,East flowing rivers between Pennar and Kanyakumari,-,-,-,Ponnaiyar,12.06583333,78.97805556,01-05-2010 08:00,949.0,Clear,odour free,32.0,0.0,33.12,143.2425,2.96,418.948,36.936,125.557,8.1,25.104,343.4,236.7,0.416,3.5655859,1.044,62.85255572909217,Poor
8104,Vazhavachanur,CWC,33,Tamil Nadu,593,Tiruvannamalai,CHENGAM,-,-,Duplicate-Ponnaiyar,East flowing rivers between Pennar and Kanyakumari,-,-,-,Ponnaiyar,12.06583333,78.97805556,21-06-2010 09:00,680.0,Clear,odour free,30.0,0.0,37.52,128.03,6.872,324.19,32.0,95.0,7.9,20.71,265.72952,227.13333,1.4,2.7531185,0.881,49.040641416098374,Good
8105,Vazhavachanur,CWC,33,Tamil Nadu,593,Tiruvannamalai,CHENGAM,-,-,Duplicate-Ponnaiyar,East flowing rivers between Pennar and Kanyakumari,-,-,-,Ponnaiyar,12.06583333,78.97805556,01-07-2010 08:30,857.0,Clear,odour free,31.0,0.0,37.52,135.03,6.051,415.3,37.63,112.5,7.85,20.05,340.40982,250.59167,1.31,3.1045675,0.387,44.99284291831593,Good
8106,Vazhavachanur,CWC,33,Tamil Nadu,593,Tiruvannamalai,CHENGAM,-,-,Duplicate-Ponnaiyar,East flowing rivers between Pennar and Kanyakumari,-,-,-,Ponnaiyar,12.06583333,78.97805556,02-08-2010 08:30,899.0,Clear,odour free,30.5,0.0,44.15,145.63,6.22,439.55,35.97,122.0,7.77,20.05,360.28687,260.25,1.18,3.3027844,0.29,42.39350073739806,Good
8107,Vazhavachanur,CWC,33,Tamil Nadu,593,Tiruvannamalai,CHENGAM,-,-,Duplicate-Ponnaiyar,East flowing rivers between Pennar and Kanyakumari,-,-,-,Ponnaiyar,12.06583333,78.97805556,01-09-2010 08:30,1290.0,Clear,odour free,29.0,0.0,109.56,175.27,3.413,665.1,41.8,147.5,7.58,61.1,545.16394,448.06665,1.4,3.0401878,0.556,55.17063082546458,Poor
8108,Vazhavachanur,CWC,33,Tamil Nadu,593,Tiruvannamalai,CHENGAM,-,-,Duplicate-Ponnaiyar,East flowing rivers between Pennar and Kanyakumari,-,-,-,Ponnaiyar,12.06583333,78.97805556,04-10-2010 08:30,1310.0,Clear,odour free,31.0,0.0,60.5,165.56,3.413,762.18,80.69,150.5,7.4,10.69,624.7377,487.45834,8.36,2.9788532,0.37,63.79841272274946,Poor
8109,Vazhavachanur,CWC,33,Tamil Nadu,593,Tiruvannamalai,CHENGAM,-,-,Duplicate-Ponnaiyar,East flowing rivers between Pennar and Kanyakumari,-,-,-,Ponnaiyar,12.06583333,78.97805556,01-11-2010 08:00,862.0,Clear,odour free,30.0,0.0,9.81,117.99,4.146,314.88,51.53,73.1,7.77,20.05,258.09836,239.23332,0.454,2.0676332,0.177,46.01930226047976,Good
8110,Vazhavachanur,CWC,33,Tamil Nadu,593,Tiruvannamalai,CHENGAM,-,-,Duplicate-Ponnaiyar,East flowing rivers between Pennar and Kanyakumari,-,-,-,Ponnaiyar,12.06583333,78.97805556,01-12-2010 08:15,698.0,Clear,odour free,27.0,0.0,44.15,91.89,5.088,321.8,27.22,67.2,7.92,20.08,263.77048,223.79167,1.86,1.9611102,1.86,66.86438865607168,Poor
8111,Vazhavachanur,CWC,33,Tamil Nadu,593,Tiruvannamalai,CHENGAM,-,-,Duplicate-Ponnaiyar,East flowing rivers between Pennar and Kanyakumari,-,-,-,Ponnaiyar,12.06583333,78.97805556,03-01-2011 09:00,754.0,Clear,odour free,28.0,0.0,29.43,95.4,6.722,350.1,37.92,76.3,8.2,22.05,286.96722,231.575,1.04,2.191002,0.479,47.00323091349134,Good
8112,Vazhavachanur,CWC,33,Tamil Nadu,593,Tiruvannamalai,CHENGAM,-,-,Duplicate-Ponnaiyar,East flowing rivers between Pennar and Kanyakumari,-,-,-,Ponnaiyar,12.06583333,78.97805556,01-02-2011 09:30,780.0,Clear,odour free,27.0,0.0,27.8,124.11,5.088,407.2,53.47,84.5,8.08,21.03,333.7705,292.29166,1.13,2.1607234,0.192,48.70178302255712,Good
8113,Vazhavachanur,CWC,33,Tamil Nadu,593,Tiruvannamalai,CHENGAM,-,-,Duplicate-Ponnaiyar,East flowing rivers between Pennar and Kanyakumari,-,-,-,Ponnaiyar,12.06583333,78.97805556,01-03-2011 08:30,766.0,Clear,odour free,27.5,78.67,44.89,101.08,0.5088,220.43,30.14,84.9,8.28,18.83,311.797,237.80833,0.858,2.403801,0.303,60.31346867379623,Poor
8114,Vazhavachanur,CWC,33,Tamil Nadu,593,Tiruvannamalai,CHENGAM,-,-,Duplicate-Ponnaiyar,East flowing rivers between Pennar and Kanyakumari,-,-,-,Ponnaiyar,12.06583333,78.97805556,01-04-2011 08:30,888.0,Clear,odour free,29.5,0.0,67.333,132.33,,361.12,36.94,96.2,7.59,16.9,296.0,322.24918,1.66,2.3391924,1.272,33.809270870888774,Good
8115,Vazhavachanur,CWC,33,Tamil Nadu,593,Tiruvannamalai,CHENGAM,-,-,Duplicate-Ponnaiyar,East flowing rivers between Pennar and Kanyakumari,-,-,-,Ponnaiyar,12.06583333,78.97805556,02-05-2011 08:30,994.0,Clear,odour free,30.5,0.0,38.48,172.03,5.466,380.64,53.47,98.3,8.1,31.15,312.0,318.99167,2.25,2.4052794,0.461,53.35502553591016,Poor
8116,Vazhavachanur,CWC,33,Tamil Nadu,593,Tiruvannamalai,CHENGAM,-,-,Duplicate-Ponnaiyar,East flowing rivers between Pennar and Kanyakumari,-,-,-,Ponnaiyar,12.06583333,78.97805556,01-06-2011 08:00,992.0,Clear,odour free,30.0,0.0,41.68,162.1,6.88,292.8,31.11,123.3,7.96,25.5,239.99998,233.825,6.53,3.5211391,0.523,51.089396528605725,Poor
8117,Vazhavachanur,CWC,33,Tamil Nadu,593,Tiruvannamalai,CHENGAM,-,-,Duplicate-Ponnaiyar,East flowing rivers between Pennar and Kanyakumari,-,-,-,Ponnaiyar,12.06583333,78.97805556,11-08-2011 09:00,954.0,Clear,odour free,28.0,0.0,54.51,158.79,6.216,258.64,36.94,102.3,8.12,30.56,212.00002,290.19165,3.93,2.6220617,2.56,79.75426785393519,Very Poor
8118,Vazhavachanur,CWC,33,Tamil Nadu,593,Tiruvannamalai,CHENGAM,-,-,Duplicate-Ponnaiyar,East flowing rivers between Pennar and Kanyakumari,-,-,-,Ponnaiyar,12.06583333,78.97805556,02-09-2011 08:00,1000.0,Clear,odour free,29.0,0.0,73.75,158.79,5.119,326.96,23.33,108.6,7.73,25.29,268.0,281.58334,0.405,2.822961,1.81,63.11971715826539,Poor
8119,Vazhavachanur,CWC,33,Tamil Nadu,593,Tiruvannamalai,CHENGAM,-,-,Duplicate-Ponnaiyar,East flowing rivers between Pennar and Kanyakumari,-,-,-,Ponnaiyar,12.06583333,78.97805556,01-10-2011 08:00,968.0,Clear,odour free,29.5,0.0,33.67,135.64,6.033,287.92,42.78,102.6,7.67,26.41,236.00002,262.425,0.601,2.7675893,1.6,59.17709966418682,Poor
8120,Vazhavachanur,CWC,33,Tamil Nadu,593,Tiruvannamalai,CHENGAM,-,-,Duplicate-Ponnaiyar,East flowing rivers between Pennar and Kanyakumari,-,-,-,Ponnaiyar,12.06583333,78.97805556,01-11-2011 08:30,936.0,Clear,odour free,28.5,0.0,14.43,151.2,5.277,252.98,35.97,102.1,7.99,11.75,207.36066,185.95001,0.56,3.274015,0.18,43.23440448817303,Good
8121,Vazhavachanur,CWC,33,Tamil Nadu,593,Tiruvannamalai,CHENGAM,-,-,Duplicate-Ponnaiyar,East flowing rivers between Pennar and Kanyakumari,-,-,-,Ponnaiyar,12.06583333,78.97805556,01-12-2011 09:00,450.0,Clear,odour free,27.0,0.0,28.86,75.6,5.272,182.71,25.28,45.6,8.12,17.65,149.7623,177.48334,0.391,1.4950056,1.95,66.53721892873607,Poor
8122,Vazhavachanur,CWC,33,Tamil Nadu,593,Tiruvannamalai,CHENGAM,-,-,Duplicate-Ponnaiyar,East flowing rivers between Pennar and Kanyakumari,-,-,-,Ponnaiyar,12.06583333,78.97805556,02-01-2012 09:00,547.0,Clear,odour free,24.0,0.0,28.86,75.6,4.277,182.71,16.53,52.3,7.55,19.17,149.7623,141.02501,0.59,1.922496,2.25,66.65415097743495,Poor
8123,Vazhavachanur,CWC,33,Tamil Nadu,593,Tiruvannamalai,CHENGAM,-,-,Duplicate-Ponnaiyar,East flowing rivers between Pennar and Kanyakumari,-,-,-,Ponnaiyar,12.06583333,78.97805556,01-02-2012 09:30,842.0,Clear,odour free,26.0,0.0,33.67,123.71,4.177,260.01,24.31,94.8,7.79,20.47,213.12296,185.46666,1.75,3.0396378,2.11,70.44124471561193,Poor
8124,Vazhavachanur,CWC,33,Tamil Nadu,593,Tiruvannamalai,CHENGAM,-,-,Duplicate-Ponnaiyar,East flowing rivers between Pennar and Kanyakumari,-,-,-,Ponnaiyar,12.06583333,78.97805556,01-03-2012 08:00,968.0,Clear,odour free,28.0,0.0,36.87,151.2,4.16,337.31,37.92,108.6,7.57,32.64,276.4836,250.17499,2.84,2.999532,2.02,70.93219968107684,Poor
8125,Vazhavachanur,CWC,33,Tamil Nadu,593,Tiruvannamalai,CHENGAM,-,-,Duplicate-Ponnaiyar,East flowing rivers between Pennar and Kanyakumari,-,-,-,Ponnaiyar,12.06583333,78.97805556,02-04-2012 08:00,750.0,Clear,odour free,28.5,0.0,40.08,140.89,3.677,330.28,38.89,108.0,7.35,14.96,270.7213,262.24167,8.1,2.9133098,2.05,76.99170408718426,Very Poor
8126,Vazhavachanur,CWC,33,Tamil Nadu,593,Tiruvannamalai,CHENGAM,-,-,Duplicate-Ponnaiyar,East flowing rivers between Pennar and Kanyakumari,-,-,-,Ponnaiyar,12.06583333,78.97805556,01-05-2012 09:00,947.0,Clear,odour free,31.0,0.0,54.51,154.64,5.592,344.33,35.97,112.0,7.71,11.33,282.2377,286.15,8.91,2.8907824,2.0,75.94675228710636,Very Poor
8127,Vazhavachanur,CWC,33,Tamil Nadu,593,Tiruvannamalai,CHENGAM,-,-,Duplicate-Ponnaiyar,East flowing rivers between Pennar and Kanyakumari,-,-,-,Ponnaiyar,12.06583333,78.97805556,16-07-2012 08:00,589.0,Clear,odour free,26.5,16.78,33.67,116.84,5.074,147.82,20.42,67.9,9.31,12.26,149.13062,169.25833,0.237,2.278452,2.01,78.57192765014229,Very Poor
8128,Vazhavachanur,CWC,33,Tamil Nadu,593,Tiruvannamalai,CHENGAM,-,-,Duplicate-Ponnaiyar,East flowing rivers between Pennar and Kanyakumari,-,-,-,Ponnaiyar,12.06583333,78.97805556,27-09-2012 08:00,928.0,Clear,odour free,29.0,0.0,45.54,171.76,5.581,224.08,31.42,81.6,8.03,37.35,183.67213,244.76666,0.33,2.2773728,1.24,57.10841806297392,Poor
8129,Vazhavachanur,CWC,33,Tamil Nadu,593,Tiruvannamalai,CHENGAM,-,-,Duplicate-Ponnaiyar,East flowing rivers between Pennar and Kanyakumari,-,-,-,Ponnaiyar,12.06583333,78.97805556,01-10-2012 08:00,874.0,Clear,odour free,29.0,0.0,47.11,147.79,7.949,229.06,28.56,90.1,7.85,36.78,187.75409,236.775,0.2,2.5562408,1.12,47.22289744324956,Good
8130,Vazhavachanur,CWC,33,Tamil Nadu,593,Tiruvannamalai,CHENGAM,-,-,Duplicate-Ponnaiyar,East flowing rivers between Pennar and Kanyakumari,-,-,-,Ponnaiyar,12.06583333,78.97805556,01-11-2012 08:00,743.0,Clear,odour free,26.5,0.0,50.25,115.76,6.709,229.06,20.95,68.3,7.66,22.21,187.75409,212.91667,0.34,2.0424204,1.95,58.72457229481616,Poor
8131,Vazhavachanur,CWC,33,Tamil Nadu,593,Tiruvannamalai,CHENGAM,-,-,Duplicate-Ponnaiyar,East flowing rivers between Pennar and Kanyakumari,-,-,-,Ponnaiyar,12.06583333,78.97805556,01-12-2012 08:00,1000.0,Clear,odour free,26.5,0.0,72.23,146.14,6.067,318.69,31.42,76.7,7.79,35.01,261.2213,311.49167,0.65,1.89638,1.58,59.51894231186514,Poor
8132,Vazhavachanur,CWC,33,Tamil Nadu,593,Tiruvannamalai,CHENGAM,-,-,Duplicate-Ponnaiyar,East flowing rivers between Pennar and Kanyakumari,-,-,-,Ponnaiyar,12.06583333,78.97805556,01-01-2013 07:00,962.0,Clear,odour free,27.0,0.0,75.7,196.78,6.185,333.63,29.52,113.5,7.65,36.05,273.46722,312.25,1.19,2.8024411,0.42,42.93678212003434,Good
8133,Vazhavachanur,CWC,33,Tamil Nadu,593,Tiruvannamalai,CHENGAM,-,-,Duplicate-Ponnaiyar,East flowing rivers between Pennar and Kanyakumari,-,-,-,Ponnaiyar,12.06583333,78.97805556,07-09-2013 09:00,994.0,Clear,odour free,28.5,0.0,85.17,158.82,6.711,138.7,33.41,81.1,7.52,199.45,113.68852,352.13333,3.97,1.8856558,1.43,58.08405041271241,Poor
8134,Vazhavachanur,CWC,33,Tamil Nadu,593,Tiruvannamalai,CHENGAM,-,-,Duplicate-Ponnaiyar,East flowing rivers between Pennar and Kanyakumari,-,-,-,Ponnaiyar,12.06583333,78.97805556,15-10-2013 08:30,854.0,Clear,odour free,28.5,0.0,43.64,142.19,5.3,159.1,26.46,104.0,7.95,93.45,130.40984,219.34999,6.25,3.0655577,1.07,61.18610704671183,Poor
8135,Vazhavachanur,CWC,33,Tamil Nadu,593,Tiruvannamalai,CHENGAM,-,-,Duplicate-Ponnaiyar,East flowing rivers between Pennar and Kanyakumari,-,-,-,Ponnaiyar,12.06583333,78.97805556,18-11-2013 09:00,477.0,Light Brown,odour free,27.0,5.8,17.78,73.04,7.713,94.3,18.62,39.2,8.89,25.86,86.961754,122.03334,6.86,1.5502517,0.91,60.01448738180966,Poor
8136,Vazhavachanur,CWC,33,Tamil Nadu,593,Tiruvannamalai,CHENGAM,-,-,Duplicate-Ponnaiyar,East flowing rivers between Pennar and Kanyakumari,-,-,-,Ponnaiyar,12.06583333,78.97805556,02-12-2013 08:30,986.0,Clear,odour free,28.0,0.0,30.38,138.96,5.477,192.9,35.81,101.0,7.74,91.5,158.11475,225.15834,7.7,2.941004,1.64,69.2642731725007,Poor
8137,Vazhavachanur,CWC,33,Tamil Nadu,593,Tiruvannamalai,CHENGAM,-,-,Duplicate-Ponnaiyar,East flowing rivers between Pennar and Kanyakumari,-,-,-,Ponnaiyar,12.06583333,78.97805556,07-02-2014 10:00,921.0,Clear,odour free,27.0,0.0,35.44,150.31,5.29,227.0,26.6,105.5,7.71,51.17,186.06557,199.43333,8.17,3.2622886,2.81,84.61385531220692,Very Poor
8138,Vazhavachanur,CWC,33,Tamil Nadu,593,Tiruvannamalai,CHENGAM,-,-,Duplicate-Ponnaiyar,East flowing rivers between Pennar and Kanyakumari,-,-,-,Ponnaiyar,12.06583333,78.97805556,04-03-2014 08:00,979.0,Clear,odour free,28.0,0.0,37.13,181.5,6.7,238.3,36.83,111.0,7.75,54.98,195.32787,246.28334,8.48,3.0898068,2.55,79.96853003501201,Very Poor
8139,Vazhavachanur,CWC,33,Tamil Nadu,593,Tiruvannamalai,CHENGAM,-,-,Duplicate-Ponnaiyar,East flowing rivers between Pennar and Kanyakumari,-,-,-,Ponnaiyar,12.06583333,78.97805556,09-10-2014 08:30,878.0,Clear,odour free,31.0,0.0,30.38,190.01,7.33,146.4,19.46,146.0,7.9,99.87,119.99999,157.03333,1.65,5.0866737,2.7,70.78474150650963,Poor
8140,Vazhavachanur,CWC,33,Tamil Nadu,593,Tiruvannamalai,CHENGAM,-,-,Duplicate-Ponnaiyar,East flowing rivers between Pennar and Kanyakumari,-,-,-,Ponnaiyar,12.06583333,78.97805556,01-11-2014 08:30,662.0,Light Brown,odour free,29.0,0.0,32.06,111.22,6.28,152.5,20.48,69.5,7.84,54.265,125.0,165.48334,1.58,2.358756,0.64,44.631610520689286,Good
8141,Vazhavachanur,CWC,33,Tamil Nadu,593,Tiruvannamalai,CHENGAM,-,-,Duplicate-Ponnaiyar,East flowing rivers between Pennar and Kanyakumari,-,-,-,Ponnaiyar,12.06583333,78.97805556,01-12-2014 08:30,999.0,Clear,odour free,26.5,0.0,59.07,200.19,5.956,274.5,36.86,135.0,7.69,78.47,225.0,301.25833,3.95,3.3956738,1.28,59.52963261819034,Poor
8142,Vazhavachanur,CWC,33,Tamil Nadu,593,Tiruvannamalai,CHENGAM,-,-,Duplicate-Ponnaiyar,East flowing rivers between Pennar and Kanyakumari,-,-,-,Ponnaiyar,12.06583333,78.97805556,01-01-2015 08:30,980.0,Clear,odour free,28.0,0.0,72.57,244.67,6.109,335.5,38.91,158.5,7.78,66.21,275.0,343.55,5.28,3.732568,1.55,66.235179042078,Poor
8143,Vazhavachanur,CWC,33,Tamil Nadu,593,Tiruvannamalai,CHENGAM,-,-,Duplicate-Ponnaiyar,East flowing rivers between Pennar and Kanyakumari,-,-,-,Ponnaiyar,12.06583333,78.97805556,02-02-2015 08:30,1220.0,Clear,odour free,27.0,0.0,70.88,252.4,7.301,311.1,43.01,165.0,7.84,67.37,255.0,356.40833,5.35,3.8155353,0.91,55.772001376834055,Poor
8144,Vazhavachanur,CWC,33,Tamil Nadu,593,Tiruvannamalai,CHENGAM,-,-,Duplicate-Ponnaiyar,East flowing rivers between Pennar and Kanyakumari,-,-,-,Ponnaiyar,12.06583333,78.97805556,02-03-2015 09:00,1025.0,Clear,odour free,29.0,0.0,44.53,238.22,5.676,221.3,30.26,123.0,7.89,33.37,181.39345,237.40833,1.16,3.4855268,1.82,64.41919072480012,Poor
8145,Vazhavachanur,CWC,33,Tamil Nadu,593,Tiruvannamalai,CHENGAM,-,-,Duplicate-Ponnaiyar,East flowing rivers between Pennar and Kanyakumari,-,-,-,Ponnaiyar,12.06583333,78.97805556,24-04-2015 08:00,1000.0,Clear,odour free,32.0,11.16,46.31,218.37,4.228,215.6,30.26,116.5,8.58,34.0,195.32132,241.85834,1.01,3.270649,2.19,79.52241122569828,Very Poor
8146,Vazhavachanur,CWC,33,Tamil Nadu,593,Tiruvannamalai,CHENGAM,-,-,Duplicate-Ponnaiyar,East flowing rivers between Pennar and Kanyakumari,-,-,-,Ponnaiyar,12.06583333,78.97805556,01-05-2015 08:00,931.0,Clear,odour free,32.0,0.0,45.42,224.63,5.436,206.7,26.75,116.5,7.92,26.57,169.42622,225.00833,1.31,3.390429,1.82,64.89471055983437,Poor
8147,Vazhavachanur,CWC,33,Tamil Nadu,593,Tiruvannamalai,CHENGAM,-,-,Duplicate-Ponnaiyar,East flowing rivers between Pennar and Kanyakumari,-,-,-,Ponnaiyar,12.06583333,78.97805556,05-06-2015 09:00,1010.0,Clear,odour free,32.0,0.0,28.06,226.88,5.034,241.1,24.32,163.0,7.15,27.73,197.62296,171.48334,0.578,5.436601,1.64,54.61955989595752,Poor
8148,Vazhavachanur,CWC,33,Tamil Nadu,593,Tiruvannamalai,CHENGAM,-,-,Duplicate-Ponnaiyar,East flowing rivers between Pennar and Kanyakumari,-,-,-,Ponnaiyar,12.06583333,78.97805556,29-09-2015 09:00,1023.0,Clear,odour free,30.0,0.0,42.75,225.78,4.425,235.39,25.94,155.5,7.7,49.23,192.94263,214.95833,0.928,4.6301885,1.28,57.665155993768586,Poor
8149,Vazhavachanur,CWC,33,Tamil Nadu,593,Tiruvannamalai,CHENGAM,-,-,Duplicate-Ponnaiyar,East flowing rivers between Pennar and Kanyakumari,-,-,-,Ponnaiyar,12.06583333,78.97805556,01-10-2015 09:00,800.0,Clear,odour free,31.0,0.0,44.09,173.46,4.317,183.72,21.08,120.0,7.82,55.71,150.59016,198.05833,0.512,3.721276,1.28,57.567497897094135,Poor
8150,Vazhavachanur,CWC,33,Tamil Nadu,593,Tiruvannamalai,CHENGAM,-,-,Duplicate-Ponnaiyar,East flowing rivers between Pennar and Kanyakumari,-,-,-,Ponnaiyar,12.06583333,78.97805556,10-11-2015 10:00,456.0,Light Brown,odour free,25.0,0.0,30.73,88.11,6.91,117.79,10.54,56.6,7.47,24.91,96.54918,120.74167,0.612,2.2470329,0.91,40.19863094031667,Good
8151,Vazhavachanur,CWC,33,Tamil Nadu,593,Tiruvannamalai,CHENGAM,-,-,Duplicate-Ponnaiyar,East flowing rivers between Pennar and Kanyakumari,-,-,-,Ponnaiyar,12.06583333,78.97805556,08-12-2015 10:15,723.0,Clear,odour free,26.0,0.0,38.74,137.67,6.99,201.93,21.89,74.9,7.92,27.0,165.51639,188.05833,0.359,2.3841822,1.28,51.27374057259129,Poor
8152,Vazhavachanur,CWC,33,Tamil Nadu,593,Tiruvannamalai,CHENGAM,-,-,Duplicate-Ponnaiyar,East flowing rivers between Pennar and Kanyakumari,-,-,-,Ponnaiyar,12.06583333,78.97805556,02-01-2016 09:30,741.0,Clear,odour free,26.5,0.0,44.09,155.18,6.512,223.91,24.32,87.4,7.89,25.85,183.53279,211.55833,0.372,2.6229274,2.19,65.1501275088623,Poor
8153,Vazhavachanur,CWC,33,Tamil Nadu,593,Tiruvannamalai,CHENGAM,-,-,Duplicate-Ponnaiyar,East flowing rivers between Pennar and Kanyakumari,-,-,-,Ponnaiyar,12.06583333,78.97805556,01-02-2016 09:30,623.0,Clear,odour free,26.0,16.94,30.46,120.4,6.94,109.08,15.56,80.0,8.43,18.64,117.64317,140.98334,0.411,2.940705,2.37,69.68416837613462,Poor
8154,Vazhavachanur,CWC,33,Tamil Nadu,593,Tiruvannamalai,CHENGAM,-,-,Duplicate-Ponnaiyar,East flowing rivers between Pennar and Kanyakumari,-,-,-,Ponnaiyar,12.06583333,78.97805556,03-03-2016 10:00,888.0,Clear,odour free,27.5,0.0,49.7,160.53,7.61,241.13,26.27,90.8,8.23,32.79,197.64755,233.70834,0.396,2.5924711,0.55,44.025525354292846,Good
8155,Vazhavachanur,CWC,33,Tamil Nadu,593,Tiruvannamalai,CHENGAM,-,-,Duplicate-Ponnaiyar,East flowing rivers between Pennar and Kanyakumari,-,-,-,Ponnaiyar,12.06583333,78.97805556,18-04-2016 10:00,959.0,Clear,odour free,31.0,0.0,54.51,176.58,7.34,264.09,28.21,100.5,7.56,34.73,216.46721,253.81667,1.137,2.753334,2.37,64.3670834970671,Poor
8156,Vazhavachanur,CWC,33,Tamil Nadu,593,Tiruvannamalai,CHENGAM,-,-,Duplicate-Ponnaiyar,East flowing rivers between Pennar and Kanyakumari,-,-,-,Ponnaiyar,12.06583333,78.97805556,03-05-2016 10:00,800.0,Clear,odour free,30.5,0.0,52.91,171.23,7.188,307.65,33.08,98.5,7.58,27.12,252.17212,270.10834,0.377,2.6165562,1.82,57.32041132107714,Poor
8157,Vazhavachanur,CWC,33,Tamil Nadu,593,Tiruvannamalai,CHENGAM,-,-,Duplicate-Ponnaiyar,East flowing rivers between Pennar and Kanyakumari,-,-,-,Ponnaiyar,12.06583333,78.97805556,26-07-2016 10:00,832.0,Clear,odour free,29.5,0.0,57.72,222.06,5.708,241.38,31.13,130.0,7.6,41.3,197.85246,274.00833,0.592,3.4279802,1.46,56.584611332403384,Poor
8158,Vazhavachanur,CWC,33,Tamil Nadu,593,Tiruvannamalai,CHENGAM,-,-,Duplicate-Ponnaiyar,East flowing rivers between Pennar and Kanyakumari,-,-,-,Ponnaiyar,12.06583333,78.97805556,13-10-2016 10:00,965.0,Clear,odour free,27.5,0.0,73.75,216.08,6.036,208.42,11.67,123.5,7.37,40.66,170.83606,233.0,0.408,3.526551,1.09,45.82086156508815,Good
8159,Vazhavachanur,CWC,33,Tamil Nadu,593,Tiruvannamalai,CHENGAM,-,-,Duplicate-Ponnaiyar,East flowing rivers between Pennar and Kanyakumari,-,-,-,Ponnaiyar,12.06583333,78.97805556,24-03-2017 10:00,1486.0,Light Brown,odour free,29.0,0.0,81.76,269.15,6.089,277.39,34.05,151.8,7.16,84.46,227.36887,346.275,1.532,3.559507,1.88,59.789017122697,Poor
8160,Vazhavachanur,CWC,33,Tamil Nadu,593,Tiruvannamalai,CHENGAM,-,-,Duplicate-Ponnaiyar,East flowing rivers between Pennar and Kanyakumari,-,-,-,Ponnaiyar,12.06583333,78.97805556,04-09-2017 08:00,1225.0,Clear,Odour free,27.0,0.0,32.0,265.9,6.7,175.0,14.7,198.0,7.7,58.4,143.0,142.0,0.16,7.2,2.7,68.27581048214032,Poor
8161,Vazhavachanur,CWC,33,Tamil Nadu,593,Tiruvannamalai,CHENGAM,-,-,Duplicate-Ponnaiyar,East flowing rivers between Pennar and Kanyakumari,-,-,-,Ponnaiyar,12.06583333,78.97805556,04-10-2017 08:00,920.0,Clear,Odour free,30.0,0.0,46.0,178.6,3.7,205.0,23.4,136.0,7.9,88.4,168.0,214.0,0.06,4.1,1.4,61.58615321029456,Poor
8162,Vazhavachanur,CWC,33,Tamil Nadu,593,Tiruvannamalai,CHENGAM,-,-,Duplicate-Ponnaiyar,East flowing rivers between Pennar and Kanyakumari,-,-,-,Ponnaiyar,12.06583333,78.97805556,01-11-2017 08:00,930.0,Clear,Odour free,29.0,0.0,59.0,147.0,6.8,277.0,30.2,112.0,7.4,46.3,227.0,274.0,2.46,3.0,1.4,53.181695598264106,Poor
8163,Vazhavachanur,CWC,33,Tamil Nadu,593,Tiruvannamalai,CHENGAM,-,-,Duplicate-Ponnaiyar,East flowing rivers between Pennar and Kanyakumari,-,-,-,Ponnaiyar,12.06583333,78.97805556,01-12-2017 08:00,763.0,Clear,Odour free,28.0,0.0,32.0,115.7,5.2,190.0,17.5,86.0,8.0,27.0,156.0,153.0,0.15,3.0,2.7,74.62338658654839,Poor
8164,Vazhavachanur,CWC,33,Tamil Nadu,593,Tiruvannamalai,CHENGAM,-,-,Duplicate-Ponnaiyar,East flowing rivers between Pennar and Kanyakumari,-,-,-,Ponnaiyar,12.06583333,78.97805556,01-01-2018 08:00,863.0,Clear,Odour free,26.0,0.0,23.0,164.7,7.6,164.0,33.6,112.5,8.2,37.9,135.0,198.0,0.11,3.5,1.9,61.860583559858206,Poor
8165,Vazhavachanur,CWC,33,Tamil Nadu,593,Tiruvannamalai,CHENGAM,-,-,Duplicate-Ponnaiyar,East flowing rivers between Pennar and Kanyakumari,-,-,-,Ponnaiyar,12.06583333,78.97805556,01-02-2018 08:00,630.0,Clear,Odour free,28.0,0.0,53.0,157.2,5.4,260.0,41.8,94.2,7.8,50.5,213.0,307.0,0.16,2.3,2.8,78.12130851892478,Very Poor
8166,Vazhavachanur,CWC,33,Tamil Nadu,593,Tiruvannamalai,CHENGAM,-,-,Duplicate-Ponnaiyar,East flowing rivers between Pennar and Kanyakumari,-,-,-,Ponnaiyar,12.06583333,78.97805556,01-03-2018 08:00,960.0,Clear,Odour free,26.5,0.0,53.0,124.2,7.8,280.0,27.2,82.6,8.2,25.0,230.0,246.0,0.21,2.3,1.0,49.32955919055113,Good
8167,Vazhavachanur,CWC,33,Tamil Nadu,593,Tiruvannamalai,CHENGAM,-,-,Duplicate-Ponnaiyar,East flowing rivers between Pennar and Kanyakumari,-,-,-,Ponnaiyar,12.06583333,78.97805556,02-04-2018 08:00,1035.0,Clear,Odour free,29.5,0.0,63.0,149.5,4.4,244.0,32.1,109.5,8.2,117.9,200.0,290.0,0.1,2.8,1.4,64.55284070135279,Poor
8168,Vazhavachanur,CWC,33,Tamil Nadu,593,Tiruvannamalai,CHENGAM,-,-,Duplicate-Ponnaiyar,East flowing rivers between Pennar and Kanyakumari,-,-,-,Ponnaiyar,12.06583333,78.97805556,01-05-2018 08:00,1059.0,Clear,Odour free,31.0,0.0,42.0,188.3,8.0,286.0,39.9,116.0,8.0,31.7,234.0,270.0,0.05,3.1,1.1,49.887232660912154,Good
8169,Vazhavachanur,CWC,33,Tamil Nadu,593,Tiruvannamalai,CHENGAM,-,-,Duplicate-Ponnaiyar,East flowing rivers between Pennar and Kanyakumari,-,-,-,Ponnaiyar,12.06583333,78.97805556,09-08-2018 08:00,1033.0,Clear,Odour free,28.5,39.2,44.0,211.4,9.5,179.0,28.9,144.8,8.7,30.0,212.0,232.0,1.48,4.2,1.8,62.46134070930103,Poor
8170,Vazhavachanur,CWC,33,Tamil Nadu,593,Tiruvannamalai,CHENGAM,-,-,Duplicate-Ponnaiyar,East flowing rivers between Pennar and Kanyakumari,-,-,-,Ponnaiyar,12.06583333,78.97805556,17-11-2018 08:00,1166.0,Clear,Odour free,26.0,0.0,69.0,248.9,7.1,236.0,29.6,144.0,8.0,59.0,194.0,296.0,0.44,3.7,2.5,70.99970607404583,Poor
8171,Vazhavachanur,CWC,33,Tamil Nadu,593,Tiruvannamalai,CHENGAM,-,-,Duplicate-Ponnaiyar,East flowing rivers between Pennar and Kanyakumari,-,-,-,Ponnaiyar,12.06583333,78.97805556,01-12-2018 08:00,1251.0,Clear,Odour free,25.0,0.0,78.0,225.4,4.3,289.0,45.2,111.4,8.0,69.6,237.0,383.0,0.95,2.5,1.8,71.84496335860875,Poor
8172,Vazhavachanur,CWC,33,Tamil Nadu,593,Tiruvannamalai,CHENGAM,-,-,Duplicate-Ponnaiyar,East flowing rivers between Pennar and Kanyakumari,-,-,-,Ponnaiyar,12.06583333,78.97805556,02-02-2019 08:00,1213.0,Clear,Odour free,25.0,0.0,47.0,219.5,7.1,300.0,34.3,158.0,8.2,52.7,246.0,261.0,4.36,4.3,2.2,73.80058856725007,Poor
8173,Vazhavachanur,CWC,33,Tamil Nadu,593,Tiruvannamalai,CHENGAM,-,-,Duplicate-Ponnaiyar,East flowing rivers between Pennar and Kanyakumari,-,-,-,Ponnaiyar,12.06583333,78.97805556,02-03-2019 08:00,1421.0,Clear,Odour free,25.0,0.0,69.0,276.4,4.9,300.0,35.3,168.4,8.0,69.6,246.0,320.0,3.23,4.1,3.1,89.24841845899503,Very Poor
8174,Vazhavachanur,CWC,33,Tamil Nadu,593,Tiruvannamalai,CHENGAM,-,-,Duplicate-Ponnaiyar,East flowing rivers between Pennar and Kanyakumari,-,-,-,Ponnaiyar,12.06583333,78.97805556,17-09-2019 08:00,1167.0,Brown,odour free,27.0,8.9,56.0,118.8,9.1,122.0,18.9,59.5,7.9,51.4,115.0,219.0,1.02,1.8,1.6,50.78923720730603,Poor
8175,Vazhavachanur,CWC,33,Tamil Nadu,593,Tiruvannamalai,CHENGAM,-,-,Duplicate-Ponnaiyar,East flowing rivers between Pennar and Kanyakumari,-,-,-,Ponnaiyar,12.06583333,78.97805556,01-10-2019 08:00,1229.0,Clear,odour free,29.0,9.6,73.0,220.9,8.3,224.0,37.1,136.6,8.3,121.4,200.0,338.0,1.18,3.2,2.4,71.73151255027263,Poor
8176,Vazhavachanur,CWC,33,Tamil Nadu,593,Tiruvannamalai,CHENGAM,-,-,Duplicate-Ponnaiyar,East flowing rivers between Pennar and Kanyakumari,-,-,-,Ponnaiyar,12.06583333,78.97805556,01-11-2019 08:00,1165.0,Clear,odour free,27.0,0.0,86.0,247.5,7.5,286.0,51.0,143.0,8.1,122.8,234.0,427.0,2.82,3.0,0.8,54.83106808463287,Poor
8177,Vazhavachanur,CWC,33,Tamil Nadu,593,Tiruvannamalai,CHENGAM,-,-,Duplicate-Ponnaiyar,East flowing rivers between Pennar and Kanyakumari,-,-,-,Ponnaiyar,12.06583333,78.97805556,02-12-2019 08:00,1474.0,Clear,odour free,27.0,0.0,89.0,247.5,6.7,314.0,51.9,128.0,8.0,61.3,257.0,438.0,1.59,2.7,0.8,54.48225912855485,Poor
8178,Vazhavachanur,CWC,33,Tamil Nadu,593,Tiruvannamalai,CHENGAM,-,-,Duplicate-Ponnaiyar,East flowing rivers between Pennar and Kanyakumari,-,-,-,Ponnaiyar,12.06583333,78.97805556,07-02-2020 08:00,1230.0,Clear,odour free,26.5,0.0,63.0,155.1,6.3,336.0,40.8,116.5,8.2,62.8,275.0,326.0,0.25,2.8,3.0,82.92902403548095,Very Poor
8179,Vazhavachanur,CWC,33,Tamil Nadu,593,Tiruvannamalai,CHENGAM,-,-,Duplicate-Ponnaiyar,East flowing rivers between Pennar and Kanyakumari,-,-,-,Ponnaiyar,12.06583333,78.97805556,02-03-2020 08:00,1242.0,Clear,odour free,28.0,0.0,66.0,135.8,7.1,324.0,44.2,75.6,8.1,45.9,265.0,350.0,0.5,1.8,1.6,61.68984127362615,Poor
8180,Vazhavachanur,CWC,33,Tamil Nadu,593,Tiruvannamalai,CHENGAM,-,-,Duplicate-Ponnaiyar,East flowing rivers between Pennar and Kanyakumari,-,-,-,Ponnaiyar,12.06583333,78.97805556,10-09-2020 08:00,1086.0,Clear,odour free,30.0,10.32,39.32,234.88,8.29,225.63,36.71,132.4,8.38,10.79,,,0.31,,3.01,76.95818032174482,Very Poor
8181,Vazhavachanur,CWC,33,Tamil Nadu,593,Tiruvannamalai,CHENGAM,-,-,Duplicate-Ponnaiyar,East flowing rivers between Pennar and Kanyakumari,-,-,-,Ponnaiyar,12.06583333,78.97805556,17-11-2020 08:00,11.76,Clear,odour free,28.0,0.0,61.07,56.84,6.71,213.5,51.88,140.6,8.12,292.98,,,0.27,,1.4,59.67663892730538,Poor
8182,Vazhavachanur,CWC,33,Tamil Nadu,593,Tiruvannamalai,CHENGAM,-,-,Duplicate-Ponnaiyar,East flowing rivers between Pennar and Kanyakumari,-,-,-,Ponnaiyar,12.06583333,78.97805556,01-12-2020 08:00,1087.0,Clear,Odour free,26.0,0.0,5.5,235.22,8.68,281.73,45.4,110.2,8.11,63.21,,,0.51,,2.81,71.47132100561147,Poor
8214,Villupuram,CWC,33,Tamil Nadu,596,Viluppuram,Viluppuram,-,-,Duplicate-Ponnaiyar,East flowing rivers between Pennar and Kanyakumari,-,-,-,Ponnaiyar,11.87055556,79.45944444,17-12-2009 08:00,595.0,Clear,odour free,26.5,39.99,17.96,85.555,,258.64,43.74,70.127,8.56,26.352,278.65,227.15,,2.0345733,1.109,38.192035715421184,Good
8215,Villupuram,CWC,33,Tamil Nadu,596,Viluppuram,Viluppuram,-,-,Duplicate-Ponnaiyar,East flowing rivers between Pennar and Kanyakumari,-,-,-,Ponnaiyar,11.87055556,79.45944444,11-11-2010 08:40,526.0,Light Brown,odour free,26.0,0.0,34.34,68.91,,221.11,19.44,42.6,8.04,14.5,181.2377,166.85,0.451,1.4396319,0.802,26.06798975670434,Good
8216,Villupuram,CWC,33,Tamil Nadu,596,Viluppuram,Viluppuram,-,-,Duplicate-Ponnaiyar,East flowing rivers between Pennar and Kanyakumari,-,-,-,Ponnaiyar,11.87055556,79.45944444,01-12-2010 08:30,620.0,Light Brown,odour free,25.0,0.0,42.52,88.06,,265.34,22.36,56.7,8.18,19.92,217.4918,199.46667,0.418,1.7523065,0.709,26.989009591738597,Good
8217,Villupuram,CWC,33,Tamil Nadu,596,Viluppuram,Viluppuram,-,-,Duplicate-Ponnaiyar,East flowing rivers between Pennar and Kanyakumari,-,-,-,Ponnaiyar,11.87055556,79.45944444,03-01-2011 08:00,831.0,Clear,odour free,26.5,54.43,37.61,122.52,,210.45,35.0,81.4,8.36,29.33,263.21667,239.85834,0.883,2.295819,0.288,25.628485799076415,Good
8218,Villupuram,CWC,33,Tamil Nadu,596,Viluppuram,Viluppuram,-,-,Duplicate-Ponnaiyar,East flowing rivers between Pennar and Kanyakumari,-,-,-,Ponnaiyar,11.87055556,79.45944444,01-02-2011 09:00,662.0,Clear,odour free,26.0,36.91,31.07,100.79,,206.01,27.22,75.8,8.35,25.23,230.37732,191.09166,0.841,2.3949986,0.575,27.83835067520307,Good
8219,Villupuram,CWC,33,Tamil Nadu,596,Viluppuram,Viluppuram,-,-,Duplicate-Ponnaiyar,East flowing rivers between Pennar and Kanyakumari,-,-,-,Ponnaiyar,11.87055556,79.45944444,02-05-2011 08:00,799.0,Clear,odour free,29.5,43.2,27.25,152.18,,185.44,34.03,93.9,8.3,20.9,224.0,209.91666,2.03,2.8319802,1.199,38.26355561741938,Good
8220,Villupuram,CWC,33,Tamil Nadu,596,Viluppuram,Viluppuram,-,-,Duplicate-Ponnaiyar,East flowing rivers between Pennar and Kanyakumari,-,-,-,Ponnaiyar,11.87055556,79.45944444,29-10-2011 08:15,701.0,Brown,odour free,23.0,43.2,32.06,129.02,,117.12,34.03,77.7,8.71,23.98,168.0,221.94167,0.45,2.27858,2.05,51.63145106883973,Poor
8221,Villupuram,CWC,33,Tamil Nadu,596,Viluppuram,Viluppuram,-,-,Duplicate-Ponnaiyar,East flowing rivers between Pennar and Kanyakumari,-,-,-,Ponnaiyar,11.87055556,79.45944444,01-11-2011 08:00,731.0,Clear,odour free,26.0,13.82,11.22,137.46,,77.3,21.32,82.6,8.46,21.55,86.39399,116.88333,0.4,3.3400218,1.64,40.93638512327723,Good
8222,Villupuram,CWC,33,Tamil Nadu,596,Viluppuram,Viluppuram,-,-,Duplicate-Ponnaiyar,East flowing rivers between Pennar and Kanyakumari,-,-,-,Ponnaiyar,11.87055556,79.45944444,01-12-2011 09:30,752.0,Green,odour free,25.0,20.74,28.86,96.22,,182.71,30.14,66.7,8.32,21.65,184.32896,197.73334,0.505,2.0722387,1.9,45.231414315974384,Good
8223,Villupuram,CWC,33,Tamil Nadu,596,Viluppuram,Viluppuram,-,-,Duplicate-Ponnaiyar,East flowing rivers between Pennar and Kanyakumari,-,-,-,Ponnaiyar,11.87055556,79.45944444,02-01-2012 09:30,557.0,Green,odour free,25.0,0.0,12.83,79.04,,154.6,26.25,50.6,7.8,19.89,126.72131,141.45,0.623,1.8600537,2.01,40.584840662207704,Good
8224,Villupuram,CWC,33,Tamil Nadu,596,Viluppuram,Viluppuram,-,-,Duplicate-Ponnaiyar,East flowing rivers between Pennar and Kanyakumari,-,-,-,Ponnaiyar,11.87055556,79.45944444,01-11-2012 08:30,386.0,Brown,odour free,24.0,0.0,20.41,63.67,,124.49,11.4,38.5,7.67,10.91,102.040985,98.525,0.44,1.6931082,0.68,18.99997003721764,Excellent
8225,Villupuram,CWC,33,Tamil Nadu,596,Viluppuram,Viluppuram,-,-,Duplicate-Ponnaiyar,East flowing rivers between Pennar and Kanyakumari,-,-,-,Ponnaiyar,11.87055556,79.45944444,19-11-2015 08:00,394.0,Clear,odour free,27.0,0.0,26.72,52.31,,140.23,13.78,31.7,7.76,17.82,114.94262,124.21667,0.378,1.2414242,2.74,48.17172108370293,Good
8226,Villupuram,CWC,33,Tamil Nadu,596,Viluppuram,Viluppuram,-,-,Duplicate-Ponnaiyar,East flowing rivers between Pennar and Kanyakumari,-,-,-,Ponnaiyar,11.87055556,79.45944444,09-12-2015 09:30,617.0,Brown,odour free,,0.0,38.74,96.37,,201.93,17.83,56.7,7.93,24.36,165.51639,171.14168,0.431,1.8914312,1.82,38.72375043933902,Good
8227,Villupuram,CWC,33,Tamil Nadu,596,Viluppuram,Viluppuram,-,-,Duplicate-Ponnaiyar,East flowing rivers between Pennar and Kanyakumari,-,-,-,Ponnaiyar,11.87055556,79.45944444,13-10-2017 08:00,913.0,Clear,Odour free,26.0,0.0,37.0,155.3,,216.0,20.4,120.0,7.1,36.9,177.0,177.0,1.85,3.9,1.3,26.230269206924508,Good
8228,Villupuram,CWC,33,Tamil Nadu,596,Viluppuram,Viluppuram,-,-,Duplicate-Ponnaiyar,East flowing rivers between Pennar and Kanyakumari,-,-,-,Ponnaiyar,11.87055556,79.45944444,01-12-2017 08:00,626.0,Light Brown,Odour free,25.0,0.0,18.0,117.6,,108.0,22.4,80.0,8.4,26.8,105.0,137.0,0.1,3.0,2.2,47.93998505730683,Good
8229,Villupuram,CWC,33,Tamil Nadu,596,Viluppuram,Viluppuram,-,-,Duplicate-Ponnaiyar,East flowing rivers between Pennar and Kanyakumari,-,-,-,Ponnaiyar,11.87055556,79.45944444,20-12-2020 08:00,506.9,Clear,Odour free,20.5,0.0,41.23,79.18,6.82,186.14,19.46,44.7,8.13,25.79,,,1.19,,3.01,76.52330590395347,Very Poor
