SlNo,Station,Agency,State LGD Code,State,District LGD Code,District,Tehsil,Block,Village,River,Basin,Tributary,Subtributary,SubSubtributary,Local River,Latitude,Longitude,Data Acquisition Time,Biochemical Oxygen Demand (mg/L),Chemical Oxygen Demand (mg/L),Fecal Coliform (MPN/100mL),Total Coliform (MPN/100mL)
1,AMBARAMPALAYAM,CWC,33,Tamil Nadu,569,Coimbatore,POLLACHI,ANAIMALAI,Ambarampalayam,Bharathapuzha,West flowing rivers from Tadri to Kanyakumari,Aliyar,-,-,Aliyar,10.63138889,76.94611111,01-05-2001 09:20,2,"","",""
2,AMBARAMPALAYAM,CWC,33,Tamil Nadu,569,Coimbatore,POLLACHI,ANAIMALAI,Ambarampalayam,Bharathapuzha,West flowing rivers from Tadri to Kanyakumari,Aliyar,-,-,Aliyar,10.63138889,76.94611111,01-06-2001 09:00,1,"","",""
3,AMBARAMPALAYAM,CWC,33,Tamil Nadu,569,Coimbatore,POLLACHI,ANAIMALAI,Ambarampalayam,Bharathapuzha,West flowing rivers from Tadri to Kanyakumari,Aliyar,-,-,Aliyar,10.63138889,76.94611111,02-07-2001 09:45,0.8,"","",""
4,AMBARAMPALAYAM,CWC,33,Tamil Nadu,569,Coimbatore,POLLACHI,ANAIMALAI,Ambarampalayam,Bharathapuzha,West flowing rivers from Tadri to Kanyakumari,Aliyar,-,-,Aliyar,10.63138889,76.94611111,01-08-2001 08:15,0.9,"","",""
5,AMBARAMPALAYAM,CWC,33,Tamil Nadu,569,Coimbatore,POLLACHI,ANAIMALAI,Ambarampalayam,Bharathapuzha,West flowing rivers from Tadri to Kanyakumari,Aliyar,-,-,Aliyar,10.63138889,76.94611111,01-09-2001 08:30,0.8,"","",""
6,AMBARAMPALAYAM,CWC,33,Tamil Nadu,569,Coimbatore,POLLACHI,ANAIMALAI,Ambarampalayam,Bharathapuzha,West flowing rivers from Tadri to Kanyakumari,Aliyar,-,-,Aliyar,10.63138889,76.94611111,01-10-2001 08:40,0.8,"","",""
7,AMBARAMPALAYAM,CWC,33,Tamil Nadu,569,Coimbatore,POLLACHI,ANAIMALAI,Ambarampalayam,Bharathapuzha,West flowing rivers from Tadri to Kanyakumari,Aliyar,-,-,Aliyar,10.63138889,76.94611111,01-11-2001 09:00,1.6,"","",""
8,AMBARAMPALAYAM,CWC,33,Tamil Nadu,569,Coimbatore,POLLACHI,ANAIMALAI,Ambarampalayam,Bharathapuzha,West flowing rivers from Tadri to Kanyakumari,Aliyar,-,-,Aliyar,10.63138889,76.94611111,01-12-2001 08:30,1,"","",""
9,AMBARAMPALAYAM,CWC,33,Tamil Nadu,569,Coimbatore,POLLACHI,ANAIMALAI,Ambarampalayam,Bharathapuzha,West flowing rivers from Tadri to Kanyakumari,Aliyar,-,-,Aliyar,10.63138889,76.94611111,01-01-2002 08:15,0.8,"","",""
10,AMBARAMPALAYAM,CWC,33,Tamil Nadu,569,Coimbatore,POLLACHI,ANAIMALAI,Ambarampalayam,Bharathapuzha,West flowing rivers from Tadri to Kanyakumari,Aliyar,-,-,Aliyar,10.63138889,76.94611111,01-02-2002 09:00,0.7,"","",""
11,AMBARAMPALAYAM,CWC,33,Tamil Nadu,569,Coimbatore,POLLACHI,ANAIMALAI,Ambarampalayam,Bharathapuzha,West flowing rivers from Tadri to Kanyakumari,Aliyar,-,-,Aliyar,10.63138889,76.94611111,01-03-2002 09:45,0.7,"","",""
12,AMBARAMPALAYAM,CWC,33,Tamil Nadu,569,Coimbatore,POLLACHI,ANAIMALAI,Ambarampalayam,Bharathapuzha,West flowing rivers from Tadri to Kanyakumari,Aliyar,-,-,Aliyar,10.63138889,76.94611111,01-04-2002 09:15,1.2,"","",""
13,AMBARAMPALAYAM,CWC,33,Tamil Nadu,569,Coimbatore,POLLACHI,ANAIMALAI,Ambarampalayam,Bharathapuzha,West flowing rivers from Tadri to Kanyakumari,Aliyar,-,-,Aliyar,10.63138889,76.94611111,01-05-2002 09:00,0.9,"","",""
14,AMBARAMPALAYAM,CWC,33,Tamil Nadu,569,Coimbatore,POLLACHI,ANAIMALAI,Ambarampalayam,Bharathapuzha,West flowing rivers from Tadri to Kanyakumari,Aliyar,-,-,Aliyar,10.63138889,76.94611111,01-06-2002 08:40,1.1,"","",""
15,AMBARAMPALAYAM,CWC,33,Tamil Nadu,569,Coimbatore,POLLACHI,ANAIMALAI,Ambarampalayam,Bharathapuzha,West flowing rivers from Tadri to Kanyakumari,Aliyar,-,-,Aliyar,10.63138889,76.94611111,01-07-2002 08:30,1.3,"","",""
16,AMBARAMPALAYAM,CWC,33,Tamil Nadu,569,Coimbatore,POLLACHI,ANAIMALAI,Ambarampalayam,Bharathapuzha,West flowing rivers from Tadri to Kanyakumari,Aliyar,-,-,Aliyar,10.63138889,76.94611111,01-08-2002 08:30,2.2,"","",""
17,AMBARAMPALAYAM,CWC,33,Tamil Nadu,569,Coimbatore,POLLACHI,ANAIMALAI,Ambarampalayam,Bharathapuzha,West flowing rivers from Tadri to Kanyakumari,Aliyar,-,-,Aliyar,10.63138889,76.94611111,02-09-2002 08:30,0.8,"","",""
18,AMBARAMPALAYAM,CWC,33,Tamil Nadu,569,Coimbatore,POLLACHI,ANAIMALAI,Ambarampalayam,Bharathapuzha,West flowing rivers from Tadri to Kanyakumari,Aliyar,-,-,Aliyar,10.63138889,76.94611111,01-11-2002 08:30,1.9,"","",""
19,AMBARAMPALAYAM,CWC,33,Tamil Nadu,569,Coimbatore,POLLACHI,ANAIMALAI,Ambarampalayam,Bharathapuzha,West flowing rivers from Tadri to Kanyakumari,Aliyar,-,-,Aliyar,10.63138889,76.94611111,01-01-2003 08:30,0.8,"","",""
20,AMBARAMPALAYAM,CWC,33,Tamil Nadu,569,Coimbatore,POLLACHI,ANAIMALAI,Ambarampalayam,Bharathapuzha,West flowing rivers from Tadri to Kanyakumari,Aliyar,-,-,Aliyar,10.63138889,76.94611111,01-03-2003 08:30,0.8,"","",""
21,AMBARAMPALAYAM,CWC,33,Tamil Nadu,569,Coimbatore,POLLACHI,ANAIMALAI,Ambarampalayam,Bharathapuzha,West flowing rivers from Tadri to Kanyakumari,Aliyar,-,-,Aliyar,10.63138889,76.94611111,02-06-2003 08:25,1.5,"","",""
22,AMBARAMPALAYAM,CWC,33,Tamil Nadu,569,Coimbatore,POLLACHI,ANAIMALAI,Ambarampalayam,Bharathapuzha,West flowing rivers from Tadri to Kanyakumari,Aliyar,-,-,Aliyar,10.63138889,76.94611111,01-07-2003 08:40,0.9,"","",""
23,AMBARAMPALAYAM,CWC,33,Tamil Nadu,569,Coimbatore,POLLACHI,ANAIMALAI,Ambarampalayam,Bharathapuzha,West flowing rivers from Tadri to Kanyakumari,Aliyar,-,-,Aliyar,10.63138889,76.94611111,01-09-2003 08:30,1.1,"","",""
24,AMBARAMPALAYAM,CWC,33,Tamil Nadu,569,Coimbatore,POLLACHI,ANAIMALAI,Ambarampalayam,Bharathapuzha,West flowing rivers from Tadri to Kanyakumari,Aliyar,-,-,Aliyar,10.63138889,76.94611111,01-11-2003 08:30,0.7,"","",""
25,AMBARAMPALAYAM,CWC,33,Tamil Nadu,569,Coimbatore,POLLACHI,ANAIMALAI,Ambarampalayam,Bharathapuzha,West flowing rivers from Tadri to Kanyakumari,Aliyar,-,-,Aliyar,10.63138889,76.94611111,01-01-2004 08:30,1.2,"","",""
26,AMBARAMPALAYAM,CWC,33,Tamil Nadu,569,Coimbatore,POLLACHI,ANAIMALAI,Ambarampalayam,Bharathapuzha,West flowing rivers from Tadri to Kanyakumari,Aliyar,-,-,Aliyar,10.63138889,76.94611111,01-03-2004 09:00,0.6,"","",""
27,AMBARAMPALAYAM,CWC,33,Tamil Nadu,569,Coimbatore,POLLACHI,ANAIMALAI,Ambarampalayam,Bharathapuzha,West flowing rivers from Tadri to Kanyakumari,Aliyar,-,-,Aliyar,10.63138889,76.94611111,01-05-2004 08:30,1.6,"","",""
28,AMBARAMPALAYAM,CWC,33,Tamil Nadu,569,Coimbatore,POLLACHI,ANAIMALAI,Ambarampalayam,Bharathapuzha,West flowing rivers from Tadri to Kanyakumari,Aliyar,-,-,Aliyar,10.63138889,76.94611111,01-07-2004 08:30,0.8,"","",""
29,AMBARAMPALAYAM,CWC,33,Tamil Nadu,569,Coimbatore,POLLACHI,ANAIMALAI,Ambarampalayam,Bharathapuzha,West flowing rivers from Tadri to Kanyakumari,Aliyar,-,-,Aliyar,10.63138889,76.94611111,01-09-2004 08:30,1.2,"","",""
30,AMBARAMPALAYAM,CWC,33,Tamil Nadu,569,Coimbatore,POLLACHI,ANAIMALAI,Ambarampalayam,Bharathapuzha,West flowing rivers from Tadri to Kanyakumari,Aliyar,-,-,Aliyar,10.63138889,76.94611111,01-11-2004 09:15,3.1,"","",""
31,AMBARAMPALAYAM,CWC,33,Tamil Nadu,569,Coimbatore,POLLACHI,ANAIMALAI,Ambarampalayam,Bharathapuzha,West flowing rivers from Tadri to Kanyakumari,Aliyar,-,-,Aliyar,10.63138889,76.94611111,01-01-2005 08:25,0.2,"","",""
32,AMBARAMPALAYAM,CWC,33,Tamil Nadu,569,Coimbatore,POLLACHI,ANAIMALAI,Ambarampalayam,Bharathapuzha,West flowing rivers from Tadri to Kanyakumari,Aliyar,-,-,Aliyar,10.63138889,76.94611111,01-03-2005 08:30,2,"","",""
33,AMBARAMPALAYAM,CWC,33,Tamil Nadu,569,Coimbatore,POLLACHI,ANAIMALAI,Ambarampalayam,Bharathapuzha,West flowing rivers from Tadri to Kanyakumari,Aliyar,-,-,Aliyar,10.63138889,76.94611111,02-05-2005 09:00,1.8,"","",""
34,AMBARAMPALAYAM,CWC,33,Tamil Nadu,569,Coimbatore,POLLACHI,ANAIMALAI,Ambarampalayam,Bharathapuzha,West flowing rivers from Tadri to Kanyakumari,Aliyar,-,-,Aliyar,10.63138889,76.94611111,01-06-2005 08:30,0.8,"","",""
35,AMBARAMPALAYAM,CWC,33,Tamil Nadu,569,Coimbatore,POLLACHI,ANAIMALAI,Ambarampalayam,Bharathapuzha,West flowing rivers from Tadri to Kanyakumari,Aliyar,-,-,Aliyar,10.63138889,76.94611111,01-07-2005 09:00,1.3,"","",""
36,AMBARAMPALAYAM,CWC,33,Tamil Nadu,569,Coimbatore,POLLACHI,ANAIMALAI,Ambarampalayam,Bharathapuzha,West flowing rivers from Tadri to Kanyakumari,Aliyar,-,-,Aliyar,10.63138889,76.94611111,01-08-2005 08:15,2,"","",""
37,AMBARAMPALAYAM,CWC,33,Tamil Nadu,569,Coimbatore,POLLACHI,ANAIMALAI,Ambarampalayam,Bharathapuzha,West flowing rivers from Tadri to Kanyakumari,Aliyar,-,-,Aliyar,10.63138889,76.94611111,01-09-2005 08:15,1,"","",""
38,AMBARAMPALAYAM,CWC,33,Tamil Nadu,569,Coimbatore,POLLACHI,ANAIMALAI,Ambarampalayam,Bharathapuzha,West flowing rivers from Tadri to Kanyakumari,Aliyar,-,-,Aliyar,10.63138889,76.94611111,01-10-2005 08:15,1,"","",""
39,AMBARAMPALAYAM,CWC,33,Tamil Nadu,569,Coimbatore,POLLACHI,ANAIMALAI,Ambarampalayam,Bharathapuzha,West flowing rivers from Tadri to Kanyakumari,Aliyar,-,-,Aliyar,10.63138889,76.94611111,02-11-2005 09:00,0.8,"","",""
40,AMBARAMPALAYAM,CWC,33,Tamil Nadu,569,Coimbatore,POLLACHI,ANAIMALAI,Ambarampalayam,Bharathapuzha,West flowing rivers from Tadri to Kanyakumari,Aliyar,-,-,Aliyar,10.63138889,76.94611111,01-12-2005 08:20,1.8,"","",""
41,AMBARAMPALAYAM,CWC,33,Tamil Nadu,569,Coimbatore,POLLACHI,ANAIMALAI,Ambarampalayam,Bharathapuzha,West flowing rivers from Tadri to Kanyakumari,Aliyar,-,-,Aliyar,10.63138889,76.94611111,02-01-2006 08:15,1.2,"","",""
42,AMBARAMPALAYAM,CWC,33,Tamil Nadu,569,Coimbatore,POLLACHI,ANAIMALAI,Ambarampalayam,Bharathapuzha,West flowing rivers from Tadri to Kanyakumari,Aliyar,-,-,Aliyar,10.63138889,76.94611111,01-02-2006 08:20,0.9,"","",""
43,AMBARAMPALAYAM,CWC,33,Tamil Nadu,569,Coimbatore,POLLACHI,ANAIMALAI,Ambarampalayam,Bharathapuzha,West flowing rivers from Tadri to Kanyakumari,Aliyar,-,-,Aliyar,10.63138889,76.94611111,01-03-2006 09:00,0.6,"","",""
44,AMBARAMPALAYAM,CWC,33,Tamil Nadu,569,Coimbatore,POLLACHI,ANAIMALAI,Ambarampalayam,Bharathapuzha,West flowing rivers from Tadri to Kanyakumari,Aliyar,-,-,Aliyar,10.63138889,76.94611111,01-04-2006 08:15,0.5,"","",""
45,AMBARAMPALAYAM,CWC,33,Tamil Nadu,569,Coimbatore,POLLACHI,ANAIMALAI,Ambarampalayam,Bharathapuzha,West flowing rivers from Tadri to Kanyakumari,Aliyar,-,-,Aliyar,10.63138889,76.94611111,01-05-2006 08:30,0.8,"","",""
46,AMBARAMPALAYAM,CWC,33,Tamil Nadu,569,Coimbatore,POLLACHI,ANAIMALAI,Ambarampalayam,Bharathapuzha,West flowing rivers from Tadri to Kanyakumari,Aliyar,-,-,Aliyar,10.63138889,76.94611111,01-06-2006 08:15,1.7,"","",""
47,AMBARAMPALAYAM,CWC,33,Tamil Nadu,569,Coimbatore,POLLACHI,ANAIMALAI,Ambarampalayam,Bharathapuzha,West flowing rivers from Tadri to Kanyakumari,Aliyar,-,-,Aliyar,10.63138889,76.94611111,01-08-2006 08:15,2.1,"","",""
48,AMBARAMPALAYAM,CWC,33,Tamil Nadu,569,Coimbatore,POLLACHI,ANAIMALAI,Ambarampalayam,Bharathapuzha,West flowing rivers from Tadri to Kanyakumari,Aliyar,-,-,Aliyar,10.63138889,76.94611111,01-09-2006 08:15,1,"","",""
49,AMBARAMPALAYAM,CWC,33,Tamil Nadu,569,Coimbatore,POLLACHI,ANAIMALAI,Ambarampalayam,Bharathapuzha,West flowing rivers from Tadri to Kanyakumari,Aliyar,-,-,Aliyar,10.63138889,76.94611111,03-10-2006 08:30,1.4,"","",""
50,AMBARAMPALAYAM,CWC,33,Tamil Nadu,569,Coimbatore,POLLACHI,ANAIMALAI,Ambarampalayam,Bharathapuzha,West flowing rivers from Tadri to Kanyakumari,Aliyar,-,-,Aliyar,10.63138889,76.94611111,01-11-2006 08:30,2,"","",""
51,AMBARAMPALAYAM,CWC,33,Tamil Nadu,569,Coimbatore,POLLACHI,ANAIMALAI,Ambarampalayam,Bharathapuzha,West flowing rivers from Tadri to Kanyakumari,Aliyar,-,-,Aliyar,10.63138889,76.94611111,01-12-2006 08:30,0.4,"","",""
52,AMBARAMPALAYAM,CWC,33,Tamil Nadu,569,Coimbatore,POLLACHI,ANAIMALAI,Ambarampalayam,Bharathapuzha,West flowing rivers from Tadri to Kanyakumari,Aliyar,-,-,Aliyar,10.63138889,76.94611111,02-01-2007 08:15,0.9,"","",""
53,AMBARAMPALAYAM,CWC,33,Tamil Nadu,569,Coimbatore,POLLACHI,ANAIMALAI,Ambarampalayam,Bharathapuzha,West flowing rivers from Tadri to Kanyakumari,Aliyar,-,-,Aliyar,10.63138889,76.94611111,01-02-2007 08:30,1.3,"","",""
54,AMBARAMPALAYAM,CWC,33,Tamil Nadu,569,Coimbatore,POLLACHI,ANAIMALAI,Ambarampalayam,Bharathapuzha,West flowing rivers from Tadri to Kanyakumari,Aliyar,-,-,Aliyar,10.63138889,76.94611111,01-03-2007 08:30,0.5,"","",""
55,AMBARAMPALAYAM,CWC,33,Tamil Nadu,569,Coimbatore,POLLACHI,ANAIMALAI,Ambarampalayam,Bharathapuzha,West flowing rivers from Tadri to Kanyakumari,Aliyar,-,-,Aliyar,10.63138889,76.94611111,02-04-2007 08:30,0.2,"","",""
56,AMBARAMPALAYAM,CWC,33,Tamil Nadu,569,Coimbatore,POLLACHI,ANAIMALAI,Ambarampalayam,Bharathapuzha,West flowing rivers from Tadri to Kanyakumari,Aliyar,-,-,Aliyar,10.63138889,76.94611111,01-05-2007 09:00,1.1,"","",""
57,AMBARAMPALAYAM,CWC,33,Tamil Nadu,569,Coimbatore,POLLACHI,ANAIMALAI,Ambarampalayam,Bharathapuzha,West flowing rivers from Tadri to Kanyakumari,Aliyar,-,-,Aliyar,10.63138889,76.94611111,01-06-2007 08:15,1,"","",""
58,AMBARAMPALAYAM,CWC,33,Tamil Nadu,569,Coimbatore,POLLACHI,ANAIMALAI,Ambarampalayam,Bharathapuzha,West flowing rivers from Tadri to Kanyakumari,Aliyar,-,-,Aliyar,10.63138889,76.94611111,02-07-2007 09:00,0.7,"","",""
59,AMBARAMPALAYAM,CWC,33,Tamil Nadu,569,Coimbatore,POLLACHI,ANAIMALAI,Ambarampalayam,Bharathapuzha,West flowing rivers from Tadri to Kanyakumari,Aliyar,-,-,Aliyar,10.63138889,76.94611111,01-08-2007 09:00,0.5,"","",""
60,AMBARAMPALAYAM,CWC,33,Tamil Nadu,569,Coimbatore,POLLACHI,ANAIMALAI,Ambarampalayam,Bharathapuzha,West flowing rivers from Tadri to Kanyakumari,Aliyar,-,-,Aliyar,10.63138889,76.94611111,01-09-2007 08:30,0.6,"","",""
61,AMBARAMPALAYAM,CWC,33,Tamil Nadu,569,Coimbatore,POLLACHI,ANAIMALAI,Ambarampalayam,Bharathapuzha,West flowing rivers from Tadri to Kanyakumari,Aliyar,-,-,Aliyar,10.63138889,76.94611111,03-10-2007 08:30,1,"","",""
62,AMBARAMPALAYAM,CWC,33,Tamil Nadu,569,Coimbatore,POLLACHI,ANAIMALAI,Ambarampalayam,Bharathapuzha,West flowing rivers from Tadri to Kanyakumari,Aliyar,-,-,Aliyar,10.63138889,76.94611111,01-11-2007 08:30,1.1,"","",""
63,AMBARAMPALAYAM,CWC,33,Tamil Nadu,569,Coimbatore,POLLACHI,ANAIMALAI,Ambarampalayam,Bharathapuzha,West flowing rivers from Tadri to Kanyakumari,Aliyar,-,-,Aliyar,10.63138889,76.94611111,01-12-2007 08:30,0.4,"","",""
64,AMBARAMPALAYAM,CWC,33,Tamil Nadu,569,Coimbatore,POLLACHI,ANAIMALAI,Ambarampalayam,Bharathapuzha,West flowing rivers from Tadri to Kanyakumari,Aliyar,-,-,Aliyar,10.63138889,76.94611111,01-01-2008 08:30,0.5,"","",""
65,AMBARAMPALAYAM,CWC,33,Tamil Nadu,569,Coimbatore,POLLACHI,ANAIMALAI,Ambarampalayam,Bharathapuzha,West flowing rivers from Tadri to Kanyakumari,Aliyar,-,-,Aliyar,10.63138889,76.94611111,01-02-2008 08:30,0.7,"","",""
66,AMBARAMPALAYAM,CWC,33,Tamil Nadu,569,Coimbatore,POLLACHI,ANAIMALAI,Ambarampalayam,Bharathapuzha,West flowing rivers from Tadri to Kanyakumari,Aliyar,-,-,Aliyar,10.63138889,76.94611111,01-03-2008 08:15,0.3,"","",""
67,AMBARAMPALAYAM,CWC,33,Tamil Nadu,569,Coimbatore,POLLACHI,ANAIMALAI,Ambarampalayam,Bharathapuzha,West flowing rivers from Tadri to Kanyakumari,Aliyar,-,-,Aliyar,10.63138889,76.94611111,01-04-2008 08:15,0.6,"","",""
68,AMBARAMPALAYAM,CWC,33,Tamil Nadu,569,Coimbatore,POLLACHI,ANAIMALAI,Ambarampalayam,Bharathapuzha,West flowing rivers from Tadri to Kanyakumari,Aliyar,-,-,Aliyar,10.63138889,76.94611111,01-05-2008 08:45,0.4,"","",""
69,AMBARAMPALAYAM,CWC,33,Tamil Nadu,569,Coimbatore,POLLACHI,ANAIMALAI,Ambarampalayam,Bharathapuzha,West flowing rivers from Tadri to Kanyakumari,Aliyar,-,-,Aliyar,10.63138889,76.94611111,02-06-2008 08:00,0.8,"","",""
70,AMBARAMPALAYAM,CWC,33,Tamil Nadu,569,Coimbatore,POLLACHI,ANAIMALAI,Ambarampalayam,Bharathapuzha,West flowing rivers from Tadri to Kanyakumari,Aliyar,-,-,Aliyar,10.63138889,76.94611111,01-07-2008 08:00,1.6,"","",""
71,AMBARAMPALAYAM,CWC,33,Tamil Nadu,569,Coimbatore,POLLACHI,ANAIMALAI,Ambarampalayam,Bharathapuzha,West flowing rivers from Tadri to Kanyakumari,Aliyar,-,-,Aliyar,10.63138889,76.94611111,01-08-2008 08:00,0.7,"","",""
72,AMBARAMPALAYAM,CWC,33,Tamil Nadu,569,Coimbatore,POLLACHI,ANAIMALAI,Ambarampalayam,Bharathapuzha,West flowing rivers from Tadri to Kanyakumari,Aliyar,-,-,Aliyar,10.63138889,76.94611111,01-09-2008 08:00,0.5,"","",""
73,AMBARAMPALAYAM,CWC,33,Tamil Nadu,569,Coimbatore,POLLACHI,ANAIMALAI,Ambarampalayam,Bharathapuzha,West flowing rivers from Tadri to Kanyakumari,Aliyar,-,-,Aliyar,10.63138889,76.94611111,03-10-2008 08:00,0.5,"","",""
74,AMBARAMPALAYAM,CWC,33,Tamil Nadu,569,Coimbatore,POLLACHI,ANAIMALAI,Ambarampalayam,Bharathapuzha,West flowing rivers from Tadri to Kanyakumari,Aliyar,-,-,Aliyar,10.63138889,76.94611111,01-11-2008 08:00,1.1,"","",""
75,AMBARAMPALAYAM,CWC,33,Tamil Nadu,569,Coimbatore,POLLACHI,ANAIMALAI,Ambarampalayam,Bharathapuzha,West flowing rivers from Tadri to Kanyakumari,Aliyar,-,-,Aliyar,10.63138889,76.94611111,01-12-2008 08:00,0.4,"","",""
76,AMBARAMPALAYAM,CWC,33,Tamil Nadu,569,Coimbatore,POLLACHI,ANAIMALAI,Ambarampalayam,Bharathapuzha,West flowing rivers from Tadri to Kanyakumari,Aliyar,-,-,Aliyar,10.63138889,76.94611111,01-01-2009 08:00,0.8,"","",""
77,AMBARAMPALAYAM,CWC,33,Tamil Nadu,569,Coimbatore,POLLACHI,ANAIMALAI,Ambarampalayam,Bharathapuzha,West flowing rivers from Tadri to Kanyakumari,Aliyar,-,-,Aliyar,10.63138889,76.94611111,02-02-2009 08:00,0.3,"","",""
78,AMBARAMPALAYAM,CWC,33,Tamil Nadu,569,Coimbatore,POLLACHI,ANAIMALAI,Ambarampalayam,Bharathapuzha,West flowing rivers from Tadri to Kanyakumari,Aliyar,-,-,Aliyar,10.63138889,76.94611111,02-03-2009 08:00,0.8,"","",""
79,AMBARAMPALAYAM,CWC,33,Tamil Nadu,569,Coimbatore,POLLACHI,ANAIMALAI,Ambarampalayam,Bharathapuzha,West flowing rivers from Tadri to Kanyakumari,Aliyar,-,-,Aliyar,10.63138889,76.94611111,01-04-2009 08:00,0.3,"","",""
80,AMBARAMPALAYAM,CWC,33,Tamil Nadu,569,Coimbatore,POLLACHI,ANAIMALAI,Ambarampalayam,Bharathapuzha,West flowing rivers from Tadri to Kanyakumari,Aliyar,-,-,Aliyar,10.63138889,76.94611111,01-05-2009 08:00,2.4,"","",""
81,AMBARAMPALAYAM,CWC,33,Tamil Nadu,569,Coimbatore,POLLACHI,ANAIMALAI,Ambarampalayam,Bharathapuzha,West flowing rivers from Tadri to Kanyakumari,Aliyar,-,-,Aliyar,10.63138889,76.94611111,01-06-2009 09:00,0.7,"","",""
82,AMBARAMPALAYAM,CWC,33,Tamil Nadu,569,Coimbatore,POLLACHI,ANAIMALAI,Ambarampalayam,Bharathapuzha,West flowing rivers from Tadri to Kanyakumari,Aliyar,-,-,Aliyar,10.63138889,76.94611111,01-07-2009 08:30,0.4,"","",""
83,AMBARAMPALAYAM,CWC,33,Tamil Nadu,569,Coimbatore,POLLACHI,ANAIMALAI,Ambarampalayam,Bharathapuzha,West flowing rivers from Tadri to Kanyakumari,Aliyar,-,-,Aliyar,10.63138889,76.94611111,01-08-2009 08:30,0.5,"","",""
84,AMBARAMPALAYAM,CWC,33,Tamil Nadu,569,Coimbatore,POLLACHI,ANAIMALAI,Ambarampalayam,Bharathapuzha,West flowing rivers from Tadri to Kanyakumari,Aliyar,-,-,Aliyar,10.63138889,76.94611111,01-09-2009 08:30,0.7,"","",""
85,AMBARAMPALAYAM,CWC,33,Tamil Nadu,569,Coimbatore,POLLACHI,ANAIMALAI,Ambarampalayam,Bharathapuzha,West flowing rivers from Tadri to Kanyakumari,Aliyar,-,-,Aliyar,10.63138889,76.94611111,01-10-2009 08:30,0.1,"","",""
86,AMBARAMPALAYAM,CWC,33,Tamil Nadu,569,Coimbatore,POLLACHI,ANAIMALAI,Ambarampalayam,Bharathapuzha,West flowing rivers from Tadri to Kanyakumari,Aliyar,-,-,Aliyar,10.63138889,76.94611111,01-12-2009 08:15,0.1,"","",""
87,AMBARAMPALAYAM,CWC,33,Tamil Nadu,569,Coimbatore,POLLACHI,ANAIMALAI,Ambarampalayam,Bharathapuzha,West flowing rivers from Tadri to Kanyakumari,Aliyar,-,-,Aliyar,10.63138889,76.94611111,01-01-2010 08:30,0.7,"","",""
88,AMBARAMPALAYAM,CWC,33,Tamil Nadu,569,Coimbatore,POLLACHI,ANAIMALAI,Ambarampalayam,Bharathapuzha,West flowing rivers from Tadri to Kanyakumari,Aliyar,-,-,Aliyar,10.63138889,76.94611111,01-02-2010 08:15,0.6,"","",""
89,AMBARAMPALAYAM,CWC,33,Tamil Nadu,569,Coimbatore,POLLACHI,ANAIMALAI,Ambarampalayam,Bharathapuzha,West flowing rivers from Tadri to Kanyakumari,Aliyar,-,-,Aliyar,10.63138889,76.94611111,01-03-2010 08:30,1,"","",""
90,AMBARAMPALAYAM,CWC,33,Tamil Nadu,569,Coimbatore,POLLACHI,ANAIMALAI,Ambarampalayam,Bharathapuzha,West flowing rivers from Tadri to Kanyakumari,Aliyar,-,-,Aliyar,10.63138889,76.94611111,01-04-2010 08:45,0.8,"","",""
91,AMBARAMPALAYAM,CWC,33,Tamil Nadu,569,Coimbatore,POLLACHI,ANAIMALAI,Ambarampalayam,Bharathapuzha,West flowing rivers from Tadri to Kanyakumari,Aliyar,-,-,Aliyar,10.63138889,76.94611111,01-05-2010 08:45,1.6,"","",""
92,AMBARAMPALAYAM,CWC,33,Tamil Nadu,569,Coimbatore,POLLACHI,ANAIMALAI,Ambarampalayam,Bharathapuzha,West flowing rivers from Tadri to Kanyakumari,Aliyar,-,-,Aliyar,10.63138889,76.94611111,01-06-2010 08:15,1,"","",""
93,AMBARAMPALAYAM,CWC,33,Tamil Nadu,569,Coimbatore,POLLACHI,ANAIMALAI,Ambarampalayam,Bharathapuzha,West flowing rivers from Tadri to Kanyakumari,Aliyar,-,-,Aliyar,10.63138889,76.94611111,01-07-2010 08:30,0.8,"","",""
94,AMBARAMPALAYAM,CWC,33,Tamil Nadu,569,Coimbatore,POLLACHI,ANAIMALAI,Ambarampalayam,Bharathapuzha,West flowing rivers from Tadri to Kanyakumari,Aliyar,-,-,Aliyar,10.63138889,76.94611111,02-08-2010 08:15,1.4,"","",""
95,AMBARAMPALAYAM,CWC,33,Tamil Nadu,569,Coimbatore,POLLACHI,ANAIMALAI,Ambarampalayam,Bharathapuzha,West flowing rivers from Tadri to Kanyakumari,Aliyar,-,-,Aliyar,10.63138889,76.94611111,01-09-2010 08:15,1.2,"","",""
96,AMBARAMPALAYAM,CWC,33,Tamil Nadu,569,Coimbatore,POLLACHI,ANAIMALAI,Ambarampalayam,Bharathapuzha,West flowing rivers from Tadri to Kanyakumari,Aliyar,-,-,Aliyar,10.63138889,76.94611111,01-10-2010 08:30,1,"","",""
97,AMBARAMPALAYAM,CWC,33,Tamil Nadu,569,Coimbatore,POLLACHI,ANAIMALAI,Ambarampalayam,Bharathapuzha,West flowing rivers from Tadri to Kanyakumari,Aliyar,-,-,Aliyar,10.63138889,76.94611111,01-11-2010 08:15,1.4,"","",""
98,AMBARAMPALAYAM,CWC,33,Tamil Nadu,569,Coimbatore,POLLACHI,ANAIMALAI,Ambarampalayam,Bharathapuzha,West flowing rivers from Tadri to Kanyakumari,Aliyar,-,-,Aliyar,10.63138889,76.94611111,01-12-2010 08:15,0.4,"","",""
99,AMBARAMPALAYAM,CWC,33,Tamil Nadu,569,Coimbatore,POLLACHI,ANAIMALAI,Ambarampalayam,Bharathapuzha,West flowing rivers from Tadri to Kanyakumari,Aliyar,-,-,Aliyar,10.63138889,76.94611111,01-01-2011 08:15,1.6,"","",""
100,AMBARAMPALAYAM,CWC,33,Tamil Nadu,569,Coimbatore,POLLACHI,ANAIMALAI,Ambarampalayam,Bharathapuzha,West flowing rivers from Tadri to Kanyakumari,Aliyar,-,-,Aliyar,10.63138889,76.94611111,01-02-2011 08:10,2,"","",""
101,AMBARAMPALAYAM,CWC,33,Tamil Nadu,569,Coimbatore,POLLACHI,ANAIMALAI,Ambarampalayam,Bharathapuzha,West flowing rivers from Tadri to Kanyakumari,Aliyar,-,-,Aliyar,10.63138889,76.94611111,01-03-2011 08:15,0.8,"","",""
102,AMBARAMPALAYAM,CWC,33,Tamil Nadu,569,Coimbatore,POLLACHI,ANAIMALAI,Ambarampalayam,Bharathapuzha,West flowing rivers from Tadri to Kanyakumari,Aliyar,-,-,Aliyar,10.63138889,76.94611111,01-04-2011 08:30,1.2,"","",""
103,AMBARAMPALAYAM,CWC,33,Tamil Nadu,569,Coimbatore,POLLACHI,ANAIMALAI,Ambarampalayam,Bharathapuzha,West flowing rivers from Tadri to Kanyakumari,Aliyar,-,-,Aliyar,10.63138889,76.94611111,02-05-2011 08:15,4.6,"","",""
104,AMBARAMPALAYAM,CWC,33,Tamil Nadu,569,Coimbatore,POLLACHI,ANAIMALAI,Ambarampalayam,Bharathapuzha,West flowing rivers from Tadri to Kanyakumari,Aliyar,-,-,Aliyar,10.63138889,76.94611111,01-06-2011 08:15,1.2,"","",""
105,AMBARAMPALAYAM,CWC,33,Tamil Nadu,569,Coimbatore,POLLACHI,ANAIMALAI,Ambarampalayam,Bharathapuzha,West flowing rivers from Tadri to Kanyakumari,Aliyar,-,-,Aliyar,10.63138889,76.94611111,01-07-2011 08:30,2.8,"","",""
106,AMBARAMPALAYAM,CWC,33,Tamil Nadu,569,Coimbatore,POLLACHI,ANAIMALAI,Ambarampalayam,Bharathapuzha,West flowing rivers from Tadri to Kanyakumari,Aliyar,-,-,Aliyar,10.63138889,76.94611111,01-08-2011 08:30,1.4,"","",""
107,AMBARAMPALAYAM,CWC,33,Tamil Nadu,569,Coimbatore,POLLACHI,ANAIMALAI,Ambarampalayam,Bharathapuzha,West flowing rivers from Tadri to Kanyakumari,Aliyar,-,-,Aliyar,10.63138889,76.94611111,02-09-2011 08:30,1.8,"","",""
108,AMBARAMPALAYAM,CWC,33,Tamil Nadu,569,Coimbatore,POLLACHI,ANAIMALAI,Ambarampalayam,Bharathapuzha,West flowing rivers from Tadri to Kanyakumari,Aliyar,-,-,Aliyar,10.63138889,76.94611111,01-10-2011 08:30,1.8,"","",""
109,AMBARAMPALAYAM,CWC,33,Tamil Nadu,569,Coimbatore,POLLACHI,ANAIMALAI,Ambarampalayam,Bharathapuzha,West flowing rivers from Tadri to Kanyakumari,Aliyar,-,-,Aliyar,10.63138889,76.94611111,01-11-2011 08:15,2.4,"","",""
110,AMBARAMPALAYAM,CWC,33,Tamil Nadu,569,Coimbatore,POLLACHI,ANAIMALAI,Ambarampalayam,Bharathapuzha,West flowing rivers from Tadri to Kanyakumari,Aliyar,-,-,Aliyar,10.63138889,76.94611111,01-12-2011 08:15,0.9,"","",""
111,AMBARAMPALAYAM,CWC,33,Tamil Nadu,569,Coimbatore,POLLACHI,ANAIMALAI,Ambarampalayam,Bharathapuzha,West flowing rivers from Tadri to Kanyakumari,Aliyar,-,-,Aliyar,10.63138889,76.94611111,02-01-2012 08:15,1.2,"","",""
112,AMBARAMPALAYAM,CWC,33,Tamil Nadu,569,Coimbatore,POLLACHI,ANAIMALAI,Ambarampalayam,Bharathapuzha,West flowing rivers from Tadri to Kanyakumari,Aliyar,-,-,Aliyar,10.63138889,76.94611111,01-02-2012 08:30,1.7,"","",""
113,AMBARAMPALAYAM,CWC,33,Tamil Nadu,569,Coimbatore,POLLACHI,ANAIMALAI,Ambarampalayam,Bharathapuzha,West flowing rivers from Tadri to Kanyakumari,Aliyar,-,-,Aliyar,10.63138889,76.94611111,01-03-2012 08:15,2,"","",""
114,AMBARAMPALAYAM,CWC,33,Tamil Nadu,569,Coimbatore,POLLACHI,ANAIMALAI,Ambarampalayam,Bharathapuzha,West flowing rivers from Tadri to Kanyakumari,Aliyar,-,-,Aliyar,10.63138889,76.94611111,02-04-2012 08:45,2.1,"","",""
115,AMBARAMPALAYAM,CWC,33,Tamil Nadu,569,Coimbatore,POLLACHI,ANAIMALAI,Ambarampalayam,Bharathapuzha,West flowing rivers from Tadri to Kanyakumari,Aliyar,-,-,Aliyar,10.63138889,76.94611111,01-05-2012 08:30,1,"","",""
116,AMBARAMPALAYAM,CWC,33,Tamil Nadu,569,Coimbatore,POLLACHI,ANAIMALAI,Ambarampalayam,Bharathapuzha,West flowing rivers from Tadri to Kanyakumari,Aliyar,-,-,Aliyar,10.63138889,76.94611111,01-06-2012 08:20,0.7,"","",""
117,AMBARAMPALAYAM,CWC,33,Tamil Nadu,569,Coimbatore,POLLACHI,ANAIMALAI,Ambarampalayam,Bharathapuzha,West flowing rivers from Tadri to Kanyakumari,Aliyar,-,-,Aliyar,10.63138889,76.94611111,02-07-2012 08:30,2,"","",""
118,AMBARAMPALAYAM,CWC,33,Tamil Nadu,569,Coimbatore,POLLACHI,ANAIMALAI,Ambarampalayam,Bharathapuzha,West flowing rivers from Tadri to Kanyakumari,Aliyar,-,-,Aliyar,10.63138889,76.94611111,01-08-2012 09:00,2,"","",""
119,AMBARAMPALAYAM,CWC,33,Tamil Nadu,569,Coimbatore,POLLACHI,ANAIMALAI,Ambarampalayam,Bharathapuzha,West flowing rivers from Tadri to Kanyakumari,Aliyar,-,-,Aliyar,10.63138889,76.94611111,01-09-2012 08:30,1.8,"","",""
120,AMBARAMPALAYAM,CWC,33,Tamil Nadu,569,Coimbatore,POLLACHI,ANAIMALAI,Ambarampalayam,Bharathapuzha,West flowing rivers from Tadri to Kanyakumari,Aliyar,-,-,Aliyar,10.63138889,76.94611111,01-10-2012 08:30,3.3,"","",""
121,AMBARAMPALAYAM,CWC,33,Tamil Nadu,569,Coimbatore,POLLACHI,ANAIMALAI,Ambarampalayam,Bharathapuzha,West flowing rivers from Tadri to Kanyakumari,Aliyar,-,-,Aliyar,10.63138889,76.94611111,01-11-2012 08:30,1.2,"","",""
122,AMBARAMPALAYAM,CWC,33,Tamil Nadu,569,Coimbatore,POLLACHI,ANAIMALAI,Ambarampalayam,Bharathapuzha,West flowing rivers from Tadri to Kanyakumari,Aliyar,-,-,Aliyar,10.63138889,76.94611111,01-12-2012 08:30,1.6,"","",""
123,AMBARAMPALAYAM,CWC,33,Tamil Nadu,569,Coimbatore,POLLACHI,ANAIMALAI,Ambarampalayam,Bharathapuzha,West flowing rivers from Tadri to Kanyakumari,Aliyar,-,-,Aliyar,10.63138889,76.94611111,01-01-2013 08:30,1.5,"","",""
124,AMBARAMPALAYAM,CWC,33,Tamil Nadu,569,Coimbatore,POLLACHI,ANAIMALAI,Ambarampalayam,Bharathapuzha,West flowing rivers from Tadri to Kanyakumari,Aliyar,-,-,Aliyar,10.63138889,76.94611111,01-02-2013 09:00,1.4,"","",""
125,AMBARAMPALAYAM,CWC,33,Tamil Nadu,569,Coimbatore,POLLACHI,ANAIMALAI,Ambarampalayam,Bharathapuzha,West flowing rivers from Tadri to Kanyakumari,Aliyar,-,-,Aliyar,10.63138889,76.94611111,01-03-2013 09:00,0.6,"","",""
126,AMBARAMPALAYAM,CWC,33,Tamil Nadu,569,Coimbatore,POLLACHI,ANAIMALAI,Ambarampalayam,Bharathapuzha,West flowing rivers from Tadri to Kanyakumari,Aliyar,-,-,Aliyar,10.63138889,76.94611111,01-04-2013 09:00,0.8,"","",""
127,AMBARAMPALAYAM,CWC,33,Tamil Nadu,569,Coimbatore,POLLACHI,ANAIMALAI,Ambarampalayam,Bharathapuzha,West flowing rivers from Tadri to Kanyakumari,Aliyar,-,-,Aliyar,10.63138889,76.94611111,01-05-2013 09:00,1.3,"","",""
128,AMBARAMPALAYAM,CWC,33,Tamil Nadu,569,Coimbatore,POLLACHI,ANAIMALAI,Ambarampalayam,Bharathapuzha,West flowing rivers from Tadri to Kanyakumari,Aliyar,-,-,Aliyar,10.63138889,76.94611111,01-06-2013 09:00,0.8,"","",""
129,AMBARAMPALAYAM,CWC,33,Tamil Nadu,569,Coimbatore,POLLACHI,ANAIMALAI,Ambarampalayam,Bharathapuzha,West flowing rivers from Tadri to Kanyakumari,Aliyar,-,-,Aliyar,10.63138889,76.94611111,01-07-2013 08:15,0.8,"","",""
130,AMBARAMPALAYAM,CWC,33,Tamil Nadu,569,Coimbatore,POLLACHI,ANAIMALAI,Ambarampalayam,Bharathapuzha,West flowing rivers from Tadri to Kanyakumari,Aliyar,-,-,Aliyar,10.63138889,76.94611111,01-08-2013 08:30,0.6,"","",""
131,AMBARAMPALAYAM,CWC,33,Tamil Nadu,569,Coimbatore,POLLACHI,ANAIMALAI,Ambarampalayam,Bharathapuzha,West flowing rivers from Tadri to Kanyakumari,Aliyar,-,-,Aliyar,10.63138889,76.94611111,02-09-2013 08:30,1.6,"","",""
132,AMBARAMPALAYAM,CWC,33,Tamil Nadu,569,Coimbatore,POLLACHI,ANAIMALAI,Ambarampalayam,Bharathapuzha,West flowing rivers from Tadri to Kanyakumari,Aliyar,-,-,Aliyar,10.63138889,76.94611111,01-10-2013 08:15,1.8,"","",""
133,AMBARAMPALAYAM,CWC,33,Tamil Nadu,569,Coimbatore,POLLACHI,ANAIMALAI,Ambarampalayam,Bharathapuzha,West flowing rivers from Tadri to Kanyakumari,Aliyar,-,-,Aliyar,10.63138889,76.94611111,01-11-2013 08:15,0.5,"","",""
134,AMBARAMPALAYAM,CWC,33,Tamil Nadu,569,Coimbatore,POLLACHI,ANAIMALAI,Ambarampalayam,Bharathapuzha,West flowing rivers from Tadri to Kanyakumari,Aliyar,-,-,Aliyar,10.63138889,76.94611111,02-12-2013 08:15,3.6,"","",""
135,AMBARAMPALAYAM,CWC,33,Tamil Nadu,569,Coimbatore,POLLACHI,ANAIMALAI,Ambarampalayam,Bharathapuzha,West flowing rivers from Tadri to Kanyakumari,Aliyar,-,-,Aliyar,10.63138889,76.94611111,01-01-2014 08:15,1,"","",""
136,AMBARAMPALAYAM,CWC,33,Tamil Nadu,569,Coimbatore,POLLACHI,ANAIMALAI,Ambarampalayam,Bharathapuzha,West flowing rivers from Tadri to Kanyakumari,Aliyar,-,-,Aliyar,10.63138889,76.94611111,01-02-2014 08:15,1.6,"","",""
137,AMBARAMPALAYAM,CWC,33,Tamil Nadu,569,Coimbatore,POLLACHI,ANAIMALAI,Ambarampalayam,Bharathapuzha,West flowing rivers from Tadri to Kanyakumari,Aliyar,-,-,Aliyar,10.63138889,76.94611111,01-03-2014 08:30,1.4,"","",""
138,AMBARAMPALAYAM,CWC,33,Tamil Nadu,569,Coimbatore,POLLACHI,ANAIMALAI,Ambarampalayam,Bharathapuzha,West flowing rivers from Tadri to Kanyakumari,Aliyar,-,-,Aliyar,10.63138889,76.94611111,01-04-2014 09:00,1.4,"","",""
139,AMBARAMPALAYAM,CWC,33,Tamil Nadu,569,Coimbatore,POLLACHI,ANAIMALAI,Ambarampalayam,Bharathapuzha,West flowing rivers from Tadri to Kanyakumari,Aliyar,-,-,Aliyar,10.63138889,76.94611111,01-05-2014 09:00,1,"","",""
140,AMBARAMPALAYAM,CWC,33,Tamil Nadu,569,Coimbatore,POLLACHI,ANAIMALAI,Ambarampalayam,Bharathapuzha,West flowing rivers from Tadri to Kanyakumari,Aliyar,-,-,Aliyar,10.63138889,76.94611111,02-06-2014 09:00,0.8,"","",""
141,AMBARAMPALAYAM,CWC,33,Tamil Nadu,569,Coimbatore,POLLACHI,ANAIMALAI,Ambarampalayam,Bharathapuzha,West flowing rivers from Tadri to Kanyakumari,Aliyar,-,-,Aliyar,10.63138889,76.94611111,01-08-2014 09:00,6.6,"","",""
142,AMBARAMPALAYAM,CWC,33,Tamil Nadu,569,Coimbatore,POLLACHI,ANAIMALAI,Ambarampalayam,Bharathapuzha,West flowing rivers from Tadri to Kanyakumari,Aliyar,-,-,Aliyar,10.63138889,76.94611111,01-09-2014 08:30,1.16,"","",""
143,AMBARAMPALAYAM,CWC,33,Tamil Nadu,569,Coimbatore,POLLACHI,ANAIMALAI,Ambarampalayam,Bharathapuzha,West flowing rivers from Tadri to Kanyakumari,Aliyar,-,-,Aliyar,10.63138889,76.94611111,01-10-2014 08:15,0.78,"","",""
144,AMBARAMPALAYAM,CWC,33,Tamil Nadu,569,Coimbatore,POLLACHI,ANAIMALAI,Ambarampalayam,Bharathapuzha,West flowing rivers from Tadri to Kanyakumari,Aliyar,-,-,Aliyar,10.63138889,76.94611111,01-11-2014 08:30,2.67,"","",""
145,AMBARAMPALAYAM,CWC,33,Tamil Nadu,569,Coimbatore,POLLACHI,ANAIMALAI,Ambarampalayam,Bharathapuzha,West flowing rivers from Tadri to Kanyakumari,Aliyar,-,-,Aliyar,10.63138889,76.94611111,01-12-2014 08:45,0.78,"","",""
146,AMBARAMPALAYAM,CWC,33,Tamil Nadu,569,Coimbatore,POLLACHI,ANAIMALAI,Ambarampalayam,Bharathapuzha,West flowing rivers from Tadri to Kanyakumari,Aliyar,-,-,Aliyar,10.63138889,76.94611111,01-01-2015 08:30,1.12,"","",""
147,AMBARAMPALAYAM,CWC,33,Tamil Nadu,569,Coimbatore,POLLACHI,ANAIMALAI,Ambarampalayam,Bharathapuzha,West flowing rivers from Tadri to Kanyakumari,Aliyar,-,-,Aliyar,10.63138889,76.94611111,02-02-2015 08:30,0.79,"","",""
148,AMBARAMPALAYAM,CWC,33,Tamil Nadu,569,Coimbatore,POLLACHI,ANAIMALAI,Ambarampalayam,Bharathapuzha,West flowing rivers from Tadri to Kanyakumari,Aliyar,-,-,Aliyar,10.63138889,76.94611111,02-03-2015 08:30,0.79,"","",""
149,AMBARAMPALAYAM,CWC,33,Tamil Nadu,569,Coimbatore,POLLACHI,ANAIMALAI,Ambarampalayam,Bharathapuzha,West flowing rivers from Tadri to Kanyakumari,Aliyar,-,-,Aliyar,10.63138889,76.94611111,01-04-2015 09:00,0.99,"","",""
150,AMBARAMPALAYAM,CWC,33,Tamil Nadu,569,Coimbatore,POLLACHI,ANAIMALAI,Ambarampalayam,Bharathapuzha,West flowing rivers from Tadri to Kanyakumari,Aliyar,-,-,Aliyar,10.63138889,76.94611111,01-05-2015 08:30,1.37,"","",""
151,AMBARAMPALAYAM,CWC,33,Tamil Nadu,569,Coimbatore,POLLACHI,ANAIMALAI,Ambarampalayam,Bharathapuzha,West flowing rivers from Tadri to Kanyakumari,Aliyar,-,-,Aliyar,10.63138889,76.94611111,01-07-2015 09:10,1.03,"","",""
152,AMBARAMPALAYAM,CWC,33,Tamil Nadu,569,Coimbatore,POLLACHI,ANAIMALAI,Ambarampalayam,Bharathapuzha,West flowing rivers from Tadri to Kanyakumari,Aliyar,-,-,Aliyar,10.63138889,76.94611111,01-08-2015 09:15,1.36,"","",""
153,AMBARAMPALAYAM,CWC,33,Tamil Nadu,569,Coimbatore,POLLACHI,ANAIMALAI,Ambarampalayam,Bharathapuzha,West flowing rivers from Tadri to Kanyakumari,Aliyar,-,-,Aliyar,10.63138889,76.94611111,01-09-2015 08:30,0.81,"","",""
154,AMBARAMPALAYAM,CWC,33,Tamil Nadu,569,Coimbatore,POLLACHI,ANAIMALAI,Ambarampalayam,Bharathapuzha,West flowing rivers from Tadri to Kanyakumari,Aliyar,-,-,Aliyar,10.63138889,76.94611111,01-10-2015 08:30,0.97,"","",""
155,AMBARAMPALAYAM,CWC,33,Tamil Nadu,569,Coimbatore,POLLACHI,ANAIMALAI,Ambarampalayam,Bharathapuzha,West flowing rivers from Tadri to Kanyakumari,Aliyar,-,-,Aliyar,10.63138889,76.94611111,02-11-2015 08:15,1.3,"","",""
156,AMBARAMPALAYAM,CWC,33,Tamil Nadu,569,Coimbatore,POLLACHI,ANAIMALAI,Ambarampalayam,Bharathapuzha,West flowing rivers from Tadri to Kanyakumari,Aliyar,-,-,Aliyar,10.63138889,76.94611111,01-12-2015 08:30,0.95,"","",""
157,AMBARAMPALAYAM,CWC,33,Tamil Nadu,569,Coimbatore,POLLACHI,ANAIMALAI,Ambarampalayam,Bharathapuzha,West flowing rivers from Tadri to Kanyakumari,Aliyar,-,-,Aliyar,10.63138889,76.94611111,01-02-2016 08:30,1.75,"","",""
158,AMBARAMPALAYAM,CWC,33,Tamil Nadu,569,Coimbatore,POLLACHI,ANAIMALAI,Ambarampalayam,Bharathapuzha,West flowing rivers from Tadri to Kanyakumari,Aliyar,-,-,Aliyar,10.63138889,76.94611111,01-03-2016 08:30,0.58,"","",""
159,AMBARAMPALAYAM,CWC,33,Tamil Nadu,569,Coimbatore,POLLACHI,ANAIMALAI,Ambarampalayam,Bharathapuzha,West flowing rivers from Tadri to Kanyakumari,Aliyar,-,-,Aliyar,10.63138889,76.94611111,01-04-2016 08:30,0.78,"","",""
160,AMBARAMPALAYAM,CWC,33,Tamil Nadu,569,Coimbatore,POLLACHI,ANAIMALAI,Ambarampalayam,Bharathapuzha,West flowing rivers from Tadri to Kanyakumari,Aliyar,-,-,Aliyar,10.63138889,76.94611111,02-05-2016 08:30,0.94,"","",""
161,AMBARAMPALAYAM,CWC,33,Tamil Nadu,569,Coimbatore,POLLACHI,ANAIMALAI,Ambarampalayam,Bharathapuzha,West flowing rivers from Tadri to Kanyakumari,Aliyar,-,-,Aliyar,10.63138889,76.94611111,01-06-2016 08:15,1.9,"","",""
162,AMBARAMPALAYAM,CWC,33,Tamil Nadu,569,Coimbatore,POLLACHI,ANAIMALAI,Ambarampalayam,Bharathapuzha,West flowing rivers from Tadri to Kanyakumari,Aliyar,-,-,Aliyar,10.63138889,76.94611111,01-07-2016 08:45,1.9,"","",""
163,AMBARAMPALAYAM,CWC,33,Tamil Nadu,569,Coimbatore,POLLACHI,ANAIMALAI,Ambarampalayam,Bharathapuzha,West flowing rivers from Tadri to Kanyakumari,Aliyar,-,-,Aliyar,10.63138889,76.94611111,01-08-2016 09:00,1.1,"","",""
164,AMBARAMPALAYAM,CWC,33,Tamil Nadu,569,Coimbatore,POLLACHI,ANAIMALAI,Ambarampalayam,Bharathapuzha,West flowing rivers from Tadri to Kanyakumari,Aliyar,-,-,Aliyar,10.63138889,76.94611111,01-09-2016 09:15,1.16,"","",""
165,AMBARAMPALAYAM,CWC,33,Tamil Nadu,569,Coimbatore,POLLACHI,ANAIMALAI,Ambarampalayam,Bharathapuzha,West flowing rivers from Tadri to Kanyakumari,Aliyar,-,-,Aliyar,10.63138889,76.94611111,01-10-2016 09:45,0.38,"","",""
166,AMBARAMPALAYAM,CWC,33,Tamil Nadu,569,Coimbatore,POLLACHI,ANAIMALAI,Ambarampalayam,Bharathapuzha,West flowing rivers from Tadri to Kanyakumari,Aliyar,-,-,Aliyar,10.63138889,76.94611111,01-11-2016 08:30,1.9,"","",""
167,AMBARAMPALAYAM,CWC,33,Tamil Nadu,569,Coimbatore,POLLACHI,ANAIMALAI,Ambarampalayam,Bharathapuzha,West flowing rivers from Tadri to Kanyakumari,Aliyar,-,-,Aliyar,10.63138889,76.94611111,01-12-2016 08:30,1.9,"","",""
168,AMBARAMPALAYAM,CWC,33,Tamil Nadu,569,Coimbatore,POLLACHI,ANAIMALAI,Ambarampalayam,Bharathapuzha,West flowing rivers from Tadri to Kanyakumari,Aliyar,-,-,Aliyar,10.63138889,76.94611111,02-01-2017 09:15,0.74,"","",""
169,AMBARAMPALAYAM,CWC,33,Tamil Nadu,569,Coimbatore,POLLACHI,ANAIMALAI,Ambarampalayam,Bharathapuzha,West flowing rivers from Tadri to Kanyakumari,Aliyar,-,-,Aliyar,10.63138889,76.94611111,01-02-2017 09:15,0.95,"","",""
170,AMBARAMPALAYAM,CWC,33,Tamil Nadu,569,Coimbatore,POLLACHI,ANAIMALAI,Ambarampalayam,Bharathapuzha,West flowing rivers from Tadri to Kanyakumari,Aliyar,-,-,Aliyar,10.63138889,76.94611111,01-03-2017 08:30,1.33,"","",""
171,AMBARAMPALAYAM,CWC,33,Tamil Nadu,569,Coimbatore,POLLACHI,ANAIMALAI,Ambarampalayam,Bharathapuzha,West flowing rivers from Tadri to Kanyakumari,Aliyar,-,-,Aliyar,10.63138889,76.94611111,01-04-2017 09:00,0.77,"","",""
172,AMBARAMPALAYAM,CWC,33,Tamil Nadu,569,Coimbatore,POLLACHI,ANAIMALAI,Ambarampalayam,Bharathapuzha,West flowing rivers from Tadri to Kanyakumari,Aliyar,-,-,Aliyar,10.63138889,76.94611111,01-05-2017 09:15,0.58,"","",""
173,Ambasamudram,CWC,33,Tamil Nadu,588,Theni,THENI,THENI,Theni,Duplicate-Vaigai,East flowing rivers between Pennar and Kanyakumari,Vaigai,-,-,Vaigai,9.92555556,77.51166667,01-11-2001 08:30,1.3,"","",""
174,Ambasamudram,CWC,33,Tamil Nadu,588,Theni,THENI,THENI,Theni,Duplicate-Vaigai,East flowing rivers between Pennar and Kanyakumari,Vaigai,-,-,Vaigai,9.92555556,77.51166667,01-12-2001 08:30,0.8,"","",""
175,Ambasamudram,CWC,33,Tamil Nadu,588,Theni,THENI,THENI,Theni,Duplicate-Vaigai,East flowing rivers between Pennar and Kanyakumari,Vaigai,-,-,Vaigai,9.92555556,77.51166667,01-01-2002 09:15,0.6,"","",""
176,Ambasamudram,CWC,33,Tamil Nadu,588,Theni,THENI,THENI,Theni,Duplicate-Vaigai,East flowing rivers between Pennar and Kanyakumari,Vaigai,-,-,Vaigai,9.92555556,77.51166667,01-11-2002 08:30,3.4,"","",""
177,Ambasamudram,CWC,33,Tamil Nadu,588,Theni,THENI,THENI,Theni,Duplicate-Vaigai,East flowing rivers between Pennar and Kanyakumari,Vaigai,-,-,Vaigai,9.92555556,77.51166667,01-05-2003 08:30,0.8,"","",""
178,Ambasamudram,CWC,33,Tamil Nadu,588,Theni,THENI,THENI,Theni,Duplicate-Vaigai,East flowing rivers between Pennar and Kanyakumari,Vaigai,-,-,Vaigai,9.92555556,77.51166667,01-12-2003 08:30,2,"","",""
179,Ambasamudram,CWC,33,Tamil Nadu,588,Theni,THENI,THENI,Theni,Duplicate-Vaigai,East flowing rivers between Pennar and Kanyakumari,Vaigai,-,-,Vaigai,9.92555556,77.51166667,01-11-2004 08:30,1.1,"","",""
180,Ambasamudram,CWC,33,Tamil Nadu,588,Theni,THENI,THENI,Theni,Duplicate-Vaigai,East flowing rivers between Pennar and Kanyakumari,Vaigai,-,-,Vaigai,9.92555556,77.51166667,01-12-2004 09:00,1,"","",""
181,Ambasamudram,CWC,33,Tamil Nadu,588,Theni,THENI,THENI,Theni,Duplicate-Vaigai,East flowing rivers between Pennar and Kanyakumari,Vaigai,-,-,Vaigai,9.92555556,77.51166667,01-02-2005 08:30,2.2,"","",""
182,Ambasamudram,CWC,33,Tamil Nadu,588,Theni,THENI,THENI,Theni,Duplicate-Vaigai,East flowing rivers between Pennar and Kanyakumari,Vaigai,-,-,Vaigai,9.92555556,77.51166667,07-04-2005 08:30,2.4,"","",""
183,Ambasamudram,CWC,33,Tamil Nadu,588,Theni,THENI,THENI,Theni,Duplicate-Vaigai,East flowing rivers between Pennar and Kanyakumari,Vaigai,-,-,Vaigai,9.92555556,77.51166667,02-05-2005 08:30,2.4,"","",""
184,Ambasamudram,CWC,33,Tamil Nadu,588,Theni,THENI,THENI,Theni,Duplicate-Vaigai,East flowing rivers between Pennar and Kanyakumari,Vaigai,-,-,Vaigai,9.92555556,77.51166667,01-06-2005 08:30,0.3,"","",""
185,Ambasamudram,CWC,33,Tamil Nadu,588,Theni,THENI,THENI,Theni,Duplicate-Vaigai,East flowing rivers between Pennar and Kanyakumari,Vaigai,-,-,Vaigai,9.92555556,77.51166667,01-08-2005 08:30,0.6,"","",""
186,Ambasamudram,CWC,33,Tamil Nadu,588,Theni,THENI,THENI,Theni,Duplicate-Vaigai,East flowing rivers between Pennar and Kanyakumari,Vaigai,-,-,Vaigai,9.92555556,77.51166667,08-10-2005 08:30,3.6,"","",""
187,Ambasamudram,CWC,33,Tamil Nadu,588,Theni,THENI,THENI,Theni,Duplicate-Vaigai,East flowing rivers between Pennar and Kanyakumari,Vaigai,-,-,Vaigai,9.92555556,77.51166667,02-11-2005 08:30,0.8,"","",""
188,Ambasamudram,CWC,33,Tamil Nadu,588,Theni,THENI,THENI,Theni,Duplicate-Vaigai,East flowing rivers between Pennar and Kanyakumari,Vaigai,-,-,Vaigai,9.92555556,77.51166667,01-12-2005 08:30,0.6,"","",""
189,Ambasamudram,CWC,33,Tamil Nadu,588,Theni,THENI,THENI,Theni,Duplicate-Vaigai,East flowing rivers between Pennar and Kanyakumari,Vaigai,-,-,Vaigai,9.92555556,77.51166667,02-01-2006 08:30,0.1,"","",""
190,Ambasamudram,CWC,33,Tamil Nadu,588,Theni,THENI,THENI,Theni,Duplicate-Vaigai,East flowing rivers between Pennar and Kanyakumari,Vaigai,-,-,Vaigai,9.92555556,77.51166667,01-04-2006 08:30,1.9,"","",""
191,Ambasamudram,CWC,33,Tamil Nadu,588,Theni,THENI,THENI,Theni,Duplicate-Vaigai,East flowing rivers between Pennar and Kanyakumari,Vaigai,-,-,Vaigai,9.92555556,77.51166667,01-11-2006 08:30,2.3,"","",""
192,Ambasamudram,CWC,33,Tamil Nadu,588,Theni,THENI,THENI,Theni,Duplicate-Vaigai,East flowing rivers between Pennar and Kanyakumari,Vaigai,-,-,Vaigai,9.92555556,77.51166667,01-12-2006 08:30,0.7,"","",""
193,Ambasamudram,CWC,33,Tamil Nadu,588,Theni,THENI,THENI,Theni,Duplicate-Vaigai,East flowing rivers between Pennar and Kanyakumari,Vaigai,-,-,Vaigai,9.92555556,77.51166667,01-02-2007 08:30,0.9,"","",""
194,Ambasamudram,CWC,33,Tamil Nadu,588,Theni,THENI,THENI,Theni,Duplicate-Vaigai,East flowing rivers between Pennar and Kanyakumari,Vaigai,-,-,Vaigai,9.92555556,77.51166667,02-07-2007 08:30,2.9,"","",""
195,Ambasamudram,CWC,33,Tamil Nadu,588,Theni,THENI,THENI,Theni,Duplicate-Vaigai,East flowing rivers between Pennar and Kanyakumari,Vaigai,-,-,Vaigai,9.92555556,77.51166667,01-11-2007 08:30,1.9,"","",""
196,Ambasamudram,CWC,33,Tamil Nadu,588,Theni,THENI,THENI,Theni,Duplicate-Vaigai,East flowing rivers between Pennar and Kanyakumari,Vaigai,-,-,Vaigai,9.92555556,77.51166667,01-12-2007 08:30,0.5,"","",""
197,Ambasamudram,CWC,33,Tamil Nadu,588,Theni,THENI,THENI,Theni,Duplicate-Vaigai,East flowing rivers between Pennar and Kanyakumari,Vaigai,-,-,Vaigai,9.92555556,77.51166667,01-01-2008 08:30,0.6,"","",""
198,Ambasamudram,CWC,33,Tamil Nadu,588,Theni,THENI,THENI,Theni,Duplicate-Vaigai,East flowing rivers between Pennar and Kanyakumari,Vaigai,-,-,Vaigai,9.92555556,77.51166667,01-02-2008 08:30,0.7,"","",""
199,Ambasamudram,CWC,33,Tamil Nadu,588,Theni,THENI,THENI,Theni,Duplicate-Vaigai,East flowing rivers between Pennar and Kanyakumari,Vaigai,-,-,Vaigai,9.92555556,77.51166667,01-03-2008 08:30,0.9,"","",""
200,Ambasamudram,CWC,33,Tamil Nadu,588,Theni,THENI,THENI,Theni,Duplicate-Vaigai,East flowing rivers between Pennar and Kanyakumari,Vaigai,-,-,Vaigai,9.92555556,77.51166667,01-04-2008 08:30,2.3,"","",""
201,Ambasamudram,CWC,33,Tamil Nadu,588,Theni,THENI,THENI,Theni,Duplicate-Vaigai,East flowing rivers between Pennar and Kanyakumari,Vaigai,-,-,Vaigai,9.92555556,77.51166667,01-05-2008 08:30,0.3,"","",""
202,Ambasamudram,CWC,33,Tamil Nadu,588,Theni,THENI,THENI,Theni,Duplicate-Vaigai,East flowing rivers between Pennar and Kanyakumari,Vaigai,-,-,Vaigai,9.92555556,77.51166667,02-06-2008 08:00,1.4,"","",""
203,Ambasamudram,CWC,33,Tamil Nadu,588,Theni,THENI,THENI,Theni,Duplicate-Vaigai,East flowing rivers between Pennar and Kanyakumari,Vaigai,-,-,Vaigai,9.92555556,77.51166667,01-08-2008 08:00,1.3,"","",""
204,Ambasamudram,CWC,33,Tamil Nadu,588,Theni,THENI,THENI,Theni,Duplicate-Vaigai,East flowing rivers between Pennar and Kanyakumari,Vaigai,-,-,Vaigai,9.92555556,77.51166667,01-09-2008 08:00,0.9,"","",""
205,Ambasamudram,CWC,33,Tamil Nadu,588,Theni,THENI,THENI,Theni,Duplicate-Vaigai,East flowing rivers between Pennar and Kanyakumari,Vaigai,-,-,Vaigai,9.92555556,77.51166667,01-11-2008 08:00,0.9,"","",""
206,Ambasamudram,CWC,33,Tamil Nadu,588,Theni,THENI,THENI,Theni,Duplicate-Vaigai,East flowing rivers between Pennar and Kanyakumari,Vaigai,-,-,Vaigai,9.92555556,77.51166667,01-12-2008 08:00,3.2,"","",""
207,Ambasamudram,CWC,33,Tamil Nadu,588,Theni,THENI,THENI,Theni,Duplicate-Vaigai,East flowing rivers between Pennar and Kanyakumari,Vaigai,-,-,Vaigai,9.92555556,77.51166667,01-01-2009 08:00,0.7,"","",""
208,Ambasamudram,CWC,33,Tamil Nadu,588,Theni,THENI,THENI,Theni,Duplicate-Vaigai,East flowing rivers between Pennar and Kanyakumari,Vaigai,-,-,Vaigai,9.92555556,77.51166667,02-02-2009 08:00,0.4,"","",""
209,Ambasamudram,CWC,33,Tamil Nadu,588,Theni,THENI,THENI,Theni,Duplicate-Vaigai,East flowing rivers between Pennar and Kanyakumari,Vaigai,-,-,Vaigai,9.92555556,77.51166667,01-12-2009 08:30,0.1,"","",""
210,Ambasamudram,CWC,33,Tamil Nadu,588,Theni,THENI,THENI,Theni,Duplicate-Vaigai,East flowing rivers between Pennar and Kanyakumari,Vaigai,-,-,Vaigai,9.92555556,77.51166667,01-01-2010 08:30,0.4,"","",""
211,Ambasamudram,CWC,33,Tamil Nadu,588,Theni,THENI,THENI,Theni,Duplicate-Vaigai,East flowing rivers between Pennar and Kanyakumari,Vaigai,-,-,Vaigai,9.92555556,77.51166667,06-10-2010 08:30,1.4,"","",""
212,Ambasamudram,CWC,33,Tamil Nadu,588,Theni,THENI,THENI,Theni,Duplicate-Vaigai,East flowing rivers between Pennar and Kanyakumari,Vaigai,-,-,Vaigai,9.92555556,77.51166667,01-11-2010 08:30,1.6,"","",""
213,Ambasamudram,CWC,33,Tamil Nadu,588,Theni,THENI,THENI,Theni,Duplicate-Vaigai,East flowing rivers between Pennar and Kanyakumari,Vaigai,-,-,Vaigai,9.92555556,77.51166667,01-12-2010 08:30,0.8,"","",""
214,Ambasamudram,CWC,33,Tamil Nadu,588,Theni,THENI,THENI,Theni,Duplicate-Vaigai,East flowing rivers between Pennar and Kanyakumari,Vaigai,-,-,Vaigai,9.92555556,77.51166667,01-01-2011 08:30,0.4,"","",""
215,Ambasamudram,CWC,33,Tamil Nadu,588,Theni,THENI,THENI,Theni,Duplicate-Vaigai,East flowing rivers between Pennar and Kanyakumari,Vaigai,-,-,Vaigai,9.92555556,77.51166667,01-03-2011 08:30,1,"","",""
216,Ambasamudram,CWC,33,Tamil Nadu,588,Theni,THENI,THENI,Theni,Duplicate-Vaigai,East flowing rivers between Pennar and Kanyakumari,Vaigai,-,-,Vaigai,9.92555556,77.51166667,21-10-2011 08:30,2.5,"","",""
217,Ambasamudram,CWC,33,Tamil Nadu,588,Theni,THENI,THENI,Theni,Duplicate-Vaigai,East flowing rivers between Pennar and Kanyakumari,Vaigai,-,-,Vaigai,9.92555556,77.51166667,01-11-2011 08:30,1.6,"","",""
218,Ambasamudram,CWC,33,Tamil Nadu,588,Theni,THENI,THENI,Theni,Duplicate-Vaigai,East flowing rivers between Pennar and Kanyakumari,Vaigai,-,-,Vaigai,9.92555556,77.51166667,01-12-2011 08:30,1.7,"","",""
219,Ambasamudram,CWC,33,Tamil Nadu,588,Theni,THENI,THENI,Theni,Duplicate-Vaigai,East flowing rivers between Pennar and Kanyakumari,Vaigai,-,-,Vaigai,9.92555556,77.51166667,02-01-2012 08:30,1.6,"","",""
220,Ambasamudram,CWC,33,Tamil Nadu,588,Theni,THENI,THENI,Theni,Duplicate-Vaigai,East flowing rivers between Pennar and Kanyakumari,Vaigai,-,-,Vaigai,9.92555556,77.51166667,01-02-2012 08:30,1.8,"","",""
221,Ambasamudram,CWC,33,Tamil Nadu,588,Theni,THENI,THENI,Theni,Duplicate-Vaigai,East flowing rivers between Pennar and Kanyakumari,Vaigai,-,-,Vaigai,9.92555556,77.51166667,19-10-2012 08:30,1,"","",""
222,Ambasamudram,CWC,33,Tamil Nadu,588,Theni,THENI,THENI,Theni,Duplicate-Vaigai,East flowing rivers between Pennar and Kanyakumari,Vaigai,-,-,Vaigai,9.92555556,77.51166667,01-11-2012 08:30,0.8,"","",""
223,Ambasamudram,CWC,33,Tamil Nadu,588,Theni,THENI,THENI,Theni,Duplicate-Vaigai,East flowing rivers between Pennar and Kanyakumari,Vaigai,-,-,Vaigai,9.92555556,77.51166667,01-12-2012 08:30,1.2,"","",""
224,Ambasamudram,CWC,33,Tamil Nadu,588,Theni,THENI,THENI,Theni,Duplicate-Vaigai,East flowing rivers between Pennar and Kanyakumari,Vaigai,-,-,Vaigai,9.92555556,77.51166667,22-11-2013 08:30,0.8,"","",""
225,Ambasamudram,CWC,33,Tamil Nadu,588,Theni,THENI,THENI,Theni,Duplicate-Vaigai,East flowing rivers between Pennar and Kanyakumari,Vaigai,-,-,Vaigai,9.92555556,77.51166667,05-12-2013 08:30,2.6,"","",""
226,Ambasamudram,CWC,33,Tamil Nadu,588,Theni,THENI,THENI,Theni,Duplicate-Vaigai,East flowing rivers between Pennar and Kanyakumari,Vaigai,-,-,Vaigai,9.92555556,77.51166667,21-10-2014 08:30,0.78,"","",""
227,Ambasamudram,CWC,33,Tamil Nadu,588,Theni,THENI,THENI,Theni,Duplicate-Vaigai,East flowing rivers between Pennar and Kanyakumari,Vaigai,-,-,Vaigai,9.92555556,77.51166667,01-11-2014 08:30,0.38,"","",""
228,Ambasamudram,CWC,33,Tamil Nadu,588,Theni,THENI,THENI,Theni,Duplicate-Vaigai,East flowing rivers between Pennar and Kanyakumari,Vaigai,-,-,Vaigai,9.92555556,77.51166667,01-12-2014 08:30,0.78,"","",""
229,Ambasamudram,CWC,33,Tamil Nadu,588,Theni,THENI,THENI,Theni,Duplicate-Vaigai,East flowing rivers between Pennar and Kanyakumari,Vaigai,-,-,Vaigai,9.92555556,77.51166667,01-01-2015 08:30,0.66,"","",""
230,Ambasamudram,CWC,33,Tamil Nadu,588,Theni,THENI,THENI,Theni,Duplicate-Vaigai,East flowing rivers between Pennar and Kanyakumari,Vaigai,-,-,Vaigai,9.92555556,77.51166667,14-05-2015 08:30,2.91,"","",""
231,Ambasamudram,CWC,33,Tamil Nadu,588,Theni,THENI,THENI,Theni,Duplicate-Vaigai,East flowing rivers between Pennar and Kanyakumari,Vaigai,-,-,Vaigai,9.92555556,77.51166667,01-10-2015 08:30,1.95,"","",""
232,Ambasamudram,CWC,33,Tamil Nadu,588,Theni,THENI,THENI,Theni,Duplicate-Vaigai,East flowing rivers between Pennar and Kanyakumari,Vaigai,-,-,Vaigai,9.92555556,77.51166667,02-11-2015 08:30,1.51,"","",""
233,Ambasamudram,CWC,33,Tamil Nadu,588,Theni,THENI,THENI,Theni,Duplicate-Vaigai,East flowing rivers between Pennar and Kanyakumari,Vaigai,-,-,Vaigai,9.92555556,77.51166667,01-12-2015 08:30,0.95,"","",""
234,Ambasamudram,CWC,33,Tamil Nadu,588,Theni,THENI,THENI,Theni,Duplicate-Vaigai,East flowing rivers between Pennar and Kanyakumari,Vaigai,-,-,Vaigai,9.92555556,77.51166667,01-01-2016 08:30,2.08,"","",""
235,A.P.PURAM,CWC,33,Tamil Nadu,592,Tirunelveli,TIRUNELVELI,-,-,Tambraparani,East flowing rivers between Pennar and Kanyakumari,Chittar,-,-,Chittar,8.90138889,77.64861111,01-05-2015 08:25,0.79,"","",""
236,Arcot,CWC,33,Tamil Nadu,731,Ranipet,Arcot,-,-,Duplicate-Palar,East flowing rivers between Pennar and Kanyakumari,-,-,-,Palar,12.91388889,79.33305556,08-11-2010 08:30,0.201,"","",""
237,Arcot,CWC,33,Tamil Nadu,731,Ranipet,Arcot,-,-,Duplicate-Palar,East flowing rivers between Pennar and Kanyakumari,-,-,-,Palar,12.91388889,79.33305556,01-12-2010 10:00,1.347,"","",""
238,Arcot,CWC,33,Tamil Nadu,731,Ranipet,Arcot,-,-,Duplicate-Palar,East flowing rivers between Pennar and Kanyakumari,-,-,-,Palar,12.91388889,79.33305556,03-01-2011 08:30,1.821,"","",""
239,Arcot,CWC,33,Tamil Nadu,731,Ranipet,Arcot,-,-,Duplicate-Palar,East flowing rivers between Pennar and Kanyakumari,-,-,-,Palar,12.91388889,79.33305556,19-11-2015 09:00,1.09,"","",""
240,Arcot,CWC,33,Tamil Nadu,731,Ranipet,Arcot,-,-,Duplicate-Palar,East flowing rivers between Pennar and Kanyakumari,-,-,-,Palar,12.91388889,79.33305556,01-12-2015 08:00,2.01,"","",""
241,Arcot,CWC,33,Tamil Nadu,731,Ranipet,Arcot,-,-,Duplicate-Palar,East flowing rivers between Pennar and Kanyakumari,-,-,-,Palar,12.91388889,79.33305556,02-01-2016 08:00,2.37,"","",""
242,Arcot,CWC,33,Tamil Nadu,731,Ranipet,Arcot,-,-,Duplicate-Palar,East flowing rivers between Pennar and Kanyakumari,-,-,-,Palar,12.91388889,79.33305556,26-07-2016 10:00,3.1,"","",""
243,Arcot,CWC,33,Tamil Nadu,731,Ranipet,Arcot,-,-,Duplicate-Palar,East flowing rivers between Pennar and Kanyakumari,-,-,-,Palar,12.91388889,79.33305556,01-08-2016 09:00,1.81,"","",""
244,Arcot,CWC,33,Tamil Nadu,731,Ranipet,Arcot,-,-,Duplicate-Palar,East flowing rivers between Pennar and Kanyakumari,-,-,-,Palar,12.91388889,79.33305556,11-09-2017 08:00,3.8,"","",""
245,Arcot,CWC,33,Tamil Nadu,731,Ranipet,Arcot,-,-,Duplicate-Palar,East flowing rivers between Pennar and Kanyakumari,-,-,-,Palar,12.91388889,79.33305556,04-10-2017 08:00,1.3,"","",""
246,Arcot,CWC,33,Tamil Nadu,731,Ranipet,Arcot,-,-,Duplicate-Palar,East flowing rivers between Pennar and Kanyakumari,-,-,-,Palar,12.91388889,79.33305556,01-11-2017 08:00,1.9,"","",""
247,Arcot,CWC,33,Tamil Nadu,731,Ranipet,Arcot,-,-,Duplicate-Palar,East flowing rivers between Pennar and Kanyakumari,-,-,-,Palar,12.91388889,79.33305556,01-12-2017 08:00,2.9,"","",""
248,Arcot,CWC,33,Tamil Nadu,731,Ranipet,Arcot,-,-,Duplicate-Palar,East flowing rivers between Pennar and Kanyakumari,-,-,-,Palar,12.91388889,79.33305556,01-01-2018 08:00,0.2,"","",""
249,Arcot,CWC,33,Tamil Nadu,731,Ranipet,Arcot,-,-,Duplicate-Palar,East flowing rivers between Pennar and Kanyakumari,-,-,-,Palar,12.91388889,79.33305556,17-09-2019 08:00,1,"","",""
250,Arcot,CWC,33,Tamil Nadu,731,Ranipet,Arcot,-,-,Duplicate-Palar,East flowing rivers between Pennar and Kanyakumari,-,-,-,Palar,12.91388889,79.33305556,26-11-2019 08:00,4.7,"","",""
251,Arcot,CWC,33,Tamil Nadu,731,Ranipet,Arcot,-,-,Duplicate-Palar,East flowing rivers between Pennar and Kanyakumari,-,-,-,Palar,12.91388889,79.33305556,02-12-2019 08:00,3.4,"","",""
252,Arcot,CWC,33,Tamil Nadu,731,Ranipet,Arcot,-,-,Duplicate-Palar,East flowing rivers between Pennar and Kanyakumari,-,-,-,Palar,12.91388889,79.33305556,01-01-2020 08:00,4,"","",""
253,Arcot,CWC,33,Tamil Nadu,731,Ranipet,Arcot,-,-,Duplicate-Palar,East flowing rivers between Pennar and Kanyakumari,-,-,-,Palar,12.91388889,79.33305556,16-09-2020 08:00,1.2,"","",""
254,Arcot,CWC,33,Tamil Nadu,731,Ranipet,Arcot,-,-,Duplicate-Palar,East flowing rivers between Pennar and Kanyakumari,-,-,-,Palar,12.91388889,79.33305556,26-10-2020 08:00,2.98,"","",""
255,Arcot,CWC,33,Tamil Nadu,731,Ranipet,Arcot,-,-,Duplicate-Palar,East flowing rivers between Pennar and Kanyakumari,-,-,-,Palar,12.91388889,79.33305556,02-11-2020 08:00,3.01,"","",""
256,Arcot,CWC,33,Tamil Nadu,731,Ranipet,Arcot,-,-,Duplicate-Palar,East flowing rivers between Pennar and Kanyakumari,-,-,-,Palar,12.91388889,79.33305556,01-12-2020 08:00,3.21,"","",""
257,Arcot,CWC,33,Tamil Nadu,731,Ranipet,Arcot,-,-,Duplicate-Palar,East flowing rivers between Pennar and Kanyakumari,-,-,-,Palar,12.91388889,79.33305556,14-12-2020 08:00,2.41,"","",""
258,Arcot,CWC,33,Tamil Nadu,731,Ranipet,Arcot,-,-,Duplicate-Palar,East flowing rivers between Pennar and Kanyakumari,-,-,-,Palar,12.91388889,79.33305556,22-12-2020 08:00,2.21,"","",""
259,BILIGUNDULU,CWC,33,Tamil Nadu,571,Dharmapuri,Denkanikotti,-,-,Cauvery,Cauvery,-,-,-,Cauvery,12.18222222,77.72388889,01-11-1993 08:30,1.33,"","",""
260,BILIGUNDULU,CWC,33,Tamil Nadu,571,Dharmapuri,Denkanikotti,-,-,Cauvery,Cauvery,-,-,-,Cauvery,12.18222222,77.72388889,01-12-1993 08:30,1.43,"","",""
261,BILIGUNDULU,CWC,33,Tamil Nadu,571,Dharmapuri,Denkanikotti,-,-,Cauvery,Cauvery,-,-,-,Cauvery,12.18222222,77.72388889,01-01-1994 08:30,0.98,"","",""
262,BILIGUNDULU,CWC,33,Tamil Nadu,571,Dharmapuri,Denkanikotti,-,-,Cauvery,Cauvery,-,-,-,Cauvery,12.18222222,77.72388889,01-02-1994 08:30,1.65,"","",""
263,BILIGUNDULU,CWC,33,Tamil Nadu,571,Dharmapuri,Denkanikotti,-,-,Cauvery,Cauvery,-,-,-,Cauvery,12.18222222,77.72388889,01-03-1994 08:30,0.59,"","",""
264,BILIGUNDULU,CWC,33,Tamil Nadu,571,Dharmapuri,Denkanikotti,-,-,Cauvery,Cauvery,-,-,-,Cauvery,12.18222222,77.72388889,01-04-1994 08:30,1.09,"","",""
265,BILIGUNDULU,CWC,33,Tamil Nadu,571,Dharmapuri,Denkanikotti,-,-,Cauvery,Cauvery,-,-,-,Cauvery,12.18222222,77.72388889,01-05-1994 08:30,2.46,"","",""
266,BILIGUNDULU,CWC,33,Tamil Nadu,571,Dharmapuri,Denkanikotti,-,-,Cauvery,Cauvery,-,-,-,Cauvery,12.18222222,77.72388889,01-06-1994 08:30,1.39,"","",""
267,BILIGUNDULU,CWC,33,Tamil Nadu,571,Dharmapuri,Denkanikotti,-,-,Cauvery,Cauvery,-,-,-,Cauvery,12.18222222,77.72388889,01-07-1994 08:30,2.67,"","",""
268,BILIGUNDULU,CWC,33,Tamil Nadu,571,Dharmapuri,Denkanikotti,-,-,Cauvery,Cauvery,-,-,-,Cauvery,12.18222222,77.72388889,01-08-1994 08:30,0.88,"","",""
269,BILIGUNDULU,CWC,33,Tamil Nadu,571,Dharmapuri,Denkanikotti,-,-,Cauvery,Cauvery,-,-,-,Cauvery,12.18222222,77.72388889,01-09-1994 08:30,0.99,"","",""
270,BILIGUNDULU,CWC,33,Tamil Nadu,571,Dharmapuri,Denkanikotti,-,-,Cauvery,Cauvery,-,-,-,Cauvery,12.18222222,77.72388889,01-10-1994 08:30,0.99,"","",""
271,BILIGUNDULU,CWC,33,Tamil Nadu,571,Dharmapuri,Denkanikotti,-,-,Cauvery,Cauvery,-,-,-,Cauvery,12.18222222,77.72388889,01-11-1994 08:30,0.99,"","",""
272,BILIGUNDULU,CWC,33,Tamil Nadu,571,Dharmapuri,Denkanikotti,-,-,Cauvery,Cauvery,-,-,-,Cauvery,12.18222222,77.72388889,01-12-1994 08:30,0.39,"","",""
273,BILIGUNDULU,CWC,33,Tamil Nadu,571,Dharmapuri,Denkanikotti,-,-,Cauvery,Cauvery,-,-,-,Cauvery,12.18222222,77.72388889,01-01-1995 08:30,0.69,"","",""
274,BILIGUNDULU,CWC,33,Tamil Nadu,571,Dharmapuri,Denkanikotti,-,-,Cauvery,Cauvery,-,-,-,Cauvery,12.18222222,77.72388889,01-02-1995 08:30,2.86,"","",""
275,BILIGUNDULU,CWC,33,Tamil Nadu,571,Dharmapuri,Denkanikotti,-,-,Cauvery,Cauvery,-,-,-,Cauvery,12.18222222,77.72388889,01-04-1995 08:30,0.6,"","",""
276,BILIGUNDULU,CWC,33,Tamil Nadu,571,Dharmapuri,Denkanikotti,-,-,Cauvery,Cauvery,-,-,-,Cauvery,12.18222222,77.72388889,01-05-1995 08:30,0.59,"","",""
277,BILIGUNDULU,CWC,33,Tamil Nadu,571,Dharmapuri,Denkanikotti,-,-,Cauvery,Cauvery,-,-,-,Cauvery,12.18222222,77.72388889,01-06-1995 08:30,1.68,"","",""
278,BILIGUNDULU,CWC,33,Tamil Nadu,571,Dharmapuri,Denkanikotti,-,-,Cauvery,Cauvery,-,-,-,Cauvery,12.18222222,77.72388889,01-07-1995 08:30,1.78,"","",""
279,BILIGUNDULU,CWC,33,Tamil Nadu,571,Dharmapuri,Denkanikotti,-,-,Cauvery,Cauvery,-,-,-,Cauvery,12.18222222,77.72388889,01-08-1995 08:30,1.48,"","",""
280,BILIGUNDULU,CWC,33,Tamil Nadu,571,Dharmapuri,Denkanikotti,-,-,Cauvery,Cauvery,-,-,-,Cauvery,12.18222222,77.72388889,01-09-1995 08:30,1.58,"","",""
281,BILIGUNDULU,CWC,33,Tamil Nadu,571,Dharmapuri,Denkanikotti,-,-,Cauvery,Cauvery,-,-,-,Cauvery,12.18222222,77.72388889,01-10-1995 08:30,1.58,"","",""
282,BILIGUNDULU,CWC,33,Tamil Nadu,571,Dharmapuri,Denkanikotti,-,-,Cauvery,Cauvery,-,-,-,Cauvery,12.18222222,77.72388889,01-11-1995 08:30,1.08,"","",""
283,BILIGUNDULU,CWC,33,Tamil Nadu,571,Dharmapuri,Denkanikotti,-,-,Cauvery,Cauvery,-,-,-,Cauvery,12.18222222,77.72388889,01-12-1995 08:30,0.99,"","",""
284,BILIGUNDULU,CWC,33,Tamil Nadu,571,Dharmapuri,Denkanikotti,-,-,Cauvery,Cauvery,-,-,-,Cauvery,12.18222222,77.72388889,01-01-1996 08:30,0.19,"","",""
285,BILIGUNDULU,CWC,33,Tamil Nadu,571,Dharmapuri,Denkanikotti,-,-,Cauvery,Cauvery,-,-,-,Cauvery,12.18222222,77.72388889,01-02-1996 08:30,0.59,"","",""
286,BILIGUNDULU,CWC,33,Tamil Nadu,571,Dharmapuri,Denkanikotti,-,-,Cauvery,Cauvery,-,-,-,Cauvery,12.18222222,77.72388889,01-03-1996 08:30,2.27,"","",""
287,BILIGUNDULU,CWC,33,Tamil Nadu,571,Dharmapuri,Denkanikotti,-,-,Cauvery,Cauvery,-,-,-,Cauvery,12.18222222,77.72388889,01-04-1996 08:30,1.28,"","",""
288,BILIGUNDULU,CWC,33,Tamil Nadu,571,Dharmapuri,Denkanikotti,-,-,Cauvery,Cauvery,-,-,-,Cauvery,12.18222222,77.72388889,01-05-1996 08:30,1.58,"","",""
289,BILIGUNDULU,CWC,33,Tamil Nadu,571,Dharmapuri,Denkanikotti,-,-,Cauvery,Cauvery,-,-,-,Cauvery,12.18222222,77.72388889,01-06-1996 08:30,0.88,"","",""
290,BILIGUNDULU,CWC,33,Tamil Nadu,571,Dharmapuri,Denkanikotti,-,-,Cauvery,Cauvery,-,-,-,Cauvery,12.18222222,77.72388889,01-07-1996 08:30,1.28,"","",""
291,BILIGUNDULU,CWC,33,Tamil Nadu,571,Dharmapuri,Denkanikotti,-,-,Cauvery,Cauvery,-,-,-,Cauvery,12.18222222,77.72388889,01-08-1996 08:30,1.08,"","",""
292,BILIGUNDULU,CWC,33,Tamil Nadu,571,Dharmapuri,Denkanikotti,-,-,Cauvery,Cauvery,-,-,-,Cauvery,12.18222222,77.72388889,01-09-1996 08:30,2.18,"","",""
293,BILIGUNDULU,CWC,33,Tamil Nadu,571,Dharmapuri,Denkanikotti,-,-,Cauvery,Cauvery,-,-,-,Cauvery,12.18222222,77.72388889,01-10-1996 08:30,1.38,"","",""
294,BILIGUNDULU,CWC,33,Tamil Nadu,571,Dharmapuri,Denkanikotti,-,-,Cauvery,Cauvery,-,-,-,Cauvery,12.18222222,77.72388889,01-12-1996 08:30,2.08,"","",""
295,BILIGUNDULU,CWC,33,Tamil Nadu,571,Dharmapuri,Denkanikotti,-,-,Cauvery,Cauvery,-,-,-,Cauvery,12.18222222,77.72388889,01-01-1997 08:30,0.29,"","",""
296,BILIGUNDULU,CWC,33,Tamil Nadu,571,Dharmapuri,Denkanikotti,-,-,Cauvery,Cauvery,-,-,-,Cauvery,12.18222222,77.72388889,01-02-1997 08:30,1.28,"","",""
297,BILIGUNDULU,CWC,33,Tamil Nadu,571,Dharmapuri,Denkanikotti,-,-,Cauvery,Cauvery,-,-,-,Cauvery,12.18222222,77.72388889,01-03-1997 08:30,2.17,"","",""
298,BILIGUNDULU,CWC,33,Tamil Nadu,571,Dharmapuri,Denkanikotti,-,-,Cauvery,Cauvery,-,-,-,Cauvery,12.18222222,77.72388889,01-04-1997 08:30,2.76,"","",""
299,BILIGUNDULU,CWC,33,Tamil Nadu,571,Dharmapuri,Denkanikotti,-,-,Cauvery,Cauvery,-,-,-,Cauvery,12.18222222,77.72388889,01-05-1997 08:30,1.58,"","",""
300,BILIGUNDULU,CWC,33,Tamil Nadu,571,Dharmapuri,Denkanikotti,-,-,Cauvery,Cauvery,-,-,-,Cauvery,12.18222222,77.72388889,01-06-1997 00:00,0.29,"","",""
301,BILIGUNDULU,CWC,33,Tamil Nadu,571,Dharmapuri,Denkanikotti,-,-,Cauvery,Cauvery,-,-,-,Cauvery,12.18222222,77.72388889,01-07-1997 00:00,1.58,"","",""
302,BILIGUNDULU,CWC,33,Tamil Nadu,571,Dharmapuri,Denkanikotti,-,-,Cauvery,Cauvery,-,-,-,Cauvery,12.18222222,77.72388889,01-08-1997 00:00,0.99,"","",""
303,BILIGUNDULU,CWC,33,Tamil Nadu,571,Dharmapuri,Denkanikotti,-,-,Cauvery,Cauvery,-,-,-,Cauvery,12.18222222,77.72388889,01-09-1997 00:00,1.09,"","",""
304,BILIGUNDULU,CWC,33,Tamil Nadu,571,Dharmapuri,Denkanikotti,-,-,Cauvery,Cauvery,-,-,-,Cauvery,12.18222222,77.72388889,01-10-1997 00:00,1.08,"","",""
305,BILIGUNDULU,CWC,33,Tamil Nadu,571,Dharmapuri,Denkanikotti,-,-,Cauvery,Cauvery,-,-,-,Cauvery,12.18222222,77.72388889,01-11-1997 00:00,0.5,"","",""
306,BILIGUNDULU,CWC,33,Tamil Nadu,571,Dharmapuri,Denkanikotti,-,-,Cauvery,Cauvery,-,-,-,Cauvery,12.18222222,77.72388889,01-12-1997 00:00,3.06,"","",""
307,BILIGUNDULU,CWC,33,Tamil Nadu,571,Dharmapuri,Denkanikotti,-,-,Cauvery,Cauvery,-,-,-,Cauvery,12.18222222,77.72388889,01-01-1998 00:00,3.24,"","",""
308,BILIGUNDULU,CWC,33,Tamil Nadu,571,Dharmapuri,Denkanikotti,-,-,Cauvery,Cauvery,-,-,-,Cauvery,12.18222222,77.72388889,01-02-1998 00:00,2.67,"","",""
309,BILIGUNDULU,CWC,33,Tamil Nadu,571,Dharmapuri,Denkanikotti,-,-,Cauvery,Cauvery,-,-,-,Cauvery,12.18222222,77.72388889,01-04-1998 00:00,1.09,"","",""
310,BILIGUNDULU,CWC,33,Tamil Nadu,571,Dharmapuri,Denkanikotti,-,-,Cauvery,Cauvery,-,-,-,Cauvery,12.18222222,77.72388889,01-05-1998 00:00,2.67,"","",""
311,BILIGUNDULU,CWC,33,Tamil Nadu,571,Dharmapuri,Denkanikotti,-,-,Cauvery,Cauvery,-,-,-,Cauvery,12.18222222,77.72388889,01-06-1998 00:00,1.4,"","",""
312,BILIGUNDULU,CWC,33,Tamil Nadu,571,Dharmapuri,Denkanikotti,-,-,Cauvery,Cauvery,-,-,-,Cauvery,12.18222222,77.72388889,01-07-1998 00:00,1.8,"","",""
313,BILIGUNDULU,CWC,33,Tamil Nadu,571,Dharmapuri,Denkanikotti,-,-,Cauvery,Cauvery,-,-,-,Cauvery,12.18222222,77.72388889,01-08-1998 00:00,3.4,"","",""
314,BILIGUNDULU,CWC,33,Tamil Nadu,571,Dharmapuri,Denkanikotti,-,-,Cauvery,Cauvery,-,-,-,Cauvery,12.18222222,77.72388889,01-09-1998 00:00,0.2,"","",""
315,BILIGUNDULU,CWC,33,Tamil Nadu,571,Dharmapuri,Denkanikotti,-,-,Cauvery,Cauvery,-,-,-,Cauvery,12.18222222,77.72388889,01-10-1998 00:00,2.3,"","",""
316,BILIGUNDULU,CWC,33,Tamil Nadu,571,Dharmapuri,Denkanikotti,-,-,Cauvery,Cauvery,-,-,-,Cauvery,12.18222222,77.72388889,01-11-1998 00:00,3.5,"","",""
317,BILIGUNDULU,CWC,33,Tamil Nadu,571,Dharmapuri,Denkanikotti,-,-,Cauvery,Cauvery,-,-,-,Cauvery,12.18222222,77.72388889,01-12-1998 00:00,2,"","",""
318,BILIGUNDULU,CWC,33,Tamil Nadu,571,Dharmapuri,Denkanikotti,-,-,Cauvery,Cauvery,-,-,-,Cauvery,12.18222222,77.72388889,01-01-1999 00:00,3.5,"","",""
319,BILIGUNDULU,CWC,33,Tamil Nadu,571,Dharmapuri,Denkanikotti,-,-,Cauvery,Cauvery,-,-,-,Cauvery,12.18222222,77.72388889,01-02-1999 00:00,1.6,"","",""
320,BILIGUNDULU,CWC,33,Tamil Nadu,571,Dharmapuri,Denkanikotti,-,-,Cauvery,Cauvery,-,-,-,Cauvery,12.18222222,77.72388889,01-03-1999 00:00,1,"","",""
321,BILIGUNDULU,CWC,33,Tamil Nadu,571,Dharmapuri,Denkanikotti,-,-,Cauvery,Cauvery,-,-,-,Cauvery,12.18222222,77.72388889,01-04-1999 00:00,0.5,"","",""
322,BILIGUNDULU,CWC,33,Tamil Nadu,571,Dharmapuri,Denkanikotti,-,-,Cauvery,Cauvery,-,-,-,Cauvery,12.18222222,77.72388889,01-05-1999 00:00,2.2,"","",""
323,BILIGUNDULU,CWC,33,Tamil Nadu,571,Dharmapuri,Denkanikotti,-,-,Cauvery,Cauvery,-,-,-,Cauvery,12.18222222,77.72388889,01-06-1999 09:30,1.6,"","",""
324,BILIGUNDULU,CWC,33,Tamil Nadu,571,Dharmapuri,Denkanikotti,-,-,Cauvery,Cauvery,-,-,-,Cauvery,12.18222222,77.72388889,01-07-1999 09:30,3.7,"","",""
325,BILIGUNDULU,CWC,33,Tamil Nadu,571,Dharmapuri,Denkanikotti,-,-,Cauvery,Cauvery,-,-,-,Cauvery,12.18222222,77.72388889,02-08-1999 09:30,2.9,"","",""
326,BILIGUNDULU,CWC,33,Tamil Nadu,571,Dharmapuri,Denkanikotti,-,-,Cauvery,Cauvery,-,-,-,Cauvery,12.18222222,77.72388889,01-09-1999 09:30,0.7,"","",""
327,BILIGUNDULU,CWC,33,Tamil Nadu,571,Dharmapuri,Denkanikotti,-,-,Cauvery,Cauvery,-,-,-,Cauvery,12.18222222,77.72388889,01-10-1999 09:30,2.8,"","",""
328,BILIGUNDULU,CWC,33,Tamil Nadu,571,Dharmapuri,Denkanikotti,-,-,Cauvery,Cauvery,-,-,-,Cauvery,12.18222222,77.72388889,01-11-1999 09:30,3.3,"","",""
329,BILIGUNDULU,CWC,33,Tamil Nadu,571,Dharmapuri,Denkanikotti,-,-,Cauvery,Cauvery,-,-,-,Cauvery,12.18222222,77.72388889,01-12-1999 09:30,3.3,"","",""
330,BILIGUNDULU,CWC,33,Tamil Nadu,571,Dharmapuri,Denkanikotti,-,-,Cauvery,Cauvery,-,-,-,Cauvery,12.18222222,77.72388889,01-01-2000 09:15,3.5,"","",""
331,BILIGUNDULU,CWC,33,Tamil Nadu,571,Dharmapuri,Denkanikotti,-,-,Cauvery,Cauvery,-,-,-,Cauvery,12.18222222,77.72388889,01-02-2000 09:15,3.6,"","",""
332,BILIGUNDULU,CWC,33,Tamil Nadu,571,Dharmapuri,Denkanikotti,-,-,Cauvery,Cauvery,-,-,-,Cauvery,12.18222222,77.72388889,01-03-2000 09:15,1.5,"","",""
333,BILIGUNDULU,CWC,33,Tamil Nadu,571,Dharmapuri,Denkanikotti,-,-,Cauvery,Cauvery,-,-,-,Cauvery,12.18222222,77.72388889,01-04-2000 09:30,4.5,"","",""
334,BILIGUNDULU,CWC,33,Tamil Nadu,571,Dharmapuri,Denkanikotti,-,-,Cauvery,Cauvery,-,-,-,Cauvery,12.18222222,77.72388889,01-05-2000 09:15,3.9,"","",""
335,BILIGUNDULU,CWC,33,Tamil Nadu,571,Dharmapuri,Denkanikotti,-,-,Cauvery,Cauvery,-,-,-,Cauvery,12.18222222,77.72388889,01-06-2000 09:15,1.2,"","",""
336,BILIGUNDULU,CWC,33,Tamil Nadu,571,Dharmapuri,Denkanikotti,-,-,Cauvery,Cauvery,-,-,-,Cauvery,12.18222222,77.72388889,01-07-2000 09:20,2.9,"","",""
337,BILIGUNDULU,CWC,33,Tamil Nadu,571,Dharmapuri,Denkanikotti,-,-,Cauvery,Cauvery,-,-,-,Cauvery,12.18222222,77.72388889,01-08-2000 09:00,2.1,"","",""
338,BILIGUNDULU,CWC,33,Tamil Nadu,571,Dharmapuri,Denkanikotti,-,-,Cauvery,Cauvery,-,-,-,Cauvery,12.18222222,77.72388889,02-09-2000 09:15,0.9,"","",""
339,BILIGUNDULU,CWC,33,Tamil Nadu,571,Dharmapuri,Denkanikotti,-,-,Cauvery,Cauvery,-,-,-,Cauvery,12.18222222,77.72388889,03-10-2000 09:00,0.1,"","",""
340,BILIGUNDULU,CWC,33,Tamil Nadu,571,Dharmapuri,Denkanikotti,-,-,Cauvery,Cauvery,-,-,-,Cauvery,12.18222222,77.72388889,01-11-2000 09:00,1,"","",""
341,BILIGUNDULU,CWC,33,Tamil Nadu,571,Dharmapuri,Denkanikotti,-,-,Cauvery,Cauvery,-,-,-,Cauvery,12.18222222,77.72388889,01-12-2000 09:00,2,"","",""
342,BILIGUNDULU,CWC,33,Tamil Nadu,571,Dharmapuri,Denkanikotti,-,-,Cauvery,Cauvery,-,-,-,Cauvery,12.18222222,77.72388889,01-01-2001 09:00,1.9,"","",""
343,BILIGUNDULU,CWC,33,Tamil Nadu,571,Dharmapuri,Denkanikotti,-,-,Cauvery,Cauvery,-,-,-,Cauvery,12.18222222,77.72388889,01-02-2001 09:00,1,"","",""
344,BILIGUNDULU,CWC,33,Tamil Nadu,571,Dharmapuri,Denkanikotti,-,-,Cauvery,Cauvery,-,-,-,Cauvery,12.18222222,77.72388889,01-03-2001 09:00,2.5,"","",""
345,BILIGUNDULU,CWC,33,Tamil Nadu,571,Dharmapuri,Denkanikotti,-,-,Cauvery,Cauvery,-,-,-,Cauvery,12.18222222,77.72388889,02-04-2001 09:00,2,"","",""
346,BILIGUNDULU,CWC,33,Tamil Nadu,571,Dharmapuri,Denkanikotti,-,-,Cauvery,Cauvery,-,-,-,Cauvery,12.18222222,77.72388889,01-05-2001 09:15,2,"","",""
347,BILIGUNDULU,CWC,33,Tamil Nadu,571,Dharmapuri,Denkanikotti,-,-,Cauvery,Cauvery,-,-,-,Cauvery,12.18222222,77.72388889,01-06-2001 09:20,1,"","",""
348,BILIGUNDULU,CWC,33,Tamil Nadu,571,Dharmapuri,Denkanikotti,-,-,Cauvery,Cauvery,-,-,-,Cauvery,12.18222222,77.72388889,02-07-2001 09:30,0.4,"","",""
349,BILIGUNDULU,CWC,33,Tamil Nadu,571,Dharmapuri,Denkanikotti,-,-,Cauvery,Cauvery,-,-,-,Cauvery,12.18222222,77.72388889,01-08-2001 09:00,0.1,"","",""
350,BILIGUNDULU,CWC,33,Tamil Nadu,571,Dharmapuri,Denkanikotti,-,-,Cauvery,Cauvery,-,-,-,Cauvery,12.18222222,77.72388889,01-09-2001 09:30,1.6,"","",""
351,BILIGUNDULU,CWC,33,Tamil Nadu,571,Dharmapuri,Denkanikotti,-,-,Cauvery,Cauvery,-,-,-,Cauvery,12.18222222,77.72388889,03-10-2001 09:00,1.6,"","",""
352,BILIGUNDULU,CWC,33,Tamil Nadu,571,Dharmapuri,Denkanikotti,-,-,Cauvery,Cauvery,-,-,-,Cauvery,12.18222222,77.72388889,02-11-2001 09:00,2.6,"","",""
353,BILIGUNDULU,CWC,33,Tamil Nadu,571,Dharmapuri,Denkanikotti,-,-,Cauvery,Cauvery,-,-,-,Cauvery,12.18222222,77.72388889,01-12-2001 09:00,0.9,"","",""
354,BILIGUNDULU,CWC,33,Tamil Nadu,571,Dharmapuri,Denkanikotti,-,-,Cauvery,Cauvery,-,-,-,Cauvery,12.18222222,77.72388889,01-01-2002 09:00,1.4,"","",""
355,BILIGUNDULU,CWC,33,Tamil Nadu,571,Dharmapuri,Denkanikotti,-,-,Cauvery,Cauvery,-,-,-,Cauvery,12.18222222,77.72388889,01-02-2002 09:30,1.8,"","",""
356,BILIGUNDULU,CWC,33,Tamil Nadu,571,Dharmapuri,Denkanikotti,-,-,Cauvery,Cauvery,-,-,-,Cauvery,12.18222222,77.72388889,01-03-2002 09:00,2.5,"","",""
357,BILIGUNDULU,CWC,33,Tamil Nadu,571,Dharmapuri,Denkanikotti,-,-,Cauvery,Cauvery,-,-,-,Cauvery,12.18222222,77.72388889,01-04-2002 09:00,1.5,"","",""
358,BILIGUNDULU,CWC,33,Tamil Nadu,571,Dharmapuri,Denkanikotti,-,-,Cauvery,Cauvery,-,-,-,Cauvery,12.18222222,77.72388889,01-05-2002 09:00,1.7,"","",""
359,BILIGUNDULU,CWC,33,Tamil Nadu,571,Dharmapuri,Denkanikotti,-,-,Cauvery,Cauvery,-,-,-,Cauvery,12.18222222,77.72388889,01-06-2002 09:20,0.7,"","",""
360,BILIGUNDULU,CWC,33,Tamil Nadu,571,Dharmapuri,Denkanikotti,-,-,Cauvery,Cauvery,-,-,-,Cauvery,12.18222222,77.72388889,01-08-2002 09:00,1.1,"","",""
361,BILIGUNDULU,CWC,33,Tamil Nadu,571,Dharmapuri,Denkanikotti,-,-,Cauvery,Cauvery,-,-,-,Cauvery,12.18222222,77.72388889,02-09-2002 09:00,1.2,"","",""
362,BILIGUNDULU,CWC,33,Tamil Nadu,571,Dharmapuri,Denkanikotti,-,-,Cauvery,Cauvery,-,-,-,Cauvery,12.18222222,77.72388889,01-01-2003 09:15,0.1,"","",""
363,BILIGUNDULU,CWC,33,Tamil Nadu,571,Dharmapuri,Denkanikotti,-,-,Cauvery,Cauvery,-,-,-,Cauvery,12.18222222,77.72388889,01-02-2003 09:00,0.2,"","",""
364,BILIGUNDULU,CWC,33,Tamil Nadu,571,Dharmapuri,Denkanikotti,-,-,Cauvery,Cauvery,-,-,-,Cauvery,12.18222222,77.72388889,01-03-2003 09:15,1.3,"","",""
365,BILIGUNDULU,CWC,33,Tamil Nadu,571,Dharmapuri,Denkanikotti,-,-,Cauvery,Cauvery,-,-,-,Cauvery,12.18222222,77.72388889,01-04-2003 09:15,0.6,"","",""
366,BILIGUNDULU,CWC,33,Tamil Nadu,571,Dharmapuri,Denkanikotti,-,-,Cauvery,Cauvery,-,-,-,Cauvery,12.18222222,77.72388889,01-05-2003 09:00,1.1,"","",""
367,BILIGUNDULU,CWC,33,Tamil Nadu,571,Dharmapuri,Denkanikotti,-,-,Cauvery,Cauvery,-,-,-,Cauvery,12.18222222,77.72388889,02-06-2003 09:00,1.04,"","",""
368,BILIGUNDULU,CWC,33,Tamil Nadu,571,Dharmapuri,Denkanikotti,-,-,Cauvery,Cauvery,-,-,-,Cauvery,12.18222222,77.72388889,01-07-2003 09:00,2.7,"","",""
369,BILIGUNDULU,CWC,33,Tamil Nadu,571,Dharmapuri,Denkanikotti,-,-,Cauvery,Cauvery,-,-,-,Cauvery,12.18222222,77.72388889,01-08-2003 09:00,1.46,"","",""
370,BILIGUNDULU,CWC,33,Tamil Nadu,571,Dharmapuri,Denkanikotti,-,-,Cauvery,Cauvery,-,-,-,Cauvery,12.18222222,77.72388889,01-09-2003 09:00,0.59,"","",""
371,BILIGUNDULU,CWC,33,Tamil Nadu,571,Dharmapuri,Denkanikotti,-,-,Cauvery,Cauvery,-,-,-,Cauvery,12.18222222,77.72388889,01-10-2003 09:00,0.68,"","",""
372,BILIGUNDULU,CWC,33,Tamil Nadu,571,Dharmapuri,Denkanikotti,-,-,Cauvery,Cauvery,-,-,-,Cauvery,12.18222222,77.72388889,03-11-2003 09:00,0.9,"","",""
373,BILIGUNDULU,CWC,33,Tamil Nadu,571,Dharmapuri,Denkanikotti,-,-,Cauvery,Cauvery,-,-,-,Cauvery,12.18222222,77.72388889,01-12-2003 09:00,1,"","",""
374,BILIGUNDULU,CWC,33,Tamil Nadu,571,Dharmapuri,Denkanikotti,-,-,Cauvery,Cauvery,-,-,-,Cauvery,12.18222222,77.72388889,02-01-2004 09:00,1.38,"","",""
375,BILIGUNDULU,CWC,33,Tamil Nadu,571,Dharmapuri,Denkanikotti,-,-,Cauvery,Cauvery,-,-,-,Cauvery,12.18222222,77.72388889,03-02-2004 09:00,1.34,"","",""
376,BILIGUNDULU,CWC,33,Tamil Nadu,571,Dharmapuri,Denkanikotti,-,-,Cauvery,Cauvery,-,-,-,Cauvery,12.18222222,77.72388889,01-03-2004 09:00,2.7,"","",""
377,BILIGUNDULU,CWC,33,Tamil Nadu,571,Dharmapuri,Denkanikotti,-,-,Cauvery,Cauvery,-,-,-,Cauvery,12.18222222,77.72388889,02-04-2004 09:00,3.4,"","",""
378,BILIGUNDULU,CWC,33,Tamil Nadu,571,Dharmapuri,Denkanikotti,-,-,Cauvery,Cauvery,-,-,-,Cauvery,12.18222222,77.72388889,05-05-2004 09:00,3.25,"","",""
379,BILIGUNDULU,CWC,33,Tamil Nadu,571,Dharmapuri,Denkanikotti,-,-,Cauvery,Cauvery,-,-,-,Cauvery,12.18222222,77.72388889,01-06-2004 08:30,4.835,"","",""
380,BILIGUNDULU,CWC,33,Tamil Nadu,571,Dharmapuri,Denkanikotti,-,-,Cauvery,Cauvery,-,-,-,Cauvery,12.18222222,77.72388889,02-07-2004 08:30,0.96,"","",""
381,BILIGUNDULU,CWC,33,Tamil Nadu,571,Dharmapuri,Denkanikotti,-,-,Cauvery,Cauvery,-,-,-,Cauvery,12.18222222,77.72388889,02-08-2004 08:30,0.49,"","",""
382,BILIGUNDULU,CWC,33,Tamil Nadu,571,Dharmapuri,Denkanikotti,-,-,Cauvery,Cauvery,-,-,-,Cauvery,12.18222222,77.72388889,01-09-2004 08:30,0.55,"","",""
383,BILIGUNDULU,CWC,33,Tamil Nadu,571,Dharmapuri,Denkanikotti,-,-,Cauvery,Cauvery,-,-,-,Cauvery,12.18222222,77.72388889,04-10-2004 08:30,0.98,"","",""
384,BILIGUNDULU,CWC,33,Tamil Nadu,571,Dharmapuri,Denkanikotti,-,-,Cauvery,Cauvery,-,-,-,Cauvery,12.18222222,77.72388889,01-11-2004 08:30,0.97,"","",""
385,BILIGUNDULU,CWC,33,Tamil Nadu,571,Dharmapuri,Denkanikotti,-,-,Cauvery,Cauvery,-,-,-,Cauvery,12.18222222,77.72388889,03-12-2004 08:30,0.75,"","",""
386,BILIGUNDULU,CWC,33,Tamil Nadu,571,Dharmapuri,Denkanikotti,-,-,Cauvery,Cauvery,-,-,-,Cauvery,12.18222222,77.72388889,01-01-2005 08:30,1.99,"","",""
387,BILIGUNDULU,CWC,33,Tamil Nadu,571,Dharmapuri,Denkanikotti,-,-,Cauvery,Cauvery,-,-,-,Cauvery,12.18222222,77.72388889,01-02-2005 08:30,0.97,"","",""
388,BILIGUNDULU,CWC,33,Tamil Nadu,571,Dharmapuri,Denkanikotti,-,-,Cauvery,Cauvery,-,-,-,Cauvery,12.18222222,77.72388889,01-03-2005 08:30,0.48,"","",""
389,BILIGUNDULU,CWC,33,Tamil Nadu,571,Dharmapuri,Denkanikotti,-,-,Cauvery,Cauvery,-,-,-,Cauvery,12.18222222,77.72388889,04-04-2005 08:30,0.14,"","",""
390,BILIGUNDULU,CWC,33,Tamil Nadu,571,Dharmapuri,Denkanikotti,-,-,Cauvery,Cauvery,-,-,-,Cauvery,12.18222222,77.72388889,02-05-2005 08:30,0.99,"","",""
391,BILIGUNDULU,CWC,33,Tamil Nadu,571,Dharmapuri,Denkanikotti,-,-,Cauvery,Cauvery,-,-,-,Cauvery,12.18222222,77.72388889,01-06-2005 08:30,1.04,"","",""
392,BILIGUNDULU,CWC,33,Tamil Nadu,571,Dharmapuri,Denkanikotti,-,-,Cauvery,Cauvery,-,-,-,Cauvery,12.18222222,77.72388889,04-07-2005 08:30,0.78,"","",""
393,BILIGUNDULU,CWC,33,Tamil Nadu,571,Dharmapuri,Denkanikotti,-,-,Cauvery,Cauvery,-,-,-,Cauvery,12.18222222,77.72388889,01-08-2005 08:30,1.16,"","",""
394,BILIGUNDULU,CWC,33,Tamil Nadu,571,Dharmapuri,Denkanikotti,-,-,Cauvery,Cauvery,-,-,-,Cauvery,12.18222222,77.72388889,01-09-2005 08:30,1.25,"","",""
395,BILIGUNDULU,CWC,33,Tamil Nadu,571,Dharmapuri,Denkanikotti,-,-,Cauvery,Cauvery,-,-,-,Cauvery,12.18222222,77.72388889,03-10-2005 08:30,1.1,"","",""
396,BILIGUNDULU,CWC,33,Tamil Nadu,571,Dharmapuri,Denkanikotti,-,-,Cauvery,Cauvery,-,-,-,Cauvery,12.18222222,77.72388889,02-11-2005 08:30,1.98,"","",""
397,BILIGUNDULU,CWC,33,Tamil Nadu,571,Dharmapuri,Denkanikotti,-,-,Cauvery,Cauvery,-,-,-,Cauvery,12.18222222,77.72388889,01-12-2005 08:30,0.99,"","",""
398,BILIGUNDULU,CWC,33,Tamil Nadu,571,Dharmapuri,Denkanikotti,-,-,Cauvery,Cauvery,-,-,-,Cauvery,12.18222222,77.72388889,02-01-2006 08:30,0.85,"","",""
399,BILIGUNDULU,CWC,33,Tamil Nadu,571,Dharmapuri,Denkanikotti,-,-,Cauvery,Cauvery,-,-,-,Cauvery,12.18222222,77.72388889,01-02-2006 08:30,0.87,"","",""
400,BILIGUNDULU,CWC,33,Tamil Nadu,571,Dharmapuri,Denkanikotti,-,-,Cauvery,Cauvery,-,-,-,Cauvery,12.18222222,77.72388889,01-03-2006 08:30,0.95,"","",""
401,BILIGUNDULU,CWC,33,Tamil Nadu,571,Dharmapuri,Denkanikotti,-,-,Cauvery,Cauvery,-,-,-,Cauvery,12.18222222,77.72388889,01-04-2006 08:30,1.05,"","",""
402,BILIGUNDULU,CWC,33,Tamil Nadu,571,Dharmapuri,Denkanikotti,-,-,Cauvery,Cauvery,-,-,-,Cauvery,12.18222222,77.72388889,01-05-2006 08:30,1.32,"","",""
403,BILIGUNDULU,CWC,33,Tamil Nadu,571,Dharmapuri,Denkanikotti,-,-,Cauvery,Cauvery,-,-,-,Cauvery,12.18222222,77.72388889,01-06-2006 09:00,0.8,"","",""
404,BILIGUNDULU,CWC,33,Tamil Nadu,571,Dharmapuri,Denkanikotti,-,-,Cauvery,Cauvery,-,-,-,Cauvery,12.18222222,77.72388889,03-07-2006 09:00,1.18,"","",""
405,BILIGUNDULU,CWC,33,Tamil Nadu,571,Dharmapuri,Denkanikotti,-,-,Cauvery,Cauvery,-,-,-,Cauvery,12.18222222,77.72388889,01-09-2006 09:00,0.4,"","",""
406,BILIGUNDULU,CWC,33,Tamil Nadu,571,Dharmapuri,Denkanikotti,-,-,Cauvery,Cauvery,-,-,-,Cauvery,12.18222222,77.72388889,01-11-2006 09:00,0.98,"","",""
407,BILIGUNDULU,CWC,33,Tamil Nadu,571,Dharmapuri,Denkanikotti,-,-,Cauvery,Cauvery,-,-,-,Cauvery,12.18222222,77.72388889,02-01-2007 09:00,1.07,"","",""
408,BILIGUNDULU,CWC,33,Tamil Nadu,571,Dharmapuri,Denkanikotti,-,-,Cauvery,Cauvery,-,-,-,Cauvery,12.18222222,77.72388889,01-03-2007 09:00,1.05,"","",""
409,BILIGUNDULU,CWC,33,Tamil Nadu,571,Dharmapuri,Denkanikotti,-,-,Cauvery,Cauvery,-,-,-,Cauvery,12.18222222,77.72388889,01-05-2007 09:15,1.9,"","",""
410,BILIGUNDULU,CWC,33,Tamil Nadu,571,Dharmapuri,Denkanikotti,-,-,Cauvery,Cauvery,-,-,-,Cauvery,12.18222222,77.72388889,02-07-2007 10:00,1.57,"","",""
411,BILIGUNDULU,CWC,33,Tamil Nadu,571,Dharmapuri,Denkanikotti,-,-,Cauvery,Cauvery,-,-,-,Cauvery,12.18222222,77.72388889,01-08-2007 09:30,0.78,"","",""
412,BILIGUNDULU,CWC,33,Tamil Nadu,571,Dharmapuri,Denkanikotti,-,-,Cauvery,Cauvery,-,-,-,Cauvery,12.18222222,77.72388889,05-09-2007 10:00,1.6,"","",""
413,BILIGUNDULU,CWC,33,Tamil Nadu,571,Dharmapuri,Denkanikotti,-,-,Cauvery,Cauvery,-,-,-,Cauvery,12.18222222,77.72388889,03-10-2007 09:15,1.17,"","",""
414,BILIGUNDULU,CWC,33,Tamil Nadu,571,Dharmapuri,Denkanikotti,-,-,Cauvery,Cauvery,-,-,-,Cauvery,12.18222222,77.72388889,01-11-2007 09:30,1,"","",""
415,BILIGUNDULU,CWC,33,Tamil Nadu,571,Dharmapuri,Denkanikotti,-,-,Cauvery,Cauvery,-,-,-,Cauvery,12.18222222,77.72388889,03-12-2007 09:30,1.3,"","",""
416,BILIGUNDULU,CWC,33,Tamil Nadu,571,Dharmapuri,Denkanikotti,-,-,Cauvery,Cauvery,-,-,-,Cauvery,12.18222222,77.72388889,01-01-2008 08:00,1.42,"","",""
417,BILIGUNDULU,CWC,33,Tamil Nadu,571,Dharmapuri,Denkanikotti,-,-,Cauvery,Cauvery,-,-,-,Cauvery,12.18222222,77.72388889,01-02-2008 08:00,0.4,"","",""
418,BILIGUNDULU,CWC,33,Tamil Nadu,571,Dharmapuri,Denkanikotti,-,-,Cauvery,Cauvery,-,-,-,Cauvery,12.18222222,77.72388889,03-03-2008 08:30,1,"","",""
419,BILIGUNDULU,CWC,33,Tamil Nadu,571,Dharmapuri,Denkanikotti,-,-,Cauvery,Cauvery,-,-,-,Cauvery,12.18222222,77.72388889,01-04-2008 09:30,1.9,"","",""
420,BILIGUNDULU,CWC,33,Tamil Nadu,571,Dharmapuri,Denkanikotti,-,-,Cauvery,Cauvery,-,-,-,Cauvery,12.18222222,77.72388889,01-05-2008 08:00,1.8,"","",""
421,BILIGUNDULU,CWC,33,Tamil Nadu,571,Dharmapuri,Denkanikotti,-,-,Cauvery,Cauvery,-,-,-,Cauvery,12.18222222,77.72388889,02-06-2008 09:45,0.96,"","",""
422,BILIGUNDULU,CWC,33,Tamil Nadu,571,Dharmapuri,Denkanikotti,-,-,Cauvery,Cauvery,-,-,-,Cauvery,12.18222222,77.72388889,01-07-2008 08:00,1,"","",""
423,BILIGUNDULU,CWC,33,Tamil Nadu,571,Dharmapuri,Denkanikotti,-,-,Cauvery,Cauvery,-,-,-,Cauvery,12.18222222,77.72388889,01-08-2008 10:30,0.6,"","",""
424,BILIGUNDULU,CWC,33,Tamil Nadu,571,Dharmapuri,Denkanikotti,-,-,Cauvery,Cauvery,-,-,-,Cauvery,12.18222222,77.72388889,01-09-2008 10:30,0.8,"","",""
425,BILIGUNDULU,CWC,33,Tamil Nadu,571,Dharmapuri,Denkanikotti,-,-,Cauvery,Cauvery,-,-,-,Cauvery,12.18222222,77.72388889,03-10-2008 10:30,0.36,"","",""
426,BILIGUNDULU,CWC,33,Tamil Nadu,571,Dharmapuri,Denkanikotti,-,-,Cauvery,Cauvery,-,-,-,Cauvery,12.18222222,77.72388889,03-11-2008 10:00,1.36,"","",""
427,BILIGUNDULU,CWC,33,Tamil Nadu,571,Dharmapuri,Denkanikotti,-,-,Cauvery,Cauvery,-,-,-,Cauvery,12.18222222,77.72388889,01-12-2008 09:30,2.1,"","",""
428,BILIGUNDULU,CWC,33,Tamil Nadu,571,Dharmapuri,Denkanikotti,-,-,Cauvery,Cauvery,-,-,-,Cauvery,12.18222222,77.72388889,01-01-2009 08:30,1.76,"","",""
429,BILIGUNDULU,CWC,33,Tamil Nadu,571,Dharmapuri,Denkanikotti,-,-,Cauvery,Cauvery,-,-,-,Cauvery,12.18222222,77.72388889,02-02-2009 08:00,1.39,"","",""
430,BILIGUNDULU,CWC,33,Tamil Nadu,571,Dharmapuri,Denkanikotti,-,-,Cauvery,Cauvery,-,-,-,Cauvery,12.18222222,77.72388889,02-03-2009 08:00,0.83,"","",""
431,BILIGUNDULU,CWC,33,Tamil Nadu,571,Dharmapuri,Denkanikotti,-,-,Cauvery,Cauvery,-,-,-,Cauvery,12.18222222,77.72388889,01-04-2009 08:30,2.22,"","",""
432,BILIGUNDULU,CWC,33,Tamil Nadu,571,Dharmapuri,Denkanikotti,-,-,Cauvery,Cauvery,-,-,-,Cauvery,12.18222222,77.72388889,01-05-2009 08:30,1.26,"","",""
433,BILIGUNDULU,CWC,33,Tamil Nadu,571,Dharmapuri,Denkanikotti,-,-,Cauvery,Cauvery,-,-,-,Cauvery,12.18222222,77.72388889,01-06-2009 08:20,0.96,"","",""
434,BILIGUNDULU,CWC,33,Tamil Nadu,571,Dharmapuri,Denkanikotti,-,-,Cauvery,Cauvery,-,-,-,Cauvery,12.18222222,77.72388889,01-07-2009 08:20,2.03,"","",""
435,BILIGUNDULU,CWC,33,Tamil Nadu,571,Dharmapuri,Denkanikotti,-,-,Cauvery,Cauvery,-,-,-,Cauvery,12.18222222,77.72388889,03-08-2009 08:00,1.01,"","",""
436,BILIGUNDULU,CWC,33,Tamil Nadu,571,Dharmapuri,Denkanikotti,-,-,Cauvery,Cauvery,-,-,-,Cauvery,12.18222222,77.72388889,01-09-2009 08:15,0.38,"","",""
437,BILIGUNDULU,CWC,33,Tamil Nadu,571,Dharmapuri,Denkanikotti,-,-,Cauvery,Cauvery,-,-,-,Cauvery,12.18222222,77.72388889,05-10-2009 08:15,0.99,"","",""
438,BILIGUNDULU,CWC,33,Tamil Nadu,571,Dharmapuri,Denkanikotti,-,-,Cauvery,Cauvery,-,-,-,Cauvery,12.18222222,77.72388889,03-11-2009 08:15,0.58,"","",""
439,BILIGUNDULU,CWC,33,Tamil Nadu,571,Dharmapuri,Denkanikotti,-,-,Cauvery,Cauvery,-,-,-,Cauvery,12.18222222,77.72388889,01-12-2009 08:15,0.2,"","",""
440,BILIGUNDULU,CWC,33,Tamil Nadu,571,Dharmapuri,Denkanikotti,-,-,Cauvery,Cauvery,-,-,-,Cauvery,12.18222222,77.72388889,01-01-2010 08:30,0.99,"","",""
441,BILIGUNDULU,CWC,33,Tamil Nadu,571,Dharmapuri,Denkanikotti,-,-,Cauvery,Cauvery,-,-,-,Cauvery,12.18222222,77.72388889,01-02-2010 08:15,0.97,"","",""
442,BILIGUNDULU,CWC,33,Tamil Nadu,571,Dharmapuri,Denkanikotti,-,-,Cauvery,Cauvery,-,-,-,Cauvery,12.18222222,77.72388889,01-03-2010 08:15,1.02,"","",""
443,BILIGUNDULU,CWC,33,Tamil Nadu,571,Dharmapuri,Denkanikotti,-,-,Cauvery,Cauvery,-,-,-,Cauvery,12.18222222,77.72388889,05-04-2010 08:30,1.6,"","",""
444,BILIGUNDULU,CWC,33,Tamil Nadu,571,Dharmapuri,Denkanikotti,-,-,Cauvery,Cauvery,-,-,-,Cauvery,12.18222222,77.72388889,01-05-2010 08:30,1.8,"","",""
445,BILIGUNDULU,CWC,33,Tamil Nadu,571,Dharmapuri,Denkanikotti,-,-,Cauvery,Cauvery,-,-,-,Cauvery,12.18222222,77.72388889,01-12-2010 08:30,1.19,"","",""
446,BILIGUNDULU,CWC,33,Tamil Nadu,571,Dharmapuri,Denkanikotti,-,-,Cauvery,Cauvery,-,-,-,Cauvery,12.18222222,77.72388889,03-01-2011 08:45,0.81,"","",""
447,BILIGUNDULU,CWC,33,Tamil Nadu,571,Dharmapuri,Denkanikotti,-,-,Cauvery,Cauvery,-,-,-,Cauvery,12.18222222,77.72388889,01-07-2011 08:30,2.78,"","",""
448,BILIGUNDULU,CWC,33,Tamil Nadu,571,Dharmapuri,Denkanikotti,-,-,Cauvery,Cauvery,-,-,-,Cauvery,12.18222222,77.72388889,01-08-2011 08:30,0.78,"","",""
449,BILIGUNDULU,CWC,33,Tamil Nadu,571,Dharmapuri,Denkanikotti,-,-,Cauvery,Cauvery,-,-,-,Cauvery,12.18222222,77.72388889,02-09-2011 08:30,2.83,"","",""
450,BILIGUNDULU,CWC,33,Tamil Nadu,571,Dharmapuri,Denkanikotti,-,-,Cauvery,Cauvery,-,-,-,Cauvery,12.18222222,77.72388889,04-10-2011 08:30,0.8,"","",""
451,BILIGUNDULU,CWC,33,Tamil Nadu,571,Dharmapuri,Denkanikotti,-,-,Cauvery,Cauvery,-,-,-,Cauvery,12.18222222,77.72388889,01-11-2011 08:30,0.38,"","",""
452,BILIGUNDULU,CWC,33,Tamil Nadu,571,Dharmapuri,Denkanikotti,-,-,Cauvery,Cauvery,-,-,-,Cauvery,12.18222222,77.72388889,02-12-2011 08:30,0.59,"","",""
453,BILIGUNDULU,CWC,33,Tamil Nadu,571,Dharmapuri,Denkanikotti,-,-,Cauvery,Cauvery,-,-,-,Cauvery,12.18222222,77.72388889,02-01-2012 08:30,0.77,"","",""
454,BILIGUNDULU,CWC,33,Tamil Nadu,571,Dharmapuri,Denkanikotti,-,-,Cauvery,Cauvery,-,-,-,Cauvery,12.18222222,77.72388889,02-03-2012 08:30,0.193,"","",""
455,BILIGUNDULU,CWC,33,Tamil Nadu,571,Dharmapuri,Denkanikotti,-,-,Cauvery,Cauvery,-,-,-,Cauvery,12.18222222,77.72388889,03-04-2012 08:30,0.58,"","",""
456,BILIGUNDULU,CWC,33,Tamil Nadu,571,Dharmapuri,Denkanikotti,-,-,Cauvery,Cauvery,-,-,-,Cauvery,12.18222222,77.72388889,01-06-2012 08:30,0.79,"","",""
457,BILIGUNDULU,CWC,33,Tamil Nadu,571,Dharmapuri,Denkanikotti,-,-,Cauvery,Cauvery,-,-,-,Cauvery,12.18222222,77.72388889,02-07-2012 08:30,0.59,"","",""
458,BILIGUNDULU,CWC,33,Tamil Nadu,571,Dharmapuri,Denkanikotti,-,-,Cauvery,Cauvery,-,-,-,Cauvery,12.18222222,77.72388889,01-08-2012 08:30,0.8,"","",""
459,BILIGUNDULU,CWC,33,Tamil Nadu,571,Dharmapuri,Denkanikotti,-,-,Cauvery,Cauvery,-,-,-,Cauvery,12.18222222,77.72388889,03-09-2012 08:30,0.58,"","",""
460,BILIGUNDULU,CWC,33,Tamil Nadu,571,Dharmapuri,Denkanikotti,-,-,Cauvery,Cauvery,-,-,-,Cauvery,12.18222222,77.72388889,03-10-2012 08:30,0.39,"","",""
461,BILIGUNDULU,CWC,33,Tamil Nadu,571,Dharmapuri,Denkanikotti,-,-,Cauvery,Cauvery,-,-,-,Cauvery,12.18222222,77.72388889,02-11-2012 08:30,1.39,"","",""
462,BILIGUNDULU,CWC,33,Tamil Nadu,571,Dharmapuri,Denkanikotti,-,-,Cauvery,Cauvery,-,-,-,Cauvery,12.18222222,77.72388889,03-12-2012 08:30,0.58,"","",""
463,BILIGUNDULU,CWC,33,Tamil Nadu,571,Dharmapuri,Denkanikotti,-,-,Cauvery,Cauvery,-,-,-,Cauvery,12.18222222,77.72388889,01-01-2013 08:30,0.59,"","",""
464,BILIGUNDULU,CWC,33,Tamil Nadu,571,Dharmapuri,Denkanikotti,-,-,Cauvery,Cauvery,-,-,-,Cauvery,12.18222222,77.72388889,01-02-2013 08:30,0.6,"","",""
465,BILIGUNDULU,CWC,33,Tamil Nadu,571,Dharmapuri,Denkanikotti,-,-,Cauvery,Cauvery,-,-,-,Cauvery,12.18222222,77.72388889,01-03-2013 08:30,0.99,"","",""
466,BILIGUNDULU,CWC,33,Tamil Nadu,571,Dharmapuri,Denkanikotti,-,-,Cauvery,Cauvery,-,-,-,Cauvery,12.18222222,77.72388889,01-04-2013 08:30,1.18,"","",""
467,BILIGUNDULU,CWC,33,Tamil Nadu,571,Dharmapuri,Denkanikotti,-,-,Cauvery,Cauvery,-,-,-,Cauvery,12.18222222,77.72388889,01-05-2013 08:30,1.19,"","",""
468,BILIGUNDULU,CWC,33,Tamil Nadu,571,Dharmapuri,Denkanikotti,-,-,Cauvery,Cauvery,-,-,-,Cauvery,12.18222222,77.72388889,01-06-2013 08:30,1.24,"","",""
469,BILIGUNDULU,CWC,33,Tamil Nadu,571,Dharmapuri,Denkanikotti,-,-,Cauvery,Cauvery,-,-,-,Cauvery,12.18222222,77.72388889,01-07-2013 08:30,0.78,"","",""
470,BILIGUNDULU,CWC,33,Tamil Nadu,571,Dharmapuri,Denkanikotti,-,-,Cauvery,Cauvery,-,-,-,Cauvery,12.18222222,77.72388889,02-08-2013 08:30,0.78,"","",""
471,BILIGUNDULU,CWC,33,Tamil Nadu,571,Dharmapuri,Denkanikotti,-,-,Cauvery,Cauvery,-,-,-,Cauvery,12.18222222,77.72388889,02-09-2013 08:30,1.67,"","",""
472,BILIGUNDULU,CWC,33,Tamil Nadu,571,Dharmapuri,Denkanikotti,-,-,Cauvery,Cauvery,-,-,-,Cauvery,12.18222222,77.72388889,04-10-2013 08:30,0.61,"","",""
473,BILIGUNDULU,CWC,33,Tamil Nadu,571,Dharmapuri,Denkanikotti,-,-,Cauvery,Cauvery,-,-,-,Cauvery,12.18222222,77.72388889,04-11-2013 08:30,1.58,"","",""
474,BILIGUNDULU,CWC,33,Tamil Nadu,571,Dharmapuri,Denkanikotti,-,-,Cauvery,Cauvery,-,-,-,Cauvery,12.18222222,77.72388889,02-12-2013 08:30,0.8,"","",""
475,BILIGUNDULU,CWC,33,Tamil Nadu,571,Dharmapuri,Denkanikotti,-,-,Cauvery,Cauvery,-,-,-,Cauvery,12.18222222,77.72388889,01-01-2014 08:30,1.12,"","",""
476,BILIGUNDULU,CWC,33,Tamil Nadu,571,Dharmapuri,Denkanikotti,-,-,Cauvery,Cauvery,-,-,-,Cauvery,12.18222222,77.72388889,03-02-2014 08:30,0.39,"","",""
477,BILIGUNDULU,CWC,33,Tamil Nadu,571,Dharmapuri,Denkanikotti,-,-,Cauvery,Cauvery,-,-,-,Cauvery,12.18222222,77.72388889,03-03-2014 08:30,0.39,"","",""
478,BILIGUNDULU,CWC,33,Tamil Nadu,571,Dharmapuri,Denkanikotti,-,-,Cauvery,Cauvery,-,-,-,Cauvery,12.18222222,77.72388889,01-04-2014 08:30,0.97,"","",""
479,BILIGUNDULU,CWC,33,Tamil Nadu,571,Dharmapuri,Denkanikotti,-,-,Cauvery,Cauvery,-,-,-,Cauvery,12.18222222,77.72388889,02-05-2014 08:30,1.03,"","",""
480,BILIGUNDULU,CWC,33,Tamil Nadu,571,Dharmapuri,Denkanikotti,-,-,Cauvery,Cauvery,-,-,-,Cauvery,12.18222222,77.72388889,02-06-2014 08:30,1.23,"","",""
481,BILIGUNDULU,CWC,33,Tamil Nadu,571,Dharmapuri,Denkanikotti,-,-,Cauvery,Cauvery,-,-,-,Cauvery,12.18222222,77.72388889,01-07-2014 08:30,1.59,"","",""
482,BILIGUNDULU,CWC,33,Tamil Nadu,571,Dharmapuri,Denkanikotti,-,-,Cauvery,Cauvery,-,-,-,Cauvery,12.18222222,77.72388889,01-08-2014 08:30,1.06,"","",""
483,BILIGUNDULU,CWC,33,Tamil Nadu,571,Dharmapuri,Denkanikotti,-,-,Cauvery,Cauvery,-,-,-,Cauvery,12.18222222,77.72388889,01-09-2014 08:30,2.57,"","",""
484,BILIGUNDULU,CWC,33,Tamil Nadu,571,Dharmapuri,Denkanikotti,-,-,Cauvery,Cauvery,-,-,-,Cauvery,12.18222222,77.72388889,07-11-2014 08:30,0.63,"","",""
485,BILIGUNDULU,CWC,33,Tamil Nadu,571,Dharmapuri,Denkanikotti,-,-,Cauvery,Cauvery,-,-,-,Cauvery,12.18222222,77.72388889,01-12-2014 08:30,1.38,"","",""
486,BILIGUNDULU,CWC,33,Tamil Nadu,571,Dharmapuri,Denkanikotti,-,-,Cauvery,Cauvery,-,-,-,Cauvery,12.18222222,77.72388889,01-01-2015 08:30,0.98,"","",""
487,BILIGUNDULU,CWC,33,Tamil Nadu,571,Dharmapuri,Denkanikotti,-,-,Cauvery,Cauvery,-,-,-,Cauvery,12.18222222,77.72388889,02-02-2015 08:30,0.96,"","",""
488,BILIGUNDULU,CWC,33,Tamil Nadu,571,Dharmapuri,Denkanikotti,-,-,Cauvery,Cauvery,-,-,-,Cauvery,12.18222222,77.72388889,02-03-2015 08:30,1.75,"","",""
489,BILIGUNDULU,CWC,33,Tamil Nadu,571,Dharmapuri,Denkanikotti,-,-,Cauvery,Cauvery,-,-,-,Cauvery,12.18222222,77.72388889,01-08-2015 08:30,0.98,"","",""
490,BILIGUNDULU,CWC,33,Tamil Nadu,571,Dharmapuri,Denkanikotti,-,-,Cauvery,Cauvery,-,-,-,Cauvery,12.18222222,77.72388889,01-09-2015 08:30,1.26,"","",""
491,BILIGUNDULU,CWC,33,Tamil Nadu,571,Dharmapuri,Denkanikotti,-,-,Cauvery,Cauvery,-,-,-,Cauvery,12.18222222,77.72388889,05-10-2015 08:30,0.75,"","",""
492,BILIGUNDULU,CWC,33,Tamil Nadu,571,Dharmapuri,Denkanikotti,-,-,Cauvery,Cauvery,-,-,-,Cauvery,12.18222222,77.72388889,02-11-2015 08:30,1,"","",""
493,BILIGUNDULU,CWC,33,Tamil Nadu,571,Dharmapuri,Denkanikotti,-,-,Cauvery,Cauvery,-,-,-,Cauvery,12.18222222,77.72388889,01-12-2015 08:30,1.19,"","",""
494,BILIGUNDULU,CWC,33,Tamil Nadu,571,Dharmapuri,Denkanikotti,-,-,Cauvery,Cauvery,-,-,-,Cauvery,12.18222222,77.72388889,01-01-2016 08:30,2.56,"","",""
495,BILIGUNDULU,CWC,33,Tamil Nadu,571,Dharmapuri,Denkanikotti,-,-,Cauvery,Cauvery,-,-,-,Cauvery,12.18222222,77.72388889,01-02-2016 08:30,2.55,"","",""
496,BILIGUNDULU,CWC,33,Tamil Nadu,571,Dharmapuri,Denkanikotti,-,-,Cauvery,Cauvery,-,-,-,Cauvery,12.18222222,77.72388889,01-03-2016 08:30,0.8,"","",""
497,BILIGUNDULU,CWC,33,Tamil Nadu,571,Dharmapuri,Denkanikotti,-,-,Cauvery,Cauvery,-,-,-,Cauvery,12.18222222,77.72388889,01-04-2016 08:30,1.74,"","",""
498,BILIGUNDULU,CWC,33,Tamil Nadu,571,Dharmapuri,Denkanikotti,-,-,Cauvery,Cauvery,-,-,-,Cauvery,12.18222222,77.72388889,02-05-2016 08:30,1.77,"","",""
499,BILIGUNDULU,CWC,33,Tamil Nadu,571,Dharmapuri,Denkanikotti,-,-,Cauvery,Cauvery,-,-,-,Cauvery,12.18222222,77.72388889,01-06-2016 09:00,1.48,"","",""
500,BILIGUNDULU,CWC,33,Tamil Nadu,571,Dharmapuri,Denkanikotti,-,-,Cauvery,Cauvery,-,-,-,Cauvery,12.18222222,77.72388889,01-07-2016 08:00,1.2,"","",""
501,BILIGUNDULU,CWC,33,Tamil Nadu,571,Dharmapuri,Denkanikotti,-,-,Cauvery,Cauvery,-,-,-,Cauvery,12.18222222,77.72388889,01-08-2016 08:00,2.7,"","",""
502,BILIGUNDULU,CWC,33,Tamil Nadu,571,Dharmapuri,Denkanikotti,-,-,Cauvery,Cauvery,-,-,-,Cauvery,12.18222222,77.72388889,01-09-2016 09:00,0.62,"","",""
503,BILIGUNDULU,CWC,33,Tamil Nadu,571,Dharmapuri,Denkanikotti,-,-,Cauvery,Cauvery,-,-,-,Cauvery,12.18222222,77.72388889,03-10-2016 08:00,0.47,"","",""
504,BILIGUNDULU,CWC,33,Tamil Nadu,571,Dharmapuri,Denkanikotti,-,-,Cauvery,Cauvery,-,-,-,Cauvery,12.18222222,77.72388889,01-11-2016 09:00,2.57,"","",""
505,BILIGUNDULU,CWC,33,Tamil Nadu,571,Dharmapuri,Denkanikotti,-,-,Cauvery,Cauvery,-,-,-,Cauvery,12.18222222,77.72388889,01-12-2016 08:00,2.02,"","",""
506,BILIGUNDULU,CWC,33,Tamil Nadu,571,Dharmapuri,Denkanikotti,-,-,Cauvery,Cauvery,-,-,-,Cauvery,12.18222222,77.72388889,02-01-2017 08:00,1.86,"","",""
507,BILIGUNDULU,CWC,33,Tamil Nadu,571,Dharmapuri,Denkanikotti,-,-,Cauvery,Cauvery,-,-,-,Cauvery,12.18222222,77.72388889,01-02-2017 08:00,1.52,"","",""
508,BILIGUNDULU,CWC,33,Tamil Nadu,571,Dharmapuri,Denkanikotti,-,-,Cauvery,Cauvery,-,-,-,Cauvery,12.18222222,77.72388889,01-03-2017 08:00,2.06,"","",""
509,BILIGUNDULU,CWC,33,Tamil Nadu,571,Dharmapuri,Denkanikotti,-,-,Cauvery,Cauvery,-,-,-,Cauvery,12.18222222,77.72388889,01-04-2017 08:00,2.62,"","",""
510,BILIGUNDULU,CWC,33,Tamil Nadu,571,Dharmapuri,Denkanikotti,-,-,Cauvery,Cauvery,-,-,-,Cauvery,12.18222222,77.72388889,01-05-2017 08:00,2.32,"","",""
511,BILIGUNDULU,CWC,33,Tamil Nadu,571,Dharmapuri,Denkanikotti,-,-,Cauvery,Cauvery,-,-,-,Cauvery,12.18222222,77.72388889,01-06-2017 08:00,2.01,"","",""
512,BILIGUNDULU,CWC,33,Tamil Nadu,571,Dharmapuri,Denkanikotti,-,-,Cauvery,Cauvery,-,-,-,Cauvery,12.18222222,77.72388889,03-07-2017 08:00,0.89,"","",""
513,BILIGUNDULU,CWC,33,Tamil Nadu,571,Dharmapuri,Denkanikotti,-,-,Cauvery,Cauvery,-,-,-,Cauvery,12.18222222,77.72388889,30-07-2017 08:00,0.89,"","",""
514,BILIGUNDULU,CWC,33,Tamil Nadu,571,Dharmapuri,Denkanikotti,-,-,Cauvery,Cauvery,-,-,-,Cauvery,12.18222222,77.72388889,01-08-2017 08:00,1.5,"","",""
515,BILIGUNDULU,CWC,33,Tamil Nadu,571,Dharmapuri,Denkanikotti,-,-,Cauvery,Cauvery,-,-,-,Cauvery,12.18222222,77.72388889,04-09-2017 08:00,"","","",""
516,BILIGUNDULU,CWC,33,Tamil Nadu,571,Dharmapuri,Denkanikotti,-,-,Cauvery,Cauvery,-,-,-,Cauvery,12.18222222,77.72388889,03-10-2017 08:00,2,"","",""
517,BILIGUNDULU,CWC,33,Tamil Nadu,571,Dharmapuri,Denkanikotti,-,-,Cauvery,Cauvery,-,-,-,Cauvery,12.18222222,77.72388889,01-11-2017 09:00,"","","",""
518,BILIGUNDULU,CWC,33,Tamil Nadu,571,Dharmapuri,Denkanikotti,-,-,Cauvery,Cauvery,-,-,-,Cauvery,12.18222222,77.72388889,04-12-2017 08:00,"","","",""
519,BILIGUNDULU,CWC,33,Tamil Nadu,571,Dharmapuri,Denkanikotti,-,-,Cauvery,Cauvery,-,-,-,Cauvery,12.18222222,77.72388889,01-01-2018 08:00,1.1,"","",""
520,BILIGUNDULU,CWC,33,Tamil Nadu,571,Dharmapuri,Denkanikotti,-,-,Cauvery,Cauvery,-,-,-,Cauvery,12.18222222,77.72388889,01-02-2018 08:00,1,"","",""
521,BILIGUNDULU,CWC,33,Tamil Nadu,571,Dharmapuri,Denkanikotti,-,-,Cauvery,Cauvery,-,-,-,Cauvery,12.18222222,77.72388889,01-03-2018 09:00,1.2,"","",""
522,Chengalpet,CWC,33,Tamil Nadu,730,Chengalpattu,chengalpattu,-,-,Duplicate-Palar,East flowing rivers between Pennar and Kanyakumari,-,-,-,Palar,12.65000000,79.94722222,09-11-2009 09:30,0.662,"","",""
523,Chengalpet,CWC,33,Tamil Nadu,730,Chengalpattu,chengalpattu,-,-,Duplicate-Palar,East flowing rivers between Pennar and Kanyakumari,-,-,-,Palar,12.65000000,79.94722222,01-12-2009 09:30,0.556,"","",""
524,Chengalpet,CWC,33,Tamil Nadu,730,Chengalpattu,chengalpattu,-,-,Duplicate-Palar,East flowing rivers between Pennar and Kanyakumari,-,-,-,Palar,12.65000000,79.94722222,01-01-2010 08:00,0.556,"","",""
525,Chengalpet,CWC,33,Tamil Nadu,730,Chengalpattu,chengalpattu,-,-,Duplicate-Palar,East flowing rivers between Pennar and Kanyakumari,-,-,-,Palar,12.65000000,79.94722222,01-02-2010 08:00,0.288,"","",""
526,Chengalpet,CWC,33,Tamil Nadu,730,Chengalpattu,chengalpattu,-,-,Duplicate-Palar,East flowing rivers between Pennar and Kanyakumari,-,-,-,Palar,12.65000000,79.94722222,24-08-2010 09:30,0.29,"","",""
527,Chengalpet,CWC,33,Tamil Nadu,730,Chengalpattu,chengalpattu,-,-,Duplicate-Palar,East flowing rivers between Pennar and Kanyakumari,-,-,-,Palar,12.65000000,79.94722222,01-09-2010 09:00,0.926,"","",""
528,Chengalpet,CWC,33,Tamil Nadu,730,Chengalpattu,chengalpattu,-,-,Duplicate-Palar,East flowing rivers between Pennar and Kanyakumari,-,-,-,Palar,12.65000000,79.94722222,01-10-2010 09:00,1.575,"","",""
529,Chengalpet,CWC,33,Tamil Nadu,730,Chengalpattu,chengalpattu,-,-,Duplicate-Palar,East flowing rivers between Pennar and Kanyakumari,-,-,-,Palar,12.65000000,79.94722222,01-11-2010 09:00,0.266,"","",""
530,Chengalpet,CWC,33,Tamil Nadu,730,Chengalpattu,chengalpattu,-,-,Duplicate-Palar,East flowing rivers between Pennar and Kanyakumari,-,-,-,Palar,12.65000000,79.94722222,03-12-2010 09:00,0.532,"","",""
531,Chengalpet,CWC,33,Tamil Nadu,730,Chengalpattu,chengalpattu,-,-,Duplicate-Palar,East flowing rivers between Pennar and Kanyakumari,-,-,-,Palar,12.65000000,79.94722222,03-01-2011 08:30,0.575,"","",""
532,Chengalpet,CWC,33,Tamil Nadu,730,Chengalpattu,chengalpattu,-,-,Duplicate-Palar,East flowing rivers between Pennar and Kanyakumari,-,-,-,Palar,12.65000000,79.94722222,01-02-2011 08:30,0.288,"","",""
533,Chengalpet,CWC,33,Tamil Nadu,730,Chengalpattu,chengalpattu,-,-,Duplicate-Palar,East flowing rivers between Pennar and Kanyakumari,-,-,-,Palar,12.65000000,79.94722222,01-03-2011 09:00,0.267,"","",""
534,Chengalpet,CWC,33,Tamil Nadu,730,Chengalpattu,chengalpattu,-,-,Duplicate-Palar,East flowing rivers between Pennar and Kanyakumari,-,-,-,Palar,12.65000000,79.94722222,01-09-2011 08:00,0.3,"","",""
535,Chengalpet,CWC,33,Tamil Nadu,730,Chengalpattu,chengalpattu,-,-,Duplicate-Palar,East flowing rivers between Pennar and Kanyakumari,-,-,-,Palar,12.65000000,79.94722222,01-10-2011 08:00,1.43,"","",""
536,Chengalpet,CWC,33,Tamil Nadu,730,Chengalpattu,chengalpattu,-,-,Duplicate-Palar,East flowing rivers between Pennar and Kanyakumari,-,-,-,Palar,12.65000000,79.94722222,01-11-2011 09:00,0.45,"","",""
537,Chengalpet,CWC,33,Tamil Nadu,730,Chengalpattu,chengalpattu,-,-,Duplicate-Palar,East flowing rivers between Pennar and Kanyakumari,-,-,-,Palar,12.65000000,79.94722222,01-12-2011 08:00,2.14,"","",""
538,Chengalpet,CWC,33,Tamil Nadu,730,Chengalpattu,chengalpattu,-,-,Duplicate-Palar,East flowing rivers between Pennar and Kanyakumari,-,-,-,Palar,12.65000000,79.94722222,02-01-2012 08:30,2.74,"","",""
539,Chengalpet,CWC,33,Tamil Nadu,730,Chengalpattu,chengalpattu,-,-,Duplicate-Palar,East flowing rivers between Pennar and Kanyakumari,-,-,-,Palar,12.65000000,79.94722222,01-02-2012 08:30,2.11,"","",""
540,Chengalpet,CWC,33,Tamil Nadu,730,Chengalpattu,chengalpattu,-,-,Duplicate-Palar,East flowing rivers between Pennar and Kanyakumari,-,-,-,Palar,12.65000000,79.94722222,22-10-2012 14:10,1.96,"","",""
541,Chengalpet,CWC,33,Tamil Nadu,730,Chengalpattu,chengalpattu,-,-,Duplicate-Palar,East flowing rivers between Pennar and Kanyakumari,-,-,-,Palar,12.65000000,79.94722222,01-11-2012 10:00,0.72,"","",""
542,Chengalpet,CWC,33,Tamil Nadu,730,Chengalpattu,chengalpattu,-,-,Duplicate-Palar,East flowing rivers between Pennar and Kanyakumari,-,-,-,Palar,12.65000000,79.94722222,01-12-2012 08:00,0.82,"","",""
543,Chengalpet,CWC,33,Tamil Nadu,730,Chengalpattu,chengalpattu,-,-,Duplicate-Palar,East flowing rivers between Pennar and Kanyakumari,-,-,-,Palar,12.65000000,79.94722222,16-09-2013 09:30,1.43,"","",""
544,Chengalpet,CWC,33,Tamil Nadu,730,Chengalpattu,chengalpattu,-,-,Duplicate-Palar,East flowing rivers between Pennar and Kanyakumari,-,-,-,Palar,12.65000000,79.94722222,01-10-2013 08:30,0.36,"","",""
545,Chengalpet,CWC,33,Tamil Nadu,730,Chengalpattu,chengalpattu,-,-,Duplicate-Palar,East flowing rivers between Pennar and Kanyakumari,-,-,-,Palar,12.65000000,79.94722222,01-11-2013 09:30,0.73,"","",""
546,Chengalpet,CWC,33,Tamil Nadu,730,Chengalpattu,chengalpattu,-,-,Duplicate-Palar,East flowing rivers between Pennar and Kanyakumari,-,-,-,Palar,12.65000000,79.94722222,02-12-2013 09:30,1.55,"","",""
547,Chengalpet,CWC,33,Tamil Nadu,730,Chengalpattu,chengalpattu,-,-,Duplicate-Palar,East flowing rivers between Pennar and Kanyakumari,-,-,-,Palar,12.65000000,79.94722222,13-11-2014 08:00,1.46,"","",""
548,Chengalpet,CWC,33,Tamil Nadu,730,Chengalpattu,chengalpattu,-,-,Duplicate-Palar,East flowing rivers between Pennar and Kanyakumari,-,-,-,Palar,12.65000000,79.94722222,11-11-2015 10:30,0.73,"","",""
549,Chengalpet,CWC,33,Tamil Nadu,730,Chengalpattu,chengalpattu,-,-,Duplicate-Palar,East flowing rivers between Pennar and Kanyakumari,-,-,-,Palar,12.65000000,79.94722222,08-12-2015 09:30,2.01,"","",""
550,Chengalpet,CWC,33,Tamil Nadu,730,Chengalpattu,chengalpattu,-,-,Duplicate-Palar,East flowing rivers between Pennar and Kanyakumari,-,-,-,Palar,12.65000000,79.94722222,02-01-2016 09:30,1.82,"","",""
551,Chengalpet,CWC,33,Tamil Nadu,730,Chengalpattu,chengalpattu,-,-,Duplicate-Palar,East flowing rivers between Pennar and Kanyakumari,-,-,-,Palar,12.65000000,79.94722222,01-02-2016 08:30,1.46,"","",""
552,Chengalpet,CWC,33,Tamil Nadu,730,Chengalpattu,chengalpattu,-,-,Duplicate-Palar,East flowing rivers between Pennar and Kanyakumari,-,-,-,Palar,12.65000000,79.94722222,24-05-2016 08:00,2.37,"","",""
553,Chengalpet,CWC,33,Tamil Nadu,730,Chengalpattu,chengalpattu,-,-,Duplicate-Palar,East flowing rivers between Pennar and Kanyakumari,-,-,-,Palar,12.65000000,79.94722222,21-07-2016 09:00,3.28,"","",""
554,Chengalpet,CWC,33,Tamil Nadu,730,Chengalpattu,chengalpattu,-,-,Duplicate-Palar,East flowing rivers between Pennar and Kanyakumari,-,-,-,Palar,12.65000000,79.94722222,01-08-2016 09:00,1.81,"","",""
555,Chengalpet,CWC,33,Tamil Nadu,730,Chengalpattu,chengalpattu,-,-,Duplicate-Palar,East flowing rivers between Pennar and Kanyakumari,-,-,-,Palar,12.65000000,79.94722222,01-09-2016 09:00,5.62,"","",""
556,Chengalpet,CWC,33,Tamil Nadu,730,Chengalpattu,chengalpattu,-,-,Duplicate-Palar,East flowing rivers between Pennar and Kanyakumari,-,-,-,Palar,12.65000000,79.94722222,01-10-2016 10:00,2.45,"","",""
557,Chengalpet,CWC,33,Tamil Nadu,730,Chengalpattu,chengalpattu,-,-,Duplicate-Palar,East flowing rivers between Pennar and Kanyakumari,-,-,-,Palar,12.65000000,79.94722222,05-12-2016 09:00,0.37,"","",""
558,Chengalpet,CWC,33,Tamil Nadu,730,Chengalpattu,chengalpattu,-,-,Duplicate-Palar,East flowing rivers between Pennar and Kanyakumari,-,-,-,Palar,12.65000000,79.94722222,02-01-2017 09:00,0.67,"","",""
559,Chengalpet,CWC,33,Tamil Nadu,730,Chengalpattu,chengalpattu,-,-,Duplicate-Palar,East flowing rivers between Pennar and Kanyakumari,-,-,-,Palar,12.65000000,79.94722222,08-09-2017 08:00,2.6,"","",""
560,Chengalpet,CWC,33,Tamil Nadu,730,Chengalpattu,chengalpattu,-,-,Duplicate-Palar,East flowing rivers between Pennar and Kanyakumari,-,-,-,Palar,12.65000000,79.94722222,01-11-2017 08:00,0.7,"","",""
561,Chengalpet,CWC,33,Tamil Nadu,730,Chengalpattu,chengalpattu,-,-,Duplicate-Palar,East flowing rivers between Pennar and Kanyakumari,-,-,-,Palar,12.65000000,79.94722222,01-12-2017 08:00,1.1,"","",""
562,Chengalpet,CWC,33,Tamil Nadu,730,Chengalpattu,chengalpattu,-,-,Duplicate-Palar,East flowing rivers between Pennar and Kanyakumari,-,-,-,Palar,12.65000000,79.94722222,01-01-2018 08:00,0.6,"","",""
563,Chengalpet,CWC,33,Tamil Nadu,730,Chengalpattu,chengalpattu,-,-,Duplicate-Palar,East flowing rivers between Pennar and Kanyakumari,-,-,-,Palar,12.65000000,79.94722222,22-09-2018 08:00,1.6,"","",""
564,Chengalpet,CWC,33,Tamil Nadu,730,Chengalpattu,chengalpattu,-,-,Duplicate-Palar,East flowing rivers between Pennar and Kanyakumari,-,-,-,Palar,12.65000000,79.94722222,22-11-2018 08:00,2.5,"","",""
565,Chengalpet,CWC,33,Tamil Nadu,730,Chengalpattu,chengalpattu,-,-,Duplicate-Palar,East flowing rivers between Pennar and Kanyakumari,-,-,-,Palar,12.65000000,79.94722222,01-12-2018 08:00,3.1,"","",""
566,Chengalpet,CWC,33,Tamil Nadu,730,Chengalpattu,chengalpattu,-,-,Duplicate-Palar,East flowing rivers between Pennar and Kanyakumari,-,-,-,Palar,12.65000000,79.94722222,21-08-2019 08:00,2.8,"","",""
567,Chengalpet,CWC,33,Tamil Nadu,730,Chengalpattu,chengalpattu,-,-,Duplicate-Palar,East flowing rivers between Pennar and Kanyakumari,-,-,-,Palar,12.65000000,79.94722222,03-09-2019 08:00,2.8,"","",""
568,Chengalpet,CWC,33,Tamil Nadu,730,Chengalpattu,chengalpattu,-,-,Duplicate-Palar,East flowing rivers between Pennar and Kanyakumari,-,-,-,Palar,12.65000000,79.94722222,01-10-2019 08:00,2,"","",""
569,Chengalpet,CWC,33,Tamil Nadu,730,Chengalpattu,chengalpattu,-,-,Duplicate-Palar,East flowing rivers between Pennar and Kanyakumari,-,-,-,Palar,12.65000000,79.94722222,01-11-2019 08:00,0.8,"","",""
570,Chengalpet,CWC,33,Tamil Nadu,730,Chengalpattu,chengalpattu,-,-,Duplicate-Palar,East flowing rivers between Pennar and Kanyakumari,-,-,-,Palar,12.65000000,79.94722222,02-12-2019 08:00,2.2,"","",""
571,Chengalpet,CWC,33,Tamil Nadu,730,Chengalpattu,chengalpattu,-,-,Duplicate-Palar,East flowing rivers between Pennar and Kanyakumari,-,-,-,Palar,12.65000000,79.94722222,01-01-2020 08:00,1.4,"","",""
572,Chengalpet,CWC,33,Tamil Nadu,730,Chengalpattu,chengalpattu,-,-,Duplicate-Palar,East flowing rivers between Pennar and Kanyakumari,-,-,-,Palar,12.65000000,79.94722222,01-02-2020 08:00,2.8,"","",""
573,Chengalpet,CWC,33,Tamil Nadu,730,Chengalpattu,chengalpattu,-,-,Duplicate-Palar,East flowing rivers between Pennar and Kanyakumari,-,-,-,Palar,12.65000000,79.94722222,25-09-2020 08:00,2.21,"","",""
574,Chengalpet,CWC,33,Tamil Nadu,730,Chengalpattu,chengalpattu,-,-,Duplicate-Palar,East flowing rivers between Pennar and Kanyakumari,-,-,-,Palar,12.65000000,79.94722222,01-10-2020 08:00,2.58,"","",""
575,Chengalpet,CWC,33,Tamil Nadu,730,Chengalpattu,chengalpattu,-,-,Duplicate-Palar,East flowing rivers between Pennar and Kanyakumari,-,-,-,Palar,12.65000000,79.94722222,02-11-2020 08:00,1.61,"","",""
576,Chengalpet,CWC,33,Tamil Nadu,730,Chengalpattu,chengalpattu,-,-,Duplicate-Palar,East flowing rivers between Pennar and Kanyakumari,-,-,-,Palar,12.65000000,79.94722222,01-12-2020 08:00,3.01,"","",""
577,ELUNUTHIMANGALAM,CWC,33,Tamil Nadu,573,Erode,ERODE,-,-,Cauvery,Cauvery,Noyyal,-,-,Noyyal,11.03166667,77.88750000,01-12-2001 08:30,1.8,"","",""
578,ELUNUTHIMANGALAM,CWC,33,Tamil Nadu,573,Erode,ERODE,-,-,Cauvery,Cauvery,Noyyal,-,-,Noyyal,11.03166667,77.88750000,01-01-2002 08:00,1.5,"","",""
579,ELUNUTHIMANGALAM,CWC,33,Tamil Nadu,573,Erode,ERODE,-,-,Cauvery,Cauvery,Noyyal,-,-,Noyyal,11.03166667,77.88750000,01-02-2002 08:20,4.6,"","",""
580,ELUNUTHIMANGALAM,CWC,33,Tamil Nadu,573,Erode,ERODE,-,-,Cauvery,Cauvery,Noyyal,-,-,Noyyal,11.03166667,77.88750000,21-09-2002 08:10,5.2,"","",""
581,ELUNUTHIMANGALAM,CWC,33,Tamil Nadu,573,Erode,ERODE,-,-,Cauvery,Cauvery,Noyyal,-,-,Noyyal,11.03166667,77.88750000,21-10-2002 08:30,2.7,"","",""
582,ELUNUTHIMANGALAM,CWC,33,Tamil Nadu,573,Erode,ERODE,-,-,Cauvery,Cauvery,Noyyal,-,-,Noyyal,11.03166667,77.88750000,01-11-2002 08:45,1.4,"","",""
583,ELUNUTHIMANGALAM,CWC,33,Tamil Nadu,573,Erode,ERODE,-,-,Cauvery,Cauvery,Noyyal,-,-,Noyyal,11.03166667,77.88750000,02-12-2002 09:15,3.3,"","",""
584,ELUNUTHIMANGALAM,CWC,33,Tamil Nadu,573,Erode,ERODE,-,-,Cauvery,Cauvery,Noyyal,-,-,Noyyal,11.03166667,77.88750000,01-11-2003 08:30,2.1,"","",""
585,ELUNUTHIMANGALAM,CWC,33,Tamil Nadu,573,Erode,ERODE,-,-,Cauvery,Cauvery,Noyyal,-,-,Noyyal,11.03166667,77.88750000,01-12-2003 08:10,1,"","",""
586,ELUNUTHIMANGALAM,CWC,33,Tamil Nadu,573,Erode,ERODE,-,-,Cauvery,Cauvery,Noyyal,-,-,Noyyal,11.03166667,77.88750000,01-11-2004 08:15,1.2,"","",""
587,ELUNUTHIMANGALAM,CWC,33,Tamil Nadu,573,Erode,ERODE,-,-,Cauvery,Cauvery,Noyyal,-,-,Noyyal,11.03166667,77.88750000,01-12-2004 08:15,1.5,"","",""
588,ELUNUTHIMANGALAM,CWC,33,Tamil Nadu,573,Erode,ERODE,-,-,Cauvery,Cauvery,Noyyal,-,-,Noyyal,11.03166667,77.88750000,01-01-2005 08:15,1.3,"","",""
589,ELUNUTHIMANGALAM,CWC,33,Tamil Nadu,573,Erode,ERODE,-,-,Cauvery,Cauvery,Noyyal,-,-,Noyyal,11.03166667,77.88750000,01-02-2005 08:50,3.2,"","",""
590,ELUNUTHIMANGALAM,CWC,33,Tamil Nadu,573,Erode,ERODE,-,-,Cauvery,Cauvery,Noyyal,-,-,Noyyal,11.03166667,77.88750000,01-03-2005 08:10,1.5,"","",""
591,ELUNUTHIMANGALAM,CWC,33,Tamil Nadu,573,Erode,ERODE,-,-,Cauvery,Cauvery,Noyyal,-,-,Noyyal,11.03166667,77.88750000,02-05-2005 08:10,2.3,"","",""
592,ELUNUTHIMANGALAM,CWC,33,Tamil Nadu,573,Erode,ERODE,-,-,Cauvery,Cauvery,Noyyal,-,-,Noyyal,11.03166667,77.88750000,01-06-2005 08:50,1.1,"","",""
593,ELUNUTHIMANGALAM,CWC,33,Tamil Nadu,573,Erode,ERODE,-,-,Cauvery,Cauvery,Noyyal,-,-,Noyyal,11.03166667,77.88750000,01-08-2005 09:00,1.4,"","",""
594,ELUNUTHIMANGALAM,CWC,33,Tamil Nadu,573,Erode,ERODE,-,-,Cauvery,Cauvery,Noyyal,-,-,Noyyal,11.03166667,77.88750000,16-08-2005 08:15,3.29,"","",""
595,ELUNUTHIMANGALAM,CWC,33,Tamil Nadu,573,Erode,ERODE,-,-,Cauvery,Cauvery,Noyyal,-,-,Noyyal,11.03166667,77.88750000,01-09-2005 08:45,1.8,"","",""
596,ELUNUTHIMANGALAM,CWC,33,Tamil Nadu,573,Erode,ERODE,-,-,Cauvery,Cauvery,Noyyal,-,-,Noyyal,11.03166667,77.88750000,15-09-2005 08:15,6.38,"","",""
597,ELUNUTHIMANGALAM,CWC,33,Tamil Nadu,573,Erode,ERODE,-,-,Cauvery,Cauvery,Noyyal,-,-,Noyyal,11.03166667,77.88750000,01-10-2005 08:45,1.8,"","",""
598,ELUNUTHIMANGALAM,CWC,33,Tamil Nadu,573,Erode,ERODE,-,-,Cauvery,Cauvery,Noyyal,-,-,Noyyal,11.03166667,77.88750000,02-11-2005 08:15,1.4,"","",""
599,ELUNUTHIMANGALAM,CWC,33,Tamil Nadu,573,Erode,ERODE,-,-,Cauvery,Cauvery,Noyyal,-,-,Noyyal,11.03166667,77.88750000,01-12-2005 08:15,1.4,"","",""
600,ELUNUTHIMANGALAM,CWC,33,Tamil Nadu,573,Erode,ERODE,-,-,Cauvery,Cauvery,Noyyal,-,-,Noyyal,11.03166667,77.88750000,15-12-2005 08:40,0.39,"","",""
601,ELUNUTHIMANGALAM,CWC,33,Tamil Nadu,573,Erode,ERODE,-,-,Cauvery,Cauvery,Noyyal,-,-,Noyyal,11.03166667,77.88750000,02-01-2006 08:15,1.4,"","",""
602,ELUNUTHIMANGALAM,CWC,33,Tamil Nadu,573,Erode,ERODE,-,-,Cauvery,Cauvery,Noyyal,-,-,Noyyal,11.03166667,77.88750000,01-02-2006 08:15,7.3,"","",""
603,ELUNUTHIMANGALAM,CWC,33,Tamil Nadu,573,Erode,ERODE,-,-,Cauvery,Cauvery,Noyyal,-,-,Noyyal,11.03166667,77.88750000,01-03-2006 08:15,5.4,"","",""
604,ELUNUTHIMANGALAM,CWC,33,Tamil Nadu,573,Erode,ERODE,-,-,Cauvery,Cauvery,Noyyal,-,-,Noyyal,11.03166667,77.88750000,15-03-2006 08:20,3.64,"","",""
605,ELUNUTHIMANGALAM,CWC,33,Tamil Nadu,573,Erode,ERODE,-,-,Cauvery,Cauvery,Noyyal,-,-,Noyyal,11.03166667,77.88750000,01-04-2006 08:15,7.6,"","",""
606,ELUNUTHIMANGALAM,CWC,33,Tamil Nadu,573,Erode,ERODE,-,-,Cauvery,Cauvery,Noyyal,-,-,Noyyal,11.03166667,77.88750000,15-04-2006 08:15,0.96,"","",""
607,ELUNUTHIMANGALAM,CWC,33,Tamil Nadu,573,Erode,ERODE,-,-,Cauvery,Cauvery,Noyyal,-,-,Noyyal,11.03166667,77.88750000,01-05-2006 08:15,5.5,"","",""
608,ELUNUTHIMANGALAM,CWC,33,Tamil Nadu,573,Erode,ERODE,-,-,Cauvery,Cauvery,Noyyal,-,-,Noyyal,11.03166667,77.88750000,01-06-2006 08:15,6.6,"","",""
609,ELUNUTHIMANGALAM,CWC,33,Tamil Nadu,573,Erode,ERODE,-,-,Cauvery,Cauvery,Noyyal,-,-,Noyyal,11.03166667,77.88750000,01-07-2006 08:15,6.7,"","",""
610,ELUNUTHIMANGALAM,CWC,33,Tamil Nadu,573,Erode,ERODE,-,-,Cauvery,Cauvery,Noyyal,-,-,Noyyal,11.03166667,77.88750000,01-08-2006 08:15,5.3,"","",""
611,ELUNUTHIMANGALAM,CWC,33,Tamil Nadu,573,Erode,ERODE,-,-,Cauvery,Cauvery,Noyyal,-,-,Noyyal,11.03166667,77.88750000,01-09-2006 08:15,5.9,"","",""
612,ELUNUTHIMANGALAM,CWC,33,Tamil Nadu,573,Erode,ERODE,-,-,Cauvery,Cauvery,Noyyal,-,-,Noyyal,11.03166667,77.88750000,03-10-2006 08:15,1.7,"","",""
613,ELUNUTHIMANGALAM,CWC,33,Tamil Nadu,573,Erode,ERODE,-,-,Cauvery,Cauvery,Noyyal,-,-,Noyyal,11.03166667,77.88750000,01-11-2006 10:00,0.9,"","",""
614,ELUNUTHIMANGALAM,CWC,33,Tamil Nadu,573,Erode,ERODE,-,-,Cauvery,Cauvery,Noyyal,-,-,Noyyal,11.03166667,77.88750000,01-12-2006 08:15,1.1,"","",""
615,ELUNUTHIMANGALAM,CWC,33,Tamil Nadu,573,Erode,ERODE,-,-,Cauvery,Cauvery,Noyyal,-,-,Noyyal,11.03166667,77.88750000,02-01-2007 08:15,2,"","",""
616,ELUNUTHIMANGALAM,CWC,33,Tamil Nadu,573,Erode,ERODE,-,-,Cauvery,Cauvery,Noyyal,-,-,Noyyal,11.03166667,77.88750000,01-02-2007 08:15,5.2,"","",""
617,ELUNUTHIMANGALAM,CWC,33,Tamil Nadu,573,Erode,ERODE,-,-,Cauvery,Cauvery,Noyyal,-,-,Noyyal,11.03166667,77.88750000,02-04-2007 08:30,3.7,"","",""
618,ELUNUTHIMANGALAM,CWC,33,Tamil Nadu,573,Erode,ERODE,-,-,Cauvery,Cauvery,Noyyal,-,-,Noyyal,11.03166667,77.88750000,01-05-2007 08:30,4,"","",""
619,ELUNUTHIMANGALAM,CWC,33,Tamil Nadu,573,Erode,ERODE,-,-,Cauvery,Cauvery,Noyyal,-,-,Noyyal,11.03166667,77.88750000,01-06-2007 08:15,3.2,"","",""
620,ELUNUTHIMANGALAM,CWC,33,Tamil Nadu,573,Erode,ERODE,-,-,Cauvery,Cauvery,Noyyal,-,-,Noyyal,11.03166667,77.88750000,02-07-2007 08:15,2.3,"","",""
621,ELUNUTHIMANGALAM,CWC,33,Tamil Nadu,573,Erode,ERODE,-,-,Cauvery,Cauvery,Noyyal,-,-,Noyyal,11.03166667,77.88750000,01-08-2007 08:15,1.5,"","",""
622,ELUNUTHIMANGALAM,CWC,33,Tamil Nadu,573,Erode,ERODE,-,-,Cauvery,Cauvery,Noyyal,-,-,Noyyal,11.03166667,77.88750000,01-09-2007 08:15,1.4,"","",""
623,ELUNUTHIMANGALAM,CWC,33,Tamil Nadu,573,Erode,ERODE,-,-,Cauvery,Cauvery,Noyyal,-,-,Noyyal,11.03166667,77.88750000,03-10-2007 08:15,1.1,"","",""
624,ELUNUTHIMANGALAM,CWC,33,Tamil Nadu,573,Erode,ERODE,-,-,Cauvery,Cauvery,Noyyal,-,-,Noyyal,11.03166667,77.88750000,01-11-2007 08:15,2.8,"","",""
625,ELUNUTHIMANGALAM,CWC,33,Tamil Nadu,573,Erode,ERODE,-,-,Cauvery,Cauvery,Noyyal,-,-,Noyyal,11.03166667,77.88750000,01-12-2007 08:15,1.4,"","",""
626,ELUNUTHIMANGALAM,CWC,33,Tamil Nadu,573,Erode,ERODE,-,-,Cauvery,Cauvery,Noyyal,-,-,Noyyal,11.03166667,77.88750000,01-01-2008 08:30,1.3,"","",""
627,ELUNUTHIMANGALAM,CWC,33,Tamil Nadu,573,Erode,ERODE,-,-,Cauvery,Cauvery,Noyyal,-,-,Noyyal,11.03166667,77.88750000,01-02-2008 08:30,7.1,"","",""
628,ELUNUTHIMANGALAM,CWC,33,Tamil Nadu,573,Erode,ERODE,-,-,Cauvery,Cauvery,Noyyal,-,-,Noyyal,11.03166667,77.88750000,01-03-2008 08:30,3,"","",""
629,ELUNUTHIMANGALAM,CWC,33,Tamil Nadu,573,Erode,ERODE,-,-,Cauvery,Cauvery,Noyyal,-,-,Noyyal,11.03166667,77.88750000,01-04-2008 08:30,1.9,"","",""
630,ELUNUTHIMANGALAM,CWC,33,Tamil Nadu,573,Erode,ERODE,-,-,Cauvery,Cauvery,Noyyal,-,-,Noyyal,11.03166667,77.88750000,01-05-2008 08:30,2.4,"","",""
631,ELUNUTHIMANGALAM,CWC,33,Tamil Nadu,573,Erode,ERODE,-,-,Cauvery,Cauvery,Noyyal,-,-,Noyyal,11.03166667,77.88750000,02-06-2008 08:00,5,"","",""
632,ELUNUTHIMANGALAM,CWC,33,Tamil Nadu,573,Erode,ERODE,-,-,Cauvery,Cauvery,Noyyal,-,-,Noyyal,11.03166667,77.88750000,01-08-2008 08:00,3.8,"","",""
633,ELUNUTHIMANGALAM,CWC,33,Tamil Nadu,573,Erode,ERODE,-,-,Cauvery,Cauvery,Noyyal,-,-,Noyyal,11.03166667,77.88750000,01-09-2008 08:00,1.8,"","",""
634,ELUNUTHIMANGALAM,CWC,33,Tamil Nadu,573,Erode,ERODE,-,-,Cauvery,Cauvery,Noyyal,-,-,Noyyal,11.03166667,77.88750000,03-10-2008 08:00,1.6,"","",""
635,ELUNUTHIMANGALAM,CWC,33,Tamil Nadu,573,Erode,ERODE,-,-,Cauvery,Cauvery,Noyyal,-,-,Noyyal,11.03166667,77.88750000,01-11-2008 08:00,1.6,"","",""
636,ELUNUTHIMANGALAM,CWC,33,Tamil Nadu,573,Erode,ERODE,-,-,Cauvery,Cauvery,Noyyal,-,-,Noyyal,11.03166667,77.88750000,01-12-2008 08:00,1,"","",""
637,ELUNUTHIMANGALAM,CWC,33,Tamil Nadu,573,Erode,ERODE,-,-,Cauvery,Cauvery,Noyyal,-,-,Noyyal,11.03166667,77.88750000,01-01-2009 08:00,1.6,"","",""
638,ELUNUTHIMANGALAM,CWC,33,Tamil Nadu,573,Erode,ERODE,-,-,Cauvery,Cauvery,Noyyal,-,-,Noyyal,11.03166667,77.88750000,02-02-2009 08:00,3.3,"","",""
639,ELUNUTHIMANGALAM,CWC,33,Tamil Nadu,573,Erode,ERODE,-,-,Cauvery,Cauvery,Noyyal,-,-,Noyyal,11.03166667,77.88750000,02-03-2009 08:00,3.7,"","",""
640,ELUNUTHIMANGALAM,CWC,33,Tamil Nadu,573,Erode,ERODE,-,-,Cauvery,Cauvery,Noyyal,-,-,Noyyal,11.03166667,77.88750000,01-04-2009 08:00,2.4,"","",""
641,ELUNUTHIMANGALAM,CWC,33,Tamil Nadu,573,Erode,ERODE,-,-,Cauvery,Cauvery,Noyyal,-,-,Noyyal,11.03166667,77.88750000,01-05-2009 08:00,4.1,"","",""
642,ELUNUTHIMANGALAM,CWC,33,Tamil Nadu,573,Erode,ERODE,-,-,Cauvery,Cauvery,Noyyal,-,-,Noyyal,11.03166667,77.88750000,01-06-2009 08:20,5.4,"","",""
643,ELUNUTHIMANGALAM,CWC,33,Tamil Nadu,573,Erode,ERODE,-,-,Cauvery,Cauvery,Noyyal,-,-,Noyyal,11.03166667,77.88750000,01-07-2009 08:20,3.1,"","",""
644,ELUNUTHIMANGALAM,CWC,33,Tamil Nadu,573,Erode,ERODE,-,-,Cauvery,Cauvery,Noyyal,-,-,Noyyal,11.03166667,77.88750000,01-08-2009 08:25,2.5,"","",""
645,ELUNUTHIMANGALAM,CWC,33,Tamil Nadu,573,Erode,ERODE,-,-,Cauvery,Cauvery,Noyyal,-,-,Noyyal,11.03166667,77.88750000,01-09-2009 08:15,1.2,"","",""
646,ELUNUTHIMANGALAM,CWC,33,Tamil Nadu,573,Erode,ERODE,-,-,Cauvery,Cauvery,Noyyal,-,-,Noyyal,11.03166667,77.88750000,01-10-2009 08:20,0.4,"","",""
647,ELUNUTHIMANGALAM,CWC,33,Tamil Nadu,573,Erode,ERODE,-,-,Cauvery,Cauvery,Noyyal,-,-,Noyyal,11.03166667,77.88750000,03-11-2009 08:30,0.8,"","",""
648,ELUNUTHIMANGALAM,CWC,33,Tamil Nadu,573,Erode,ERODE,-,-,Cauvery,Cauvery,Noyyal,-,-,Noyyal,11.03166667,77.88750000,01-12-2009 08:20,0.1,"","",""
649,ELUNUTHIMANGALAM,CWC,33,Tamil Nadu,573,Erode,ERODE,-,-,Cauvery,Cauvery,Noyyal,-,-,Noyyal,11.03166667,77.88750000,01-01-2010 08:30,1.6,"","",""
650,ELUNUTHIMANGALAM,CWC,33,Tamil Nadu,573,Erode,ERODE,-,-,Cauvery,Cauvery,Noyyal,-,-,Noyyal,11.03166667,77.88750000,01-02-2010 08:20,4.6,"","",""
651,ELUNUTHIMANGALAM,CWC,33,Tamil Nadu,573,Erode,ERODE,-,-,Cauvery,Cauvery,Noyyal,-,-,Noyyal,11.03166667,77.88750000,01-03-2010 08:20,1.9,"","",""
652,ELUNUTHIMANGALAM,CWC,33,Tamil Nadu,573,Erode,ERODE,-,-,Cauvery,Cauvery,Noyyal,-,-,Noyyal,11.03166667,77.88750000,01-04-2010 08:25,3,"","",""
653,ELUNUTHIMANGALAM,CWC,33,Tamil Nadu,573,Erode,ERODE,-,-,Cauvery,Cauvery,Noyyal,-,-,Noyyal,11.03166667,77.88750000,01-05-2010 08:20,3.9,"","",""
654,ELUNUTHIMANGALAM,CWC,33,Tamil Nadu,573,Erode,ERODE,-,-,Cauvery,Cauvery,Noyyal,-,-,Noyyal,11.03166667,77.88750000,01-06-2010 08:25,4.8,"","",""
655,ELUNUTHIMANGALAM,CWC,33,Tamil Nadu,573,Erode,ERODE,-,-,Cauvery,Cauvery,Noyyal,-,-,Noyyal,11.03166667,77.88750000,01-07-2010 08:20,2.7,"","",""
656,ELUNUTHIMANGALAM,CWC,33,Tamil Nadu,573,Erode,ERODE,-,-,Cauvery,Cauvery,Noyyal,-,-,Noyyal,11.03166667,77.88750000,02-08-2010 08:25,2.9,"","",""
657,ELUNUTHIMANGALAM,CWC,33,Tamil Nadu,573,Erode,ERODE,-,-,Cauvery,Cauvery,Noyyal,-,-,Noyyal,11.03166667,77.88750000,01-09-2010 08:20,4.7,"","",""
658,ELUNUTHIMANGALAM,CWC,33,Tamil Nadu,573,Erode,ERODE,-,-,Cauvery,Cauvery,Noyyal,-,-,Noyyal,11.03166667,77.88750000,01-10-2010 08:25,1.8,"","",""
659,ELUNUTHIMANGALAM,CWC,33,Tamil Nadu,573,Erode,ERODE,-,-,Cauvery,Cauvery,Noyyal,-,-,Noyyal,11.03166667,77.88750000,01-11-2010 08:20,1.1,"","",""
660,ELUNUTHIMANGALAM,CWC,33,Tamil Nadu,573,Erode,ERODE,-,-,Cauvery,Cauvery,Noyyal,-,-,Noyyal,11.03166667,77.88750000,01-12-2010 08:00,1.3,"","",""
661,ELUNUTHIMANGALAM,CWC,33,Tamil Nadu,573,Erode,ERODE,-,-,Cauvery,Cauvery,Noyyal,-,-,Noyyal,11.03166667,77.88750000,01-01-2011 08:10,1.6,"","",""
662,ELUNUTHIMANGALAM,CWC,33,Tamil Nadu,573,Erode,ERODE,-,-,Cauvery,Cauvery,Noyyal,-,-,Noyyal,11.03166667,77.88750000,01-02-2011 08:20,2.2,"","",""
663,ELUNUTHIMANGALAM,CWC,33,Tamil Nadu,573,Erode,ERODE,-,-,Cauvery,Cauvery,Noyyal,-,-,Noyyal,11.03166667,77.88750000,01-03-2011 08:25,5.6,"","",""
664,ELUNUTHIMANGALAM,CWC,33,Tamil Nadu,573,Erode,ERODE,-,-,Cauvery,Cauvery,Noyyal,-,-,Noyyal,11.03166667,77.88750000,01-04-2011 08:30,5.7,"","",""
665,ELUNUTHIMANGALAM,CWC,33,Tamil Nadu,573,Erode,ERODE,-,-,Cauvery,Cauvery,Noyyal,-,-,Noyyal,11.03166667,77.88750000,02-05-2011 08:35,3.7,"","",""
666,ELUNUTHIMANGALAM,CWC,33,Tamil Nadu,573,Erode,ERODE,-,-,Cauvery,Cauvery,Noyyal,-,-,Noyyal,11.03166667,77.88750000,01-06-2011 08:30,4.8,"","",""
667,ELUNUTHIMANGALAM,CWC,33,Tamil Nadu,573,Erode,ERODE,-,-,Cauvery,Cauvery,Noyyal,-,-,Noyyal,11.03166667,77.88750000,01-07-2011 08:40,2.5,"","",""
668,ELUNUTHIMANGALAM,CWC,33,Tamil Nadu,573,Erode,ERODE,-,-,Cauvery,Cauvery,Noyyal,-,-,Noyyal,11.03166667,77.88750000,01-08-2011 08:40,4.8,"","",""
669,ELUNUTHIMANGALAM,CWC,33,Tamil Nadu,573,Erode,ERODE,-,-,Cauvery,Cauvery,Noyyal,-,-,Noyyal,11.03166667,77.88750000,02-09-2011 08:45,3.7,"","",""
670,ELUNUTHIMANGALAM,CWC,33,Tamil Nadu,573,Erode,ERODE,-,-,Cauvery,Cauvery,Noyyal,-,-,Noyyal,11.03166667,77.88750000,01-10-2011 08:45,4.1,"","",""
671,ELUNUTHIMANGALAM,CWC,33,Tamil Nadu,573,Erode,ERODE,-,-,Cauvery,Cauvery,Noyyal,-,-,Noyyal,11.03166667,77.88750000,01-11-2011 08:00,2.2,"","",""
672,ELUNUTHIMANGALAM,CWC,33,Tamil Nadu,573,Erode,ERODE,-,-,Cauvery,Cauvery,Noyyal,-,-,Noyyal,11.03166667,77.88750000,01-12-2011 08:00,1.9,"","",""
673,ELUNUTHIMANGALAM,CWC,33,Tamil Nadu,573,Erode,ERODE,-,-,Cauvery,Cauvery,Noyyal,-,-,Noyyal,11.03166667,77.88750000,02-01-2012 08:15,1.1,"","",""
674,ELUNUTHIMANGALAM,CWC,33,Tamil Nadu,573,Erode,ERODE,-,-,Cauvery,Cauvery,Noyyal,-,-,Noyyal,11.03166667,77.88750000,01-02-2012 08:15,8.1,"","",""
675,ELUNUTHIMANGALAM,CWC,33,Tamil Nadu,573,Erode,ERODE,-,-,Cauvery,Cauvery,Noyyal,-,-,Noyyal,11.03166667,77.88750000,01-03-2012 08:15,2.4,"","",""
676,ELUNUTHIMANGALAM,CWC,33,Tamil Nadu,573,Erode,ERODE,-,-,Cauvery,Cauvery,Noyyal,-,-,Noyyal,11.03166667,77.88750000,02-04-2012 08:15,3,"","",""
677,ELUNUTHIMANGALAM,CWC,33,Tamil Nadu,573,Erode,ERODE,-,-,Cauvery,Cauvery,Noyyal,-,-,Noyyal,11.03166667,77.88750000,01-05-2012 08:15,6,"","",""
678,ELUNUTHIMANGALAM,CWC,33,Tamil Nadu,573,Erode,ERODE,-,-,Cauvery,Cauvery,Noyyal,-,-,Noyyal,11.03166667,77.88750000,01-06-2012 08:15,4.5,"","",""
679,ELUNUTHIMANGALAM,CWC,33,Tamil Nadu,573,Erode,ERODE,-,-,Cauvery,Cauvery,Noyyal,-,-,Noyyal,11.03166667,77.88750000,01-11-2012 08:15,5,"","",""
680,ELUNUTHIMANGALAM,CWC,33,Tamil Nadu,573,Erode,ERODE,-,-,Cauvery,Cauvery,Noyyal,-,-,Noyyal,11.03166667,77.88750000,17-10-2013 09:00,4.3,"","",""
681,ELUNUTHIMANGALAM,CWC,33,Tamil Nadu,573,Erode,ERODE,-,-,Cauvery,Cauvery,Noyyal,-,-,Noyyal,11.03166667,77.88750000,01-11-2013 08:30,6.1,"","",""
682,ELUNUTHIMANGALAM,CWC,33,Tamil Nadu,573,Erode,ERODE,-,-,Cauvery,Cauvery,Noyyal,-,-,Noyyal,11.03166667,77.88750000,02-12-2013 08:40,2.1,"","",""
683,ELUNUTHIMANGALAM,CWC,33,Tamil Nadu,573,Erode,ERODE,-,-,Cauvery,Cauvery,Noyyal,-,-,Noyyal,11.03166667,77.88750000,01-01-2014 08:40,2.5,"","",""
684,ELUNUTHIMANGALAM,CWC,33,Tamil Nadu,573,Erode,ERODE,-,-,Cauvery,Cauvery,Noyyal,-,-,Noyyal,11.03166667,77.88750000,01-10-2014 08:15,5.5,"","",""
685,ELUNUTHIMANGALAM,CWC,33,Tamil Nadu,573,Erode,ERODE,-,-,Cauvery,Cauvery,Noyyal,-,-,Noyyal,11.03166667,77.88750000,01-11-2014 08:00,1.53,"","",""
686,ELUNUTHIMANGALAM,CWC,33,Tamil Nadu,573,Erode,ERODE,-,-,Cauvery,Cauvery,Noyyal,-,-,Noyyal,11.03166667,77.88750000,01-12-2014 08:30,2.53,"","",""
687,ELUNUTHIMANGALAM,CWC,33,Tamil Nadu,573,Erode,ERODE,-,-,Cauvery,Cauvery,Noyyal,-,-,Noyyal,11.03166667,77.88750000,01-01-2015 08:20,1.82,"","",""
688,ELUNUTHIMANGALAM,CWC,33,Tamil Nadu,573,Erode,ERODE,-,-,Cauvery,Cauvery,Noyyal,-,-,Noyyal,11.03166667,77.88750000,02-02-2015 08:40,4.3,"","",""
689,ELUNUTHIMANGALAM,CWC,33,Tamil Nadu,573,Erode,ERODE,-,-,Cauvery,Cauvery,Noyyal,-,-,Noyyal,11.03166667,77.88750000,02-03-2015 08:45,5.3,"","",""
690,ELUNUTHIMANGALAM,CWC,33,Tamil Nadu,573,Erode,ERODE,-,-,Cauvery,Cauvery,Noyyal,-,-,Noyyal,11.03166667,77.88750000,01-04-2015 08:04,4.53,"","",""
691,ELUNUTHIMANGALAM,CWC,33,Tamil Nadu,573,Erode,ERODE,-,-,Cauvery,Cauvery,Noyyal,-,-,Noyyal,11.03166667,77.88750000,01-05-2015 08:04,5.1,"","",""
692,ELUNUTHIMANGALAM,CWC,33,Tamil Nadu,573,Erode,ERODE,-,-,Cauvery,Cauvery,Noyyal,-,-,Noyyal,11.03166667,77.88750000,01-06-2015 08:45,4.1,"","",""
693,ELUNUTHIMANGALAM,CWC,33,Tamil Nadu,573,Erode,ERODE,-,-,Cauvery,Cauvery,Noyyal,-,-,Noyyal,11.03166667,77.88750000,01-07-2015 08:00,2.67,"","",""
694,ELUNUTHIMANGALAM,CWC,33,Tamil Nadu,573,Erode,ERODE,-,-,Cauvery,Cauvery,Noyyal,-,-,Noyyal,11.03166667,77.88750000,01-08-2015 08:45,5.65,"","",""
695,ELUNUTHIMANGALAM,CWC,33,Tamil Nadu,573,Erode,ERODE,-,-,Cauvery,Cauvery,Noyyal,-,-,Noyyal,11.03166667,77.88750000,01-09-2015 08:40,5.07,"","",""
696,ELUNUTHIMANGALAM,CWC,33,Tamil Nadu,573,Erode,ERODE,-,-,Cauvery,Cauvery,Noyyal,-,-,Noyyal,11.03166667,77.88750000,01-10-2015 08:45,3.7,"","",""
697,ELUNUTHIMANGALAM,CWC,33,Tamil Nadu,573,Erode,ERODE,-,-,Cauvery,Cauvery,Noyyal,-,-,Noyyal,11.03166667,77.88750000,02-11-2015 08:15,4.44,"","",""
698,ELUNUTHIMANGALAM,CWC,33,Tamil Nadu,573,Erode,ERODE,-,-,Cauvery,Cauvery,Noyyal,-,-,Noyyal,11.03166667,77.88750000,01-12-2015 08:30,1.91,"","",""
699,ELUNUTHIMANGALAM,CWC,33,Tamil Nadu,573,Erode,ERODE,-,-,Cauvery,Cauvery,Noyyal,-,-,Noyyal,11.03166667,77.88750000,01-01-2016 08:15,2.27,"","",""
700,ELUNUTHIMANGALAM,CWC,33,Tamil Nadu,573,Erode,ERODE,-,-,Cauvery,Cauvery,Noyyal,-,-,Noyyal,11.03166667,77.88750000,01-02-2016 08:25,3.93,"","",""
701,ELUNUTHIMANGALAM,CWC,33,Tamil Nadu,573,Erode,ERODE,-,-,Cauvery,Cauvery,Noyyal,-,-,Noyyal,11.03166667,77.88750000,01-03-2016 08:45,3.67,"","",""
702,Gopurajapuram,CWC,33,Tamil Nadu,579,Nagapattinam,NAGAPATTINAM,-,-,Cauvery,Cauvery,-,-,-,Puravidaiyanar,10.85055556,79.78944444,03-11-2009 09:30,1.987,"","",""
703,Gopurajapuram,CWC,33,Tamil Nadu,579,Nagapattinam,NAGAPATTINAM,-,-,Cauvery,Cauvery,-,-,-,Puravidaiyanar,10.85055556,79.78944444,01-12-2009 08:30,1.76,"","",""
704,Gopurajapuram,CWC,33,Tamil Nadu,579,Nagapattinam,NAGAPATTINAM,-,-,Cauvery,Cauvery,-,-,-,Puravidaiyanar,10.85055556,79.78944444,01-02-2010 08:00,1.668,"","",""
705,Gopurajapuram,CWC,33,Tamil Nadu,579,Nagapattinam,NAGAPATTINAM,-,-,Cauvery,Cauvery,-,-,-,Puravidaiyanar,10.85055556,79.78944444,01-11-2010 09:30,0.975,"","",""
706,Gopurajapuram,CWC,33,Tamil Nadu,579,Nagapattinam,NAGAPATTINAM,-,-,Cauvery,Cauvery,-,-,-,Puravidaiyanar,10.85055556,79.78944444,01-12-2010 09:00,2.126,"","",""
707,Gopurajapuram,CWC,33,Tamil Nadu,579,Nagapattinam,NAGAPATTINAM,-,-,Cauvery,Cauvery,-,-,-,Puravidaiyanar,10.85055556,79.78944444,13-07-2011 07:20,1.146,"","",""
708,Gopurajapuram,CWC,33,Tamil Nadu,579,Nagapattinam,NAGAPATTINAM,-,-,Cauvery,Cauvery,-,-,-,Puravidaiyanar,10.85055556,79.78944444,01-10-2011 07:30,2.16,"","",""
709,Gopurajapuram,CWC,33,Tamil Nadu,579,Nagapattinam,NAGAPATTINAM,-,-,Cauvery,Cauvery,-,-,-,Puravidaiyanar,10.85055556,79.78944444,01-11-2011 07:00,2.32,"","",""
710,Gopurajapuram,CWC,33,Tamil Nadu,579,Nagapattinam,NAGAPATTINAM,-,-,Cauvery,Cauvery,-,-,-,Puravidaiyanar,10.85055556,79.78944444,01-12-2011 09:50,1.52,"","",""
711,Gopurajapuram,CWC,33,Tamil Nadu,579,Nagapattinam,NAGAPATTINAM,-,-,Cauvery,Cauvery,-,-,-,Puravidaiyanar,10.85055556,79.78944444,02-01-2012 10:00,2.73,"","",""
712,Gopurajapuram,CWC,33,Tamil Nadu,579,Nagapattinam,NAGAPATTINAM,-,-,Cauvery,Cauvery,-,-,-,Puravidaiyanar,10.85055556,79.78944444,18-10-2012 12:00,2.67,"","",""
713,Gopurajapuram,CWC,33,Tamil Nadu,579,Nagapattinam,NAGAPATTINAM,-,-,Cauvery,Cauvery,-,-,-,Puravidaiyanar,10.85055556,79.78944444,01-11-2012 07:00,2.8,"","",""
714,Gopurajapuram,CWC,33,Tamil Nadu,579,Nagapattinam,NAGAPATTINAM,-,-,Cauvery,Cauvery,-,-,-,Puravidaiyanar,10.85055556,79.78944444,15-08-2013 12:30,1.64,"","",""
715,Gopurajapuram,CWC,33,Tamil Nadu,579,Nagapattinam,NAGAPATTINAM,-,-,Cauvery,Cauvery,-,-,-,Puravidaiyanar,10.85055556,79.78944444,13-10-2014 10:30,1.87,"","",""
716,Gopurajapuram,CWC,33,Tamil Nadu,579,Nagapattinam,NAGAPATTINAM,-,-,Cauvery,Cauvery,-,-,-,Puravidaiyanar,10.85055556,79.78944444,01-12-2014 07:00,1.64,"","",""
717,Gopurajapuram,CWC,33,Tamil Nadu,579,Nagapattinam,NAGAPATTINAM,-,-,Cauvery,Cauvery,-,-,-,Puravidaiyanar,10.85055556,79.78944444,19-10-2015 09:00,0.91,"","",""
718,Gopurajapuram,CWC,33,Tamil Nadu,579,Nagapattinam,NAGAPATTINAM,-,-,Cauvery,Cauvery,-,-,-,Puravidaiyanar,10.85055556,79.78944444,02-11-2015 08:30,2.19,"","",""
719,Gopurajapuram,CWC,33,Tamil Nadu,579,Nagapattinam,NAGAPATTINAM,-,-,Cauvery,Cauvery,-,-,-,Puravidaiyanar,10.85055556,79.78944444,08-12-2015 08:30,1.64,"","",""
720,Gopurajapuram,CWC,33,Tamil Nadu,579,Nagapattinam,NAGAPATTINAM,-,-,Cauvery,Cauvery,-,-,-,Puravidaiyanar,10.85055556,79.78944444,13-01-2016 09:00,1.28,"","",""
721,Gopurajapuram,CWC,33,Tamil Nadu,579,Nagapattinam,NAGAPATTINAM,-,-,Cauvery,Cauvery,-,-,-,Puravidaiyanar,10.85055556,79.78944444,31-10-2017 08:00,1.5,"","",""
722,Gopurajapuram,CWC,33,Tamil Nadu,579,Nagapattinam,NAGAPATTINAM,-,-,Cauvery,Cauvery,-,-,-,Puravidaiyanar,10.85055556,79.78944444,01-11-2017 08:00,1.7,"","",""
723,Gopurajapuram,CWC,33,Tamil Nadu,579,Nagapattinam,NAGAPATTINAM,-,-,Cauvery,Cauvery,-,-,-,Puravidaiyanar,10.85055556,79.78944444,01-12-2017 08:00,2.7,"","",""
724,Gopurajapuram,CWC,33,Tamil Nadu,579,Nagapattinam,NAGAPATTINAM,-,-,Cauvery,Cauvery,-,-,-,Puravidaiyanar,10.85055556,79.78944444,03-10-2018 08:00,1.8,"","",""
725,Gopurajapuram,CWC,33,Tamil Nadu,579,Nagapattinam,NAGAPATTINAM,-,-,Cauvery,Cauvery,-,-,-,Puravidaiyanar,10.85055556,79.78944444,05-11-2018 08:00,1.9,"","",""
726,Gopurajapuram,CWC,33,Tamil Nadu,579,Nagapattinam,NAGAPATTINAM,-,-,Cauvery,Cauvery,-,-,-,Puravidaiyanar,10.85055556,79.78944444,01-12-2018 08:00,3,"","",""
727,Gopurajapuram,CWC,33,Tamil Nadu,579,Nagapattinam,NAGAPATTINAM,-,-,Cauvery,Cauvery,-,-,-,Puravidaiyanar,10.85055556,79.78944444,11-01-2019 08:00,3.5,"","",""
728,Gopurajapuram,CWC,33,Tamil Nadu,579,Nagapattinam,NAGAPATTINAM,-,-,Cauvery,Cauvery,-,-,-,Puravidaiyanar,10.85055556,79.78944444,13-09-2019 08:00,3.4,"","",""
729,Gopurajapuram,CWC,33,Tamil Nadu,579,Nagapattinam,NAGAPATTINAM,-,-,Cauvery,Cauvery,-,-,-,Puravidaiyanar,10.85055556,79.78944444,29-10-2019 08:00,2,"","",""
730,Gopurajapuram,CWC,33,Tamil Nadu,579,Nagapattinam,NAGAPATTINAM,-,-,Cauvery,Cauvery,-,-,-,Puravidaiyanar,10.85055556,79.78944444,01-11-2019 08:00,1,"","",""
731,Gopurajapuram,CWC,33,Tamil Nadu,579,Nagapattinam,NAGAPATTINAM,-,-,Cauvery,Cauvery,-,-,-,Puravidaiyanar,10.85055556,79.78944444,02-12-2019 08:00,0.6,"","",""
732,Gopurajapuram,CWC,33,Tamil Nadu,579,Nagapattinam,NAGAPATTINAM,-,-,Cauvery,Cauvery,-,-,-,Puravidaiyanar,10.85055556,79.78944444,01-10-2020 08:00,2.58,"","",""
733,Gopurajapuram,CWC,33,Tamil Nadu,579,Nagapattinam,NAGAPATTINAM,-,-,Cauvery,Cauvery,-,-,-,Puravidaiyanar,10.85055556,79.78944444,16-11-2020 08:00,1.61,"","",""
734,Gopurajapuram,CWC,33,Tamil Nadu,579,Nagapattinam,NAGAPATTINAM,-,-,Cauvery,Cauvery,-,-,-,Puravidaiyanar,10.85055556,79.78944444,01-12-2020 08:00,1.61,"","",""
735,GUMMANUR,CWC,33,Tamil Nadu,577,Krishnagiri,Krishnagiri,-,-,Duplicate-Ponnaiyar,East flowing rivers between Pennar and Kanyakumari,-,-,-,Ponnaiyar,12.55500000,78.13833333,01-01-2002 07:00,2,"","",""
736,GUMMANUR,CWC,33,Tamil Nadu,577,Krishnagiri,Krishnagiri,-,-,Duplicate-Ponnaiyar,East flowing rivers between Pennar and Kanyakumari,-,-,-,Ponnaiyar,12.55500000,78.13833333,01-02-2002 07:20,1.7,"","",""
737,GUMMANUR,CWC,33,Tamil Nadu,577,Krishnagiri,Krishnagiri,-,-,Duplicate-Ponnaiyar,East flowing rivers between Pennar and Kanyakumari,-,-,-,Ponnaiyar,12.55500000,78.13833333,01-06-2002 08:30,4.7,"","",""
738,GUMMANUR,CWC,33,Tamil Nadu,577,Krishnagiri,Krishnagiri,-,-,Duplicate-Ponnaiyar,East flowing rivers between Pennar and Kanyakumari,-,-,-,Ponnaiyar,12.55500000,78.13833333,01-07-2002 08:40,5.3,"","",""
739,GUMMANUR,CWC,33,Tamil Nadu,577,Krishnagiri,Krishnagiri,-,-,Duplicate-Ponnaiyar,East flowing rivers between Pennar and Kanyakumari,-,-,-,Ponnaiyar,12.55500000,78.13833333,01-11-2002 08:50,2,"","",""
740,GUMMANUR,CWC,33,Tamil Nadu,577,Krishnagiri,Krishnagiri,-,-,Duplicate-Ponnaiyar,East flowing rivers between Pennar and Kanyakumari,-,-,-,Ponnaiyar,12.55500000,78.13833333,01-10-2003 07:45,3.3,"","",""
741,GUMMANUR,CWC,33,Tamil Nadu,577,Krishnagiri,Krishnagiri,-,-,Duplicate-Ponnaiyar,East flowing rivers between Pennar and Kanyakumari,-,-,-,Ponnaiyar,12.55500000,78.13833333,01-12-2003 08:30,3.7,"","",""
742,GUMMANUR,CWC,33,Tamil Nadu,577,Krishnagiri,Krishnagiri,-,-,Duplicate-Ponnaiyar,East flowing rivers between Pennar and Kanyakumari,-,-,-,Ponnaiyar,12.55500000,78.13833333,01-01-2004 08:00,2.6,"","",""
743,GUMMANUR,CWC,33,Tamil Nadu,577,Krishnagiri,Krishnagiri,-,-,Duplicate-Ponnaiyar,East flowing rivers between Pennar and Kanyakumari,-,-,-,Ponnaiyar,12.55500000,78.13833333,01-06-2004 08:00,1.7,"","",""
744,GUMMANUR,CWC,33,Tamil Nadu,577,Krishnagiri,Krishnagiri,-,-,Duplicate-Ponnaiyar,East flowing rivers between Pennar and Kanyakumari,-,-,-,Ponnaiyar,12.55500000,78.13833333,02-08-2004 08:00,3.2,"","",""
745,GUMMANUR,CWC,33,Tamil Nadu,577,Krishnagiri,Krishnagiri,-,-,Duplicate-Ponnaiyar,East flowing rivers between Pennar and Kanyakumari,-,-,-,Ponnaiyar,12.55500000,78.13833333,01-10-2004 08:00,2.6,"","",""
746,GUMMANUR,CWC,33,Tamil Nadu,577,Krishnagiri,Krishnagiri,-,-,Duplicate-Ponnaiyar,East flowing rivers between Pennar and Kanyakumari,-,-,-,Ponnaiyar,12.55500000,78.13833333,01-12-2004 08:50,1.2,"","",""
747,GUMMANUR,CWC,33,Tamil Nadu,577,Krishnagiri,Krishnagiri,-,-,Duplicate-Ponnaiyar,East flowing rivers between Pennar and Kanyakumari,-,-,-,Ponnaiyar,12.55500000,78.13833333,01-01-2005 08:30,1.7,"","",""
748,GUMMANUR,CWC,33,Tamil Nadu,577,Krishnagiri,Krishnagiri,-,-,Duplicate-Ponnaiyar,East flowing rivers between Pennar and Kanyakumari,-,-,-,Ponnaiyar,12.55500000,78.13833333,01-02-2005 07:30,3.3,"","",""
749,GUMMANUR,CWC,33,Tamil Nadu,577,Krishnagiri,Krishnagiri,-,-,Duplicate-Ponnaiyar,East flowing rivers between Pennar and Kanyakumari,-,-,-,Ponnaiyar,12.55500000,78.13833333,01-03-2005 08:10,3.8,"","",""
750,GUMMANUR,CWC,33,Tamil Nadu,577,Krishnagiri,Krishnagiri,-,-,Duplicate-Ponnaiyar,East flowing rivers between Pennar and Kanyakumari,-,-,-,Ponnaiyar,12.55500000,78.13833333,02-05-2005 08:10,0.7,"","",""
751,GUMMANUR,CWC,33,Tamil Nadu,577,Krishnagiri,Krishnagiri,-,-,Duplicate-Ponnaiyar,East flowing rivers between Pennar and Kanyakumari,-,-,-,Ponnaiyar,12.55500000,78.13833333,01-06-2005 08:00,4.3,"","",""
752,GUMMANUR,CWC,33,Tamil Nadu,577,Krishnagiri,Krishnagiri,-,-,Duplicate-Ponnaiyar,East flowing rivers between Pennar and Kanyakumari,-,-,-,Ponnaiyar,12.55500000,78.13833333,01-07-2005 08:00,3,"","",""
753,GUMMANUR,CWC,33,Tamil Nadu,577,Krishnagiri,Krishnagiri,-,-,Duplicate-Ponnaiyar,East flowing rivers between Pennar and Kanyakumari,-,-,-,Ponnaiyar,12.55500000,78.13833333,01-08-2005 08:00,3.4,"","",""
754,GUMMANUR,CWC,33,Tamil Nadu,577,Krishnagiri,Krishnagiri,-,-,Duplicate-Ponnaiyar,East flowing rivers between Pennar and Kanyakumari,-,-,-,Ponnaiyar,12.55500000,78.13833333,01-09-2005 08:00,3,"","",""
755,GUMMANUR,CWC,33,Tamil Nadu,577,Krishnagiri,Krishnagiri,-,-,Duplicate-Ponnaiyar,East flowing rivers between Pennar and Kanyakumari,-,-,-,Ponnaiyar,12.55500000,78.13833333,01-10-2005 08:00,4.9,"","",""
756,GUMMANUR,CWC,33,Tamil Nadu,577,Krishnagiri,Krishnagiri,-,-,Duplicate-Ponnaiyar,East flowing rivers between Pennar and Kanyakumari,-,-,-,Ponnaiyar,12.55500000,78.13833333,02-11-2005 08:00,4.2,"","",""
757,GUMMANUR,CWC,33,Tamil Nadu,577,Krishnagiri,Krishnagiri,-,-,Duplicate-Ponnaiyar,East flowing rivers between Pennar and Kanyakumari,-,-,-,Ponnaiyar,12.55500000,78.13833333,01-12-2005 08:00,1,"","",""
758,GUMMANUR,CWC,33,Tamil Nadu,577,Krishnagiri,Krishnagiri,-,-,Duplicate-Ponnaiyar,East flowing rivers between Pennar and Kanyakumari,-,-,-,Ponnaiyar,12.55500000,78.13833333,02-01-2006 08:00,0.7,"","",""
759,GUMMANUR,CWC,33,Tamil Nadu,577,Krishnagiri,Krishnagiri,-,-,Duplicate-Ponnaiyar,East flowing rivers between Pennar and Kanyakumari,-,-,-,Ponnaiyar,12.55500000,78.13833333,01-02-2006 08:00,0.4,"","",""
760,GUMMANUR,CWC,33,Tamil Nadu,577,Krishnagiri,Krishnagiri,-,-,Duplicate-Ponnaiyar,East flowing rivers between Pennar and Kanyakumari,-,-,-,Ponnaiyar,12.55500000,78.13833333,01-03-2006 08:00,4,"","",""
761,GUMMANUR,CWC,33,Tamil Nadu,577,Krishnagiri,Krishnagiri,-,-,Duplicate-Ponnaiyar,East flowing rivers between Pennar and Kanyakumari,-,-,-,Ponnaiyar,12.55500000,78.13833333,01-04-2006 08:00,3.5,"","",""
762,GUMMANUR,CWC,33,Tamil Nadu,577,Krishnagiri,Krishnagiri,-,-,Duplicate-Ponnaiyar,East flowing rivers between Pennar and Kanyakumari,-,-,-,Ponnaiyar,12.55500000,78.13833333,01-05-2006 08:00,12.4,"","",""
763,GUMMANUR,CWC,33,Tamil Nadu,577,Krishnagiri,Krishnagiri,-,-,Duplicate-Ponnaiyar,East flowing rivers between Pennar and Kanyakumari,-,-,-,Ponnaiyar,12.55500000,78.13833333,01-06-2006 08:00,5.2,"","",""
764,GUMMANUR,CWC,33,Tamil Nadu,577,Krishnagiri,Krishnagiri,-,-,Duplicate-Ponnaiyar,East flowing rivers between Pennar and Kanyakumari,-,-,-,Ponnaiyar,12.55500000,78.13833333,01-08-2006 08:00,3.7,"","",""
765,GUMMANUR,CWC,33,Tamil Nadu,577,Krishnagiri,Krishnagiri,-,-,Duplicate-Ponnaiyar,East flowing rivers between Pennar and Kanyakumari,-,-,-,Ponnaiyar,12.55500000,78.13833333,01-09-2006 08:00,1.2,"","",""
766,GUMMANUR,CWC,33,Tamil Nadu,577,Krishnagiri,Krishnagiri,-,-,Duplicate-Ponnaiyar,East flowing rivers between Pennar and Kanyakumari,-,-,-,Ponnaiyar,12.55500000,78.13833333,03-10-2006 08:00,0.4,"","",""
767,GUMMANUR,CWC,33,Tamil Nadu,577,Krishnagiri,Krishnagiri,-,-,Duplicate-Ponnaiyar,East flowing rivers between Pennar and Kanyakumari,-,-,-,Ponnaiyar,12.55500000,78.13833333,01-11-2006 08:00,0.9,"","",""
768,GUMMANUR,CWC,33,Tamil Nadu,577,Krishnagiri,Krishnagiri,-,-,Duplicate-Ponnaiyar,East flowing rivers between Pennar and Kanyakumari,-,-,-,Ponnaiyar,12.55500000,78.13833333,01-12-2006 08:00,3.2,"","",""
769,GUMMANUR,CWC,33,Tamil Nadu,577,Krishnagiri,Krishnagiri,-,-,Duplicate-Ponnaiyar,East flowing rivers between Pennar and Kanyakumari,-,-,-,Ponnaiyar,12.55500000,78.13833333,02-01-2007 08:00,0.9,"","",""
770,GUMMANUR,CWC,33,Tamil Nadu,577,Krishnagiri,Krishnagiri,-,-,Duplicate-Ponnaiyar,East flowing rivers between Pennar and Kanyakumari,-,-,-,Ponnaiyar,12.55500000,78.13833333,01-02-2007 08:00,3.3,"","",""
771,GUMMANUR,CWC,33,Tamil Nadu,577,Krishnagiri,Krishnagiri,-,-,Duplicate-Ponnaiyar,East flowing rivers between Pennar and Kanyakumari,-,-,-,Ponnaiyar,12.55500000,78.13833333,01-03-2007 08:00,1.3,"","",""
772,GUMMANUR,CWC,33,Tamil Nadu,577,Krishnagiri,Krishnagiri,-,-,Duplicate-Ponnaiyar,East flowing rivers between Pennar and Kanyakumari,-,-,-,Ponnaiyar,12.55500000,78.13833333,01-05-2007 08:00,1.4,"","",""
773,GUMMANUR,CWC,33,Tamil Nadu,577,Krishnagiri,Krishnagiri,-,-,Duplicate-Ponnaiyar,East flowing rivers between Pennar and Kanyakumari,-,-,-,Ponnaiyar,12.55500000,78.13833333,01-06-2007 07:30,2.9,"","",""
774,GUMMANUR,CWC,33,Tamil Nadu,577,Krishnagiri,Krishnagiri,-,-,Duplicate-Ponnaiyar,East flowing rivers between Pennar and Kanyakumari,-,-,-,Ponnaiyar,12.55500000,78.13833333,02-07-2007 08:00,2.3,"","",""
775,GUMMANUR,CWC,33,Tamil Nadu,577,Krishnagiri,Krishnagiri,-,-,Duplicate-Ponnaiyar,East flowing rivers between Pennar and Kanyakumari,-,-,-,Ponnaiyar,12.55500000,78.13833333,01-08-2007 08:00,2.1,"","",""
776,GUMMANUR,CWC,33,Tamil Nadu,577,Krishnagiri,Krishnagiri,-,-,Duplicate-Ponnaiyar,East flowing rivers between Pennar and Kanyakumari,-,-,-,Ponnaiyar,12.55500000,78.13833333,01-09-2007 08:00,1.7,"","",""
777,GUMMANUR,CWC,33,Tamil Nadu,577,Krishnagiri,Krishnagiri,-,-,Duplicate-Ponnaiyar,East flowing rivers between Pennar and Kanyakumari,-,-,-,Ponnaiyar,12.55500000,78.13833333,03-10-2007 08:00,3.1,"","",""
778,GUMMANUR,CWC,33,Tamil Nadu,577,Krishnagiri,Krishnagiri,-,-,Duplicate-Ponnaiyar,East flowing rivers between Pennar and Kanyakumari,-,-,-,Ponnaiyar,12.55500000,78.13833333,01-11-2007 07:30,3.6,"","",""
779,GUMMANUR,CWC,33,Tamil Nadu,577,Krishnagiri,Krishnagiri,-,-,Duplicate-Ponnaiyar,East flowing rivers between Pennar and Kanyakumari,-,-,-,Ponnaiyar,12.55500000,78.13833333,01-12-2007 08:00,2.1,"","",""
780,GUMMANUR,CWC,33,Tamil Nadu,577,Krishnagiri,Krishnagiri,-,-,Duplicate-Ponnaiyar,East flowing rivers between Pennar and Kanyakumari,-,-,-,Ponnaiyar,12.55500000,78.13833333,01-01-2008 08:00,4.9,"","",""
781,GUMMANUR,CWC,33,Tamil Nadu,577,Krishnagiri,Krishnagiri,-,-,Duplicate-Ponnaiyar,East flowing rivers between Pennar and Kanyakumari,-,-,-,Ponnaiyar,12.55500000,78.13833333,01-02-2008 08:00,4.4,"","",""
782,GUMMANUR,CWC,33,Tamil Nadu,577,Krishnagiri,Krishnagiri,-,-,Duplicate-Ponnaiyar,East flowing rivers between Pennar and Kanyakumari,-,-,-,Ponnaiyar,12.55500000,78.13833333,01-03-2008 07:30,9.7,"","",""
783,GUMMANUR,CWC,33,Tamil Nadu,577,Krishnagiri,Krishnagiri,-,-,Duplicate-Ponnaiyar,East flowing rivers between Pennar and Kanyakumari,-,-,-,Ponnaiyar,12.55500000,78.13833333,01-04-2008 07:30,3.5,"","",""
784,GUMMANUR,CWC,33,Tamil Nadu,577,Krishnagiri,Krishnagiri,-,-,Duplicate-Ponnaiyar,East flowing rivers between Pennar and Kanyakumari,-,-,-,Ponnaiyar,12.55500000,78.13833333,01-05-2008 07:30,3.3,"","",""
785,GUMMANUR,CWC,33,Tamil Nadu,577,Krishnagiri,Krishnagiri,-,-,Duplicate-Ponnaiyar,East flowing rivers between Pennar and Kanyakumari,-,-,-,Ponnaiyar,12.55500000,78.13833333,02-06-2008 08:00,2.1,"","",""
786,GUMMANUR,CWC,33,Tamil Nadu,577,Krishnagiri,Krishnagiri,-,-,Duplicate-Ponnaiyar,East flowing rivers between Pennar and Kanyakumari,-,-,-,Ponnaiyar,12.55500000,78.13833333,01-07-2008 08:00,2.6,"","",""
787,GUMMANUR,CWC,33,Tamil Nadu,577,Krishnagiri,Krishnagiri,-,-,Duplicate-Ponnaiyar,East flowing rivers between Pennar and Kanyakumari,-,-,-,Ponnaiyar,12.55500000,78.13833333,01-08-2008 08:00,1.9,"","",""
788,GUMMANUR,CWC,33,Tamil Nadu,577,Krishnagiri,Krishnagiri,-,-,Duplicate-Ponnaiyar,East flowing rivers between Pennar and Kanyakumari,-,-,-,Ponnaiyar,12.55500000,78.13833333,01-09-2008 08:00,2.2,"","",""
789,GUMMANUR,CWC,33,Tamil Nadu,577,Krishnagiri,Krishnagiri,-,-,Duplicate-Ponnaiyar,East flowing rivers between Pennar and Kanyakumari,-,-,-,Ponnaiyar,12.55500000,78.13833333,03-10-2008 08:00,1.9,"","",""
790,GUMMANUR,CWC,33,Tamil Nadu,577,Krishnagiri,Krishnagiri,-,-,Duplicate-Ponnaiyar,East flowing rivers between Pennar and Kanyakumari,-,-,-,Ponnaiyar,12.55500000,78.13833333,01-11-2008 08:00,2.8,"","",""
791,GUMMANUR,CWC,33,Tamil Nadu,577,Krishnagiri,Krishnagiri,-,-,Duplicate-Ponnaiyar,East flowing rivers between Pennar and Kanyakumari,-,-,-,Ponnaiyar,12.55500000,78.13833333,01-12-2008 08:00,1.8,"","",""
792,GUMMANUR,CWC,33,Tamil Nadu,577,Krishnagiri,Krishnagiri,-,-,Duplicate-Ponnaiyar,East flowing rivers between Pennar and Kanyakumari,-,-,-,Ponnaiyar,12.55500000,78.13833333,01-01-2009 08:00,5.5,"","",""
793,GUMMANUR,CWC,33,Tamil Nadu,577,Krishnagiri,Krishnagiri,-,-,Duplicate-Ponnaiyar,East flowing rivers between Pennar and Kanyakumari,-,-,-,Ponnaiyar,12.55500000,78.13833333,02-02-2009 08:00,4.2,"","",""
794,GUMMANUR,CWC,33,Tamil Nadu,577,Krishnagiri,Krishnagiri,-,-,Duplicate-Ponnaiyar,East flowing rivers between Pennar and Kanyakumari,-,-,-,Ponnaiyar,12.55500000,78.13833333,01-05-2009 08:00,3.9,"","",""
795,GUMMANUR,CWC,33,Tamil Nadu,577,Krishnagiri,Krishnagiri,-,-,Duplicate-Ponnaiyar,East flowing rivers between Pennar and Kanyakumari,-,-,-,Ponnaiyar,12.55500000,78.13833333,01-06-2009 07:30,4.9,"","",""
796,GUMMANUR,CWC,33,Tamil Nadu,577,Krishnagiri,Krishnagiri,-,-,Duplicate-Ponnaiyar,East flowing rivers between Pennar and Kanyakumari,-,-,-,Ponnaiyar,12.55500000,78.13833333,01-07-2009 07:30,2,"","",""
797,GUMMANUR,CWC,33,Tamil Nadu,577,Krishnagiri,Krishnagiri,-,-,Duplicate-Ponnaiyar,East flowing rivers between Pennar and Kanyakumari,-,-,-,Ponnaiyar,12.55500000,78.13833333,01-08-2009 07:30,4.1,"","",""
798,GUMMANUR,CWC,33,Tamil Nadu,577,Krishnagiri,Krishnagiri,-,-,Duplicate-Ponnaiyar,East flowing rivers between Pennar and Kanyakumari,-,-,-,Ponnaiyar,12.55500000,78.13833333,01-09-2009 07:30,2.8,"","",""
799,GUMMANUR,CWC,33,Tamil Nadu,577,Krishnagiri,Krishnagiri,-,-,Duplicate-Ponnaiyar,East flowing rivers between Pennar and Kanyakumari,-,-,-,Ponnaiyar,12.55500000,78.13833333,01-10-2009 07:30,0.8,"","",""
800,GUMMANUR,CWC,33,Tamil Nadu,577,Krishnagiri,Krishnagiri,-,-,Duplicate-Ponnaiyar,East flowing rivers between Pennar and Kanyakumari,-,-,-,Ponnaiyar,12.55500000,78.13833333,03-11-2009 07:35,1.2,"","",""
801,GUMMANUR,CWC,33,Tamil Nadu,577,Krishnagiri,Krishnagiri,-,-,Duplicate-Ponnaiyar,East flowing rivers between Pennar and Kanyakumari,-,-,-,Ponnaiyar,12.55500000,78.13833333,01-12-2009 07:30,0.4,"","",""
802,GUMMANUR,CWC,33,Tamil Nadu,577,Krishnagiri,Krishnagiri,-,-,Duplicate-Ponnaiyar,East flowing rivers between Pennar and Kanyakumari,-,-,-,Ponnaiyar,12.55500000,78.13833333,01-01-2010 07:30,4,"","",""
803,GUMMANUR,CWC,33,Tamil Nadu,577,Krishnagiri,Krishnagiri,-,-,Duplicate-Ponnaiyar,East flowing rivers between Pennar and Kanyakumari,-,-,-,Ponnaiyar,12.55500000,78.13833333,01-02-2010 07:30,1.2,"","",""
804,GUMMANUR,CWC,33,Tamil Nadu,577,Krishnagiri,Krishnagiri,-,-,Duplicate-Ponnaiyar,East flowing rivers between Pennar and Kanyakumari,-,-,-,Ponnaiyar,12.55500000,78.13833333,01-03-2010 07:30,2.8,"","",""
805,GUMMANUR,CWC,33,Tamil Nadu,577,Krishnagiri,Krishnagiri,-,-,Duplicate-Ponnaiyar,East flowing rivers between Pennar and Kanyakumari,-,-,-,Ponnaiyar,12.55500000,78.13833333,01-04-2010 07:30,4.9,"","",""
806,GUMMANUR,CWC,33,Tamil Nadu,577,Krishnagiri,Krishnagiri,-,-,Duplicate-Ponnaiyar,East flowing rivers between Pennar and Kanyakumari,-,-,-,Ponnaiyar,12.55500000,78.13833333,01-05-2010 07:30,3.4,"","",""
807,GUMMANUR,CWC,33,Tamil Nadu,577,Krishnagiri,Krishnagiri,-,-,Duplicate-Ponnaiyar,East flowing rivers between Pennar and Kanyakumari,-,-,-,Ponnaiyar,12.55500000,78.13833333,01-06-2010 07:30,3.8,"","",""
808,GUMMANUR,CWC,33,Tamil Nadu,577,Krishnagiri,Krishnagiri,-,-,Duplicate-Ponnaiyar,East flowing rivers between Pennar and Kanyakumari,-,-,-,Ponnaiyar,12.55500000,78.13833333,01-07-2010 07:30,4.8,"","",""
809,GUMMANUR,CWC,33,Tamil Nadu,577,Krishnagiri,Krishnagiri,-,-,Duplicate-Ponnaiyar,East flowing rivers between Pennar and Kanyakumari,-,-,-,Ponnaiyar,12.55500000,78.13833333,02-08-2010 07:30,3.3,"","",""
810,GUMMANUR,CWC,33,Tamil Nadu,577,Krishnagiri,Krishnagiri,-,-,Duplicate-Ponnaiyar,East flowing rivers between Pennar and Kanyakumari,-,-,-,Ponnaiyar,12.55500000,78.13833333,01-09-2010 07:30,3.6,"","",""
811,GUMMANUR,CWC,33,Tamil Nadu,577,Krishnagiri,Krishnagiri,-,-,Duplicate-Ponnaiyar,East flowing rivers between Pennar and Kanyakumari,-,-,-,Ponnaiyar,12.55500000,78.13833333,01-10-2010 07:30,3.8,"","",""
812,GUMMANUR,CWC,33,Tamil Nadu,577,Krishnagiri,Krishnagiri,-,-,Duplicate-Ponnaiyar,East flowing rivers between Pennar and Kanyakumari,-,-,-,Ponnaiyar,12.55500000,78.13833333,01-11-2010 07:30,1.6,"","",""
813,GUMMANUR,CWC,33,Tamil Nadu,577,Krishnagiri,Krishnagiri,-,-,Duplicate-Ponnaiyar,East flowing rivers between Pennar and Kanyakumari,-,-,-,Ponnaiyar,12.55500000,78.13833333,01-12-2010 07:30,1.1,"","",""
814,GUMMANUR,CWC,33,Tamil Nadu,577,Krishnagiri,Krishnagiri,-,-,Duplicate-Ponnaiyar,East flowing rivers between Pennar and Kanyakumari,-,-,-,Ponnaiyar,12.55500000,78.13833333,01-01-2011 07:30,2.5,"","",""
815,GUMMANUR,CWC,33,Tamil Nadu,577,Krishnagiri,Krishnagiri,-,-,Duplicate-Ponnaiyar,East flowing rivers between Pennar and Kanyakumari,-,-,-,Ponnaiyar,12.55500000,78.13833333,01-02-2011 07:30,2.4,"","",""
816,GUMMANUR,CWC,33,Tamil Nadu,577,Krishnagiri,Krishnagiri,-,-,Duplicate-Ponnaiyar,East flowing rivers between Pennar and Kanyakumari,-,-,-,Ponnaiyar,12.55500000,78.13833333,01-03-2011 07:30,2.1,"","",""
817,GUMMANUR,CWC,33,Tamil Nadu,577,Krishnagiri,Krishnagiri,-,-,Duplicate-Ponnaiyar,East flowing rivers between Pennar and Kanyakumari,-,-,-,Ponnaiyar,12.55500000,78.13833333,01-04-2011 07:30,1.6,"","",""
818,GUMMANUR,CWC,33,Tamil Nadu,577,Krishnagiri,Krishnagiri,-,-,Duplicate-Ponnaiyar,East flowing rivers between Pennar and Kanyakumari,-,-,-,Ponnaiyar,12.55500000,78.13833333,02-05-2011 07:30,5,"","",""
819,GUMMANUR,CWC,33,Tamil Nadu,577,Krishnagiri,Krishnagiri,-,-,Duplicate-Ponnaiyar,East flowing rivers between Pennar and Kanyakumari,-,-,-,Ponnaiyar,12.55500000,78.13833333,01-06-2011 07:30,3.8,"","",""
820,GUMMANUR,CWC,33,Tamil Nadu,577,Krishnagiri,Krishnagiri,-,-,Duplicate-Ponnaiyar,East flowing rivers between Pennar and Kanyakumari,-,-,-,Ponnaiyar,12.55500000,78.13833333,01-07-2011 07:30,5.8,"","",""
821,GUMMANUR,CWC,33,Tamil Nadu,577,Krishnagiri,Krishnagiri,-,-,Duplicate-Ponnaiyar,East flowing rivers between Pennar and Kanyakumari,-,-,-,Ponnaiyar,12.55500000,78.13833333,01-08-2011 07:30,4,"","",""
822,GUMMANUR,CWC,33,Tamil Nadu,577,Krishnagiri,Krishnagiri,-,-,Duplicate-Ponnaiyar,East flowing rivers between Pennar and Kanyakumari,-,-,-,Ponnaiyar,12.55500000,78.13833333,02-09-2011 07:30,1.5,"","",""
823,GUMMANUR,CWC,33,Tamil Nadu,577,Krishnagiri,Krishnagiri,-,-,Duplicate-Ponnaiyar,East flowing rivers between Pennar and Kanyakumari,-,-,-,Ponnaiyar,12.55500000,78.13833333,01-10-2011 07:30,2.9,"","",""
824,GUMMANUR,CWC,33,Tamil Nadu,577,Krishnagiri,Krishnagiri,-,-,Duplicate-Ponnaiyar,East flowing rivers between Pennar and Kanyakumari,-,-,-,Ponnaiyar,12.55500000,78.13833333,01-11-2011 07:30,3.5,"","",""
825,GUMMANUR,CWC,33,Tamil Nadu,577,Krishnagiri,Krishnagiri,-,-,Duplicate-Ponnaiyar,East flowing rivers between Pennar and Kanyakumari,-,-,-,Ponnaiyar,12.55500000,78.13833333,01-12-2011 07:30,2.6,"","",""
826,GUMMANUR,CWC,33,Tamil Nadu,577,Krishnagiri,Krishnagiri,-,-,Duplicate-Ponnaiyar,East flowing rivers between Pennar and Kanyakumari,-,-,-,Ponnaiyar,12.55500000,78.13833333,02-01-2012 07:30,2.2,"","",""
827,GUMMANUR,CWC,33,Tamil Nadu,577,Krishnagiri,Krishnagiri,-,-,Duplicate-Ponnaiyar,East flowing rivers between Pennar and Kanyakumari,-,-,-,Ponnaiyar,12.55500000,78.13833333,01-02-2012 07:30,1.9,"","",""
828,GUMMANUR,CWC,33,Tamil Nadu,577,Krishnagiri,Krishnagiri,-,-,Duplicate-Ponnaiyar,East flowing rivers between Pennar and Kanyakumari,-,-,-,Ponnaiyar,12.55500000,78.13833333,01-03-2012 07:30,2.1,"","",""
829,GUMMANUR,CWC,33,Tamil Nadu,577,Krishnagiri,Krishnagiri,-,-,Duplicate-Ponnaiyar,East flowing rivers between Pennar and Kanyakumari,-,-,-,Ponnaiyar,12.55500000,78.13833333,02-04-2012 07:30,3.2,"","",""
830,GUMMANUR,CWC,33,Tamil Nadu,577,Krishnagiri,Krishnagiri,-,-,Duplicate-Ponnaiyar,East flowing rivers between Pennar and Kanyakumari,-,-,-,Ponnaiyar,12.55500000,78.13833333,01-05-2012 07:30,5,"","",""
831,GUMMANUR,CWC,33,Tamil Nadu,577,Krishnagiri,Krishnagiri,-,-,Duplicate-Ponnaiyar,East flowing rivers between Pennar and Kanyakumari,-,-,-,Ponnaiyar,12.55500000,78.13833333,02-07-2012 07:30,4.9,"","",""
832,GUMMANUR,CWC,33,Tamil Nadu,577,Krishnagiri,Krishnagiri,-,-,Duplicate-Ponnaiyar,East flowing rivers between Pennar and Kanyakumari,-,-,-,Ponnaiyar,12.55500000,78.13833333,01-09-2012 08:30,1.5,"","",""
833,GUMMANUR,CWC,33,Tamil Nadu,577,Krishnagiri,Krishnagiri,-,-,Duplicate-Ponnaiyar,East flowing rivers between Pennar and Kanyakumari,-,-,-,Ponnaiyar,12.55500000,78.13833333,01-10-2012 08:30,1.3,"","",""
834,GUMMANUR,CWC,33,Tamil Nadu,577,Krishnagiri,Krishnagiri,-,-,Duplicate-Ponnaiyar,East flowing rivers between Pennar and Kanyakumari,-,-,-,Ponnaiyar,12.55500000,78.13833333,01-11-2012 08:30,2.1,"","",""
835,GUMMANUR,CWC,33,Tamil Nadu,577,Krishnagiri,Krishnagiri,-,-,Duplicate-Ponnaiyar,East flowing rivers between Pennar and Kanyakumari,-,-,-,Ponnaiyar,12.55500000,78.13833333,01-12-2012 08:30,2.3,"","",""
836,GUMMANUR,CWC,33,Tamil Nadu,577,Krishnagiri,Krishnagiri,-,-,Duplicate-Ponnaiyar,East flowing rivers between Pennar and Kanyakumari,-,-,-,Ponnaiyar,12.55500000,78.13833333,01-01-2013 08:30,1.8,"","",""
837,GUMMANUR,CWC,33,Tamil Nadu,577,Krishnagiri,Krishnagiri,-,-,Duplicate-Ponnaiyar,East flowing rivers between Pennar and Kanyakumari,-,-,-,Ponnaiyar,12.55500000,78.13833333,01-02-2013 08:30,5.9,"","",""
838,GUMMANUR,CWC,33,Tamil Nadu,577,Krishnagiri,Krishnagiri,-,-,Duplicate-Ponnaiyar,East flowing rivers between Pennar and Kanyakumari,-,-,-,Ponnaiyar,12.55500000,78.13833333,01-03-2013 08:30,2.6,"","",""
839,GUMMANUR,CWC,33,Tamil Nadu,577,Krishnagiri,Krishnagiri,-,-,Duplicate-Ponnaiyar,East flowing rivers between Pennar and Kanyakumari,-,-,-,Ponnaiyar,12.55500000,78.13833333,15-05-2013 08:30,3.2,"","",""
840,GUMMANUR,CWC,33,Tamil Nadu,577,Krishnagiri,Krishnagiri,-,-,Duplicate-Ponnaiyar,East flowing rivers between Pennar and Kanyakumari,-,-,-,Ponnaiyar,12.55500000,78.13833333,01-06-2013 08:45,3.3,"","",""
841,GUMMANUR,CWC,33,Tamil Nadu,577,Krishnagiri,Krishnagiri,-,-,Duplicate-Ponnaiyar,East flowing rivers between Pennar and Kanyakumari,-,-,-,Ponnaiyar,12.55500000,78.13833333,01-07-2013 08:45,5.2,"","",""
842,GUMMANUR,CWC,33,Tamil Nadu,577,Krishnagiri,Krishnagiri,-,-,Duplicate-Ponnaiyar,East flowing rivers between Pennar and Kanyakumari,-,-,-,Ponnaiyar,12.55500000,78.13833333,01-08-2013 08:30,2.6,"","",""
843,GUMMANUR,CWC,33,Tamil Nadu,577,Krishnagiri,Krishnagiri,-,-,Duplicate-Ponnaiyar,East flowing rivers between Pennar and Kanyakumari,-,-,-,Ponnaiyar,12.55500000,78.13833333,02-09-2013 08:45,2.3,"","",""
844,GUMMANUR,CWC,33,Tamil Nadu,577,Krishnagiri,Krishnagiri,-,-,Duplicate-Ponnaiyar,East flowing rivers between Pennar and Kanyakumari,-,-,-,Ponnaiyar,12.55500000,78.13833333,01-10-2013 08:45,1.9,"","",""
845,GUMMANUR,CWC,33,Tamil Nadu,577,Krishnagiri,Krishnagiri,-,-,Duplicate-Ponnaiyar,East flowing rivers between Pennar and Kanyakumari,-,-,-,Ponnaiyar,12.55500000,78.13833333,01-11-2013 08:45,5.1,"","",""
846,GUMMANUR,CWC,33,Tamil Nadu,577,Krishnagiri,Krishnagiri,-,-,Duplicate-Ponnaiyar,East flowing rivers between Pennar and Kanyakumari,-,-,-,Ponnaiyar,12.55500000,78.13833333,02-12-2013 08:50,2.8,"","",""
847,GUMMANUR,CWC,33,Tamil Nadu,577,Krishnagiri,Krishnagiri,-,-,Duplicate-Ponnaiyar,East flowing rivers between Pennar and Kanyakumari,-,-,-,Ponnaiyar,12.55500000,78.13833333,01-01-2014 08:45,3.3,"","",""
848,GUMMANUR,CWC,33,Tamil Nadu,577,Krishnagiri,Krishnagiri,-,-,Duplicate-Ponnaiyar,East flowing rivers between Pennar and Kanyakumari,-,-,-,Ponnaiyar,12.55500000,78.13833333,01-02-2014 08:45,3.5,"","",""
849,GUMMANUR,CWC,33,Tamil Nadu,577,Krishnagiri,Krishnagiri,-,-,Duplicate-Ponnaiyar,East flowing rivers between Pennar and Kanyakumari,-,-,-,Ponnaiyar,12.55500000,78.13833333,01-03-2014 08:30,4.6,"","",""
850,GUMMANUR,CWC,33,Tamil Nadu,577,Krishnagiri,Krishnagiri,-,-,Duplicate-Ponnaiyar,East flowing rivers between Pennar and Kanyakumari,-,-,-,Ponnaiyar,12.55500000,78.13833333,07-04-2014 08:30,2.8,"","",""
851,GUMMANUR,CWC,33,Tamil Nadu,577,Krishnagiri,Krishnagiri,-,-,Duplicate-Ponnaiyar,East flowing rivers between Pennar and Kanyakumari,-,-,-,Ponnaiyar,12.55500000,78.13833333,01-05-2014 08:30,3.1,"","",""
852,GUMMANUR,CWC,33,Tamil Nadu,577,Krishnagiri,Krishnagiri,-,-,Duplicate-Ponnaiyar,East flowing rivers between Pennar and Kanyakumari,-,-,-,Ponnaiyar,12.55500000,78.13833333,02-06-2014 08:20,4.6,"","",""
853,GUMMANUR,CWC,33,Tamil Nadu,577,Krishnagiri,Krishnagiri,-,-,Duplicate-Ponnaiyar,East flowing rivers between Pennar and Kanyakumari,-,-,-,Ponnaiyar,12.55500000,78.13833333,01-08-2014 08:45,3.1,"","",""
854,GUMMANUR,CWC,33,Tamil Nadu,577,Krishnagiri,Krishnagiri,-,-,Duplicate-Ponnaiyar,East flowing rivers between Pennar and Kanyakumari,-,-,-,Ponnaiyar,12.55500000,78.13833333,01-09-2014 08:45,5,"","",""
855,GUMMANUR,CWC,33,Tamil Nadu,577,Krishnagiri,Krishnagiri,-,-,Duplicate-Ponnaiyar,East flowing rivers between Pennar and Kanyakumari,-,-,-,Ponnaiyar,12.55500000,78.13833333,01-10-2014 08:30,4.9,"","",""
856,GUMMANUR,CWC,33,Tamil Nadu,577,Krishnagiri,Krishnagiri,-,-,Duplicate-Ponnaiyar,East flowing rivers between Pennar and Kanyakumari,-,-,-,Ponnaiyar,12.55500000,78.13833333,01-11-2014 08:45,4.6,"","",""
857,GUMMANUR,CWC,33,Tamil Nadu,577,Krishnagiri,Krishnagiri,-,-,Duplicate-Ponnaiyar,East flowing rivers between Pennar and Kanyakumari,-,-,-,Ponnaiyar,12.55500000,78.13833333,01-12-2014 06:45,5.45,"","",""
858,GUMMANUR,CWC,33,Tamil Nadu,577,Krishnagiri,Krishnagiri,-,-,Duplicate-Ponnaiyar,East flowing rivers between Pennar and Kanyakumari,-,-,-,Ponnaiyar,12.55500000,78.13833333,01-01-2015 08:15,4.64,"","",""
859,GUMMANUR,CWC,33,Tamil Nadu,577,Krishnagiri,Krishnagiri,-,-,Duplicate-Ponnaiyar,East flowing rivers between Pennar and Kanyakumari,-,-,-,Ponnaiyar,12.55500000,78.13833333,02-02-2015 08:15,4.7,"","",""
860,GUMMANUR,CWC,33,Tamil Nadu,577,Krishnagiri,Krishnagiri,-,-,Duplicate-Ponnaiyar,East flowing rivers between Pennar and Kanyakumari,-,-,-,Ponnaiyar,12.55500000,78.13833333,02-03-2015 08:20,3.7,"","",""
861,GUMMANUR,CWC,33,Tamil Nadu,577,Krishnagiri,Krishnagiri,-,-,Duplicate-Ponnaiyar,East flowing rivers between Pennar and Kanyakumari,-,-,-,Ponnaiyar,12.55500000,78.13833333,01-04-2015 08:10,2.96,"","",""
862,GUMMANUR,CWC,33,Tamil Nadu,577,Krishnagiri,Krishnagiri,-,-,Duplicate-Ponnaiyar,East flowing rivers between Pennar and Kanyakumari,-,-,-,Ponnaiyar,12.55500000,78.13833333,01-05-2015 08:10,2.95,"","",""
863,GUMMANUR,CWC,33,Tamil Nadu,577,Krishnagiri,Krishnagiri,-,-,Duplicate-Ponnaiyar,East flowing rivers between Pennar and Kanyakumari,-,-,-,Ponnaiyar,12.55500000,78.13833333,01-06-2015 08:10,5.46,"","",""
864,GUMMANUR,CWC,33,Tamil Nadu,577,Krishnagiri,Krishnagiri,-,-,Duplicate-Ponnaiyar,East flowing rivers between Pennar and Kanyakumari,-,-,-,Ponnaiyar,12.55500000,78.13833333,01-07-2015 08:15,4.51,"","",""
865,GUMMANUR,CWC,33,Tamil Nadu,577,Krishnagiri,Krishnagiri,-,-,Duplicate-Ponnaiyar,East flowing rivers between Pennar and Kanyakumari,-,-,-,Ponnaiyar,12.55500000,78.13833333,01-08-2015 08:20,3.5,"","",""
866,GUMMANUR,CWC,33,Tamil Nadu,577,Krishnagiri,Krishnagiri,-,-,Duplicate-Ponnaiyar,East flowing rivers between Pennar and Kanyakumari,-,-,-,Ponnaiyar,12.55500000,78.13833333,01-09-2015 08:20,1.62,"","",""
867,GUMMANUR,CWC,33,Tamil Nadu,577,Krishnagiri,Krishnagiri,-,-,Duplicate-Ponnaiyar,East flowing rivers between Pennar and Kanyakumari,-,-,-,Ponnaiyar,12.55500000,78.13833333,01-10-2015 08:10,3.5,"","",""
868,GUMMANUR,CWC,33,Tamil Nadu,577,Krishnagiri,Krishnagiri,-,-,Duplicate-Ponnaiyar,East flowing rivers between Pennar and Kanyakumari,-,-,-,Ponnaiyar,12.55500000,78.13833333,02-11-2015 08:10,2.51,"","",""
869,GUMMANUR,CWC,33,Tamil Nadu,577,Krishnagiri,Krishnagiri,-,-,Duplicate-Ponnaiyar,East flowing rivers between Pennar and Kanyakumari,-,-,-,Ponnaiyar,12.55500000,78.13833333,01-12-2015 08:20,4.58,"","",""
870,GUMMANUR,CWC,33,Tamil Nadu,577,Krishnagiri,Krishnagiri,-,-,Duplicate-Ponnaiyar,East flowing rivers between Pennar and Kanyakumari,-,-,-,Ponnaiyar,12.55500000,78.13833333,01-01-2016 08:10,3.4,"","",""
871,GUMMANUR,CWC,33,Tamil Nadu,577,Krishnagiri,Krishnagiri,-,-,Duplicate-Ponnaiyar,East flowing rivers between Pennar and Kanyakumari,-,-,-,Ponnaiyar,12.55500000,78.13833333,01-02-2016 08:10,4.84,"","",""
872,GUMMANUR,CWC,33,Tamil Nadu,577,Krishnagiri,Krishnagiri,-,-,Duplicate-Ponnaiyar,East flowing rivers between Pennar and Kanyakumari,-,-,-,Ponnaiyar,12.55500000,78.13833333,01-03-2016 08:20,4.45,"","",""
873,GUMMANUR,CWC,33,Tamil Nadu,577,Krishnagiri,Krishnagiri,-,-,Duplicate-Ponnaiyar,East flowing rivers between Pennar and Kanyakumari,-,-,-,Ponnaiyar,12.55500000,78.13833333,01-04-2016 08:15,2.35,"","",""
874,GUMMANUR,CWC,33,Tamil Nadu,577,Krishnagiri,Krishnagiri,-,-,Duplicate-Ponnaiyar,East flowing rivers between Pennar and Kanyakumari,-,-,-,Ponnaiyar,12.55500000,78.13833333,02-05-2016 08:20,3.77,"","",""
875,GUMMANUR,CWC,33,Tamil Nadu,577,Krishnagiri,Krishnagiri,-,-,Duplicate-Ponnaiyar,East flowing rivers between Pennar and Kanyakumari,-,-,-,Ponnaiyar,12.55500000,78.13833333,01-06-2016 08:15,5.07,"","",""
876,GUMMANUR,CWC,33,Tamil Nadu,577,Krishnagiri,Krishnagiri,-,-,Duplicate-Ponnaiyar,East flowing rivers between Pennar and Kanyakumari,-,-,-,Ponnaiyar,12.55500000,78.13833333,01-07-2016 08:15,18.25,"","",""
877,GUMMANUR,CWC,33,Tamil Nadu,577,Krishnagiri,Krishnagiri,-,-,Duplicate-Ponnaiyar,East flowing rivers between Pennar and Kanyakumari,-,-,-,Ponnaiyar,12.55500000,78.13833333,01-08-2016 08:15,17.55,"","",""
878,GUMMANUR,CWC,33,Tamil Nadu,577,Krishnagiri,Krishnagiri,-,-,Duplicate-Ponnaiyar,East flowing rivers between Pennar and Kanyakumari,-,-,-,Ponnaiyar,12.55500000,78.13833333,01-09-2016 08:20,14.69,"","",""
879,GUMMANUR,CWC,33,Tamil Nadu,577,Krishnagiri,Krishnagiri,-,-,Duplicate-Ponnaiyar,East flowing rivers between Pennar and Kanyakumari,-,-,-,Ponnaiyar,12.55500000,78.13833333,01-10-2016 08:10,4.98,"","",""
880,GUMMANUR,CWC,33,Tamil Nadu,577,Krishnagiri,Krishnagiri,-,-,Duplicate-Ponnaiyar,East flowing rivers between Pennar and Kanyakumari,-,-,-,Ponnaiyar,12.55500000,78.13833333,01-11-2016 08:20,3.8,"","",""
881,GUMMANUR,CWC,33,Tamil Nadu,577,Krishnagiri,Krishnagiri,-,-,Duplicate-Ponnaiyar,East flowing rivers between Pennar and Kanyakumari,-,-,-,Ponnaiyar,12.55500000,78.13833333,01-12-2016 08:10,2.47,"","",""
882,GUMMANUR,CWC,33,Tamil Nadu,577,Krishnagiri,Krishnagiri,-,-,Duplicate-Ponnaiyar,East flowing rivers between Pennar and Kanyakumari,-,-,-,Ponnaiyar,12.55500000,78.13833333,02-01-2017 08:20,3.91,"","",""
883,GUMMANUR,CWC,33,Tamil Nadu,577,Krishnagiri,Krishnagiri,-,-,Duplicate-Ponnaiyar,East flowing rivers between Pennar and Kanyakumari,-,-,-,Ponnaiyar,12.55500000,78.13833333,01-02-2017 08:10,3.99,"","",""
884,GUMMANUR,CWC,33,Tamil Nadu,577,Krishnagiri,Krishnagiri,-,-,Duplicate-Ponnaiyar,East flowing rivers between Pennar and Kanyakumari,-,-,-,Ponnaiyar,12.55500000,78.13833333,01-03-2017 08:15,3.23,"","",""
885,GUMMANUR,CWC,33,Tamil Nadu,577,Krishnagiri,Krishnagiri,-,-,Duplicate-Ponnaiyar,East flowing rivers between Pennar and Kanyakumari,-,-,-,Ponnaiyar,12.55500000,78.13833333,01-04-2017 08:15,2.71,"","",""
886,GUMMANUR,CWC,33,Tamil Nadu,577,Krishnagiri,Krishnagiri,-,-,Duplicate-Ponnaiyar,East flowing rivers between Pennar and Kanyakumari,-,-,-,Ponnaiyar,12.55500000,78.13833333,01-05-2017 09:00,2.13,"","",""
887,HOGENAKKAL,CWC,33,Tamil Nadu,571,Dharmapuri,DHARMAPURI,-,-,Cauvery,Cauvery,Chinnar,-,-,Chinnar,12.12111111,77.78194444,01-11-2017 08:00,"","","",""
888,HOGENAKKAL,CWC,33,Tamil Nadu,571,Dharmapuri,DHARMAPURI,-,-,Cauvery,Cauvery,Chinnar,-,-,Chinnar,12.12111111,77.78194444,04-12-2017 08:00,"","","",""
889,KODUMUDI,CWC,33,Tamil Nadu,573,Erode,ERODE,-,-,Cauvery,Cauvery,-,-,-,Cauvery,11.08000000,77.89000000,02-04-2001 08:35,1.5,"","",""
890,KODUMUDI,CWC,33,Tamil Nadu,573,Erode,ERODE,-,-,Cauvery,Cauvery,-,-,-,Cauvery,11.08000000,77.89000000,01-05-2001 08:40,2.35,"","",""
891,KODUMUDI,CWC,33,Tamil Nadu,573,Erode,ERODE,-,-,Cauvery,Cauvery,-,-,-,Cauvery,11.08000000,77.89000000,01-06-2001 08:40,0.6,"","",""
892,KODUMUDI,CWC,33,Tamil Nadu,573,Erode,ERODE,-,-,Cauvery,Cauvery,-,-,-,Cauvery,11.08000000,77.89000000,03-07-2001 10:00,0.8,"","",""
893,KODUMUDI,CWC,33,Tamil Nadu,573,Erode,ERODE,-,-,Cauvery,Cauvery,-,-,-,Cauvery,11.08000000,77.89000000,01-08-2001 09:10,2.2,"","",""
894,KODUMUDI,CWC,33,Tamil Nadu,573,Erode,ERODE,-,-,Cauvery,Cauvery,-,-,-,Cauvery,11.08000000,77.89000000,01-09-2001 09:30,0.8,"","",""
895,KODUMUDI,CWC,33,Tamil Nadu,573,Erode,ERODE,-,-,Cauvery,Cauvery,-,-,-,Cauvery,11.08000000,77.89000000,01-10-2001 09:30,0.8,"","",""
896,KODUMUDI,CWC,33,Tamil Nadu,573,Erode,ERODE,-,-,Cauvery,Cauvery,-,-,-,Cauvery,11.08000000,77.89000000,01-11-2001 09:50,2.8,"","",""
897,KODUMUDI,CWC,33,Tamil Nadu,573,Erode,ERODE,-,-,Cauvery,Cauvery,-,-,-,Cauvery,11.08000000,77.89000000,01-12-2001 09:30,1.1,"","",""
898,KODUMUDI,CWC,33,Tamil Nadu,573,Erode,ERODE,-,-,Cauvery,Cauvery,-,-,-,Cauvery,11.08000000,77.89000000,01-01-2002 08:35,0.7,"","",""
899,KODUMUDI,CWC,33,Tamil Nadu,573,Erode,ERODE,-,-,Cauvery,Cauvery,-,-,-,Cauvery,11.08000000,77.89000000,01-02-2002 08:30,0.5,"","",""
900,KODUMUDI,CWC,33,Tamil Nadu,573,Erode,ERODE,-,-,Cauvery,Cauvery,-,-,-,Cauvery,11.08000000,77.89000000,01-03-2002 08:45,1.1,"","",""
901,KODUMUDI,CWC,33,Tamil Nadu,573,Erode,ERODE,-,-,Cauvery,Cauvery,-,-,-,Cauvery,11.08000000,77.89000000,01-04-2002 08:55,0.7,"","",""
902,KODUMUDI,CWC,33,Tamil Nadu,573,Erode,ERODE,-,-,Cauvery,Cauvery,-,-,-,Cauvery,11.08000000,77.89000000,01-05-2002 08:30,1.1,"","",""
903,KODUMUDI,CWC,33,Tamil Nadu,573,Erode,ERODE,-,-,Cauvery,Cauvery,-,-,-,Cauvery,11.08000000,77.89000000,01-06-2002 08:40,2.7,"","",""
904,KODUMUDI,CWC,33,Tamil Nadu,573,Erode,ERODE,-,-,Cauvery,Cauvery,-,-,-,Cauvery,11.08000000,77.89000000,01-07-2002 08:35,0.9,"","",""
905,KODUMUDI,CWC,33,Tamil Nadu,573,Erode,ERODE,-,-,Cauvery,Cauvery,-,-,-,Cauvery,11.08000000,77.89000000,01-08-2002 08:40,1.1,"","",""
906,KODUMUDI,CWC,33,Tamil Nadu,573,Erode,ERODE,-,-,Cauvery,Cauvery,-,-,-,Cauvery,11.08000000,77.89000000,02-09-2002 08:40,0.8,"","",""
907,KODUMUDI,CWC,33,Tamil Nadu,573,Erode,ERODE,-,-,Cauvery,Cauvery,-,-,-,Cauvery,11.08000000,77.89000000,01-10-2002 09:25,1.4,"","",""
908,KODUMUDI,CWC,33,Tamil Nadu,573,Erode,ERODE,-,-,Cauvery,Cauvery,-,-,-,Cauvery,11.08000000,77.89000000,01-11-2002 08:45,0.8,"","",""
909,KODUMUDI,CWC,33,Tamil Nadu,573,Erode,ERODE,-,-,Cauvery,Cauvery,-,-,-,Cauvery,11.08000000,77.89000000,02-12-2002 09:25,1,"","",""
910,KODUMUDI,CWC,33,Tamil Nadu,573,Erode,ERODE,-,-,Cauvery,Cauvery,-,-,-,Cauvery,11.08000000,77.89000000,01-01-2003 08:45,0.8,"","",""
911,KODUMUDI,CWC,33,Tamil Nadu,573,Erode,ERODE,-,-,Cauvery,Cauvery,-,-,-,Cauvery,11.08000000,77.89000000,01-02-2003 09:10,2.1,"","",""
912,KODUMUDI,CWC,33,Tamil Nadu,573,Erode,ERODE,-,-,Cauvery,Cauvery,-,-,-,Cauvery,11.08000000,77.89000000,01-04-2003 08:35,1.6,"","",""
913,KODUMUDI,CWC,33,Tamil Nadu,573,Erode,ERODE,-,-,Cauvery,Cauvery,-,-,-,Cauvery,11.08000000,77.89000000,02-06-2003 08:35,2.5,"","",""
914,KODUMUDI,CWC,33,Tamil Nadu,573,Erode,ERODE,-,-,Cauvery,Cauvery,-,-,-,Cauvery,11.08000000,77.89000000,01-08-2003 08:45,4,"","",""
915,KODUMUDI,CWC,33,Tamil Nadu,573,Erode,ERODE,-,-,Cauvery,Cauvery,-,-,-,Cauvery,11.08000000,77.89000000,01-10-2003 08:50,3,"","",""
916,KODUMUDI,CWC,33,Tamil Nadu,573,Erode,ERODE,-,-,Cauvery,Cauvery,-,-,-,Cauvery,11.08000000,77.89000000,01-11-2003 09:45,2.4,"","",""
917,KODUMUDI,CWC,33,Tamil Nadu,573,Erode,ERODE,-,-,Cauvery,Cauvery,-,-,-,Cauvery,11.08000000,77.89000000,01-12-2003 08:35,2.3,"","",""
918,KODUMUDI,CWC,33,Tamil Nadu,573,Erode,ERODE,-,-,Cauvery,Cauvery,-,-,-,Cauvery,11.08000000,77.89000000,01-01-2004 09:30,2,"","",""
919,KODUMUDI,CWC,33,Tamil Nadu,573,Erode,ERODE,-,-,Cauvery,Cauvery,-,-,-,Cauvery,11.08000000,77.89000000,01-06-2004 08:30,4.6,"","",""
920,KODUMUDI,CWC,33,Tamil Nadu,573,Erode,ERODE,-,-,Cauvery,Cauvery,-,-,-,Cauvery,11.08000000,77.89000000,01-07-2004 09:15,7.4,"","",""
921,KODUMUDI,CWC,33,Tamil Nadu,573,Erode,ERODE,-,-,Cauvery,Cauvery,-,-,-,Cauvery,11.08000000,77.89000000,02-08-2004 08:45,2.2,"","",""
922,KODUMUDI,CWC,33,Tamil Nadu,573,Erode,ERODE,-,-,Cauvery,Cauvery,-,-,-,Cauvery,11.08000000,77.89000000,01-09-2004 10:30,3.2,"","",""
923,KODUMUDI,CWC,33,Tamil Nadu,573,Erode,ERODE,-,-,Cauvery,Cauvery,-,-,-,Cauvery,11.08000000,77.89000000,01-10-2004 09:30,1.9,"","",""
924,KODUMUDI,CWC,33,Tamil Nadu,573,Erode,ERODE,-,-,Cauvery,Cauvery,-,-,-,Cauvery,11.08000000,77.89000000,01-11-2004 09:00,0.3,"","",""
925,KODUMUDI,CWC,33,Tamil Nadu,573,Erode,ERODE,-,-,Cauvery,Cauvery,-,-,-,Cauvery,11.08000000,77.89000000,01-12-2004 09:20,0.9,"","",""
926,KODUMUDI,CWC,33,Tamil Nadu,573,Erode,ERODE,-,-,Cauvery,Cauvery,-,-,-,Cauvery,11.08000000,77.89000000,01-01-2005 09:30,0.3,"","",""
927,KODUMUDI,CWC,33,Tamil Nadu,573,Erode,ERODE,-,-,Cauvery,Cauvery,-,-,-,Cauvery,11.08000000,77.89000000,01-02-2005 08:45,2.8,"","",""
928,KODUMUDI,CWC,33,Tamil Nadu,573,Erode,ERODE,-,-,Cauvery,Cauvery,-,-,-,Cauvery,11.08000000,77.89000000,01-03-2005 08:50,3.6,"","",""
929,KODUMUDI,CWC,33,Tamil Nadu,573,Erode,ERODE,-,-,Cauvery,Cauvery,-,-,-,Cauvery,11.08000000,77.89000000,01-04-2005 08:55,0.4,"","",""
930,KODUMUDI,CWC,33,Tamil Nadu,573,Erode,ERODE,-,-,Cauvery,Cauvery,-,-,-,Cauvery,11.08000000,77.89000000,02-05-2005 09:00,1.9,"","",""
931,KODUMUDI,CWC,33,Tamil Nadu,573,Erode,ERODE,-,-,Cauvery,Cauvery,-,-,-,Cauvery,11.08000000,77.89000000,01-06-2005 09:00,1.4,"","",""
932,KODUMUDI,CWC,33,Tamil Nadu,573,Erode,ERODE,-,-,Cauvery,Cauvery,-,-,-,Cauvery,11.08000000,77.89000000,01-07-2005 09:30,1.6,"","",""
933,KODUMUDI,CWC,33,Tamil Nadu,573,Erode,ERODE,-,-,Cauvery,Cauvery,-,-,-,Cauvery,11.08000000,77.89000000,01-08-2005 10:00,1.9,"","",""
934,KODUMUDI,CWC,33,Tamil Nadu,573,Erode,ERODE,-,-,Cauvery,Cauvery,-,-,-,Cauvery,11.08000000,77.89000000,01-09-2005 10:00,2.3,"","",""
935,KODUMUDI,CWC,33,Tamil Nadu,573,Erode,ERODE,-,-,Cauvery,Cauvery,-,-,-,Cauvery,11.08000000,77.89000000,01-10-2005 10:00,3.7,"","",""
936,KODUMUDI,CWC,33,Tamil Nadu,573,Erode,ERODE,-,-,Cauvery,Cauvery,-,-,-,Cauvery,11.08000000,77.89000000,02-11-2005 10:45,3.6,"","",""
937,KODUMUDI,CWC,33,Tamil Nadu,573,Erode,ERODE,-,-,Cauvery,Cauvery,-,-,-,Cauvery,11.08000000,77.89000000,01-12-2005 09:30,3,"","",""
938,KODUMUDI,CWC,33,Tamil Nadu,573,Erode,ERODE,-,-,Cauvery,Cauvery,-,-,-,Cauvery,11.08000000,77.89000000,02-01-2006 09:30,1.8,"","",""
939,KODUMUDI,CWC,33,Tamil Nadu,573,Erode,ERODE,-,-,Cauvery,Cauvery,-,-,-,Cauvery,11.08000000,77.89000000,01-02-2006 08:35,1.3,"","",""
940,KODUMUDI,CWC,33,Tamil Nadu,573,Erode,ERODE,-,-,Cauvery,Cauvery,-,-,-,Cauvery,11.08000000,77.89000000,01-03-2006 08:30,2,"","",""
941,KODUMUDI,CWC,33,Tamil Nadu,573,Erode,ERODE,-,-,Cauvery,Cauvery,-,-,-,Cauvery,11.08000000,77.89000000,01-04-2006 08:50,1.3,"","",""
942,KODUMUDI,CWC,33,Tamil Nadu,573,Erode,ERODE,-,-,Cauvery,Cauvery,-,-,-,Cauvery,11.08000000,77.89000000,01-05-2006 08:45,2.2,"","",""
943,KODUMUDI,CWC,33,Tamil Nadu,573,Erode,ERODE,-,-,Cauvery,Cauvery,-,-,-,Cauvery,11.08000000,77.89000000,01-06-2006 08:45,1.9,"","",""
944,KODUMUDI,CWC,33,Tamil Nadu,573,Erode,ERODE,-,-,Cauvery,Cauvery,-,-,-,Cauvery,11.08000000,77.89000000,01-07-2006 09:30,1.9,"","",""
945,KODUMUDI,CWC,33,Tamil Nadu,573,Erode,ERODE,-,-,Cauvery,Cauvery,-,-,-,Cauvery,11.08000000,77.89000000,01-08-2006 10:00,2,"","",""
946,KODUMUDI,CWC,33,Tamil Nadu,573,Erode,ERODE,-,-,Cauvery,Cauvery,-,-,-,Cauvery,11.08000000,77.89000000,01-09-2006 10:00,2.4,"","",""
947,KODUMUDI,CWC,33,Tamil Nadu,573,Erode,ERODE,-,-,Cauvery,Cauvery,-,-,-,Cauvery,11.08000000,77.89000000,03-10-2006 10:00,1.9,"","",""
948,KODUMUDI,CWC,33,Tamil Nadu,573,Erode,ERODE,-,-,Cauvery,Cauvery,-,-,-,Cauvery,11.08000000,77.89000000,01-11-2006 10:00,2.1,"","",""
949,KODUMUDI,CWC,33,Tamil Nadu,573,Erode,ERODE,-,-,Cauvery,Cauvery,-,-,-,Cauvery,11.08000000,77.89000000,01-12-2006 09:30,2.4,"","",""
950,KODUMUDI,CWC,33,Tamil Nadu,573,Erode,ERODE,-,-,Cauvery,Cauvery,-,-,-,Cauvery,11.08000000,77.89000000,02-01-2007 09:30,1.1,"","",""
951,KODUMUDI,CWC,33,Tamil Nadu,573,Erode,ERODE,-,-,Cauvery,Cauvery,-,-,-,Cauvery,11.08000000,77.89000000,01-02-2007 09:15,1.1,"","",""
952,KODUMUDI,CWC,33,Tamil Nadu,573,Erode,ERODE,-,-,Cauvery,Cauvery,-,-,-,Cauvery,11.08000000,77.89000000,01-03-2007 09:15,0.9,"","",""
953,KODUMUDI,CWC,33,Tamil Nadu,573,Erode,ERODE,-,-,Cauvery,Cauvery,-,-,-,Cauvery,11.08000000,77.89000000,02-04-2007 09:15,0.4,"","",""
954,KODUMUDI,CWC,33,Tamil Nadu,573,Erode,ERODE,-,-,Cauvery,Cauvery,-,-,-,Cauvery,11.08000000,77.89000000,01-05-2007 09:15,0.7,"","",""
955,KODUMUDI,CWC,33,Tamil Nadu,573,Erode,ERODE,-,-,Cauvery,Cauvery,-,-,-,Cauvery,11.08000000,77.89000000,01-06-2007 09:15,1.1,"","",""
956,KODUMUDI,CWC,33,Tamil Nadu,573,Erode,ERODE,-,-,Cauvery,Cauvery,-,-,-,Cauvery,11.08000000,77.89000000,02-07-2007 09:15,0.8,"","",""
957,KODUMUDI,CWC,33,Tamil Nadu,573,Erode,ERODE,-,-,Cauvery,Cauvery,-,-,-,Cauvery,11.08000000,77.89000000,01-08-2007 09:30,0.6,"","",""
958,KODUMUDI,CWC,33,Tamil Nadu,573,Erode,ERODE,-,-,Cauvery,Cauvery,-,-,-,Cauvery,11.08000000,77.89000000,01-09-2007 09:30,0.5,"","",""
959,KODUMUDI,CWC,33,Tamil Nadu,573,Erode,ERODE,-,-,Cauvery,Cauvery,-,-,-,Cauvery,11.08000000,77.89000000,03-10-2007 10:00,0.9,"","",""
960,KODUMUDI,CWC,33,Tamil Nadu,573,Erode,ERODE,-,-,Cauvery,Cauvery,-,-,-,Cauvery,11.08000000,77.89000000,01-11-2007 10:00,3.4,"","",""
961,KODUMUDI,CWC,33,Tamil Nadu,573,Erode,ERODE,-,-,Cauvery,Cauvery,-,-,-,Cauvery,11.08000000,77.89000000,01-12-2007 09:30,0.6,"","",""
962,KODUMUDI,CWC,33,Tamil Nadu,573,Erode,ERODE,-,-,Cauvery,Cauvery,-,-,-,Cauvery,11.08000000,77.89000000,01-01-2008 09:00,2.2,"","",""
963,KODUMUDI,CWC,33,Tamil Nadu,573,Erode,ERODE,-,-,Cauvery,Cauvery,-,-,-,Cauvery,11.08000000,77.89000000,01-02-2008 09:00,0.4,"","",""
964,KODUMUDI,CWC,33,Tamil Nadu,573,Erode,ERODE,-,-,Cauvery,Cauvery,-,-,-,Cauvery,11.08000000,77.89000000,01-03-2008 09:00,1.3,"","",""
965,KODUMUDI,CWC,33,Tamil Nadu,573,Erode,ERODE,-,-,Cauvery,Cauvery,-,-,-,Cauvery,11.08000000,77.89000000,01-04-2008 09:00,1.4,"","",""
966,KODUMUDI,CWC,33,Tamil Nadu,573,Erode,ERODE,-,-,Cauvery,Cauvery,-,-,-,Cauvery,11.08000000,77.89000000,01-05-2008 09:00,0.4,"","",""
967,KODUMUDI,CWC,33,Tamil Nadu,573,Erode,ERODE,-,-,Cauvery,Cauvery,-,-,-,Cauvery,11.08000000,77.89000000,02-06-2008 08:00,0.8,"","",""
968,KODUMUDI,CWC,33,Tamil Nadu,573,Erode,ERODE,-,-,Cauvery,Cauvery,-,-,-,Cauvery,11.08000000,77.89000000,01-07-2008 08:00,1.8,"","",""
969,KODUMUDI,CWC,33,Tamil Nadu,573,Erode,ERODE,-,-,Cauvery,Cauvery,-,-,-,Cauvery,11.08000000,77.89000000,01-08-2008 08:00,1.8,"","",""
970,KODUMUDI,CWC,33,Tamil Nadu,573,Erode,ERODE,-,-,Cauvery,Cauvery,-,-,-,Cauvery,11.08000000,77.89000000,01-09-2008 08:00,1.1,"","",""
971,KODUMUDI,CWC,33,Tamil Nadu,573,Erode,ERODE,-,-,Cauvery,Cauvery,-,-,-,Cauvery,11.08000000,77.89000000,03-10-2008 08:00,0.7,"","",""
972,KODUMUDI,CWC,33,Tamil Nadu,573,Erode,ERODE,-,-,Cauvery,Cauvery,-,-,-,Cauvery,11.08000000,77.89000000,01-11-2008 08:00,1.8,"","",""
973,KODUMUDI,CWC,33,Tamil Nadu,573,Erode,ERODE,-,-,Cauvery,Cauvery,-,-,-,Cauvery,11.08000000,77.89000000,01-12-2008 08:00,0.9,"","",""
974,KODUMUDI,CWC,33,Tamil Nadu,573,Erode,ERODE,-,-,Cauvery,Cauvery,-,-,-,Cauvery,11.08000000,77.89000000,01-01-2009 08:00,1.3,"","",""
975,KODUMUDI,CWC,33,Tamil Nadu,573,Erode,ERODE,-,-,Cauvery,Cauvery,-,-,-,Cauvery,11.08000000,77.89000000,02-02-2009 08:00,1.3,"","",""
976,KODUMUDI,CWC,33,Tamil Nadu,573,Erode,ERODE,-,-,Cauvery,Cauvery,-,-,-,Cauvery,11.08000000,77.89000000,02-03-2009 08:00,0.5,"","",""
977,KODUMUDI,CWC,33,Tamil Nadu,573,Erode,ERODE,-,-,Cauvery,Cauvery,-,-,-,Cauvery,11.08000000,77.89000000,01-04-2009 08:00,0.9,"","",""
978,KODUMUDI,CWC,33,Tamil Nadu,573,Erode,ERODE,-,-,Cauvery,Cauvery,-,-,-,Cauvery,11.08000000,77.89000000,01-05-2009 08:00,2,"","",""
979,KODUMUDI,CWC,33,Tamil Nadu,573,Erode,ERODE,-,-,Cauvery,Cauvery,-,-,-,Cauvery,11.08000000,77.89000000,01-06-2009 09:00,1.3,"","",""
980,KODUMUDI,CWC,33,Tamil Nadu,573,Erode,ERODE,-,-,Cauvery,Cauvery,-,-,-,Cauvery,11.08000000,77.89000000,01-07-2009 09:00,0.3,"","",""
981,KODUMUDI,CWC,33,Tamil Nadu,573,Erode,ERODE,-,-,Cauvery,Cauvery,-,-,-,Cauvery,11.08000000,77.89000000,01-08-2009 09:30,0.7,"","",""
982,KODUMUDI,CWC,33,Tamil Nadu,573,Erode,ERODE,-,-,Cauvery,Cauvery,-,-,-,Cauvery,11.08000000,77.89000000,01-09-2009 09:30,2.4,"","",""
983,KODUMUDI,CWC,33,Tamil Nadu,573,Erode,ERODE,-,-,Cauvery,Cauvery,-,-,-,Cauvery,11.08000000,77.89000000,01-10-2009 09:30,0.8,"","",""
984,KODUMUDI,CWC,33,Tamil Nadu,573,Erode,ERODE,-,-,Cauvery,Cauvery,-,-,-,Cauvery,11.08000000,77.89000000,03-11-2009 09:15,0.9,"","",""
985,KODUMUDI,CWC,33,Tamil Nadu,573,Erode,ERODE,-,-,Cauvery,Cauvery,-,-,-,Cauvery,11.08000000,77.89000000,01-12-2009 09:00,0.6,"","",""
986,KODUMUDI,CWC,33,Tamil Nadu,573,Erode,ERODE,-,-,Cauvery,Cauvery,-,-,-,Cauvery,11.08000000,77.89000000,01-01-2010 09:00,1.6,"","",""
987,KODUMUDI,CWC,33,Tamil Nadu,573,Erode,ERODE,-,-,Cauvery,Cauvery,-,-,-,Cauvery,11.08000000,77.89000000,01-02-2010 08:45,2.1,"","",""
988,KODUMUDI,CWC,33,Tamil Nadu,573,Erode,ERODE,-,-,Cauvery,Cauvery,-,-,-,Cauvery,11.08000000,77.89000000,01-03-2010 09:00,1,"","",""
989,KODUMUDI,CWC,33,Tamil Nadu,573,Erode,ERODE,-,-,Cauvery,Cauvery,-,-,-,Cauvery,11.08000000,77.89000000,01-04-2010 09:15,0.9,"","",""
990,KODUMUDI,CWC,33,Tamil Nadu,573,Erode,ERODE,-,-,Cauvery,Cauvery,-,-,-,Cauvery,11.08000000,77.89000000,01-05-2010 09:30,0.4,"","",""
991,KODUMUDI,CWC,33,Tamil Nadu,573,Erode,ERODE,-,-,Cauvery,Cauvery,-,-,-,Cauvery,11.08000000,77.89000000,01-06-2010 09:00,1.2,"","",""
992,KODUMUDI,CWC,33,Tamil Nadu,573,Erode,ERODE,-,-,Cauvery,Cauvery,-,-,-,Cauvery,11.08000000,77.89000000,01-07-2010 09:00,0.6,"","",""
993,KODUMUDI,CWC,33,Tamil Nadu,573,Erode,ERODE,-,-,Cauvery,Cauvery,-,-,-,Cauvery,11.08000000,77.89000000,02-08-2010 09:30,1.3,"","",""
994,KODUMUDI,CWC,33,Tamil Nadu,573,Erode,ERODE,-,-,Cauvery,Cauvery,-,-,-,Cauvery,11.08000000,77.89000000,01-09-2010 08:45,2.6,"","",""
995,KODUMUDI,CWC,33,Tamil Nadu,573,Erode,ERODE,-,-,Cauvery,Cauvery,-,-,-,Cauvery,11.08000000,77.89000000,01-10-2010 09:30,1.7,"","",""
996,KODUMUDI,CWC,33,Tamil Nadu,573,Erode,ERODE,-,-,Cauvery,Cauvery,-,-,-,Cauvery,11.08000000,77.89000000,01-11-2010 08:00,1.6,"","",""
997,KODUMUDI,CWC,33,Tamil Nadu,573,Erode,ERODE,-,-,Cauvery,Cauvery,-,-,-,Cauvery,11.08000000,77.89000000,01-12-2010 09:00,1,"","",""
998,KODUMUDI,CWC,33,Tamil Nadu,573,Erode,ERODE,-,-,Cauvery,Cauvery,-,-,-,Cauvery,11.08000000,77.89000000,01-01-2011 08:00,0.6,"","",""
999,KODUMUDI,CWC,33,Tamil Nadu,573,Erode,ERODE,-,-,Cauvery,Cauvery,-,-,-,Cauvery,11.08000000,77.89000000,01-02-2011 08:30,1.2,"","",""
1000,KODUMUDI,CWC,33,Tamil Nadu,573,Erode,ERODE,-,-,Cauvery,Cauvery,-,-,-,Cauvery,11.08000000,77.89000000,01-03-2011 09:00,0.9,"","",""
1001,KODUMUDI,CWC,33,Tamil Nadu,573,Erode,ERODE,-,-,Cauvery,Cauvery,-,-,-,Cauvery,11.08000000,77.89000000,01-04-2011 09:00,0.6,"","",""
1002,KODUMUDI,CWC,33,Tamil Nadu,573,Erode,ERODE,-,-,Cauvery,Cauvery,-,-,-,Cauvery,11.08000000,77.89000000,02-05-2011 09:00,2.1,"","",""
1003,KODUMUDI,CWC,33,Tamil Nadu,573,Erode,ERODE,-,-,Cauvery,Cauvery,-,-,-,Cauvery,11.08000000,77.89000000,01-06-2011 09:00,0.8,"","",""
1004,KODUMUDI,CWC,33,Tamil Nadu,573,Erode,ERODE,-,-,Cauvery,Cauvery,-,-,-,Cauvery,11.08000000,77.89000000,01-07-2011 09:30,3.5,"","",""
1005,KODUMUDI,CWC,33,Tamil Nadu,573,Erode,ERODE,-,-,Cauvery,Cauvery,-,-,-,Cauvery,11.08000000,77.89000000,01-08-2011 09:30,2.4,"","",""
1006,KODUMUDI,CWC,33,Tamil Nadu,573,Erode,ERODE,-,-,Cauvery,Cauvery,-,-,-,Cauvery,11.08000000,77.89000000,02-09-2011 10:00,0.8,"","",""
1007,KODUMUDI,CWC,33,Tamil Nadu,573,Erode,ERODE,-,-,Cauvery,Cauvery,-,-,-,Cauvery,11.08000000,77.89000000,01-10-2011 09:30,1.8,"","",""
1008,KODUMUDI,CWC,33,Tamil Nadu,573,Erode,ERODE,-,-,Cauvery,Cauvery,-,-,-,Cauvery,11.08000000,77.89000000,01-11-2011 09:00,0.6,"","",""
1009,KODUMUDI,CWC,33,Tamil Nadu,573,Erode,ERODE,-,-,Cauvery,Cauvery,-,-,-,Cauvery,11.08000000,77.89000000,01-12-2011 09:30,0.8,"","",""
1010,KODUMUDI,CWC,33,Tamil Nadu,573,Erode,ERODE,-,-,Cauvery,Cauvery,-,-,-,Cauvery,11.08000000,77.89000000,02-01-2012 08:00,0.6,"","",""
1011,KODUMUDI,CWC,33,Tamil Nadu,573,Erode,ERODE,-,-,Cauvery,Cauvery,-,-,-,Cauvery,11.08000000,77.89000000,01-02-2012 08:00,0.6,"","",""
1012,KODUMUDI,CWC,33,Tamil Nadu,573,Erode,ERODE,-,-,Cauvery,Cauvery,-,-,-,Cauvery,11.08000000,77.89000000,01-03-2012 09:00,1.3,"","",""
1013,KODUMUDI,CWC,33,Tamil Nadu,573,Erode,ERODE,-,-,Cauvery,Cauvery,-,-,-,Cauvery,11.08000000,77.89000000,02-04-2012 09:00,1.4,"","",""
1014,KODUMUDI,CWC,33,Tamil Nadu,573,Erode,ERODE,-,-,Cauvery,Cauvery,-,-,-,Cauvery,11.08000000,77.89000000,01-05-2012 09:00,0.3,"","",""
1015,KODUMUDI,CWC,33,Tamil Nadu,573,Erode,ERODE,-,-,Cauvery,Cauvery,-,-,-,Cauvery,11.08000000,77.89000000,01-06-2012 09:00,1.3,"","",""
1016,KODUMUDI,CWC,33,Tamil Nadu,573,Erode,ERODE,-,-,Cauvery,Cauvery,-,-,-,Cauvery,11.08000000,77.89000000,02-07-2012 09:00,1.5,"","",""
1017,KODUMUDI,CWC,33,Tamil Nadu,573,Erode,ERODE,-,-,Cauvery,Cauvery,-,-,-,Cauvery,11.08000000,77.89000000,01-08-2012 09:00,1.2,"","",""
1018,KODUMUDI,CWC,33,Tamil Nadu,573,Erode,ERODE,-,-,Cauvery,Cauvery,-,-,-,Cauvery,11.08000000,77.89000000,01-09-2012 09:00,0.8,"","",""
1019,KODUMUDI,CWC,33,Tamil Nadu,573,Erode,ERODE,-,-,Cauvery,Cauvery,-,-,-,Cauvery,11.08000000,77.89000000,01-10-2012 09:30,2.6,"","",""
1020,KODUMUDI,CWC,33,Tamil Nadu,573,Erode,ERODE,-,-,Cauvery,Cauvery,-,-,-,Cauvery,11.08000000,77.89000000,01-11-2012 09:00,1.6,"","",""
1021,KODUMUDI,CWC,33,Tamil Nadu,573,Erode,ERODE,-,-,Cauvery,Cauvery,-,-,-,Cauvery,11.08000000,77.89000000,01-12-2012 09:00,1.7,"","",""
1022,KODUMUDI,CWC,33,Tamil Nadu,573,Erode,ERODE,-,-,Cauvery,Cauvery,-,-,-,Cauvery,11.08000000,77.89000000,01-01-2013 09:00,1.7,"","",""
1023,KODUMUDI,CWC,33,Tamil Nadu,573,Erode,ERODE,-,-,Cauvery,Cauvery,-,-,-,Cauvery,11.08000000,77.89000000,01-02-2013 08:45,3.1,"","",""
1024,KODUMUDI,CWC,33,Tamil Nadu,573,Erode,ERODE,-,-,Cauvery,Cauvery,-,-,-,Cauvery,11.08000000,77.89000000,01-03-2013 08:00,5,"","",""
1025,KODUMUDI,CWC,33,Tamil Nadu,573,Erode,ERODE,-,-,Cauvery,Cauvery,-,-,-,Cauvery,11.08000000,77.89000000,01-04-2013 09:15,1.7,"","",""
1026,KODUMUDI,CWC,33,Tamil Nadu,573,Erode,ERODE,-,-,Cauvery,Cauvery,-,-,-,Cauvery,11.08000000,77.89000000,01-07-2013 09:00,6.1,"","",""
1027,KODUMUDI,CWC,33,Tamil Nadu,573,Erode,ERODE,-,-,Cauvery,Cauvery,-,-,-,Cauvery,11.08000000,77.89000000,01-08-2013 09:00,1.1,"","",""
1028,KODUMUDI,CWC,33,Tamil Nadu,573,Erode,ERODE,-,-,Cauvery,Cauvery,-,-,-,Cauvery,11.08000000,77.89000000,03-09-2013 09:00,1.3,"","",""
1029,KODUMUDI,CWC,33,Tamil Nadu,573,Erode,ERODE,-,-,Cauvery,Cauvery,-,-,-,Cauvery,11.08000000,77.89000000,01-10-2013 09:30,2.1,"","",""
1030,KODUMUDI,CWC,33,Tamil Nadu,573,Erode,ERODE,-,-,Cauvery,Cauvery,-,-,-,Cauvery,11.08000000,77.89000000,01-11-2013 09:00,3,"","",""
1031,KODUMUDI,CWC,33,Tamil Nadu,573,Erode,ERODE,-,-,Cauvery,Cauvery,-,-,-,Cauvery,11.08000000,77.89000000,02-12-2013 09:00,2.2,"","",""
1032,KODUMUDI,CWC,33,Tamil Nadu,573,Erode,ERODE,-,-,Cauvery,Cauvery,-,-,-,Cauvery,11.08000000,77.89000000,01-01-2014 08:30,1.5,"","",""
1033,KODUMUDI,CWC,33,Tamil Nadu,573,Erode,ERODE,-,-,Cauvery,Cauvery,-,-,-,Cauvery,11.08000000,77.89000000,01-02-2014 09:00,2.3,"","",""
1034,KODUMUDI,CWC,33,Tamil Nadu,573,Erode,ERODE,-,-,Cauvery,Cauvery,-,-,-,Cauvery,11.08000000,77.89000000,01-03-2014 09:00,5.2,"","",""
1035,KODUMUDI,CWC,33,Tamil Nadu,573,Erode,ERODE,-,-,Cauvery,Cauvery,-,-,-,Cauvery,11.08000000,77.89000000,01-04-2014 09:00,8,"","",""
1036,KODUMUDI,CWC,33,Tamil Nadu,573,Erode,ERODE,-,-,Cauvery,Cauvery,-,-,-,Cauvery,11.08000000,77.89000000,01-05-2014 09:00,4.1,"","",""
1037,KODUMUDI,CWC,33,Tamil Nadu,573,Erode,ERODE,-,-,Cauvery,Cauvery,-,-,-,Cauvery,11.08000000,77.89000000,02-06-2014 09:00,4.4,"","",""
1038,KODUMUDI,CWC,33,Tamil Nadu,573,Erode,ERODE,-,-,Cauvery,Cauvery,-,-,-,Cauvery,11.08000000,77.89000000,01-08-2014 09:00,3.6,"","",""
1039,KODUMUDI,CWC,33,Tamil Nadu,573,Erode,ERODE,-,-,Cauvery,Cauvery,-,-,-,Cauvery,11.08000000,77.89000000,01-09-2014 09:30,1.5,"","",""
1040,KODUMUDI,CWC,33,Tamil Nadu,573,Erode,ERODE,-,-,Cauvery,Cauvery,-,-,-,Cauvery,11.08000000,77.89000000,01-10-2014 08:30,0.6,"","",""
1041,KODUMUDI,CWC,33,Tamil Nadu,573,Erode,ERODE,-,-,Cauvery,Cauvery,-,-,-,Cauvery,11.08000000,77.89000000,01-11-2014 09:00,0.19,"","",""
1042,KODUMUDI,CWC,33,Tamil Nadu,573,Erode,ERODE,-,-,Cauvery,Cauvery,-,-,-,Cauvery,11.08000000,77.89000000,01-12-2014 09:00,0.97,"","",""
1043,KODUMUDI,CWC,33,Tamil Nadu,573,Erode,ERODE,-,-,Cauvery,Cauvery,-,-,-,Cauvery,11.08000000,77.89000000,01-01-2015 09:00,2.25,"","",""
1044,KODUMUDI,CWC,33,Tamil Nadu,573,Erode,ERODE,-,-,Cauvery,Cauvery,-,-,-,Cauvery,11.08000000,77.89000000,02-02-2015 08:00,1.2,"","",""
1045,KODUMUDI,CWC,33,Tamil Nadu,573,Erode,ERODE,-,-,Cauvery,Cauvery,-,-,-,Cauvery,11.08000000,77.89000000,02-03-2015 09:00,2.8,"","",""
1046,KODUMUDI,CWC,33,Tamil Nadu,573,Erode,ERODE,-,-,Cauvery,Cauvery,-,-,-,Cauvery,11.08000000,77.89000000,01-04-2015 09:00,3.55,"","",""
1047,KODUMUDI,CWC,33,Tamil Nadu,573,Erode,ERODE,-,-,Cauvery,Cauvery,-,-,-,Cauvery,11.08000000,77.89000000,01-05-2015 08:00,3.35,"","",""
1048,KODUMUDI,CWC,33,Tamil Nadu,573,Erode,ERODE,-,-,Cauvery,Cauvery,-,-,-,Cauvery,11.08000000,77.89000000,01-06-2015 09:10,5.1,"","",""
1049,KODUMUDI,CWC,33,Tamil Nadu,573,Erode,ERODE,-,-,Cauvery,Cauvery,-,-,-,Cauvery,11.08000000,77.89000000,01-07-2015 08:45,2.67,"","",""
1050,KODUMUDI,CWC,33,Tamil Nadu,573,Erode,ERODE,-,-,Cauvery,Cauvery,-,-,-,Cauvery,11.08000000,77.89000000,01-08-2015 08:00,2.14,"","",""
1051,KODUMUDI,CWC,33,Tamil Nadu,573,Erode,ERODE,-,-,Cauvery,Cauvery,-,-,-,Cauvery,11.08000000,77.89000000,01-09-2015 08:45,1.22,"","",""
1052,KODUMUDI,CWC,33,Tamil Nadu,573,Erode,ERODE,-,-,Cauvery,Cauvery,-,-,-,Cauvery,11.08000000,77.89000000,01-10-2015 08:50,1.17,"","",""
1053,KODUMUDI,CWC,33,Tamil Nadu,573,Erode,ERODE,-,-,Cauvery,Cauvery,-,-,-,Cauvery,11.08000000,77.89000000,02-11-2015 08:15,2.68,"","",""
1054,KODUMUDI,CWC,33,Tamil Nadu,573,Erode,ERODE,-,-,Cauvery,Cauvery,-,-,-,Cauvery,11.08000000,77.89000000,01-12-2015 08:20,2.48,"","",""
1055,KODUMUDI,CWC,33,Tamil Nadu,573,Erode,ERODE,-,-,Cauvery,Cauvery,-,-,-,Cauvery,11.08000000,77.89000000,01-01-2016 09:15,1.89,"","",""
1056,KODUMUDI,CWC,33,Tamil Nadu,573,Erode,ERODE,-,-,Cauvery,Cauvery,-,-,-,Cauvery,11.08000000,77.89000000,01-02-2016 09:10,1.59,"","",""
1057,KODUMUDI,CWC,33,Tamil Nadu,573,Erode,ERODE,-,-,Cauvery,Cauvery,-,-,-,Cauvery,11.08000000,77.89000000,01-03-2016 08:45,2.71,"","",""
1058,KODUMUDI,CWC,33,Tamil Nadu,573,Erode,ERODE,-,-,Cauvery,Cauvery,-,-,-,Cauvery,11.08000000,77.89000000,01-04-2016 09:00,1.96,"","",""
1059,KODUMUDI,CWC,33,Tamil Nadu,573,Erode,ERODE,-,-,Cauvery,Cauvery,-,-,-,Cauvery,11.08000000,77.89000000,02-05-2016 09:00,3.96,"","",""
1060,KODUMUDI,CWC,33,Tamil Nadu,573,Erode,ERODE,-,-,Cauvery,Cauvery,-,-,-,Cauvery,11.08000000,77.89000000,01-06-2016 09:00,1.9,"","",""
1061,KODUMUDI,CWC,33,Tamil Nadu,573,Erode,ERODE,-,-,Cauvery,Cauvery,-,-,-,Cauvery,11.08000000,77.89000000,01-07-2016 09:00,2.09,"","",""
1062,KODUMUDI,CWC,33,Tamil Nadu,573,Erode,ERODE,-,-,Cauvery,Cauvery,-,-,-,Cauvery,11.08000000,77.89000000,01-08-2016 09:00,1.83,"","",""
1063,KODUMUDI,CWC,33,Tamil Nadu,573,Erode,ERODE,-,-,Cauvery,Cauvery,-,-,-,Cauvery,11.08000000,77.89000000,01-09-2016 09:00,2.13,"","",""
1064,KODUMUDI,CWC,33,Tamil Nadu,573,Erode,ERODE,-,-,Cauvery,Cauvery,-,-,-,Cauvery,11.08000000,77.89000000,01-10-2016 09:00,1.53,"","",""
1065,KODUMUDI,CWC,33,Tamil Nadu,573,Erode,ERODE,-,-,Cauvery,Cauvery,-,-,-,Cauvery,11.08000000,77.89000000,01-11-2016 08:45,2.47,"","",""
1066,KODUMUDI,CWC,33,Tamil Nadu,573,Erode,ERODE,-,-,Cauvery,Cauvery,-,-,-,Cauvery,11.08000000,77.89000000,01-12-2016 08:00,1.71,"","",""
1067,KODUMUDI,CWC,33,Tamil Nadu,573,Erode,ERODE,-,-,Cauvery,Cauvery,-,-,-,Cauvery,11.08000000,77.89000000,02-01-2017 08:00,2.6,"","",""
1068,KODUMUDI,CWC,33,Tamil Nadu,573,Erode,ERODE,-,-,Cauvery,Cauvery,-,-,-,Cauvery,11.08000000,77.89000000,01-02-2017 09:00,1.9,"","",""
1069,Kudalaiyathur,CWC,33,Tamil Nadu,570,Cuddalore,KATTUMANNARKOIL,-,-,Duplicate-Vellar,East flowing rivers between Pennar and Kanyakumari,-,-,-,Vellar,11.42222222,79.47222222,01-12-2009 08:30,0.649,"","",""
1070,Kudalaiyathur,CWC,33,Tamil Nadu,570,Cuddalore,KATTUMANNARKOIL,-,-,Duplicate-Vellar,East flowing rivers between Pennar and Kanyakumari,-,-,-,Vellar,11.42222222,79.47222222,08-11-2010 13:00,2.403,"","",""
1071,Kudalaiyathur,CWC,33,Tamil Nadu,570,Cuddalore,KATTUMANNARKOIL,-,-,Duplicate-Vellar,East flowing rivers between Pennar and Kanyakumari,-,-,-,Vellar,11.42222222,79.47222222,01-12-2010 08:00,1.103,"","",""
1072,Kudalaiyathur,CWC,33,Tamil Nadu,570,Cuddalore,KATTUMANNARKOIL,-,-,Duplicate-Vellar,East flowing rivers between Pennar and Kanyakumari,-,-,-,Vellar,11.42222222,79.47222222,03-01-2011 08:30,0.479,"","",""
1073,Kudalaiyathur,CWC,33,Tamil Nadu,570,Cuddalore,KATTUMANNARKOIL,-,-,Duplicate-Vellar,East flowing rivers between Pennar and Kanyakumari,-,-,-,Vellar,11.42222222,79.47222222,01-04-2011 06:00,2.74,"","",""
1074,Kudalaiyathur,CWC,33,Tamil Nadu,570,Cuddalore,KATTUMANNARKOIL,-,-,Duplicate-Vellar,East flowing rivers between Pennar and Kanyakumari,-,-,-,Vellar,11.42222222,79.47222222,01-11-2011 12:30,1.29,"","",""
1075,Kudalaiyathur,CWC,33,Tamil Nadu,570,Cuddalore,KATTUMANNARKOIL,-,-,Duplicate-Vellar,East flowing rivers between Pennar and Kanyakumari,-,-,-,Vellar,11.42222222,79.47222222,01-12-2011 09:00,1.75,"","",""
1076,Kudalaiyathur,CWC,33,Tamil Nadu,570,Cuddalore,KATTUMANNARKOIL,-,-,Duplicate-Vellar,East flowing rivers between Pennar and Kanyakumari,-,-,-,Vellar,11.42222222,79.47222222,02-01-2012 09:00,1.73,"","",""
1077,Kudalaiyathur,CWC,33,Tamil Nadu,570,Cuddalore,KATTUMANNARKOIL,-,-,Duplicate-Vellar,East flowing rivers between Pennar and Kanyakumari,-,-,-,Vellar,11.42222222,79.47222222,24-10-2012 09:30,2.56,"","",""
1078,Kudalaiyathur,CWC,33,Tamil Nadu,570,Cuddalore,KATTUMANNARKOIL,-,-,Duplicate-Vellar,East flowing rivers between Pennar and Kanyakumari,-,-,-,Vellar,11.42222222,79.47222222,01-11-2012 09:30,2.9,"","",""
1079,Kudalaiyathur,CWC,33,Tamil Nadu,570,Cuddalore,KATTUMANNARKOIL,-,-,Duplicate-Vellar,East flowing rivers between Pennar and Kanyakumari,-,-,-,Vellar,11.42222222,79.47222222,30-08-2013 08:00,1.55,"","",""
1080,Kudalaiyathur,CWC,33,Tamil Nadu,570,Cuddalore,KATTUMANNARKOIL,-,-,Duplicate-Vellar,East flowing rivers between Pennar and Kanyakumari,-,-,-,Vellar,11.42222222,79.47222222,09-05-2014 08:30,2.92,"","",""
1081,Kudalaiyathur,CWC,33,Tamil Nadu,570,Cuddalore,KATTUMANNARKOIL,-,-,Duplicate-Vellar,East flowing rivers between Pennar and Kanyakumari,-,-,-,Vellar,11.42222222,79.47222222,15-11-2014 10:30,1.82,"","",""
1082,Kudalaiyathur,CWC,33,Tamil Nadu,570,Cuddalore,KATTUMANNARKOIL,-,-,Duplicate-Vellar,East flowing rivers between Pennar and Kanyakumari,-,-,-,Vellar,11.42222222,79.47222222,12-11-2015 09:00,2.19,"","",""
1083,Kudalaiyathur,CWC,33,Tamil Nadu,570,Cuddalore,KATTUMANNARKOIL,-,-,Duplicate-Vellar,East flowing rivers between Pennar and Kanyakumari,-,-,-,Vellar,11.42222222,79.47222222,10-12-2015 09:00,1.28,"","",""
1084,Kudalaiyathur,CWC,33,Tamil Nadu,570,Cuddalore,KATTUMANNARKOIL,-,-,Duplicate-Vellar,East flowing rivers between Pennar and Kanyakumari,-,-,-,Vellar,11.42222222,79.47222222,13-10-2017 08:00,0.5,"","",""
1085,Kudalaiyathur,CWC,33,Tamil Nadu,570,Cuddalore,KATTUMANNARKOIL,-,-,Duplicate-Vellar,East flowing rivers between Pennar and Kanyakumari,-,-,-,Vellar,11.42222222,79.47222222,06-11-2017 08:00,1.9,"","",""
1086,Kudalaiyathur,CWC,33,Tamil Nadu,570,Cuddalore,KATTUMANNARKOIL,-,-,Duplicate-Vellar,East flowing rivers between Pennar and Kanyakumari,-,-,-,Vellar,11.42222222,79.47222222,02-12-2017 08:00,0.6,"","",""
1087,Kudalaiyathur,CWC,33,Tamil Nadu,570,Cuddalore,KATTUMANNARKOIL,-,-,Duplicate-Vellar,East flowing rivers between Pennar and Kanyakumari,-,-,-,Vellar,11.42222222,79.47222222,24-11-2018 08:00,1.7,"","",""
1088,Kudalaiyathur,CWC,33,Tamil Nadu,570,Cuddalore,KATTUMANNARKOIL,-,-,Duplicate-Vellar,East flowing rivers between Pennar and Kanyakumari,-,-,-,Vellar,11.42222222,79.47222222,01-11-2019 08:00,2,"","",""
1089,Kudalaiyathur,CWC,33,Tamil Nadu,570,Cuddalore,KATTUMANNARKOIL,-,-,Duplicate-Vellar,East flowing rivers between Pennar and Kanyakumari,-,-,-,Vellar,11.42222222,79.47222222,01-12-2019 08:00,1.6,"","",""
1090,Kudalaiyathur,CWC,33,Tamil Nadu,570,Cuddalore,KATTUMANNARKOIL,-,-,Duplicate-Vellar,East flowing rivers between Pennar and Kanyakumari,-,-,-,Vellar,11.42222222,79.47222222,09-10-2020 08:00,2.38,"","",""
1091,Kudalaiyathur,CWC,33,Tamil Nadu,570,Cuddalore,KATTUMANNARKOIL,-,-,Duplicate-Vellar,East flowing rivers between Pennar and Kanyakumari,-,-,-,Vellar,11.42222222,79.47222222,27-11-2020 08:00,1,"","",""
1092,Kudalaiyathur,CWC,33,Tamil Nadu,570,Cuddalore,KATTUMANNARKOIL,-,-,Duplicate-Vellar,East flowing rivers between Pennar and Kanyakumari,-,-,-,Vellar,11.42222222,79.47222222,06-12-2020 08:00,0.6,"","",""
1093,KUZHITHURAI,CWC,33,Tamil Nadu,575,Kanyakumari,Thovalai,-,-,Thambraparni,West flowing rivers from Tadri to Kanyakumari,-,-,-,Thambraparni,8.30222222,77.18861111,01-02-2012 08:00,0.8,"","",""
1094,Magaral,CWC,33,Tamil Nadu,574,Kancheepuram,CHENGALPATTU,-,-,Duplicate-Palar,East flowing rivers between Pennar and Kanyakumari,Cheyyar,-,-,Cheyyar,12.70833333,79.75000000,03-12-2010 09:30,0.1,"","",""
1095,Magaral,CWC,33,Tamil Nadu,574,Kancheepuram,CHENGALPATTU,-,-,Duplicate-Palar,East flowing rivers between Pennar and Kanyakumari,Cheyyar,-,-,Cheyyar,12.70833333,79.75000000,03-01-2011 08:30,0.767,"","",""
1096,Magaral,CWC,33,Tamil Nadu,574,Kancheepuram,CHENGALPATTU,-,-,Duplicate-Palar,East flowing rivers between Pennar and Kanyakumari,Cheyyar,-,-,Cheyyar,12.70833333,79.75000000,08-11-2011 08:30,2.3,"","",""
1097,Magaral,CWC,33,Tamil Nadu,574,Kancheepuram,CHENGALPATTU,-,-,Duplicate-Palar,East flowing rivers between Pennar and Kanyakumari,Cheyyar,-,-,Cheyyar,12.70833333,79.75000000,01-12-2011 08:30,1.74,"","",""
1098,Magaral,CWC,33,Tamil Nadu,574,Kancheepuram,CHENGALPATTU,-,-,Duplicate-Palar,East flowing rivers between Pennar and Kanyakumari,Cheyyar,-,-,Cheyyar,12.70833333,79.75000000,02-01-2012 08:30,2.01,"","",""
1099,Magaral,CWC,33,Tamil Nadu,574,Kancheepuram,CHENGALPATTU,-,-,Duplicate-Palar,East flowing rivers between Pennar and Kanyakumari,Cheyyar,-,-,Cheyyar,12.70833333,79.75000000,03-11-2012 08:00,1.56,"","",""
1100,Magaral,CWC,33,Tamil Nadu,574,Kancheepuram,CHENGALPATTU,-,-,Duplicate-Palar,East flowing rivers between Pennar and Kanyakumari,Cheyyar,-,-,Cheyyar,12.70833333,79.75000000,05-12-2012 08:00,1.1,"","",""
1101,Magaral,CWC,33,Tamil Nadu,574,Kancheepuram,CHENGALPATTU,-,-,Duplicate-Palar,East flowing rivers between Pennar and Kanyakumari,Cheyyar,-,-,Cheyyar,12.70833333,79.75000000,14-11-2015 13:30,2.01,"","",""
1102,Magaral,CWC,33,Tamil Nadu,574,Kancheepuram,CHENGALPATTU,-,-,Duplicate-Palar,East flowing rivers between Pennar and Kanyakumari,Cheyyar,-,-,Cheyyar,12.70833333,79.75000000,23-12-2015 09:30,1.82,"","",""
1103,Magaral,CWC,33,Tamil Nadu,574,Kancheepuram,CHENGALPATTU,-,-,Duplicate-Palar,East flowing rivers between Pennar and Kanyakumari,Cheyyar,-,-,Cheyyar,12.70833333,79.75000000,02-01-2016 09:30,0.91,"","",""
1104,Magaral,CWC,33,Tamil Nadu,574,Kancheepuram,CHENGALPATTU,-,-,Duplicate-Palar,East flowing rivers between Pennar and Kanyakumari,Cheyyar,-,-,Cheyyar,12.70833333,79.75000000,04-12-2017 08:00,1.1,"","",""
1105,Magaral,CWC,33,Tamil Nadu,574,Kancheepuram,CHENGALPATTU,-,-,Duplicate-Palar,East flowing rivers between Pennar and Kanyakumari,Cheyyar,-,-,Cheyyar,12.70833333,79.75000000,28-11-2020 08:00,2.61,"","",""
1106,Menangudi,CWC,33,Tamil Nadu,590,Tiruvarur,NANNILAM,-,-,Cauvery,Cauvery,-,-,-,Noolar,10.94888889,79.70361111,03-11-2009 08:30,0.251,"","",""
1107,Menangudi,CWC,33,Tamil Nadu,590,Tiruvarur,NANNILAM,-,-,Cauvery,Cauvery,-,-,-,Noolar,10.94888889,79.70361111,01-12-2009 08:35,0.556,"","",""
1108,Menangudi,CWC,33,Tamil Nadu,590,Tiruvarur,NANNILAM,-,-,Cauvery,Cauvery,-,-,-,Noolar,10.94888889,79.70361111,22-08-2010 08:10,1.256,"","",""
1109,Menangudi,CWC,33,Tamil Nadu,590,Tiruvarur,NANNILAM,-,-,Cauvery,Cauvery,-,-,-,Noolar,10.94888889,79.70361111,04-10-2010 09:00,2.13,"","",""
1110,Menangudi,CWC,33,Tamil Nadu,590,Tiruvarur,NANNILAM,-,-,Cauvery,Cauvery,-,-,-,Noolar,10.94888889,79.70361111,01-11-2010 08:30,1.152,"","",""
1111,Menangudi,CWC,33,Tamil Nadu,590,Tiruvarur,NANNILAM,-,-,Cauvery,Cauvery,-,-,-,Noolar,10.94888889,79.70361111,01-12-2010 06:00,1.595,"","",""
1112,Menangudi,CWC,33,Tamil Nadu,590,Tiruvarur,NANNILAM,-,-,Cauvery,Cauvery,-,-,-,Noolar,10.94888889,79.70361111,03-01-2011 06:00,1.438,"","",""
1113,Menangudi,CWC,33,Tamil Nadu,590,Tiruvarur,NANNILAM,-,-,Cauvery,Cauvery,-,-,-,Noolar,10.94888889,79.70361111,15-06-2011 10:30,1.057,"","",""
1114,Menangudi,CWC,33,Tamil Nadu,590,Tiruvarur,NANNILAM,-,-,Cauvery,Cauvery,-,-,-,Noolar,10.94888889,79.70361111,01-08-2011 10:30,1.01,"","",""
1115,Menangudi,CWC,33,Tamil Nadu,590,Tiruvarur,NANNILAM,-,-,Cauvery,Cauvery,-,-,-,Noolar,10.94888889,79.70361111,01-10-2011 06:30,1.65,"","",""
1116,Menangudi,CWC,33,Tamil Nadu,590,Tiruvarur,NANNILAM,-,-,Cauvery,Cauvery,-,-,-,Noolar,10.94888889,79.70361111,01-11-2011 06:00,1.5,"","",""
1117,Menangudi,CWC,33,Tamil Nadu,590,Tiruvarur,NANNILAM,-,-,Cauvery,Cauvery,-,-,-,Noolar,10.94888889,79.70361111,01-12-2011 07:00,1.7,"","",""
1118,Menangudi,CWC,33,Tamil Nadu,590,Tiruvarur,NANNILAM,-,-,Cauvery,Cauvery,-,-,-,Noolar,10.94888889,79.70361111,02-01-2012 07:00,2.12,"","",""
1119,Menangudi,CWC,33,Tamil Nadu,590,Tiruvarur,NANNILAM,-,-,Cauvery,Cauvery,-,-,-,Noolar,10.94888889,79.70361111,28-09-2012 08:00,1.01,"","",""
1120,Menangudi,CWC,33,Tamil Nadu,590,Tiruvarur,NANNILAM,-,-,Cauvery,Cauvery,-,-,-,Noolar,10.94888889,79.70361111,01-10-2012 07:00,2.11,"","",""
1121,Menangudi,CWC,33,Tamil Nadu,590,Tiruvarur,NANNILAM,-,-,Cauvery,Cauvery,-,-,-,Noolar,10.94888889,79.70361111,01-11-2012 08:00,2.51,"","",""
1122,Menangudi,CWC,33,Tamil Nadu,590,Tiruvarur,NANNILAM,-,-,Cauvery,Cauvery,-,-,-,Noolar,10.94888889,79.70361111,10-08-2013 09:30,1.82,"","",""
1123,Menangudi,CWC,33,Tamil Nadu,590,Tiruvarur,NANNILAM,-,-,Cauvery,Cauvery,-,-,-,Noolar,10.94888889,79.70361111,02-09-2013 07:00,1.43,"","",""
1124,Menangudi,CWC,33,Tamil Nadu,590,Tiruvarur,NANNILAM,-,-,Cauvery,Cauvery,-,-,-,Noolar,10.94888889,79.70361111,01-10-2013 07:00,1.07,"","",""
1125,Menangudi,CWC,33,Tamil Nadu,590,Tiruvarur,NANNILAM,-,-,Cauvery,Cauvery,-,-,-,Noolar,10.94888889,79.70361111,01-10-2014 08:00,1.51,"","",""
1126,Menangudi,CWC,33,Tamil Nadu,590,Tiruvarur,NANNILAM,-,-,Cauvery,Cauvery,-,-,-,Noolar,10.94888889,79.70361111,01-12-2014 07:00,1.28,"","",""
1127,Menangudi,CWC,33,Tamil Nadu,590,Tiruvarur,NANNILAM,-,-,Cauvery,Cauvery,-,-,-,Noolar,10.94888889,79.70361111,18-05-2015 08:15,1.46,"","",""
1128,Menangudi,CWC,33,Tamil Nadu,590,Tiruvarur,NANNILAM,-,-,Cauvery,Cauvery,-,-,-,Noolar,10.94888889,79.70361111,20-08-2015 08:00,1.28,"","",""
1129,Menangudi,CWC,33,Tamil Nadu,590,Tiruvarur,NANNILAM,-,-,Cauvery,Cauvery,-,-,-,Noolar,10.94888889,79.70361111,05-09-2015 09:00,0.91,"","",""
1130,Menangudi,CWC,33,Tamil Nadu,590,Tiruvarur,NANNILAM,-,-,Cauvery,Cauvery,-,-,-,Noolar,10.94888889,79.70361111,03-10-2015 08:15,2.01,"","",""
1131,Menangudi,CWC,33,Tamil Nadu,590,Tiruvarur,NANNILAM,-,-,Cauvery,Cauvery,-,-,-,Noolar,10.94888889,79.70361111,03-11-2015 08:00,1.64,"","",""
1132,Menangudi,CWC,33,Tamil Nadu,590,Tiruvarur,NANNILAM,-,-,Cauvery,Cauvery,-,-,-,Noolar,10.94888889,79.70361111,01-12-2015 08:00,1.64,"","",""
1133,Menangudi,CWC,33,Tamil Nadu,590,Tiruvarur,NANNILAM,-,-,Cauvery,Cauvery,-,-,-,Noolar,10.94888889,79.70361111,18-01-2016 08:30,2.19,"","",""
1134,Menangudi,CWC,33,Tamil Nadu,590,Tiruvarur,NANNILAM,-,-,Cauvery,Cauvery,-,-,-,Noolar,10.94888889,79.70361111,11-02-2016 08:00,0.91,"","",""
1135,Menangudi,CWC,33,Tamil Nadu,590,Tiruvarur,NANNILAM,-,-,Cauvery,Cauvery,-,-,-,Noolar,10.94888889,79.70361111,22-10-2016 09:00,2.36,"","",""
1136,Menangudi,CWC,33,Tamil Nadu,590,Tiruvarur,NANNILAM,-,-,Cauvery,Cauvery,-,-,-,Noolar,10.94888889,79.70361111,27-10-2017 08:00,1.7,"","",""
1137,Menangudi,CWC,33,Tamil Nadu,590,Tiruvarur,NANNILAM,-,-,Cauvery,Cauvery,-,-,-,Noolar,10.94888889,79.70361111,01-11-2017 08:00,0.8,"","",""
1138,Menangudi,CWC,33,Tamil Nadu,590,Tiruvarur,NANNILAM,-,-,Cauvery,Cauvery,-,-,-,Noolar,10.94888889,79.70361111,01-12-2017 08:00,2.9,"","",""
1139,Menangudi,CWC,33,Tamil Nadu,590,Tiruvarur,NANNILAM,-,-,Cauvery,Cauvery,-,-,-,Noolar,10.94888889,79.70361111,30-07-2018 08:00,1.6,"","",""
1140,Menangudi,CWC,33,Tamil Nadu,590,Tiruvarur,NANNILAM,-,-,Cauvery,Cauvery,-,-,-,Noolar,10.94888889,79.70361111,24-09-2018 08:00,0.9,"","",""
1141,Menangudi,CWC,33,Tamil Nadu,590,Tiruvarur,NANNILAM,-,-,Cauvery,Cauvery,-,-,-,Noolar,10.94888889,79.70361111,05-10-2018 08:00,1.2,"","",""
1142,Menangudi,CWC,33,Tamil Nadu,590,Tiruvarur,NANNILAM,-,-,Cauvery,Cauvery,-,-,-,Noolar,10.94888889,79.70361111,17-01-2019 08:00,2.5,"","",""
1143,Menangudi,CWC,33,Tamil Nadu,590,Tiruvarur,NANNILAM,-,-,Cauvery,Cauvery,-,-,-,Noolar,10.94888889,79.70361111,07-09-2019 08:00,5,"","",""
1144,Menangudi,CWC,33,Tamil Nadu,590,Tiruvarur,NANNILAM,-,-,Cauvery,Cauvery,-,-,-,Noolar,10.94888889,79.70361111,10-10-2019 08:00,5.3,"","",""
1145,Menangudi,CWC,33,Tamil Nadu,590,Tiruvarur,NANNILAM,-,-,Cauvery,Cauvery,-,-,-,Noolar,10.94888889,79.70361111,01-11-2019 08:00,2.6,"","",""
1146,Menangudi,CWC,33,Tamil Nadu,590,Tiruvarur,NANNILAM,-,-,Cauvery,Cauvery,-,-,-,Noolar,10.94888889,79.70361111,02-12-2019 08:00,2.2,"","",""
1147,Menangudi,CWC,33,Tamil Nadu,590,Tiruvarur,NANNILAM,-,-,Cauvery,Cauvery,-,-,-,Noolar,10.94888889,79.70361111,01-01-2020 08:00,2,"","",""
1148,Menangudi,CWC,33,Tamil Nadu,590,Tiruvarur,NANNILAM,-,-,Cauvery,Cauvery,-,-,-,Noolar,10.94888889,79.70361111,04-09-2020 08:00,0.8,"","",""
1149,Menangudi,CWC,33,Tamil Nadu,590,Tiruvarur,NANNILAM,-,-,Cauvery,Cauvery,-,-,-,Noolar,10.94888889,79.70361111,07-11-2020 08:00,0.4,"","",""
1150,Menangudi,CWC,33,Tamil Nadu,590,Tiruvarur,NANNILAM,-,-,Cauvery,Cauvery,-,-,-,Noolar,10.94888889,79.70361111,04-12-2020 08:00,1.2,"","",""
1151,MURAPPANADU,CWC,33,Tamil Nadu,594,Tuticorin,THOOTHUKKUDI,-,-,Thambraparani,East flowing rivers between Pennar and Kanyakumari,-,-,-,Thambraparani,8.71444444,77.83500000,01-06-2001 09:15,1.5,"","",""
1152,MURAPPANADU,CWC,33,Tamil Nadu,594,Tuticorin,THOOTHUKKUDI,-,-,Thambraparani,East flowing rivers between Pennar and Kanyakumari,-,-,-,Thambraparani,8.71444444,77.83500000,03-07-2001 09:00,1,"","",""
1153,MURAPPANADU,CWC,33,Tamil Nadu,594,Tuticorin,THOOTHUKKUDI,-,-,Thambraparani,East flowing rivers between Pennar and Kanyakumari,-,-,-,Thambraparani,8.71444444,77.83500000,01-08-2001 08:35,1,"","",""
1154,MURAPPANADU,CWC,33,Tamil Nadu,594,Tuticorin,THOOTHUKKUDI,-,-,Thambraparani,East flowing rivers between Pennar and Kanyakumari,-,-,-,Thambraparani,8.71444444,77.83500000,01-09-2001 08:40,1.2,"","",""
1155,MURAPPANADU,CWC,33,Tamil Nadu,594,Tuticorin,THOOTHUKKUDI,-,-,Thambraparani,East flowing rivers between Pennar and Kanyakumari,-,-,-,Thambraparani,8.71444444,77.83500000,01-10-2001 09:00,1.4,"","",""
1156,MURAPPANADU,CWC,33,Tamil Nadu,594,Tuticorin,THOOTHUKKUDI,-,-,Thambraparani,East flowing rivers between Pennar and Kanyakumari,-,-,-,Thambraparani,8.71444444,77.83500000,01-11-2001 08:45,0.9,"","",""
1157,MURAPPANADU,CWC,33,Tamil Nadu,594,Tuticorin,THOOTHUKKUDI,-,-,Thambraparani,East flowing rivers between Pennar and Kanyakumari,-,-,-,Thambraparani,8.71444444,77.83500000,01-12-2001 08:40,0.6,"","",""
1158,MURAPPANADU,CWC,33,Tamil Nadu,594,Tuticorin,THOOTHUKKUDI,-,-,Thambraparani,East flowing rivers between Pennar and Kanyakumari,-,-,-,Thambraparani,8.71444444,77.83500000,01-01-2002 08:50,0.9,"","",""
1159,MURAPPANADU,CWC,33,Tamil Nadu,594,Tuticorin,THOOTHUKKUDI,-,-,Thambraparani,East flowing rivers between Pennar and Kanyakumari,-,-,-,Thambraparani,8.71444444,77.83500000,01-02-2002 08:55,0.9,"","",""
1160,MURAPPANADU,CWC,33,Tamil Nadu,594,Tuticorin,THOOTHUKKUDI,-,-,Thambraparani,East flowing rivers between Pennar and Kanyakumari,-,-,-,Thambraparani,8.71444444,77.83500000,01-03-2002 09:20,0.8,"","",""
1161,MURAPPANADU,CWC,33,Tamil Nadu,594,Tuticorin,THOOTHUKKUDI,-,-,Thambraparani,East flowing rivers between Pennar and Kanyakumari,-,-,-,Thambraparani,8.71444444,77.83500000,01-04-2002 08:35,0.6,"","",""
1162,MURAPPANADU,CWC,33,Tamil Nadu,594,Tuticorin,THOOTHUKKUDI,-,-,Thambraparani,East flowing rivers between Pennar and Kanyakumari,-,-,-,Thambraparani,8.71444444,77.83500000,01-05-2002 08:30,0.6,"","",""
1163,MURAPPANADU,CWC,33,Tamil Nadu,594,Tuticorin,THOOTHUKKUDI,-,-,Thambraparani,East flowing rivers between Pennar and Kanyakumari,-,-,-,Thambraparani,8.71444444,77.83500000,01-06-2002 08:40,1.2,"","",""
1164,MURAPPANADU,CWC,33,Tamil Nadu,594,Tuticorin,THOOTHUKKUDI,-,-,Thambraparani,East flowing rivers between Pennar and Kanyakumari,-,-,-,Thambraparani,8.71444444,77.83500000,01-07-2002 08:45,0.8,"","",""
1165,MURAPPANADU,CWC,33,Tamil Nadu,594,Tuticorin,THOOTHUKKUDI,-,-,Thambraparani,East flowing rivers between Pennar and Kanyakumari,-,-,-,Thambraparani,8.71444444,77.83500000,01-08-2002 09:10,0.8,"","",""
1166,MURAPPANADU,CWC,33,Tamil Nadu,594,Tuticorin,THOOTHUKKUDI,-,-,Thambraparani,East flowing rivers between Pennar and Kanyakumari,-,-,-,Thambraparani,8.71444444,77.83500000,02-09-2002 08:45,1.1,"","",""
1167,MURAPPANADU,CWC,33,Tamil Nadu,594,Tuticorin,THOOTHUKKUDI,-,-,Thambraparani,East flowing rivers between Pennar and Kanyakumari,-,-,-,Thambraparani,8.71444444,77.83500000,01-10-2002 08:55,1.1,"","",""
1168,MURAPPANADU,CWC,33,Tamil Nadu,594,Tuticorin,THOOTHUKKUDI,-,-,Thambraparani,East flowing rivers between Pennar and Kanyakumari,-,-,-,Thambraparani,8.71444444,77.83500000,02-12-2002 09:00,1.3,"","",""
1169,MURAPPANADU,CWC,33,Tamil Nadu,594,Tuticorin,THOOTHUKKUDI,-,-,Thambraparani,East flowing rivers between Pennar and Kanyakumari,-,-,-,Thambraparani,8.71444444,77.83500000,01-02-2003 09:10,0.9,"","",""
1170,MURAPPANADU,CWC,33,Tamil Nadu,594,Tuticorin,THOOTHUKKUDI,-,-,Thambraparani,East flowing rivers between Pennar and Kanyakumari,-,-,-,Thambraparani,8.71444444,77.83500000,01-03-2003 09:05,0.8,"","",""
1171,MURAPPANADU,CWC,33,Tamil Nadu,594,Tuticorin,THOOTHUKKUDI,-,-,Thambraparani,East flowing rivers between Pennar and Kanyakumari,-,-,-,Thambraparani,8.71444444,77.83500000,01-04-2003 08:15,1.1,"","",""
1172,MURAPPANADU,CWC,33,Tamil Nadu,594,Tuticorin,THOOTHUKKUDI,-,-,Thambraparani,East flowing rivers between Pennar and Kanyakumari,-,-,-,Thambraparani,8.71444444,77.83500000,01-05-2003 08:30,0.8,"","",""
1173,MURAPPANADU,CWC,33,Tamil Nadu,594,Tuticorin,THOOTHUKKUDI,-,-,Thambraparani,East flowing rivers between Pennar and Kanyakumari,-,-,-,Thambraparani,8.71444444,77.83500000,02-06-2003 08:40,1.7,"","",""
1174,MURAPPANADU,CWC,33,Tamil Nadu,594,Tuticorin,THOOTHUKKUDI,-,-,Thambraparani,East flowing rivers between Pennar and Kanyakumari,-,-,-,Thambraparani,8.71444444,77.83500000,01-07-2003 08:20,1.3,"","",""
1175,MURAPPANADU,CWC,33,Tamil Nadu,594,Tuticorin,THOOTHUKKUDI,-,-,Thambraparani,East flowing rivers between Pennar and Kanyakumari,-,-,-,Thambraparani,8.71444444,77.83500000,01-08-2003 08:40,0.4,"","",""
1176,MURAPPANADU,CWC,33,Tamil Nadu,594,Tuticorin,THOOTHUKKUDI,-,-,Thambraparani,East flowing rivers between Pennar and Kanyakumari,-,-,-,Thambraparani,8.71444444,77.83500000,01-09-2003 08:35,1.2,"","",""
1177,MURAPPANADU,CWC,33,Tamil Nadu,594,Tuticorin,THOOTHUKKUDI,-,-,Thambraparani,East flowing rivers between Pennar and Kanyakumari,-,-,-,Thambraparani,8.71444444,77.83500000,01-10-2003 08:35,1.2,"","",""
1178,MURAPPANADU,CWC,33,Tamil Nadu,594,Tuticorin,THOOTHUKKUDI,-,-,Thambraparani,East flowing rivers between Pennar and Kanyakumari,-,-,-,Thambraparani,8.71444444,77.83500000,01-11-2003 08:30,0.8,"","",""
1179,MURAPPANADU,CWC,33,Tamil Nadu,594,Tuticorin,THOOTHUKKUDI,-,-,Thambraparani,East flowing rivers between Pennar and Kanyakumari,-,-,-,Thambraparani,8.71444444,77.83500000,01-12-2003 08:40,2.5,"","",""
1180,MURAPPANADU,CWC,33,Tamil Nadu,594,Tuticorin,THOOTHUKKUDI,-,-,Thambraparani,East flowing rivers between Pennar and Kanyakumari,-,-,-,Thambraparani,8.71444444,77.83500000,01-01-2004 09:10,0.8,"","",""
1181,MURAPPANADU,CWC,33,Tamil Nadu,594,Tuticorin,THOOTHUKKUDI,-,-,Thambraparani,East flowing rivers between Pennar and Kanyakumari,-,-,-,Thambraparani,8.71444444,77.83500000,03-02-2004 08:50,0.3,"","",""
1182,MURAPPANADU,CWC,33,Tamil Nadu,594,Tuticorin,THOOTHUKKUDI,-,-,Thambraparani,East flowing rivers between Pennar and Kanyakumari,-,-,-,Thambraparani,8.71444444,77.83500000,01-03-2004 09:10,0.9,"","",""
1183,MURAPPANADU,CWC,33,Tamil Nadu,594,Tuticorin,THOOTHUKKUDI,-,-,Thambraparani,East flowing rivers between Pennar and Kanyakumari,-,-,-,Thambraparani,8.71444444,77.83500000,01-04-2004 08:45,1.2,"","",""
1184,MURAPPANADU,CWC,33,Tamil Nadu,594,Tuticorin,THOOTHUKKUDI,-,-,Thambraparani,East flowing rivers between Pennar and Kanyakumari,-,-,-,Thambraparani,8.71444444,77.83500000,01-05-2004 08:50,1.7,"","",""
1185,MURAPPANADU,CWC,33,Tamil Nadu,594,Tuticorin,THOOTHUKKUDI,-,-,Thambraparani,East flowing rivers between Pennar and Kanyakumari,-,-,-,Thambraparani,8.71444444,77.83500000,01-06-2004 08:40,2.2,"","",""
1186,MURAPPANADU,CWC,33,Tamil Nadu,594,Tuticorin,THOOTHUKKUDI,-,-,Thambraparani,East flowing rivers between Pennar and Kanyakumari,-,-,-,Thambraparani,8.71444444,77.83500000,01-07-2004 09:00,0.3,"","",""
1187,MURAPPANADU,CWC,33,Tamil Nadu,594,Tuticorin,THOOTHUKKUDI,-,-,Thambraparani,East flowing rivers between Pennar and Kanyakumari,-,-,-,Thambraparani,8.71444444,77.83500000,02-08-2004 09:00,1.5,"","",""
1188,MURAPPANADU,CWC,33,Tamil Nadu,594,Tuticorin,THOOTHUKKUDI,-,-,Thambraparani,East flowing rivers between Pennar and Kanyakumari,-,-,-,Thambraparani,8.71444444,77.83500000,01-09-2004 08:50,1.4,"","",""
1189,MURAPPANADU,CWC,33,Tamil Nadu,594,Tuticorin,THOOTHUKKUDI,-,-,Thambraparani,East flowing rivers between Pennar and Kanyakumari,-,-,-,Thambraparani,8.71444444,77.83500000,01-10-2004 09:05,1.4,"","",""
1190,MURAPPANADU,CWC,33,Tamil Nadu,594,Tuticorin,THOOTHUKKUDI,-,-,Thambraparani,East flowing rivers between Pennar and Kanyakumari,-,-,-,Thambraparani,8.71444444,77.83500000,01-11-2004 09:00,1.2,"","",""
1191,MURAPPANADU,CWC,33,Tamil Nadu,594,Tuticorin,THOOTHUKKUDI,-,-,Thambraparani,East flowing rivers between Pennar and Kanyakumari,-,-,-,Thambraparani,8.71444444,77.83500000,01-12-2004 08:40,0.8,"","",""
1192,MURAPPANADU,CWC,33,Tamil Nadu,594,Tuticorin,THOOTHUKKUDI,-,-,Thambraparani,East flowing rivers between Pennar and Kanyakumari,-,-,-,Thambraparani,8.71444444,77.83500000,01-01-2005 09:20,0.7,"","",""
1193,MURAPPANADU,CWC,33,Tamil Nadu,594,Tuticorin,THOOTHUKKUDI,-,-,Thambraparani,East flowing rivers between Pennar and Kanyakumari,-,-,-,Thambraparani,8.71444444,77.83500000,01-02-2005 08:25,1.6,"","",""
1194,MURAPPANADU,CWC,33,Tamil Nadu,594,Tuticorin,THOOTHUKKUDI,-,-,Thambraparani,East flowing rivers between Pennar and Kanyakumari,-,-,-,Thambraparani,8.71444444,77.83500000,01-03-2005 08:30,0.8,"","",""
1195,MURAPPANADU,CWC,33,Tamil Nadu,594,Tuticorin,THOOTHUKKUDI,-,-,Thambraparani,East flowing rivers between Pennar and Kanyakumari,-,-,-,Thambraparani,8.71444444,77.83500000,01-04-2005 08:20,1.6,"","",""
1196,MURAPPANADU,CWC,33,Tamil Nadu,594,Tuticorin,THOOTHUKKUDI,-,-,Thambraparani,East flowing rivers between Pennar and Kanyakumari,-,-,-,Thambraparani,8.71444444,77.83500000,02-05-2005 08:30,3.1,"","",""
1197,MURAPPANADU,CWC,33,Tamil Nadu,594,Tuticorin,THOOTHUKKUDI,-,-,Thambraparani,East flowing rivers between Pennar and Kanyakumari,-,-,-,Thambraparani,8.71444444,77.83500000,01-06-2005 08:30,1.4,"","",""
1198,MURAPPANADU,CWC,33,Tamil Nadu,594,Tuticorin,THOOTHUKKUDI,-,-,Thambraparani,East flowing rivers between Pennar and Kanyakumari,-,-,-,Thambraparani,8.71444444,77.83500000,01-07-2005 09:00,0.5,"","",""
1199,MURAPPANADU,CWC,33,Tamil Nadu,594,Tuticorin,THOOTHUKKUDI,-,-,Thambraparani,East flowing rivers between Pennar and Kanyakumari,-,-,-,Thambraparani,8.71444444,77.83500000,01-08-2005 08:40,1.2,"","",""
1200,MURAPPANADU,CWC,33,Tamil Nadu,594,Tuticorin,THOOTHUKKUDI,-,-,Thambraparani,East flowing rivers between Pennar and Kanyakumari,-,-,-,Thambraparani,8.71444444,77.83500000,01-09-2005 09:15,1.2,"","",""
1201,MURAPPANADU,CWC,33,Tamil Nadu,594,Tuticorin,THOOTHUKKUDI,-,-,Thambraparani,East flowing rivers between Pennar and Kanyakumari,-,-,-,Thambraparani,8.71444444,77.83500000,01-10-2005 08:35,0.2,"","",""
1202,MURAPPANADU,CWC,33,Tamil Nadu,594,Tuticorin,THOOTHUKKUDI,-,-,Thambraparani,East flowing rivers between Pennar and Kanyakumari,-,-,-,Thambraparani,8.71444444,77.83500000,02-11-2005 08:30,0.4,"","",""
1203,MURAPPANADU,CWC,33,Tamil Nadu,594,Tuticorin,THOOTHUKKUDI,-,-,Thambraparani,East flowing rivers between Pennar and Kanyakumari,-,-,-,Thambraparani,8.71444444,77.83500000,01-12-2005 08:20,1.8,"","",""
1204,MURAPPANADU,CWC,33,Tamil Nadu,594,Tuticorin,THOOTHUKKUDI,-,-,Thambraparani,East flowing rivers between Pennar and Kanyakumari,-,-,-,Thambraparani,8.71444444,77.83500000,02-01-2006 08:30,1,"","",""
1205,MURAPPANADU,CWC,33,Tamil Nadu,594,Tuticorin,THOOTHUKKUDI,-,-,Thambraparani,East flowing rivers between Pennar and Kanyakumari,-,-,-,Thambraparani,8.71444444,77.83500000,01-02-2006 08:20,1,"","",""
1206,MURAPPANADU,CWC,33,Tamil Nadu,594,Tuticorin,THOOTHUKKUDI,-,-,Thambraparani,East flowing rivers between Pennar and Kanyakumari,-,-,-,Thambraparani,8.71444444,77.83500000,01-03-2006 08:40,1.1,"","",""
1207,MURAPPANADU,CWC,33,Tamil Nadu,594,Tuticorin,THOOTHUKKUDI,-,-,Thambraparani,East flowing rivers between Pennar and Kanyakumari,-,-,-,Thambraparani,8.71444444,77.83500000,01-04-2006 08:30,0.7,"","",""
1208,MURAPPANADU,CWC,33,Tamil Nadu,594,Tuticorin,THOOTHUKKUDI,-,-,Thambraparani,East flowing rivers between Pennar and Kanyakumari,-,-,-,Thambraparani,8.71444444,77.83500000,01-05-2006 08:50,1,"","",""
1209,MURAPPANADU,CWC,33,Tamil Nadu,594,Tuticorin,THOOTHUKKUDI,-,-,Thambraparani,East flowing rivers between Pennar and Kanyakumari,-,-,-,Thambraparani,8.71444444,77.83500000,01-06-2006 09:00,1.5,"","",""
1210,MURAPPANADU,CWC,33,Tamil Nadu,594,Tuticorin,THOOTHUKKUDI,-,-,Thambraparani,East flowing rivers between Pennar and Kanyakumari,-,-,-,Thambraparani,8.71444444,77.83500000,01-07-2006 08:35,1.3,"","",""
1211,MURAPPANADU,CWC,33,Tamil Nadu,594,Tuticorin,THOOTHUKKUDI,-,-,Thambraparani,East flowing rivers between Pennar and Kanyakumari,-,-,-,Thambraparani,8.71444444,77.83500000,01-08-2006 08:40,2.5,"","",""
1212,MURAPPANADU,CWC,33,Tamil Nadu,594,Tuticorin,THOOTHUKKUDI,-,-,Thambraparani,East flowing rivers between Pennar and Kanyakumari,-,-,-,Thambraparani,8.71444444,77.83500000,01-09-2006 08:30,0.9,"","",""
1213,MURAPPANADU,CWC,33,Tamil Nadu,594,Tuticorin,THOOTHUKKUDI,-,-,Thambraparani,East flowing rivers between Pennar and Kanyakumari,-,-,-,Thambraparani,8.71444444,77.83500000,03-10-2006 08:40,1.4,"","",""
1214,MURAPPANADU,CWC,33,Tamil Nadu,594,Tuticorin,THOOTHUKKUDI,-,-,Thambraparani,East flowing rivers between Pennar and Kanyakumari,-,-,-,Thambraparani,8.71444444,77.83500000,01-11-2006 08:25,2.6,"","",""
1215,MURAPPANADU,CWC,33,Tamil Nadu,594,Tuticorin,THOOTHUKKUDI,-,-,Thambraparani,East flowing rivers between Pennar and Kanyakumari,-,-,-,Thambraparani,8.71444444,77.83500000,01-12-2006 08:30,2.4,"","",""
1216,MURAPPANADU,CWC,33,Tamil Nadu,594,Tuticorin,THOOTHUKKUDI,-,-,Thambraparani,East flowing rivers between Pennar and Kanyakumari,-,-,-,Thambraparani,8.71444444,77.83500000,02-01-2007 08:30,1.1,"","",""
1217,MURAPPANADU,CWC,33,Tamil Nadu,594,Tuticorin,THOOTHUKKUDI,-,-,Thambraparani,East flowing rivers between Pennar and Kanyakumari,-,-,-,Thambraparani,8.71444444,77.83500000,01-02-2007 08:40,1.5,"","",""
1218,MURAPPANADU,CWC,33,Tamil Nadu,594,Tuticorin,THOOTHUKKUDI,-,-,Thambraparani,East flowing rivers between Pennar and Kanyakumari,-,-,-,Thambraparani,8.71444444,77.83500000,01-03-2007 08:35,0.4,"","",""
1219,MURAPPANADU,CWC,33,Tamil Nadu,594,Tuticorin,THOOTHUKKUDI,-,-,Thambraparani,East flowing rivers between Pennar and Kanyakumari,-,-,-,Thambraparani,8.71444444,77.83500000,02-04-2007 08:50,2.8,"","",""
1220,MURAPPANADU,CWC,33,Tamil Nadu,594,Tuticorin,THOOTHUKKUDI,-,-,Thambraparani,East flowing rivers between Pennar and Kanyakumari,-,-,-,Thambraparani,8.71444444,77.83500000,01-05-2007 08:40,1.7,"","",""
1221,MURAPPANADU,CWC,33,Tamil Nadu,594,Tuticorin,THOOTHUKKUDI,-,-,Thambraparani,East flowing rivers between Pennar and Kanyakumari,-,-,-,Thambraparani,8.71444444,77.83500000,01-06-2007 08:45,1.3,"","",""
1222,MURAPPANADU,CWC,33,Tamil Nadu,594,Tuticorin,THOOTHUKKUDI,-,-,Thambraparani,East flowing rivers between Pennar and Kanyakumari,-,-,-,Thambraparani,8.71444444,77.83500000,02-07-2007 08:40,0.5,"","",""
1223,MURAPPANADU,CWC,33,Tamil Nadu,594,Tuticorin,THOOTHUKKUDI,-,-,Thambraparani,East flowing rivers between Pennar and Kanyakumari,-,-,-,Thambraparani,8.71444444,77.83500000,01-08-2007 08:40,0.9,"","",""
1224,MURAPPANADU,CWC,33,Tamil Nadu,594,Tuticorin,THOOTHUKKUDI,-,-,Thambraparani,East flowing rivers between Pennar and Kanyakumari,-,-,-,Thambraparani,8.71444444,77.83500000,01-09-2007 08:35,1.3,"","",""
1225,MURAPPANADU,CWC,33,Tamil Nadu,594,Tuticorin,THOOTHUKKUDI,-,-,Thambraparani,East flowing rivers between Pennar and Kanyakumari,-,-,-,Thambraparani,8.71444444,77.83500000,03-10-2007 08:45,1.3,"","",""
1226,MURAPPANADU,CWC,33,Tamil Nadu,594,Tuticorin,THOOTHUKKUDI,-,-,Thambraparani,East flowing rivers between Pennar and Kanyakumari,-,-,-,Thambraparani,8.71444444,77.83500000,01-11-2007 08:40,2.3,"","",""
1227,MURAPPANADU,CWC,33,Tamil Nadu,594,Tuticorin,THOOTHUKKUDI,-,-,Thambraparani,East flowing rivers between Pennar and Kanyakumari,-,-,-,Thambraparani,8.71444444,77.83500000,01-12-2007 08:50,0.4,"","",""
1228,MURAPPANADU,CWC,33,Tamil Nadu,594,Tuticorin,THOOTHUKKUDI,-,-,Thambraparani,East flowing rivers between Pennar and Kanyakumari,-,-,-,Thambraparani,8.71444444,77.83500000,01-01-2008 08:15,0.7,"","",""
1229,MURAPPANADU,CWC,33,Tamil Nadu,594,Tuticorin,THOOTHUKKUDI,-,-,Thambraparani,East flowing rivers between Pennar and Kanyakumari,-,-,-,Thambraparani,8.71444444,77.83500000,01-02-2008 08:45,1.1,"","",""
1230,MURAPPANADU,CWC,33,Tamil Nadu,594,Tuticorin,THOOTHUKKUDI,-,-,Thambraparani,East flowing rivers between Pennar and Kanyakumari,-,-,-,Thambraparani,8.71444444,77.83500000,01-03-2008 08:35,0.6,"","",""
1231,MURAPPANADU,CWC,33,Tamil Nadu,594,Tuticorin,THOOTHUKKUDI,-,-,Thambraparani,East flowing rivers between Pennar and Kanyakumari,-,-,-,Thambraparani,8.71444444,77.83500000,01-04-2008 09:00,1.9,"","",""
1232,MURAPPANADU,CWC,33,Tamil Nadu,594,Tuticorin,THOOTHUKKUDI,-,-,Thambraparani,East flowing rivers between Pennar and Kanyakumari,-,-,-,Thambraparani,8.71444444,77.83500000,01-05-2008 08:40,0.4,"","",""
1233,MURAPPANADU,CWC,33,Tamil Nadu,594,Tuticorin,THOOTHUKKUDI,-,-,Thambraparani,East flowing rivers between Pennar and Kanyakumari,-,-,-,Thambraparani,8.71444444,77.83500000,02-06-2008 08:00,0.1,"","",""
1234,MURAPPANADU,CWC,33,Tamil Nadu,594,Tuticorin,THOOTHUKKUDI,-,-,Thambraparani,East flowing rivers between Pennar and Kanyakumari,-,-,-,Thambraparani,8.71444444,77.83500000,01-07-2008 08:00,1.2,"","",""
1235,MURAPPANADU,CWC,33,Tamil Nadu,594,Tuticorin,THOOTHUKKUDI,-,-,Thambraparani,East flowing rivers between Pennar and Kanyakumari,-,-,-,Thambraparani,8.71444444,77.83500000,01-08-2008 08:00,1.1,"","",""
1236,MURAPPANADU,CWC,33,Tamil Nadu,594,Tuticorin,THOOTHUKKUDI,-,-,Thambraparani,East flowing rivers between Pennar and Kanyakumari,-,-,-,Thambraparani,8.71444444,77.83500000,01-09-2008 08:00,0.8,"","",""
1237,MURAPPANADU,CWC,33,Tamil Nadu,594,Tuticorin,THOOTHUKKUDI,-,-,Thambraparani,East flowing rivers between Pennar and Kanyakumari,-,-,-,Thambraparani,8.71444444,77.83500000,03-10-2008 08:00,1.6,"","",""
1238,MURAPPANADU,CWC,33,Tamil Nadu,594,Tuticorin,THOOTHUKKUDI,-,-,Thambraparani,East flowing rivers between Pennar and Kanyakumari,-,-,-,Thambraparani,8.71444444,77.83500000,01-11-2008 08:00,1.5,"","",""
1239,MURAPPANADU,CWC,33,Tamil Nadu,594,Tuticorin,THOOTHUKKUDI,-,-,Thambraparani,East flowing rivers between Pennar and Kanyakumari,-,-,-,Thambraparani,8.71444444,77.83500000,01-12-2008 08:00,1,"","",""
1240,MURAPPANADU,CWC,33,Tamil Nadu,594,Tuticorin,THOOTHUKKUDI,-,-,Thambraparani,East flowing rivers between Pennar and Kanyakumari,-,-,-,Thambraparani,8.71444444,77.83500000,01-01-2009 08:00,1.3,"","",""
1241,MURAPPANADU,CWC,33,Tamil Nadu,594,Tuticorin,THOOTHUKKUDI,-,-,Thambraparani,East flowing rivers between Pennar and Kanyakumari,-,-,-,Thambraparani,8.71444444,77.83500000,02-02-2009 08:00,0.8,"","",""
1242,MURAPPANADU,CWC,33,Tamil Nadu,594,Tuticorin,THOOTHUKKUDI,-,-,Thambraparani,East flowing rivers between Pennar and Kanyakumari,-,-,-,Thambraparani,8.71444444,77.83500000,02-03-2009 08:00,1,"","",""
1243,MURAPPANADU,CWC,33,Tamil Nadu,594,Tuticorin,THOOTHUKKUDI,-,-,Thambraparani,East flowing rivers between Pennar and Kanyakumari,-,-,-,Thambraparani,8.71444444,77.83500000,01-04-2009 08:00,1,"","",""
1244,MURAPPANADU,CWC,33,Tamil Nadu,594,Tuticorin,THOOTHUKKUDI,-,-,Thambraparani,East flowing rivers between Pennar and Kanyakumari,-,-,-,Thambraparani,8.71444444,77.83500000,01-05-2009 08:00,2.8,"","",""
1245,MURAPPANADU,CWC,33,Tamil Nadu,594,Tuticorin,THOOTHUKKUDI,-,-,Thambraparani,East flowing rivers between Pennar and Kanyakumari,-,-,-,Thambraparani,8.71444444,77.83500000,01-06-2009 08:45,1.7,"","",""
1246,MURAPPANADU,CWC,33,Tamil Nadu,594,Tuticorin,THOOTHUKKUDI,-,-,Thambraparani,East flowing rivers between Pennar and Kanyakumari,-,-,-,Thambraparani,8.71444444,77.83500000,01-07-2009 08:40,0.7,"","",""
1247,MURAPPANADU,CWC,33,Tamil Nadu,594,Tuticorin,THOOTHUKKUDI,-,-,Thambraparani,East flowing rivers between Pennar and Kanyakumari,-,-,-,Thambraparani,8.71444444,77.83500000,01-08-2009 08:50,0.6,"","",""
1248,MURAPPANADU,CWC,33,Tamil Nadu,594,Tuticorin,THOOTHUKKUDI,-,-,Thambraparani,East flowing rivers between Pennar and Kanyakumari,-,-,-,Thambraparani,8.71444444,77.83500000,01-09-2009 08:35,1.2,"","",""
1249,MURAPPANADU,CWC,33,Tamil Nadu,594,Tuticorin,THOOTHUKKUDI,-,-,Thambraparani,East flowing rivers between Pennar and Kanyakumari,-,-,-,Thambraparani,8.71444444,77.83500000,03-11-2009 08:40,1.3,"","",""
1250,MURAPPANADU,CWC,33,Tamil Nadu,594,Tuticorin,THOOTHUKKUDI,-,-,Thambraparani,East flowing rivers between Pennar and Kanyakumari,-,-,-,Thambraparani,8.71444444,77.83500000,01-12-2009 08:35,0.4,"","",""
1251,MURAPPANADU,CWC,33,Tamil Nadu,594,Tuticorin,THOOTHUKKUDI,-,-,Thambraparani,East flowing rivers between Pennar and Kanyakumari,-,-,-,Thambraparani,8.71444444,77.83500000,01-01-2010 08:40,2.6,"","",""
1252,MURAPPANADU,CWC,33,Tamil Nadu,594,Tuticorin,THOOTHUKKUDI,-,-,Thambraparani,East flowing rivers between Pennar and Kanyakumari,-,-,-,Thambraparani,8.71444444,77.83500000,01-02-2010 08:50,0.8,"","",""
1253,MURAPPANADU,CWC,33,Tamil Nadu,594,Tuticorin,THOOTHUKKUDI,-,-,Thambraparani,East flowing rivers between Pennar and Kanyakumari,-,-,-,Thambraparani,8.71444444,77.83500000,01-03-2010 08:55,1.4,"","",""
1254,MURAPPANADU,CWC,33,Tamil Nadu,594,Tuticorin,THOOTHUKKUDI,-,-,Thambraparani,East flowing rivers between Pennar and Kanyakumari,-,-,-,Thambraparani,8.71444444,77.83500000,01-04-2010 08:30,1.6,"","",""
1255,MURAPPANADU,CWC,33,Tamil Nadu,594,Tuticorin,THOOTHUKKUDI,-,-,Thambraparani,East flowing rivers between Pennar and Kanyakumari,-,-,-,Thambraparani,8.71444444,77.83500000,01-05-2010 09:00,4,"","",""
1256,MURAPPANADU,CWC,33,Tamil Nadu,594,Tuticorin,THOOTHUKKUDI,-,-,Thambraparani,East flowing rivers between Pennar and Kanyakumari,-,-,-,Thambraparani,8.71444444,77.83500000,01-06-2010 08:00,2.8,"","",""
1257,MURAPPANADU,CWC,33,Tamil Nadu,594,Tuticorin,THOOTHUKKUDI,-,-,Thambraparani,East flowing rivers between Pennar and Kanyakumari,-,-,-,Thambraparani,8.71444444,77.83500000,01-07-2010 08:55,2,"","",""
1258,MURAPPANADU,CWC,33,Tamil Nadu,594,Tuticorin,THOOTHUKKUDI,-,-,Thambraparani,East flowing rivers between Pennar and Kanyakumari,-,-,-,Thambraparani,8.71444444,77.83500000,02-08-2010 09:00,1.1,"","",""
1259,MURAPPANADU,CWC,33,Tamil Nadu,594,Tuticorin,THOOTHUKKUDI,-,-,Thambraparani,East flowing rivers between Pennar and Kanyakumari,-,-,-,Thambraparani,8.71444444,77.83500000,01-09-2010 08:50,0.8,"","",""
1260,MURAPPANADU,CWC,33,Tamil Nadu,594,Tuticorin,THOOTHUKKUDI,-,-,Thambraparani,East flowing rivers between Pennar and Kanyakumari,-,-,-,Thambraparani,8.71444444,77.83500000,01-10-2010 08:40,0.9,"","",""
1261,MURAPPANADU,CWC,33,Tamil Nadu,594,Tuticorin,THOOTHUKKUDI,-,-,Thambraparani,East flowing rivers between Pennar and Kanyakumari,-,-,-,Thambraparani,8.71444444,77.83500000,01-11-2010 08:50,0.8,"","",""
1262,MURAPPANADU,CWC,33,Tamil Nadu,594,Tuticorin,THOOTHUKKUDI,-,-,Thambraparani,East flowing rivers between Pennar and Kanyakumari,-,-,-,Thambraparani,8.71444444,77.83500000,01-12-2010 08:45,0.8,"","",""
1263,MURAPPANADU,CWC,33,Tamil Nadu,594,Tuticorin,THOOTHUKKUDI,-,-,Thambraparani,East flowing rivers between Pennar and Kanyakumari,-,-,-,Thambraparani,8.71444444,77.83500000,01-01-2011 08:20,0.5,"","",""
1264,MURAPPANADU,CWC,33,Tamil Nadu,594,Tuticorin,THOOTHUKKUDI,-,-,Thambraparani,East flowing rivers between Pennar and Kanyakumari,-,-,-,Thambraparani,8.71444444,77.83500000,01-02-2011 09:00,1,"","",""
1265,MURAPPANADU,CWC,33,Tamil Nadu,594,Tuticorin,THOOTHUKKUDI,-,-,Thambraparani,East flowing rivers between Pennar and Kanyakumari,-,-,-,Thambraparani,8.71444444,77.83500000,01-03-2011 08:50,3.2,"","",""
1266,MURAPPANADU,CWC,33,Tamil Nadu,594,Tuticorin,THOOTHUKKUDI,-,-,Thambraparani,East flowing rivers between Pennar and Kanyakumari,-,-,-,Thambraparani,8.71444444,77.83500000,01-04-2011 08:20,0.7,"","",""
1267,MURAPPANADU,CWC,33,Tamil Nadu,594,Tuticorin,THOOTHUKKUDI,-,-,Thambraparani,East flowing rivers between Pennar and Kanyakumari,-,-,-,Thambraparani,8.71444444,77.83500000,02-05-2011 08:40,0.7,"","",""
1268,MURAPPANADU,CWC,33,Tamil Nadu,594,Tuticorin,THOOTHUKKUDI,-,-,Thambraparani,East flowing rivers between Pennar and Kanyakumari,-,-,-,Thambraparani,8.71444444,77.83500000,01-06-2011 08:30,0.3,"","",""
1269,MURAPPANADU,CWC,33,Tamil Nadu,594,Tuticorin,THOOTHUKKUDI,-,-,Thambraparani,East flowing rivers between Pennar and Kanyakumari,-,-,-,Thambraparani,8.71444444,77.83500000,01-07-2011 08:30,1.3,"","",""
1270,MURAPPANADU,CWC,33,Tamil Nadu,594,Tuticorin,THOOTHUKKUDI,-,-,Thambraparani,East flowing rivers between Pennar and Kanyakumari,-,-,-,Thambraparani,8.71444444,77.83500000,01-08-2011 08:45,0.8,"","",""
1271,MURAPPANADU,CWC,33,Tamil Nadu,594,Tuticorin,THOOTHUKKUDI,-,-,Thambraparani,East flowing rivers between Pennar and Kanyakumari,-,-,-,Thambraparani,8.71444444,77.83500000,02-09-2011 08:50,1.2,"","",""
1272,MURAPPANADU,CWC,33,Tamil Nadu,594,Tuticorin,THOOTHUKKUDI,-,-,Thambraparani,East flowing rivers between Pennar and Kanyakumari,-,-,-,Thambraparani,8.71444444,77.83500000,01-10-2011 08:50,5,"","",""
1273,MURAPPANADU,CWC,33,Tamil Nadu,594,Tuticorin,THOOTHUKKUDI,-,-,Thambraparani,East flowing rivers between Pennar and Kanyakumari,-,-,-,Thambraparani,8.71444444,77.83500000,01-11-2011 08:30,1.2,"","",""
1274,MURAPPANADU,CWC,33,Tamil Nadu,594,Tuticorin,THOOTHUKKUDI,-,-,Thambraparani,East flowing rivers between Pennar and Kanyakumari,-,-,-,Thambraparani,8.71444444,77.83500000,01-12-2011 08:50,2.1,"","",""
1275,MURAPPANADU,CWC,33,Tamil Nadu,594,Tuticorin,THOOTHUKKUDI,-,-,Thambraparani,East flowing rivers between Pennar and Kanyakumari,-,-,-,Thambraparani,8.71444444,77.83500000,02-01-2012 08:55,0.9,"","",""
1276,MURAPPANADU,CWC,33,Tamil Nadu,594,Tuticorin,THOOTHUKKUDI,-,-,Thambraparani,East flowing rivers between Pennar and Kanyakumari,-,-,-,Thambraparani,8.71444444,77.83500000,01-02-2012 09:00,1.3,"","",""
1277,MURAPPANADU,CWC,33,Tamil Nadu,594,Tuticorin,THOOTHUKKUDI,-,-,Thambraparani,East flowing rivers between Pennar and Kanyakumari,-,-,-,Thambraparani,8.71444444,77.83500000,01-03-2012 08:45,1,"","",""
1278,MURAPPANADU,CWC,33,Tamil Nadu,594,Tuticorin,THOOTHUKKUDI,-,-,Thambraparani,East flowing rivers between Pennar and Kanyakumari,-,-,-,Thambraparani,8.71444444,77.83500000,02-04-2012 08:40,1.4,"","",""
1279,MURAPPANADU,CWC,33,Tamil Nadu,594,Tuticorin,THOOTHUKKUDI,-,-,Thambraparani,East flowing rivers between Pennar and Kanyakumari,-,-,-,Thambraparani,8.71444444,77.83500000,01-05-2012 08:45,1.4,"","",""
1280,MURAPPANADU,CWC,33,Tamil Nadu,594,Tuticorin,THOOTHUKKUDI,-,-,Thambraparani,East flowing rivers between Pennar and Kanyakumari,-,-,-,Thambraparani,8.71444444,77.83500000,01-06-2012 08:45,1.9,"","",""
1281,MURAPPANADU,CWC,33,Tamil Nadu,594,Tuticorin,THOOTHUKKUDI,-,-,Thambraparani,East flowing rivers between Pennar and Kanyakumari,-,-,-,Thambraparani,8.71444444,77.83500000,02-07-2012 08:20,1,"","",""
1282,MURAPPANADU,CWC,33,Tamil Nadu,594,Tuticorin,THOOTHUKKUDI,-,-,Thambraparani,East flowing rivers between Pennar and Kanyakumari,-,-,-,Thambraparani,8.71444444,77.83500000,01-08-2012 08:30,1,"","",""
1283,MURAPPANADU,CWC,33,Tamil Nadu,594,Tuticorin,THOOTHUKKUDI,-,-,Thambraparani,East flowing rivers between Pennar and Kanyakumari,-,-,-,Thambraparani,8.71444444,77.83500000,01-09-2012 08:40,1.2,"","",""
1284,MURAPPANADU,CWC,33,Tamil Nadu,594,Tuticorin,THOOTHUKKUDI,-,-,Thambraparani,East flowing rivers between Pennar and Kanyakumari,-,-,-,Thambraparani,8.71444444,77.83500000,01-10-2012 08:30,0.9,"","",""
1285,MURAPPANADU,CWC,33,Tamil Nadu,594,Tuticorin,THOOTHUKKUDI,-,-,Thambraparani,East flowing rivers between Pennar and Kanyakumari,-,-,-,Thambraparani,8.71444444,77.83500000,01-11-2012 08:25,0.7,"","",""
1286,MURAPPANADU,CWC,33,Tamil Nadu,594,Tuticorin,THOOTHUKKUDI,-,-,Thambraparani,East flowing rivers between Pennar and Kanyakumari,-,-,-,Thambraparani,8.71444444,77.83500000,01-12-2012 08:40,1.4,"","",""
1287,MURAPPANADU,CWC,33,Tamil Nadu,594,Tuticorin,THOOTHUKKUDI,-,-,Thambraparani,East flowing rivers between Pennar and Kanyakumari,-,-,-,Thambraparani,8.71444444,77.83500000,01-01-2013 09:00,1.5,"","",""
1288,MURAPPANADU,CWC,33,Tamil Nadu,594,Tuticorin,THOOTHUKKUDI,-,-,Thambraparani,East flowing rivers between Pennar and Kanyakumari,-,-,-,Thambraparani,8.71444444,77.83500000,01-02-2013 08:40,0.5,"","",""
1289,MURAPPANADU,CWC,33,Tamil Nadu,594,Tuticorin,THOOTHUKKUDI,-,-,Thambraparani,East flowing rivers between Pennar and Kanyakumari,-,-,-,Thambraparani,8.71444444,77.83500000,01-03-2013 08:35,0.6,"","",""
1290,MURAPPANADU,CWC,33,Tamil Nadu,594,Tuticorin,THOOTHUKKUDI,-,-,Thambraparani,East flowing rivers between Pennar and Kanyakumari,-,-,-,Thambraparani,8.71444444,77.83500000,01-04-2013 08:30,1,"","",""
1291,MURAPPANADU,CWC,33,Tamil Nadu,594,Tuticorin,THOOTHUKKUDI,-,-,Thambraparani,East flowing rivers between Pennar and Kanyakumari,-,-,-,Thambraparani,8.71444444,77.83500000,01-05-2013 08:30,0.4,"","",""
1292,MURAPPANADU,CWC,33,Tamil Nadu,594,Tuticorin,THOOTHUKKUDI,-,-,Thambraparani,East flowing rivers between Pennar and Kanyakumari,-,-,-,Thambraparani,8.71444444,77.83500000,01-06-2013 08:30,0.6,"","",""
1293,MURAPPANADU,CWC,33,Tamil Nadu,594,Tuticorin,THOOTHUKKUDI,-,-,Thambraparani,East flowing rivers between Pennar and Kanyakumari,-,-,-,Thambraparani,8.71444444,77.83500000,01-07-2013 08:40,0.7,"","",""
1294,MURAPPANADU,CWC,33,Tamil Nadu,594,Tuticorin,THOOTHUKKUDI,-,-,Thambraparani,East flowing rivers between Pennar and Kanyakumari,-,-,-,Thambraparani,8.71444444,77.83500000,01-08-2013 08:35,0.8,"","",""
1295,MURAPPANADU,CWC,33,Tamil Nadu,594,Tuticorin,THOOTHUKKUDI,-,-,Thambraparani,East flowing rivers between Pennar and Kanyakumari,-,-,-,Thambraparani,8.71444444,77.83500000,02-09-2013 08:35,1.4,"","",""
1296,MURAPPANADU,CWC,33,Tamil Nadu,594,Tuticorin,THOOTHUKKUDI,-,-,Thambraparani,East flowing rivers between Pennar and Kanyakumari,-,-,-,Thambraparani,8.71444444,77.83500000,01-10-2013 08:35,0.8,"","",""
1297,MURAPPANADU,CWC,33,Tamil Nadu,594,Tuticorin,THOOTHUKKUDI,-,-,Thambraparani,East flowing rivers between Pennar and Kanyakumari,-,-,-,Thambraparani,8.71444444,77.83500000,01-11-2013 08:30,0.8,"","",""
1298,MURAPPANADU,CWC,33,Tamil Nadu,594,Tuticorin,THOOTHUKKUDI,-,-,Thambraparani,East flowing rivers between Pennar and Kanyakumari,-,-,-,Thambraparani,8.71444444,77.83500000,02-12-2013 08:30,0.4,"","",""
1299,MURAPPANADU,CWC,33,Tamil Nadu,594,Tuticorin,THOOTHUKKUDI,-,-,Thambraparani,East flowing rivers between Pennar and Kanyakumari,-,-,-,Thambraparani,8.71444444,77.83500000,01-01-2014 08:50,0.8,"","",""
1300,MURAPPANADU,CWC,33,Tamil Nadu,594,Tuticorin,THOOTHUKKUDI,-,-,Thambraparani,East flowing rivers between Pennar and Kanyakumari,-,-,-,Thambraparani,8.71444444,77.83500000,01-02-2014 08:30,0.7,"","",""
1301,MURAPPANADU,CWC,33,Tamil Nadu,594,Tuticorin,THOOTHUKKUDI,-,-,Thambraparani,East flowing rivers between Pennar and Kanyakumari,-,-,-,Thambraparani,8.71444444,77.83500000,01-03-2014 08:30,2.1,"","",""
1302,MURAPPANADU,CWC,33,Tamil Nadu,594,Tuticorin,THOOTHUKKUDI,-,-,Thambraparani,East flowing rivers between Pennar and Kanyakumari,-,-,-,Thambraparani,8.71444444,77.83500000,01-04-2014 08:30,0.7,"","",""
1303,MURAPPANADU,CWC,33,Tamil Nadu,594,Tuticorin,THOOTHUKKUDI,-,-,Thambraparani,East flowing rivers between Pennar and Kanyakumari,-,-,-,Thambraparani,8.71444444,77.83500000,01-05-2014 08:35,0.7,"","",""
1304,MURAPPANADU,CWC,33,Tamil Nadu,594,Tuticorin,THOOTHUKKUDI,-,-,Thambraparani,East flowing rivers between Pennar and Kanyakumari,-,-,-,Thambraparani,8.71444444,77.83500000,02-06-2014 08:25,2.5,"","",""
1305,MURAPPANADU,CWC,33,Tamil Nadu,594,Tuticorin,THOOTHUKKUDI,-,-,Thambraparani,East flowing rivers between Pennar and Kanyakumari,-,-,-,Thambraparani,8.71444444,77.83500000,01-08-2014 08:25,1.9,"","",""
1306,MURAPPANADU,CWC,33,Tamil Nadu,594,Tuticorin,THOOTHUKKUDI,-,-,Thambraparani,East flowing rivers between Pennar and Kanyakumari,-,-,-,Thambraparani,8.71444444,77.83500000,01-09-2014 08:30,0.97,"","",""
1307,MURAPPANADU,CWC,33,Tamil Nadu,594,Tuticorin,THOOTHUKKUDI,-,-,Thambraparani,East flowing rivers between Pennar and Kanyakumari,-,-,-,Thambraparani,8.71444444,77.83500000,01-10-2014 08:25,0.39,"","",""
1308,MURAPPANADU,CWC,33,Tamil Nadu,594,Tuticorin,THOOTHUKKUDI,-,-,Thambraparani,East flowing rivers between Pennar and Kanyakumari,-,-,-,Thambraparani,8.71444444,77.83500000,01-11-2014 08:30,1.14,"","",""
1309,MURAPPANADU,CWC,33,Tamil Nadu,594,Tuticorin,THOOTHUKKUDI,-,-,Thambraparani,East flowing rivers between Pennar and Kanyakumari,-,-,-,Thambraparani,8.71444444,77.83500000,01-12-2014 08:45,1.56,"","",""
1310,MURAPPANADU,CWC,33,Tamil Nadu,594,Tuticorin,THOOTHUKKUDI,-,-,Thambraparani,East flowing rivers between Pennar and Kanyakumari,-,-,-,Thambraparani,8.71444444,77.83500000,01-01-2015 08:30,0.88,"","",""
1311,MURAPPANADU,CWC,33,Tamil Nadu,594,Tuticorin,THOOTHUKKUDI,-,-,Thambraparani,East flowing rivers between Pennar and Kanyakumari,-,-,-,Thambraparani,8.71444444,77.83500000,02-02-2015 08:35,0.99,"","",""
1312,MURAPPANADU,CWC,33,Tamil Nadu,594,Tuticorin,THOOTHUKKUDI,-,-,Thambraparani,East flowing rivers between Pennar and Kanyakumari,-,-,-,Thambraparani,8.71444444,77.83500000,02-03-2015 08:30,0.8,"","",""
1313,MURAPPANADU,CWC,33,Tamil Nadu,594,Tuticorin,THOOTHUKKUDI,-,-,Thambraparani,East flowing rivers between Pennar and Kanyakumari,-,-,-,Thambraparani,8.71444444,77.83500000,01-04-2015 08:45,2.36,"","",""
1314,MURAPPANADU,CWC,33,Tamil Nadu,594,Tuticorin,THOOTHUKKUDI,-,-,Thambraparani,East flowing rivers between Pennar and Kanyakumari,-,-,-,Thambraparani,8.71444444,77.83500000,01-06-2015 08:30,3.28,"","",""
1315,MURAPPANADU,CWC,33,Tamil Nadu,594,Tuticorin,THOOTHUKKUDI,-,-,Thambraparani,East flowing rivers between Pennar and Kanyakumari,-,-,-,Thambraparani,8.71444444,77.83500000,01-07-2015 08:35,1.03,"","",""
1316,MURAPPANADU,CWC,33,Tamil Nadu,594,Tuticorin,THOOTHUKKUDI,-,-,Thambraparani,East flowing rivers between Pennar and Kanyakumari,-,-,-,Thambraparani,8.71444444,77.83500000,01-08-2015 08:30,1.36,"","",""
1317,MURAPPANADU,CWC,33,Tamil Nadu,594,Tuticorin,THOOTHUKKUDI,-,-,Thambraparani,East flowing rivers between Pennar and Kanyakumari,-,-,-,Thambraparani,8.71444444,77.83500000,01-09-2015 08:30,1.22,"","",""
1318,MURAPPANADU,CWC,33,Tamil Nadu,594,Tuticorin,THOOTHUKKUDI,-,-,Thambraparani,East flowing rivers between Pennar and Kanyakumari,-,-,-,Thambraparani,8.71444444,77.83500000,01-10-2015 08:35,1.56,"","",""
1319,MURAPPANADU,CWC,33,Tamil Nadu,594,Tuticorin,THOOTHUKKUDI,-,-,Thambraparani,East flowing rivers between Pennar and Kanyakumari,-,-,-,Thambraparani,8.71444444,77.83500000,02-11-2015 08:30,1.74,"","",""
1320,MURAPPANADU,CWC,33,Tamil Nadu,594,Tuticorin,THOOTHUKKUDI,-,-,Thambraparani,East flowing rivers between Pennar and Kanyakumari,-,-,-,Thambraparani,8.71444444,77.83500000,01-12-2015 09:15,1.72,"","",""
1321,MURAPPANADU,CWC,33,Tamil Nadu,594,Tuticorin,THOOTHUKKUDI,-,-,Thambraparani,East flowing rivers between Pennar and Kanyakumari,-,-,-,Thambraparani,8.71444444,77.83500000,01-01-2016 08:30,0.95,"","",""
1322,MURAPPANADU,CWC,33,Tamil Nadu,594,Tuticorin,THOOTHUKKUDI,-,-,Thambraparani,East flowing rivers between Pennar and Kanyakumari,-,-,-,Thambraparani,8.71444444,77.83500000,01-02-2016 08:35,1.95,"","",""
1323,MURAPPANADU,CWC,33,Tamil Nadu,594,Tuticorin,THOOTHUKKUDI,-,-,Thambraparani,East flowing rivers between Pennar and Kanyakumari,-,-,-,Thambraparani,8.71444444,77.83500000,01-03-2016 08:35,1.35,"","",""
1324,MURAPPANADU,CWC,33,Tamil Nadu,594,Tuticorin,THOOTHUKKUDI,-,-,Thambraparani,East flowing rivers between Pennar and Kanyakumari,-,-,-,Thambraparani,8.71444444,77.83500000,01-04-2016 08:30,2.54,"","",""
1325,MURAPPANADU,CWC,33,Tamil Nadu,594,Tuticorin,THOOTHUKKUDI,-,-,Thambraparani,East flowing rivers between Pennar and Kanyakumari,-,-,-,Thambraparani,8.71444444,77.83500000,02-05-2016 08:30,1.7,"","",""
1326,MURAPPANADU,CWC,33,Tamil Nadu,594,Tuticorin,THOOTHUKKUDI,-,-,Thambraparani,East flowing rivers between Pennar and Kanyakumari,-,-,-,Thambraparani,8.71444444,77.83500000,01-06-2016 08:20,2.28,"","",""
1327,MURAPPANADU,CWC,33,Tamil Nadu,594,Tuticorin,THOOTHUKKUDI,-,-,Thambraparani,East flowing rivers between Pennar and Kanyakumari,-,-,-,Thambraparani,8.71444444,77.83500000,01-07-2016 08:30,1.14,"","",""
1328,MURAPPANADU,CWC,33,Tamil Nadu,594,Tuticorin,THOOTHUKKUDI,-,-,Thambraparani,East flowing rivers between Pennar and Kanyakumari,-,-,-,Thambraparani,8.71444444,77.83500000,01-08-2016 08:40,0.91,"","",""
1329,MURAPPANADU,CWC,33,Tamil Nadu,594,Tuticorin,THOOTHUKKUDI,-,-,Thambraparani,East flowing rivers between Pennar and Kanyakumari,-,-,-,Thambraparani,8.71444444,77.83500000,01-09-2016 08:25,1.74,"","",""
1330,MURAPPANADU,CWC,33,Tamil Nadu,594,Tuticorin,THOOTHUKKUDI,-,-,Thambraparani,East flowing rivers between Pennar and Kanyakumari,-,-,-,Thambraparani,8.71444444,77.83500000,01-11-2016 08:20,1.52,"","",""
1331,MURAPPANADU,CWC,33,Tamil Nadu,594,Tuticorin,THOOTHUKKUDI,-,-,Thambraparani,East flowing rivers between Pennar and Kanyakumari,-,-,-,Thambraparani,8.71444444,77.83500000,01-12-2016 08:25,2.09,"","",""
1332,MURAPPANADU,CWC,33,Tamil Nadu,594,Tuticorin,THOOTHUKKUDI,-,-,Thambraparani,East flowing rivers between Pennar and Kanyakumari,-,-,-,Thambraparani,8.71444444,77.83500000,02-01-2017 08:20,1.86,"","",""
1333,MURAPPANADU,CWC,33,Tamil Nadu,594,Tuticorin,THOOTHUKKUDI,-,-,Thambraparani,East flowing rivers between Pennar and Kanyakumari,-,-,-,Thambraparani,8.71444444,77.83500000,01-02-2017 08:30,1.9,"","",""
1334,MURAPPANADU,CWC,33,Tamil Nadu,594,Tuticorin,THOOTHUKKUDI,-,-,Thambraparani,East flowing rivers between Pennar and Kanyakumari,-,-,-,Thambraparani,8.71444444,77.83500000,01-03-2017 08:25,0.95,"","",""
1335,MURAPPANADU,CWC,33,Tamil Nadu,594,Tuticorin,THOOTHUKKUDI,-,-,Thambraparani,East flowing rivers between Pennar and Kanyakumari,-,-,-,Thambraparani,8.71444444,77.83500000,01-04-2017 08:20,1.93,"","",""
1336,MUSIRI,CWC,33,Tamil Nadu,591,Tiruchirappalli,MUSIRI,-,-,Cauvery,Cauvery,-,-,-,Cauvery,10.93805556,78.44027778,02-04-2001 08:45,1.3,"","",""
1337,MUSIRI,CWC,33,Tamil Nadu,591,Tiruchirappalli,MUSIRI,-,-,Cauvery,Cauvery,-,-,-,Cauvery,10.93805556,78.44027778,01-05-2001 08:45,1.1,"","",""
1338,MUSIRI,CWC,33,Tamil Nadu,591,Tiruchirappalli,MUSIRI,-,-,Cauvery,Cauvery,-,-,-,Cauvery,10.93805556,78.44027778,01-06-2001 08:30,1,"","",""
1339,MUSIRI,CWC,33,Tamil Nadu,591,Tiruchirappalli,MUSIRI,-,-,Cauvery,Cauvery,-,-,-,Cauvery,10.93805556,78.44027778,03-07-2001 09:00,1.2,"","",""
1340,MUSIRI,CWC,33,Tamil Nadu,591,Tiruchirappalli,MUSIRI,-,-,Cauvery,Cauvery,-,-,-,Cauvery,10.93805556,78.44027778,01-08-2001 09:45,1.5,"","",""
1341,MUSIRI,CWC,33,Tamil Nadu,591,Tiruchirappalli,MUSIRI,-,-,Cauvery,Cauvery,-,-,-,Cauvery,10.93805556,78.44027778,01-09-2001 08:30,0.6,"","",""
1342,MUSIRI,CWC,33,Tamil Nadu,591,Tiruchirappalli,MUSIRI,-,-,Cauvery,Cauvery,-,-,-,Cauvery,10.93805556,78.44027778,01-10-2001 08:15,1,"","",""
1343,MUSIRI,CWC,33,Tamil Nadu,591,Tiruchirappalli,MUSIRI,-,-,Cauvery,Cauvery,-,-,-,Cauvery,10.93805556,78.44027778,01-11-2001 09:45,2.5,"","",""
1344,MUSIRI,CWC,33,Tamil Nadu,591,Tiruchirappalli,MUSIRI,-,-,Cauvery,Cauvery,-,-,-,Cauvery,10.93805556,78.44027778,01-12-2001 08:30,0.6,"","",""
1345,MUSIRI,CWC,33,Tamil Nadu,591,Tiruchirappalli,MUSIRI,-,-,Cauvery,Cauvery,-,-,-,Cauvery,10.93805556,78.44027778,01-01-2002 08:45,1,"","",""
1346,MUSIRI,CWC,33,Tamil Nadu,591,Tiruchirappalli,MUSIRI,-,-,Cauvery,Cauvery,-,-,-,Cauvery,10.93805556,78.44027778,01-02-2002 08:30,0.5,"","",""
1347,MUSIRI,CWC,33,Tamil Nadu,591,Tiruchirappalli,MUSIRI,-,-,Cauvery,Cauvery,-,-,-,Cauvery,10.93805556,78.44027778,01-03-2002 09:00,1.2,"","",""
1348,MUSIRI,CWC,33,Tamil Nadu,591,Tiruchirappalli,MUSIRI,-,-,Cauvery,Cauvery,-,-,-,Cauvery,10.93805556,78.44027778,01-04-2002 09:45,1.5,"","",""
1349,MUSIRI,CWC,33,Tamil Nadu,591,Tiruchirappalli,MUSIRI,-,-,Cauvery,Cauvery,-,-,-,Cauvery,10.93805556,78.44027778,01-05-2002 08:45,1,"","",""
1350,MUSIRI,CWC,33,Tamil Nadu,591,Tiruchirappalli,MUSIRI,-,-,Cauvery,Cauvery,-,-,-,Cauvery,10.93805556,78.44027778,01-06-2002 09:45,1.5,"","",""
1351,MUSIRI,CWC,33,Tamil Nadu,591,Tiruchirappalli,MUSIRI,-,-,Cauvery,Cauvery,-,-,-,Cauvery,10.93805556,78.44027778,01-07-2002 08:15,1.8,"","",""
1352,MUSIRI,CWC,33,Tamil Nadu,591,Tiruchirappalli,MUSIRI,-,-,Cauvery,Cauvery,-,-,-,Cauvery,10.93805556,78.44027778,01-08-2002 08:45,2.2,"","",""
1353,MUSIRI,CWC,33,Tamil Nadu,591,Tiruchirappalli,MUSIRI,-,-,Cauvery,Cauvery,-,-,-,Cauvery,10.93805556,78.44027778,02-09-2002 09:00,1.1,"","",""
1354,MUSIRI,CWC,33,Tamil Nadu,591,Tiruchirappalli,MUSIRI,-,-,Cauvery,Cauvery,-,-,-,Cauvery,10.93805556,78.44027778,01-10-2002 08:45,1.4,"","",""
1355,MUSIRI,CWC,33,Tamil Nadu,591,Tiruchirappalli,MUSIRI,-,-,Cauvery,Cauvery,-,-,-,Cauvery,10.93805556,78.44027778,01-11-2002 10:00,0.8,"","",""
1356,MUSIRI,CWC,33,Tamil Nadu,591,Tiruchirappalli,MUSIRI,-,-,Cauvery,Cauvery,-,-,-,Cauvery,10.93805556,78.44027778,02-12-2002 09:45,0.5,"","",""
1357,MUSIRI,CWC,33,Tamil Nadu,591,Tiruchirappalli,MUSIRI,-,-,Cauvery,Cauvery,-,-,-,Cauvery,10.93805556,78.44027778,01-01-2003 09:30,1,"","",""
1358,MUSIRI,CWC,33,Tamil Nadu,591,Tiruchirappalli,MUSIRI,-,-,Cauvery,Cauvery,-,-,-,Cauvery,10.93805556,78.44027778,01-02-2003 10:15,4.2,"","",""
1359,MUSIRI,CWC,33,Tamil Nadu,591,Tiruchirappalli,MUSIRI,-,-,Cauvery,Cauvery,-,-,-,Cauvery,10.93805556,78.44027778,01-03-2003 08:45,1.4,"","",""
1360,MUSIRI,CWC,33,Tamil Nadu,591,Tiruchirappalli,MUSIRI,-,-,Cauvery,Cauvery,-,-,-,Cauvery,10.93805556,78.44027778,01-04-2003 09:25,2,"","",""
1361,MUSIRI,CWC,33,Tamil Nadu,591,Tiruchirappalli,MUSIRI,-,-,Cauvery,Cauvery,-,-,-,Cauvery,10.93805556,78.44027778,01-05-2003 09:00,1.2,"","",""
1362,MUSIRI,CWC,33,Tamil Nadu,591,Tiruchirappalli,MUSIRI,-,-,Cauvery,Cauvery,-,-,-,Cauvery,10.93805556,78.44027778,06-10-2003 09:00,2.1,"","",""
1363,MUSIRI,CWC,33,Tamil Nadu,591,Tiruchirappalli,MUSIRI,-,-,Cauvery,Cauvery,-,-,-,Cauvery,10.93805556,78.44027778,01-11-2003 09:20,3.3,"","",""
1364,MUSIRI,CWC,33,Tamil Nadu,591,Tiruchirappalli,MUSIRI,-,-,Cauvery,Cauvery,-,-,-,Cauvery,10.93805556,78.44027778,01-12-2003 10:15,0.8,"","",""
1365,MUSIRI,CWC,33,Tamil Nadu,591,Tiruchirappalli,MUSIRI,-,-,Cauvery,Cauvery,-,-,-,Cauvery,10.93805556,78.44027778,01-01-2004 09:00,2.3,"","",""
1366,MUSIRI,CWC,33,Tamil Nadu,591,Tiruchirappalli,MUSIRI,-,-,Cauvery,Cauvery,-,-,-,Cauvery,10.93805556,78.44027778,03-02-2004 09:30,1.2,"","",""
1367,MUSIRI,CWC,33,Tamil Nadu,591,Tiruchirappalli,MUSIRI,-,-,Cauvery,Cauvery,-,-,-,Cauvery,10.93805556,78.44027778,01-03-2004 09:15,2.3,"","",""
1368,MUSIRI,CWC,33,Tamil Nadu,591,Tiruchirappalli,MUSIRI,-,-,Cauvery,Cauvery,-,-,-,Cauvery,10.93805556,78.44027778,01-06-2004 09:00,2.2,"","",""
1369,MUSIRI,CWC,33,Tamil Nadu,591,Tiruchirappalli,MUSIRI,-,-,Cauvery,Cauvery,-,-,-,Cauvery,10.93805556,78.44027778,02-08-2004 09:30,3.7,"","",""
1370,MUSIRI,CWC,33,Tamil Nadu,591,Tiruchirappalli,MUSIRI,-,-,Cauvery,Cauvery,-,-,-,Cauvery,10.93805556,78.44027778,01-09-2004 10:15,2.1,"","",""
1371,MUSIRI,CWC,33,Tamil Nadu,591,Tiruchirappalli,MUSIRI,-,-,Cauvery,Cauvery,-,-,-,Cauvery,10.93805556,78.44027778,01-10-2004 09:20,1.7,"","",""
1372,MUSIRI,CWC,33,Tamil Nadu,591,Tiruchirappalli,MUSIRI,-,-,Cauvery,Cauvery,-,-,-,Cauvery,10.93805556,78.44027778,01-11-2004 09:30,1.3,"","",""
1373,MUSIRI,CWC,33,Tamil Nadu,591,Tiruchirappalli,MUSIRI,-,-,Cauvery,Cauvery,-,-,-,Cauvery,10.93805556,78.44027778,01-12-2004 09:30,1.4,"","",""
1374,MUSIRI,CWC,33,Tamil Nadu,591,Tiruchirappalli,MUSIRI,-,-,Cauvery,Cauvery,-,-,-,Cauvery,10.93805556,78.44027778,01-01-2005 09:00,0.1,"","",""
1375,MUSIRI,CWC,33,Tamil Nadu,591,Tiruchirappalli,MUSIRI,-,-,Cauvery,Cauvery,-,-,-,Cauvery,10.93805556,78.44027778,01-02-2005 09:30,2.9,"","",""
1376,MUSIRI,CWC,33,Tamil Nadu,591,Tiruchirappalli,MUSIRI,-,-,Cauvery,Cauvery,-,-,-,Cauvery,10.93805556,78.44027778,01-03-2005 09:45,1.1,"","",""
1377,MUSIRI,CWC,33,Tamil Nadu,591,Tiruchirappalli,MUSIRI,-,-,Cauvery,Cauvery,-,-,-,Cauvery,10.93805556,78.44027778,01-04-2005 09:15,1.3,"","",""
1378,MUSIRI,CWC,33,Tamil Nadu,591,Tiruchirappalli,MUSIRI,-,-,Cauvery,Cauvery,-,-,-,Cauvery,10.93805556,78.44027778,02-05-2005 09:30,1.4,"","",""
1379,MUSIRI,CWC,33,Tamil Nadu,591,Tiruchirappalli,MUSIRI,-,-,Cauvery,Cauvery,-,-,-,Cauvery,10.93805556,78.44027778,01-06-2005 09:00,2.2,"","",""
1380,MUSIRI,CWC,33,Tamil Nadu,591,Tiruchirappalli,MUSIRI,-,-,Cauvery,Cauvery,-,-,-,Cauvery,10.93805556,78.44027778,01-07-2005 09:30,0.6,"","",""
1381,MUSIRI,CWC,33,Tamil Nadu,591,Tiruchirappalli,MUSIRI,-,-,Cauvery,Cauvery,-,-,-,Cauvery,10.93805556,78.44027778,01-08-2005 09:45,3.2,"","",""
1382,MUSIRI,CWC,33,Tamil Nadu,591,Tiruchirappalli,MUSIRI,-,-,Cauvery,Cauvery,-,-,-,Cauvery,10.93805556,78.44027778,01-09-2005 09:45,1.1,"","",""
1383,MUSIRI,CWC,33,Tamil Nadu,591,Tiruchirappalli,MUSIRI,-,-,Cauvery,Cauvery,-,-,-,Cauvery,10.93805556,78.44027778,01-10-2005 09:30,3.9,"","",""
1384,MUSIRI,CWC,33,Tamil Nadu,591,Tiruchirappalli,MUSIRI,-,-,Cauvery,Cauvery,-,-,-,Cauvery,10.93805556,78.44027778,02-11-2005 09:45,1.1,"","",""
1385,MUSIRI,CWC,33,Tamil Nadu,591,Tiruchirappalli,MUSIRI,-,-,Cauvery,Cauvery,-,-,-,Cauvery,10.93805556,78.44027778,01-12-2005 09:00,2.6,"","",""
1386,MUSIRI,CWC,33,Tamil Nadu,591,Tiruchirappalli,MUSIRI,-,-,Cauvery,Cauvery,-,-,-,Cauvery,10.93805556,78.44027778,02-01-2006 09:00,1.1,"","",""
1387,MUSIRI,CWC,33,Tamil Nadu,591,Tiruchirappalli,MUSIRI,-,-,Cauvery,Cauvery,-,-,-,Cauvery,10.93805556,78.44027778,01-02-2006 09:15,1.2,"","",""
1388,MUSIRI,CWC,33,Tamil Nadu,591,Tiruchirappalli,MUSIRI,-,-,Cauvery,Cauvery,-,-,-,Cauvery,10.93805556,78.44027778,01-03-2006 09:15,1.4,"","",""
1389,MUSIRI,CWC,33,Tamil Nadu,591,Tiruchirappalli,MUSIRI,-,-,Cauvery,Cauvery,-,-,-,Cauvery,10.93805556,78.44027778,01-04-2006 09:15,0.5,"","",""
1390,MUSIRI,CWC,33,Tamil Nadu,591,Tiruchirappalli,MUSIRI,-,-,Cauvery,Cauvery,-,-,-,Cauvery,10.93805556,78.44027778,01-05-2006 09:15,2,"","",""
1391,MUSIRI,CWC,33,Tamil Nadu,591,Tiruchirappalli,MUSIRI,-,-,Cauvery,Cauvery,-,-,-,Cauvery,10.93805556,78.44027778,01-06-2006 09:15,1.7,"","",""
1392,MUSIRI,CWC,33,Tamil Nadu,591,Tiruchirappalli,MUSIRI,-,-,Cauvery,Cauvery,-,-,-,Cauvery,10.93805556,78.44027778,01-07-2006 09:30,1.8,"","",""
1393,MUSIRI,CWC,33,Tamil Nadu,591,Tiruchirappalli,MUSIRI,-,-,Cauvery,Cauvery,-,-,-,Cauvery,10.93805556,78.44027778,01-08-2006 09:30,2,"","",""
1394,MUSIRI,CWC,33,Tamil Nadu,591,Tiruchirappalli,MUSIRI,-,-,Cauvery,Cauvery,-,-,-,Cauvery,10.93805556,78.44027778,01-09-2006 09:30,0.6,"","",""
1395,MUSIRI,CWC,33,Tamil Nadu,591,Tiruchirappalli,MUSIRI,-,-,Cauvery,Cauvery,-,-,-,Cauvery,10.93805556,78.44027778,03-10-2006 09:30,1.6,"","",""
1396,MUSIRI,CWC,33,Tamil Nadu,591,Tiruchirappalli,MUSIRI,-,-,Cauvery,Cauvery,-,-,-,Cauvery,10.93805556,78.44027778,01-11-2006 10:00,1.3,"","",""
1397,MUSIRI,CWC,33,Tamil Nadu,591,Tiruchirappalli,MUSIRI,-,-,Cauvery,Cauvery,-,-,-,Cauvery,10.93805556,78.44027778,01-12-2006 09:45,2,"","",""
1398,MUSIRI,CWC,33,Tamil Nadu,591,Tiruchirappalli,MUSIRI,-,-,Cauvery,Cauvery,-,-,-,Cauvery,10.93805556,78.44027778,02-01-2007 09:45,1,"","",""
1399,MUSIRI,CWC,33,Tamil Nadu,591,Tiruchirappalli,MUSIRI,-,-,Cauvery,Cauvery,-,-,-,Cauvery,10.93805556,78.44027778,01-02-2007 10:00,1,"","",""
1400,MUSIRI,CWC,33,Tamil Nadu,591,Tiruchirappalli,MUSIRI,-,-,Cauvery,Cauvery,-,-,-,Cauvery,10.93805556,78.44027778,01-03-2007 09:30,1,"","",""
1401,MUSIRI,CWC,33,Tamil Nadu,591,Tiruchirappalli,MUSIRI,-,-,Cauvery,Cauvery,-,-,-,Cauvery,10.93805556,78.44027778,02-04-2007 09:35,2.2,"","",""
1402,MUSIRI,CWC,33,Tamil Nadu,591,Tiruchirappalli,MUSIRI,-,-,Cauvery,Cauvery,-,-,-,Cauvery,10.93805556,78.44027778,01-05-2007 09:15,1,"","",""
1403,MUSIRI,CWC,33,Tamil Nadu,591,Tiruchirappalli,MUSIRI,-,-,Cauvery,Cauvery,-,-,-,Cauvery,10.93805556,78.44027778,01-06-2007 09:45,1.7,"","",""
1404,MUSIRI,CWC,33,Tamil Nadu,591,Tiruchirappalli,MUSIRI,-,-,Cauvery,Cauvery,-,-,-,Cauvery,10.93805556,78.44027778,02-07-2007 09:30,1.3,"","",""
1405,MUSIRI,CWC,33,Tamil Nadu,591,Tiruchirappalli,MUSIRI,-,-,Cauvery,Cauvery,-,-,-,Cauvery,10.93805556,78.44027778,01-08-2007 10:30,0.7,"","",""
1406,MUSIRI,CWC,33,Tamil Nadu,591,Tiruchirappalli,MUSIRI,-,-,Cauvery,Cauvery,-,-,-,Cauvery,10.93805556,78.44027778,01-09-2007 10:00,0.6,"","",""
1407,MUSIRI,CWC,33,Tamil Nadu,591,Tiruchirappalli,MUSIRI,-,-,Cauvery,Cauvery,-,-,-,Cauvery,10.93805556,78.44027778,03-10-2007 10:00,0.7,"","",""
1408,MUSIRI,CWC,33,Tamil Nadu,591,Tiruchirappalli,MUSIRI,-,-,Cauvery,Cauvery,-,-,-,Cauvery,10.93805556,78.44027778,01-11-2007 09:00,2.7,"","",""
1409,MUSIRI,CWC,33,Tamil Nadu,591,Tiruchirappalli,MUSIRI,-,-,Cauvery,Cauvery,-,-,-,Cauvery,10.93805556,78.44027778,01-12-2007 09:50,0.4,"","",""
1410,MUSIRI,CWC,33,Tamil Nadu,591,Tiruchirappalli,MUSIRI,-,-,Cauvery,Cauvery,-,-,-,Cauvery,10.93805556,78.44027778,01-01-2008 09:30,2.1,"","",""
1411,MUSIRI,CWC,33,Tamil Nadu,591,Tiruchirappalli,MUSIRI,-,-,Cauvery,Cauvery,-,-,-,Cauvery,10.93805556,78.44027778,01-02-2008 09:30,0.4,"","",""
1412,MUSIRI,CWC,33,Tamil Nadu,591,Tiruchirappalli,MUSIRI,-,-,Cauvery,Cauvery,-,-,-,Cauvery,10.93805556,78.44027778,01-03-2008 09:30,0.5,"","",""
1413,MUSIRI,CWC,33,Tamil Nadu,591,Tiruchirappalli,MUSIRI,-,-,Cauvery,Cauvery,-,-,-,Cauvery,10.93805556,78.44027778,01-04-2008 09:30,1.1,"","",""
1414,MUSIRI,CWC,33,Tamil Nadu,591,Tiruchirappalli,MUSIRI,-,-,Cauvery,Cauvery,-,-,-,Cauvery,10.93805556,78.44027778,01-05-2008 09:15,0.3,"","",""
1415,MUSIRI,CWC,33,Tamil Nadu,591,Tiruchirappalli,MUSIRI,-,-,Cauvery,Cauvery,-,-,-,Cauvery,10.93805556,78.44027778,02-06-2008 08:00,0.9,"","",""
1416,MUSIRI,CWC,33,Tamil Nadu,591,Tiruchirappalli,MUSIRI,-,-,Cauvery,Cauvery,-,-,-,Cauvery,10.93805556,78.44027778,01-07-2008 08:00,1.4,"","",""
1417,MUSIRI,CWC,33,Tamil Nadu,591,Tiruchirappalli,MUSIRI,-,-,Cauvery,Cauvery,-,-,-,Cauvery,10.93805556,78.44027778,01-08-2008 08:00,0.5,"","",""
1418,MUSIRI,CWC,33,Tamil Nadu,591,Tiruchirappalli,MUSIRI,-,-,Cauvery,Cauvery,-,-,-,Cauvery,10.93805556,78.44027778,01-09-2008 08:00,1.6,"","",""
1419,MUSIRI,CWC,33,Tamil Nadu,591,Tiruchirappalli,MUSIRI,-,-,Cauvery,Cauvery,-,-,-,Cauvery,10.93805556,78.44027778,03-10-2008 08:00,0.3,"","",""
1420,MUSIRI,CWC,33,Tamil Nadu,591,Tiruchirappalli,MUSIRI,-,-,Cauvery,Cauvery,-,-,-,Cauvery,10.93805556,78.44027778,01-11-2008 08:00,2.2,"","",""
1421,MUSIRI,CWC,33,Tamil Nadu,591,Tiruchirappalli,MUSIRI,-,-,Cauvery,Cauvery,-,-,-,Cauvery,10.93805556,78.44027778,01-12-2008 08:00,1.2,"","",""
1422,MUSIRI,CWC,33,Tamil Nadu,591,Tiruchirappalli,MUSIRI,-,-,Cauvery,Cauvery,-,-,-,Cauvery,10.93805556,78.44027778,01-01-2009 08:00,0.8,"","",""
1423,MUSIRI,CWC,33,Tamil Nadu,591,Tiruchirappalli,MUSIRI,-,-,Cauvery,Cauvery,-,-,-,Cauvery,10.93805556,78.44027778,02-02-2009 08:00,1.1,"","",""
1424,MUSIRI,CWC,33,Tamil Nadu,591,Tiruchirappalli,MUSIRI,-,-,Cauvery,Cauvery,-,-,-,Cauvery,10.93805556,78.44027778,02-03-2009 08:00,0.6,"","",""
1425,MUSIRI,CWC,33,Tamil Nadu,591,Tiruchirappalli,MUSIRI,-,-,Cauvery,Cauvery,-,-,-,Cauvery,10.93805556,78.44027778,01-04-2009 08:00,0.9,"","",""
1426,MUSIRI,CWC,33,Tamil Nadu,591,Tiruchirappalli,MUSIRI,-,-,Cauvery,Cauvery,-,-,-,Cauvery,10.93805556,78.44027778,01-05-2009 08:00,2.5,"","",""
1427,MUSIRI,CWC,33,Tamil Nadu,591,Tiruchirappalli,MUSIRI,-,-,Cauvery,Cauvery,-,-,-,Cauvery,10.93805556,78.44027778,01-06-2009 09:30,2.7,"","",""
1428,MUSIRI,CWC,33,Tamil Nadu,591,Tiruchirappalli,MUSIRI,-,-,Cauvery,Cauvery,-,-,-,Cauvery,10.93805556,78.44027778,01-07-2009 09:30,1,"","",""
1429,MUSIRI,CWC,33,Tamil Nadu,591,Tiruchirappalli,MUSIRI,-,-,Cauvery,Cauvery,-,-,-,Cauvery,10.93805556,78.44027778,01-08-2009 10:00,2.6,"","",""
1430,MUSIRI,CWC,33,Tamil Nadu,591,Tiruchirappalli,MUSIRI,-,-,Cauvery,Cauvery,-,-,-,Cauvery,10.93805556,78.44027778,01-09-2009 09:30,1.1,"","",""
1431,MUSIRI,CWC,33,Tamil Nadu,591,Tiruchirappalli,MUSIRI,-,-,Cauvery,Cauvery,-,-,-,Cauvery,10.93805556,78.44027778,01-10-2009 10:00,0.5,"","",""
1432,MUSIRI,CWC,33,Tamil Nadu,591,Tiruchirappalli,MUSIRI,-,-,Cauvery,Cauvery,-,-,-,Cauvery,10.93805556,78.44027778,03-11-2009 09:30,1,"","",""
1433,MUSIRI,CWC,33,Tamil Nadu,591,Tiruchirappalli,MUSIRI,-,-,Cauvery,Cauvery,-,-,-,Cauvery,10.93805556,78.44027778,01-12-2009 09:50,0.2,"","",""
1434,MUSIRI,CWC,33,Tamil Nadu,591,Tiruchirappalli,MUSIRI,-,-,Cauvery,Cauvery,-,-,-,Cauvery,10.93805556,78.44027778,01-01-2010 10:00,2,"","",""
1435,MUSIRI,CWC,33,Tamil Nadu,591,Tiruchirappalli,MUSIRI,-,-,Cauvery,Cauvery,-,-,-,Cauvery,10.93805556,78.44027778,01-02-2010 09:30,0.6,"","",""
1436,MUSIRI,CWC,33,Tamil Nadu,591,Tiruchirappalli,MUSIRI,-,-,Cauvery,Cauvery,-,-,-,Cauvery,10.93805556,78.44027778,01-03-2010 09:30,0.8,"","",""
1437,MUSIRI,CWC,33,Tamil Nadu,591,Tiruchirappalli,MUSIRI,-,-,Cauvery,Cauvery,-,-,-,Cauvery,10.93805556,78.44027778,01-04-2010 09:30,0.6,"","",""
1438,MUSIRI,CWC,33,Tamil Nadu,591,Tiruchirappalli,MUSIRI,-,-,Cauvery,Cauvery,-,-,-,Cauvery,10.93805556,78.44027778,01-05-2010 09:30,2.2,"","",""
1439,MUSIRI,CWC,33,Tamil Nadu,591,Tiruchirappalli,MUSIRI,-,-,Cauvery,Cauvery,-,-,-,Cauvery,10.93805556,78.44027778,01-06-2010 09:00,0.6,"","",""
1440,MUSIRI,CWC,33,Tamil Nadu,591,Tiruchirappalli,MUSIRI,-,-,Cauvery,Cauvery,-,-,-,Cauvery,10.93805556,78.44027778,01-07-2010 08:30,0.6,"","",""
1441,MUSIRI,CWC,33,Tamil Nadu,591,Tiruchirappalli,MUSIRI,-,-,Cauvery,Cauvery,-,-,-,Cauvery,10.93805556,78.44027778,02-08-2010 08:00,2.5,"","",""
1442,MUSIRI,CWC,33,Tamil Nadu,591,Tiruchirappalli,MUSIRI,-,-,Cauvery,Cauvery,-,-,-,Cauvery,10.93805556,78.44027778,01-09-2010 09:30,0.8,"","",""
1443,MUSIRI,CWC,33,Tamil Nadu,591,Tiruchirappalli,MUSIRI,-,-,Cauvery,Cauvery,-,-,-,Cauvery,10.93805556,78.44027778,01-10-2010 08:00,0.6,"","",""
1444,MUSIRI,CWC,33,Tamil Nadu,591,Tiruchirappalli,MUSIRI,-,-,Cauvery,Cauvery,-,-,-,Cauvery,10.93805556,78.44027778,01-11-2010 11:00,1,"","",""
1445,MUSIRI,CWC,33,Tamil Nadu,591,Tiruchirappalli,MUSIRI,-,-,Cauvery,Cauvery,-,-,-,Cauvery,10.93805556,78.44027778,01-12-2010 11:00,0.8,"","",""
1446,MUSIRI,CWC,33,Tamil Nadu,591,Tiruchirappalli,MUSIRI,-,-,Cauvery,Cauvery,-,-,-,Cauvery,10.93805556,78.44027778,01-01-2011 09:15,0.8,"","",""
1447,MUSIRI,CWC,33,Tamil Nadu,591,Tiruchirappalli,MUSIRI,-,-,Cauvery,Cauvery,-,-,-,Cauvery,10.93805556,78.44027778,01-02-2011 09:45,0.8,"","",""
1448,MUSIRI,CWC,33,Tamil Nadu,591,Tiruchirappalli,MUSIRI,-,-,Cauvery,Cauvery,-,-,-,Cauvery,10.93805556,78.44027778,01-03-2011 09:15,1.3,"","",""
1449,MUSIRI,CWC,33,Tamil Nadu,591,Tiruchirappalli,MUSIRI,-,-,Cauvery,Cauvery,-,-,-,Cauvery,10.93805556,78.44027778,01-04-2011 08:45,1,"","",""
1450,MUSIRI,CWC,33,Tamil Nadu,591,Tiruchirappalli,MUSIRI,-,-,Cauvery,Cauvery,-,-,-,Cauvery,10.93805556,78.44027778,02-05-2011 08:45,0.9,"","",""
1451,MUSIRI,CWC,33,Tamil Nadu,591,Tiruchirappalli,MUSIRI,-,-,Cauvery,Cauvery,-,-,-,Cauvery,10.93805556,78.44027778,01-06-2011 09:00,1,"","",""
1452,MUSIRI,CWC,33,Tamil Nadu,591,Tiruchirappalli,MUSIRI,-,-,Cauvery,Cauvery,-,-,-,Cauvery,10.93805556,78.44027778,01-07-2011 10:00,2.1,"","",""
1453,MUSIRI,CWC,33,Tamil Nadu,591,Tiruchirappalli,MUSIRI,-,-,Cauvery,Cauvery,-,-,-,Cauvery,10.93805556,78.44027778,01-08-2011 09:00,1,"","",""
1454,MUSIRI,CWC,33,Tamil Nadu,591,Tiruchirappalli,MUSIRI,-,-,Cauvery,Cauvery,-,-,-,Cauvery,10.93805556,78.44027778,02-09-2011 09:00,1.4,"","",""
1455,MUSIRI,CWC,33,Tamil Nadu,591,Tiruchirappalli,MUSIRI,-,-,Cauvery,Cauvery,-,-,-,Cauvery,10.93805556,78.44027778,01-10-2011 10:30,2.6,"","",""
1456,MUSIRI,CWC,33,Tamil Nadu,591,Tiruchirappalli,MUSIRI,-,-,Cauvery,Cauvery,-,-,-,Cauvery,10.93805556,78.44027778,01-11-2011 09:30,1,"","",""
1457,MUSIRI,CWC,33,Tamil Nadu,591,Tiruchirappalli,MUSIRI,-,-,Cauvery,Cauvery,-,-,-,Cauvery,10.93805556,78.44027778,01-12-2011 09:30,1.4,"","",""
1458,MUSIRI,CWC,33,Tamil Nadu,591,Tiruchirappalli,MUSIRI,-,-,Cauvery,Cauvery,-,-,-,Cauvery,10.93805556,78.44027778,02-01-2012 09:30,1,"","",""
1459,MUSIRI,CWC,33,Tamil Nadu,591,Tiruchirappalli,MUSIRI,-,-,Cauvery,Cauvery,-,-,-,Cauvery,10.93805556,78.44027778,01-02-2012 09:00,0.5,"","",""
1460,MUSIRI,CWC,33,Tamil Nadu,591,Tiruchirappalli,MUSIRI,-,-,Cauvery,Cauvery,-,-,-,Cauvery,10.93805556,78.44027778,01-03-2012 09:15,0.8,"","",""
1461,MUSIRI,CWC,33,Tamil Nadu,591,Tiruchirappalli,MUSIRI,-,-,Cauvery,Cauvery,-,-,-,Cauvery,10.93805556,78.44027778,02-04-2012 09:30,1.3,"","",""
1462,MUSIRI,CWC,33,Tamil Nadu,591,Tiruchirappalli,MUSIRI,-,-,Cauvery,Cauvery,-,-,-,Cauvery,10.93805556,78.44027778,01-05-2012 09:30,1.2,"","",""
1463,MUSIRI,CWC,33,Tamil Nadu,591,Tiruchirappalli,MUSIRI,-,-,Cauvery,Cauvery,-,-,-,Cauvery,10.93805556,78.44027778,01-06-2012 09:30,1.3,"","",""
1464,MUSIRI,CWC,33,Tamil Nadu,591,Tiruchirappalli,MUSIRI,-,-,Cauvery,Cauvery,-,-,-,Cauvery,10.93805556,78.44027778,02-07-2012 09:15,2,"","",""
1465,MUSIRI,CWC,33,Tamil Nadu,591,Tiruchirappalli,MUSIRI,-,-,Cauvery,Cauvery,-,-,-,Cauvery,10.93805556,78.44027778,01-08-2012 09:45,1.2,"","",""
1466,MUSIRI,CWC,33,Tamil Nadu,591,Tiruchirappalli,MUSIRI,-,-,Cauvery,Cauvery,-,-,-,Cauvery,10.93805556,78.44027778,01-09-2012 09:45,1.4,"","",""
1467,MUSIRI,CWC,33,Tamil Nadu,591,Tiruchirappalli,MUSIRI,-,-,Cauvery,Cauvery,-,-,-,Cauvery,10.93805556,78.44027778,01-10-2012 09:45,0.8,"","",""
1468,MUSIRI,CWC,33,Tamil Nadu,591,Tiruchirappalli,MUSIRI,-,-,Cauvery,Cauvery,-,-,-,Cauvery,10.93805556,78.44027778,01-11-2012 09:45,1,"","",""
1469,MUSIRI,CWC,33,Tamil Nadu,591,Tiruchirappalli,MUSIRI,-,-,Cauvery,Cauvery,-,-,-,Cauvery,10.93805556,78.44027778,01-12-2012 09:45,1.2,"","",""
1470,MUSIRI,CWC,33,Tamil Nadu,591,Tiruchirappalli,MUSIRI,-,-,Cauvery,Cauvery,-,-,-,Cauvery,10.93805556,78.44027778,01-01-2013 09:45,0.8,"","",""
1471,MUSIRI,CWC,33,Tamil Nadu,591,Tiruchirappalli,MUSIRI,-,-,Cauvery,Cauvery,-,-,-,Cauvery,10.93805556,78.44027778,01-02-2013 09:30,1.2,"","",""
1472,MUSIRI,CWC,33,Tamil Nadu,591,Tiruchirappalli,MUSIRI,-,-,Cauvery,Cauvery,-,-,-,Cauvery,10.93805556,78.44027778,01-03-2013 09:30,1,"","",""
1473,MUSIRI,CWC,33,Tamil Nadu,591,Tiruchirappalli,MUSIRI,-,-,Cauvery,Cauvery,-,-,-,Cauvery,10.93805556,78.44027778,01-04-2013 09:00,2.3,"","",""
1474,MUSIRI,CWC,33,Tamil Nadu,591,Tiruchirappalli,MUSIRI,-,-,Cauvery,Cauvery,-,-,-,Cauvery,10.93805556,78.44027778,01-08-2013 10:00,2.1,"","",""
1475,MUSIRI,CWC,33,Tamil Nadu,591,Tiruchirappalli,MUSIRI,-,-,Cauvery,Cauvery,-,-,-,Cauvery,10.93805556,78.44027778,02-09-2013 09:45,2.7,"","",""
1476,MUSIRI,CWC,33,Tamil Nadu,591,Tiruchirappalli,MUSIRI,-,-,Cauvery,Cauvery,-,-,-,Cauvery,10.93805556,78.44027778,01-10-2013 09:30,2.4,"","",""
1477,MUSIRI,CWC,33,Tamil Nadu,591,Tiruchirappalli,MUSIRI,-,-,Cauvery,Cauvery,-,-,-,Cauvery,10.93805556,78.44027778,01-11-2013 09:45,3.7,"","",""
1478,MUSIRI,CWC,33,Tamil Nadu,591,Tiruchirappalli,MUSIRI,-,-,Cauvery,Cauvery,-,-,-,Cauvery,10.93805556,78.44027778,02-12-2013 09:30,2.7,"","",""
1479,MUSIRI,CWC,33,Tamil Nadu,591,Tiruchirappalli,MUSIRI,-,-,Cauvery,Cauvery,-,-,-,Cauvery,10.93805556,78.44027778,01-01-2014 09:45,1.8,"","",""
1480,MUSIRI,CWC,33,Tamil Nadu,591,Tiruchirappalli,MUSIRI,-,-,Cauvery,Cauvery,-,-,-,Cauvery,10.93805556,78.44027778,01-02-2014 09:00,3,"","",""
1481,MUSIRI,CWC,33,Tamil Nadu,591,Tiruchirappalli,MUSIRI,-,-,Cauvery,Cauvery,-,-,-,Cauvery,10.93805556,78.44027778,01-03-2014 09:00,1.4,"","",""
1482,MUSIRI,CWC,33,Tamil Nadu,591,Tiruchirappalli,MUSIRI,-,-,Cauvery,Cauvery,-,-,-,Cauvery,10.93805556,78.44027778,01-04-2014 09:30,3,"","",""
1483,MUSIRI,CWC,33,Tamil Nadu,591,Tiruchirappalli,MUSIRI,-,-,Cauvery,Cauvery,-,-,-,Cauvery,10.93805556,78.44027778,01-05-2014 09:30,0.6,"","",""
1484,MUSIRI,CWC,33,Tamil Nadu,591,Tiruchirappalli,MUSIRI,-,-,Cauvery,Cauvery,-,-,-,Cauvery,10.93805556,78.44027778,02-06-2014 09:00,1.9,"","",""
1485,MUSIRI,CWC,33,Tamil Nadu,591,Tiruchirappalli,MUSIRI,-,-,Cauvery,Cauvery,-,-,-,Cauvery,10.93805556,78.44027778,01-08-2014 09:30,6.4,"","",""
1486,MUSIRI,CWC,33,Tamil Nadu,591,Tiruchirappalli,MUSIRI,-,-,Cauvery,Cauvery,-,-,-,Cauvery,10.93805556,78.44027778,01-09-2014 10:00,1.7,"","",""
1487,MUSIRI,CWC,33,Tamil Nadu,591,Tiruchirappalli,MUSIRI,-,-,Cauvery,Cauvery,-,-,-,Cauvery,10.93805556,78.44027778,01-10-2014 10:00,0.4,"","",""
1488,MUSIRI,CWC,33,Tamil Nadu,591,Tiruchirappalli,MUSIRI,-,-,Cauvery,Cauvery,-,-,-,Cauvery,10.93805556,78.44027778,01-11-2014 08:30,1,"","",""
1489,MUSIRI,CWC,33,Tamil Nadu,591,Tiruchirappalli,MUSIRI,-,-,Cauvery,Cauvery,-,-,-,Cauvery,10.93805556,78.44027778,01-12-2014 09:30,1.36,"","",""
1490,MUSIRI,CWC,33,Tamil Nadu,591,Tiruchirappalli,MUSIRI,-,-,Cauvery,Cauvery,-,-,-,Cauvery,10.93805556,78.44027778,01-01-2015 09:03,1.63,"","",""
1491,MUSIRI,CWC,33,Tamil Nadu,591,Tiruchirappalli,MUSIRI,-,-,Cauvery,Cauvery,-,-,-,Cauvery,10.93805556,78.44027778,02-02-2015 09:45,2,"","",""
1492,MUSIRI,CWC,33,Tamil Nadu,591,Tiruchirappalli,MUSIRI,-,-,Cauvery,Cauvery,-,-,-,Cauvery,10.93805556,78.44027778,02-03-2015 09:30,1.4,"","",""
1493,MUSIRI,CWC,33,Tamil Nadu,591,Tiruchirappalli,MUSIRI,-,-,Cauvery,Cauvery,-,-,-,Cauvery,10.93805556,78.44027778,01-04-2015 09:30,3.35,"","",""
1494,MUSIRI,CWC,33,Tamil Nadu,591,Tiruchirappalli,MUSIRI,-,-,Cauvery,Cauvery,-,-,-,Cauvery,10.93805556,78.44027778,01-05-2015 09:45,5.31,"","",""
1495,MUSIRI,CWC,33,Tamil Nadu,591,Tiruchirappalli,MUSIRI,-,-,Cauvery,Cauvery,-,-,-,Cauvery,10.93805556,78.44027778,01-06-2015 09:30,2,"","",""
1496,MUSIRI,CWC,33,Tamil Nadu,591,Tiruchirappalli,MUSIRI,-,-,Cauvery,Cauvery,-,-,-,Cauvery,10.93805556,78.44027778,01-07-2015 10:00,1.44,"","",""
1497,MUSIRI,CWC,33,Tamil Nadu,591,Tiruchirappalli,MUSIRI,-,-,Cauvery,Cauvery,-,-,-,Cauvery,10.93805556,78.44027778,01-08-2015 09:30,3.5,"","",""
1498,MUSIRI,CWC,33,Tamil Nadu,591,Tiruchirappalli,MUSIRI,-,-,Cauvery,Cauvery,-,-,-,Cauvery,10.93805556,78.44027778,01-09-2015 10:00,2.43,"","",""
1499,MUSIRI,CWC,33,Tamil Nadu,591,Tiruchirappalli,MUSIRI,-,-,Cauvery,Cauvery,-,-,-,Cauvery,10.93805556,78.44027778,01-10-2015 09:30,1.36,"","",""
1500,MUSIRI,CWC,33,Tamil Nadu,591,Tiruchirappalli,MUSIRI,-,-,Cauvery,Cauvery,-,-,-,Cauvery,10.93805556,78.44027778,02-11-2015 09:30,1.52,"","",""
1501,MUSIRI,CWC,33,Tamil Nadu,591,Tiruchirappalli,MUSIRI,-,-,Cauvery,Cauvery,-,-,-,Cauvery,10.93805556,78.44027778,01-12-2015 09:30,1.53,"","",""
1502,MUSIRI,CWC,33,Tamil Nadu,591,Tiruchirappalli,MUSIRI,-,-,Cauvery,Cauvery,-,-,-,Cauvery,10.93805556,78.44027778,01-01-2016 10:00,1.7,"","",""
1503,MUSIRI,CWC,33,Tamil Nadu,591,Tiruchirappalli,MUSIRI,-,-,Cauvery,Cauvery,-,-,-,Cauvery,10.93805556,78.44027778,01-02-2016 10:00,3.2,"","",""
1504,MUSIRI,CWC,33,Tamil Nadu,591,Tiruchirappalli,MUSIRI,-,-,Cauvery,Cauvery,-,-,-,Cauvery,10.93805556,78.44027778,01-03-2016 09:30,1.16,"","",""
1505,MUSIRI,CWC,33,Tamil Nadu,591,Tiruchirappalli,MUSIRI,-,-,Cauvery,Cauvery,-,-,-,Cauvery,10.93805556,78.44027778,01-04-2016 09:30,1.96,"","",""
1506,MUSIRI,CWC,33,Tamil Nadu,591,Tiruchirappalli,MUSIRI,-,-,Cauvery,Cauvery,-,-,-,Cauvery,10.93805556,78.44027778,02-05-2016 09:30,1.88,"","",""
1507,MUSIRI,CWC,33,Tamil Nadu,591,Tiruchirappalli,MUSIRI,-,-,Cauvery,Cauvery,-,-,-,Cauvery,10.93805556,78.44027778,01-06-2016 10:00,2.09,"","",""
1508,MUSIRI,CWC,33,Tamil Nadu,591,Tiruchirappalli,MUSIRI,-,-,Cauvery,Cauvery,-,-,-,Cauvery,10.93805556,78.44027778,01-07-2016 10:00,2.28,"","",""
1509,MUSIRI,CWC,33,Tamil Nadu,591,Tiruchirappalli,MUSIRI,-,-,Cauvery,Cauvery,-,-,-,Cauvery,10.93805556,78.44027778,01-08-2016 11:00,3.47,"","",""
1510,MUSIRI,CWC,33,Tamil Nadu,591,Tiruchirappalli,MUSIRI,-,-,Cauvery,Cauvery,-,-,-,Cauvery,10.93805556,78.44027778,01-09-2016 10:00,3.29,"","",""
1511,MUSIRI,CWC,33,Tamil Nadu,591,Tiruchirappalli,MUSIRI,-,-,Cauvery,Cauvery,-,-,-,Cauvery,10.93805556,78.44027778,01-10-2016 11:00,3.64,"","",""
1512,MUSIRI,CWC,33,Tamil Nadu,591,Tiruchirappalli,MUSIRI,-,-,Cauvery,Cauvery,-,-,-,Cauvery,10.93805556,78.44027778,01-11-2016 11:00,2.09,"","",""
1513,MUSIRI,CWC,33,Tamil Nadu,591,Tiruchirappalli,MUSIRI,-,-,Cauvery,Cauvery,-,-,-,Cauvery,10.93805556,78.44027778,01-12-2016 10:30,0.95,"","",""
1514,MUSIRI,CWC,33,Tamil Nadu,591,Tiruchirappalli,MUSIRI,-,-,Cauvery,Cauvery,-,-,-,Cauvery,10.93805556,78.44027778,02-01-2017 10:00,1.49,"","",""
1515,MUSIRI,CWC,33,Tamil Nadu,591,Tiruchirappalli,MUSIRI,-,-,Cauvery,Cauvery,-,-,-,Cauvery,10.93805556,78.44027778,01-02-2017 10:30,0.76,"","",""
1516,NALLAMARANPATTY,CWC,33,Tamil Nadu,576,Karur,ARAVAKURICHI,-,-,Cauvery,Cauvery,Amaravathi,-,-,Amaravathi,10.88083333,77.98472222,01-11-2002 09:00,2,"","",""
1517,NALLAMARANPATTY,CWC,33,Tamil Nadu,576,Karur,ARAVAKURICHI,-,-,Cauvery,Cauvery,Amaravathi,-,-,Amaravathi,10.88083333,77.98472222,11-12-2002 09:30,2,"","",""
1518,NALLAMARANPATTY,CWC,33,Tamil Nadu,576,Karur,ARAVAKURICHI,-,-,Cauvery,Cauvery,Amaravathi,-,-,Amaravathi,10.88083333,77.98472222,03-07-2004 08:45,2.8,"","",""
1519,NALLAMARANPATTY,CWC,33,Tamil Nadu,576,Karur,ARAVAKURICHI,-,-,Cauvery,Cauvery,Amaravathi,-,-,Amaravathi,10.88083333,77.98472222,01-11-2004 10:15,1.4,"","",""
1520,NALLAMARANPATTY,CWC,33,Tamil Nadu,576,Karur,ARAVAKURICHI,-,-,Cauvery,Cauvery,Amaravathi,-,-,Amaravathi,10.88083333,77.98472222,01-12-2004 09:00,0.4,"","",""
1521,NALLAMARANPATTY,CWC,33,Tamil Nadu,576,Karur,ARAVAKURICHI,-,-,Cauvery,Cauvery,Amaravathi,-,-,Amaravathi,10.88083333,77.98472222,01-01-2005 08:30,0.4,"","",""
1522,NALLAMARANPATTY,CWC,33,Tamil Nadu,576,Karur,ARAVAKURICHI,-,-,Cauvery,Cauvery,Amaravathi,-,-,Amaravathi,10.88083333,77.98472222,01-02-2005 08:30,3.4,"","",""
1523,NALLAMARANPATTY,CWC,33,Tamil Nadu,576,Karur,ARAVAKURICHI,-,-,Cauvery,Cauvery,Amaravathi,-,-,Amaravathi,10.88083333,77.98472222,01-09-2005 08:30,2,"","",""
1524,NALLAMARANPATTY,CWC,33,Tamil Nadu,576,Karur,ARAVAKURICHI,-,-,Cauvery,Cauvery,Amaravathi,-,-,Amaravathi,10.88083333,77.98472222,04-10-2005 08:30,2,"","",""
1525,NALLAMARANPATTY,CWC,33,Tamil Nadu,576,Karur,ARAVAKURICHI,-,-,Cauvery,Cauvery,Amaravathi,-,-,Amaravathi,10.88083333,77.98472222,03-11-2005 09:00,2.6,"","",""
1526,NALLAMARANPATTY,CWC,33,Tamil Nadu,576,Karur,ARAVAKURICHI,-,-,Cauvery,Cauvery,Amaravathi,-,-,Amaravathi,10.88083333,77.98472222,01-12-2005 09:30,1.9,"","",""
1527,NALLAMARANPATTY,CWC,33,Tamil Nadu,576,Karur,ARAVAKURICHI,-,-,Cauvery,Cauvery,Amaravathi,-,-,Amaravathi,10.88083333,77.98472222,02-01-2006 09:00,2.4,"","",""
1528,NALLAMARANPATTY,CWC,33,Tamil Nadu,576,Karur,ARAVAKURICHI,-,-,Cauvery,Cauvery,Amaravathi,-,-,Amaravathi,10.88083333,77.98472222,01-02-2006 09:00,1.5,"","",""
1529,NALLAMARANPATTY,CWC,33,Tamil Nadu,576,Karur,ARAVAKURICHI,-,-,Cauvery,Cauvery,Amaravathi,-,-,Amaravathi,10.88083333,77.98472222,01-12-2006 10:00,2.2,"","",""
1530,NALLAMARANPATTY,CWC,33,Tamil Nadu,576,Karur,ARAVAKURICHI,-,-,Cauvery,Cauvery,Amaravathi,-,-,Amaravathi,10.88083333,77.98472222,01-11-2007 09:00,3,"","",""
1531,NALLAMARANPATTY,CWC,33,Tamil Nadu,576,Karur,ARAVAKURICHI,-,-,Cauvery,Cauvery,Amaravathi,-,-,Amaravathi,10.88083333,77.98472222,01-01-2008 08:30,1.7,"","",""
1532,NALLAMARANPATTY,CWC,33,Tamil Nadu,576,Karur,ARAVAKURICHI,-,-,Cauvery,Cauvery,Amaravathi,-,-,Amaravathi,10.88083333,77.98472222,01-02-2008 08:30,0.7,"","",""
1533,NALLAMARANPATTY,CWC,33,Tamil Nadu,576,Karur,ARAVAKURICHI,-,-,Cauvery,Cauvery,Amaravathi,-,-,Amaravathi,10.88083333,77.98472222,01-04-2008 08:30,0.8,"","",""
1534,NALLAMARANPATTY,CWC,33,Tamil Nadu,576,Karur,ARAVAKURICHI,-,-,Cauvery,Cauvery,Amaravathi,-,-,Amaravathi,10.88083333,77.98472222,02-06-2008 08:00,1.8,"","",""
1535,NALLAMARANPATTY,CWC,33,Tamil Nadu,576,Karur,ARAVAKURICHI,-,-,Cauvery,Cauvery,Amaravathi,-,-,Amaravathi,10.88083333,77.98472222,01-12-2008 08:00,1.2,"","",""
1536,NALLAMARANPATTY,CWC,33,Tamil Nadu,576,Karur,ARAVAKURICHI,-,-,Cauvery,Cauvery,Amaravathi,-,-,Amaravathi,10.88083333,77.98472222,01-01-2009 08:00,1,"","",""
1537,NALLAMARANPATTY,CWC,33,Tamil Nadu,576,Karur,ARAVAKURICHI,-,-,Cauvery,Cauvery,Amaravathi,-,-,Amaravathi,10.88083333,77.98472222,02-02-2009 08:00,1,"","",""
1538,NALLAMARANPATTY,CWC,33,Tamil Nadu,576,Karur,ARAVAKURICHI,-,-,Cauvery,Cauvery,Amaravathi,-,-,Amaravathi,10.88083333,77.98472222,01-12-2009 09:00,0.1,"","",""
1539,NALLAMARANPATTY,CWC,33,Tamil Nadu,576,Karur,ARAVAKURICHI,-,-,Cauvery,Cauvery,Amaravathi,-,-,Amaravathi,10.88083333,77.98472222,01-01-2010 08:30,2.4,"","",""
1540,NALLAMARANPATTY,CWC,33,Tamil Nadu,576,Karur,ARAVAKURICHI,-,-,Cauvery,Cauvery,Amaravathi,-,-,Amaravathi,10.88083333,77.98472222,01-02-2010 09:00,1.4,"","",""
1541,NALLAMARANPATTY,CWC,33,Tamil Nadu,576,Karur,ARAVAKURICHI,-,-,Cauvery,Cauvery,Amaravathi,-,-,Amaravathi,10.88083333,77.98472222,01-11-2010 09:00,1.6,"","",""
1542,NALLAMARANPATTY,CWC,33,Tamil Nadu,576,Karur,ARAVAKURICHI,-,-,Cauvery,Cauvery,Amaravathi,-,-,Amaravathi,10.88083333,77.98472222,01-12-2010 09:00,1.7,"","",""
1543,NALLAMARANPATTY,CWC,33,Tamil Nadu,576,Karur,ARAVAKURICHI,-,-,Cauvery,Cauvery,Amaravathi,-,-,Amaravathi,10.88083333,77.98472222,01-01-2011 09:00,0.8,"","",""
1544,NALLAMARANPATTY,CWC,33,Tamil Nadu,576,Karur,ARAVAKURICHI,-,-,Cauvery,Cauvery,Amaravathi,-,-,Amaravathi,10.88083333,77.98472222,01-02-2011 09:00,1,"","",""
1545,NALLAMARANPATTY,CWC,33,Tamil Nadu,576,Karur,ARAVAKURICHI,-,-,Cauvery,Cauvery,Amaravathi,-,-,Amaravathi,10.88083333,77.98472222,01-11-2011 09:30,1.8,"","",""
1546,NALLAMARANPATTY,CWC,33,Tamil Nadu,576,Karur,ARAVAKURICHI,-,-,Cauvery,Cauvery,Amaravathi,-,-,Amaravathi,10.88083333,77.98472222,01-12-2011 09:30,1.1,"","",""
1547,NALLAMARANPATTY,CWC,33,Tamil Nadu,576,Karur,ARAVAKURICHI,-,-,Cauvery,Cauvery,Amaravathi,-,-,Amaravathi,10.88083333,77.98472222,03-01-2012 09:30,1.8,"","",""
1548,NALLAMARANPATTY,CWC,33,Tamil Nadu,576,Karur,ARAVAKURICHI,-,-,Cauvery,Cauvery,Amaravathi,-,-,Amaravathi,10.88083333,77.98472222,01-02-2012 09:30,1.9,"","",""
1549,NALLAMARANPATTY,CWC,33,Tamil Nadu,576,Karur,ARAVAKURICHI,-,-,Cauvery,Cauvery,Amaravathi,-,-,Amaravathi,10.88083333,77.98472222,14-10-2013 09:00,4.3,"","",""
1550,NALLAMARANPATTY,CWC,33,Tamil Nadu,576,Karur,ARAVAKURICHI,-,-,Cauvery,Cauvery,Amaravathi,-,-,Amaravathi,10.88083333,77.98472222,01-10-2014 09:00,1.4,"","",""
1551,NALLAMARANPATTY,CWC,33,Tamil Nadu,576,Karur,ARAVAKURICHI,-,-,Cauvery,Cauvery,Amaravathi,-,-,Amaravathi,10.88083333,77.98472222,01-11-2014 10:00,1.72,"","",""
1552,NALLAMARANPATTY,CWC,33,Tamil Nadu,576,Karur,ARAVAKURICHI,-,-,Cauvery,Cauvery,Amaravathi,-,-,Amaravathi,10.88083333,77.98472222,01-12-2014 10:00,3.5,"","",""
1553,NALLAMARANPATTY,CWC,33,Tamil Nadu,576,Karur,ARAVAKURICHI,-,-,Cauvery,Cauvery,Amaravathi,-,-,Amaravathi,10.88083333,77.98472222,02-02-2015 09:30,2.6,"","",""
1554,NALLAMARANPATTY,CWC,33,Tamil Nadu,576,Karur,ARAVAKURICHI,-,-,Cauvery,Cauvery,Amaravathi,-,-,Amaravathi,10.88083333,77.98472222,01-10-2015 10:00,3.7,"","",""
1555,NALLAMARANPATTY,CWC,33,Tamil Nadu,576,Karur,ARAVAKURICHI,-,-,Cauvery,Cauvery,Amaravathi,-,-,Amaravathi,10.88083333,77.98472222,21-12-2015 10:00,5.72,"","",""
1556,NELLITHURAI,CWC,33,Tamil Nadu,569,Coimbatore,Mettupalayam,-,-,Cauvery,Cauvery,Bhavani,-,-,Bhavani,11.28777778,76.89111111,01-06-2001 08:30,0.6,"","",""
1557,NELLITHURAI,CWC,33,Tamil Nadu,569,Coimbatore,Mettupalayam,-,-,Cauvery,Cauvery,Bhavani,-,-,Bhavani,11.28777778,76.89111111,03-07-2001 08:30,0.3,"","",""
1558,NELLITHURAI,CWC,33,Tamil Nadu,569,Coimbatore,Mettupalayam,-,-,Cauvery,Cauvery,Bhavani,-,-,Bhavani,11.28777778,76.89111111,01-08-2001 08:30,0.6,"","",""
1559,NELLITHURAI,CWC,33,Tamil Nadu,569,Coimbatore,Mettupalayam,-,-,Cauvery,Cauvery,Bhavani,-,-,Bhavani,11.28777778,76.89111111,03-09-2001 08:30,0.7,"","",""
1560,NELLITHURAI,CWC,33,Tamil Nadu,569,Coimbatore,Mettupalayam,-,-,Cauvery,Cauvery,Bhavani,-,-,Bhavani,11.28777778,76.89111111,01-10-2001 08:30,0.9,"","",""
1561,NELLITHURAI,CWC,33,Tamil Nadu,569,Coimbatore,Mettupalayam,-,-,Cauvery,Cauvery,Bhavani,-,-,Bhavani,11.28777778,76.89111111,01-11-2001 08:30,1,"","",""
1562,NELLITHURAI,CWC,33,Tamil Nadu,569,Coimbatore,Mettupalayam,-,-,Cauvery,Cauvery,Bhavani,-,-,Bhavani,11.28777778,76.89111111,01-12-2001 08:30,1,"","",""
1563,NELLITHURAI,CWC,33,Tamil Nadu,569,Coimbatore,Mettupalayam,-,-,Cauvery,Cauvery,Bhavani,-,-,Bhavani,11.28777778,76.89111111,01-01-2002 08:30,0.6,"","",""
1564,NELLITHURAI,CWC,33,Tamil Nadu,569,Coimbatore,Mettupalayam,-,-,Cauvery,Cauvery,Bhavani,-,-,Bhavani,11.28777778,76.89111111,01-02-2002 08:30,0.8,"","",""
1565,NELLITHURAI,CWC,33,Tamil Nadu,569,Coimbatore,Mettupalayam,-,-,Cauvery,Cauvery,Bhavani,-,-,Bhavani,11.28777778,76.89111111,01-03-2002 08:30,0.4,"","",""
1566,NELLITHURAI,CWC,33,Tamil Nadu,569,Coimbatore,Mettupalayam,-,-,Cauvery,Cauvery,Bhavani,-,-,Bhavani,11.28777778,76.89111111,01-04-2002 08:30,0.7,"","",""
1567,NELLITHURAI,CWC,33,Tamil Nadu,569,Coimbatore,Mettupalayam,-,-,Cauvery,Cauvery,Bhavani,-,-,Bhavani,11.28777778,76.89111111,01-05-2002 08:30,0.7,"","",""
1568,NELLITHURAI,CWC,33,Tamil Nadu,569,Coimbatore,Mettupalayam,-,-,Cauvery,Cauvery,Bhavani,-,-,Bhavani,11.28777778,76.89111111,01-06-2002 08:30,1.3,"","",""
1569,NELLITHURAI,CWC,33,Tamil Nadu,569,Coimbatore,Mettupalayam,-,-,Cauvery,Cauvery,Bhavani,-,-,Bhavani,11.28777778,76.89111111,01-07-2002 08:30,0.2,"","",""
1570,NELLITHURAI,CWC,33,Tamil Nadu,569,Coimbatore,Mettupalayam,-,-,Cauvery,Cauvery,Bhavani,-,-,Bhavani,11.28777778,76.89111111,01-08-2002 08:30,0.6,"","",""
1571,NELLITHURAI,CWC,33,Tamil Nadu,569,Coimbatore,Mettupalayam,-,-,Cauvery,Cauvery,Bhavani,-,-,Bhavani,11.28777778,76.89111111,02-09-2002 08:30,0.4,"","",""
1572,NELLITHURAI,CWC,33,Tamil Nadu,569,Coimbatore,Mettupalayam,-,-,Cauvery,Cauvery,Bhavani,-,-,Bhavani,11.28777778,76.89111111,01-10-2002 08:30,0.6,"","",""
1573,NELLITHURAI,CWC,33,Tamil Nadu,569,Coimbatore,Mettupalayam,-,-,Cauvery,Cauvery,Bhavani,-,-,Bhavani,11.28777778,76.89111111,01-11-2002 08:30,0.7,"","",""
1574,NELLITHURAI,CWC,33,Tamil Nadu,569,Coimbatore,Mettupalayam,-,-,Cauvery,Cauvery,Bhavani,-,-,Bhavani,11.28777778,76.89111111,02-12-2002 08:30,0.4,"","",""
1575,NELLITHURAI,CWC,33,Tamil Nadu,569,Coimbatore,Mettupalayam,-,-,Cauvery,Cauvery,Bhavani,-,-,Bhavani,11.28777778,76.89111111,01-01-2003 08:30,0.7,"","",""
1576,NELLITHURAI,CWC,33,Tamil Nadu,569,Coimbatore,Mettupalayam,-,-,Cauvery,Cauvery,Bhavani,-,-,Bhavani,11.28777778,76.89111111,01-02-2003 08:30,1.1,"","",""
1577,NELLITHURAI,CWC,33,Tamil Nadu,569,Coimbatore,Mettupalayam,-,-,Cauvery,Cauvery,Bhavani,-,-,Bhavani,11.28777778,76.89111111,01-03-2003 08:30,0.7,"","",""
1578,NELLITHURAI,CWC,33,Tamil Nadu,569,Coimbatore,Mettupalayam,-,-,Cauvery,Cauvery,Bhavani,-,-,Bhavani,11.28777778,76.89111111,01-04-2003 08:30,1.2,"","",""
1579,NELLITHURAI,CWC,33,Tamil Nadu,569,Coimbatore,Mettupalayam,-,-,Cauvery,Cauvery,Bhavani,-,-,Bhavani,11.28777778,76.89111111,01-05-2003 08:30,0.8,"","",""
1580,NELLITHURAI,CWC,33,Tamil Nadu,569,Coimbatore,Mettupalayam,-,-,Cauvery,Cauvery,Bhavani,-,-,Bhavani,11.28777778,76.89111111,02-06-2003 08:30,1.2,"","",""
1581,NELLITHURAI,CWC,33,Tamil Nadu,569,Coimbatore,Mettupalayam,-,-,Cauvery,Cauvery,Bhavani,-,-,Bhavani,11.28777778,76.89111111,01-07-2003 08:45,0.6,"","",""
1582,NELLITHURAI,CWC,33,Tamil Nadu,569,Coimbatore,Mettupalayam,-,-,Cauvery,Cauvery,Bhavani,-,-,Bhavani,11.28777778,76.89111111,01-08-2003 08:45,0.6,"","",""
1583,NELLITHURAI,CWC,33,Tamil Nadu,569,Coimbatore,Mettupalayam,-,-,Cauvery,Cauvery,Bhavani,-,-,Bhavani,11.28777778,76.89111111,01-09-2003 08:30,0.3,"","",""
1584,NELLITHURAI,CWC,33,Tamil Nadu,569,Coimbatore,Mettupalayam,-,-,Cauvery,Cauvery,Bhavani,-,-,Bhavani,11.28777778,76.89111111,01-10-2003 08:35,0.7,"","",""
1585,NELLITHURAI,CWC,33,Tamil Nadu,569,Coimbatore,Mettupalayam,-,-,Cauvery,Cauvery,Bhavani,-,-,Bhavani,11.28777778,76.89111111,01-11-2003 08:40,0.9,"","",""
1586,NELLITHURAI,CWC,33,Tamil Nadu,569,Coimbatore,Mettupalayam,-,-,Cauvery,Cauvery,Bhavani,-,-,Bhavani,11.28777778,76.89111111,01-12-2003 08:30,0.5,"","",""
1587,NELLITHURAI,CWC,33,Tamil Nadu,569,Coimbatore,Mettupalayam,-,-,Cauvery,Cauvery,Bhavani,-,-,Bhavani,11.28777778,76.89111111,01-01-2004 08:30,1,"","",""
1588,NELLITHURAI,CWC,33,Tamil Nadu,569,Coimbatore,Mettupalayam,-,-,Cauvery,Cauvery,Bhavani,-,-,Bhavani,11.28777778,76.89111111,03-02-2004 08:30,0.4,"","",""
1589,NELLITHURAI,CWC,33,Tamil Nadu,569,Coimbatore,Mettupalayam,-,-,Cauvery,Cauvery,Bhavani,-,-,Bhavani,11.28777778,76.89111111,01-03-2004 08:45,1,"","",""
1590,NELLITHURAI,CWC,33,Tamil Nadu,569,Coimbatore,Mettupalayam,-,-,Cauvery,Cauvery,Bhavani,-,-,Bhavani,11.28777778,76.89111111,01-04-2004 08:40,0.8,"","",""
1591,NELLITHURAI,CWC,33,Tamil Nadu,569,Coimbatore,Mettupalayam,-,-,Cauvery,Cauvery,Bhavani,-,-,Bhavani,11.28777778,76.89111111,01-05-2004 08:40,2,"","",""
1592,NELLITHURAI,CWC,33,Tamil Nadu,569,Coimbatore,Mettupalayam,-,-,Cauvery,Cauvery,Bhavani,-,-,Bhavani,11.28777778,76.89111111,01-06-2004 08:40,0.2,"","",""
1593,NELLITHURAI,CWC,33,Tamil Nadu,569,Coimbatore,Mettupalayam,-,-,Cauvery,Cauvery,Bhavani,-,-,Bhavani,11.28777778,76.89111111,01-07-2004 08:40,0.5,"","",""
1594,NELLITHURAI,CWC,33,Tamil Nadu,569,Coimbatore,Mettupalayam,-,-,Cauvery,Cauvery,Bhavani,-,-,Bhavani,11.28777778,76.89111111,02-08-2004 08:45,0.7,"","",""
1595,NELLITHURAI,CWC,33,Tamil Nadu,569,Coimbatore,Mettupalayam,-,-,Cauvery,Cauvery,Bhavani,-,-,Bhavani,11.28777778,76.89111111,01-09-2004 08:40,1.4,"","",""
1596,NELLITHURAI,CWC,33,Tamil Nadu,569,Coimbatore,Mettupalayam,-,-,Cauvery,Cauvery,Bhavani,-,-,Bhavani,11.28777778,76.89111111,01-10-2004 08:40,1.1,"","",""
1597,NELLITHURAI,CWC,33,Tamil Nadu,569,Coimbatore,Mettupalayam,-,-,Cauvery,Cauvery,Bhavani,-,-,Bhavani,11.28777778,76.89111111,01-11-2004 09:45,1.3,"","",""
1598,NELLITHURAI,CWC,33,Tamil Nadu,569,Coimbatore,Mettupalayam,-,-,Cauvery,Cauvery,Bhavani,-,-,Bhavani,11.28777778,76.89111111,01-12-2004 08:45,0.2,"","",""
1599,NELLITHURAI,CWC,33,Tamil Nadu,569,Coimbatore,Mettupalayam,-,-,Cauvery,Cauvery,Bhavani,-,-,Bhavani,11.28777778,76.89111111,01-01-2005 08:35,0.1,"","",""
1600,NELLITHURAI,CWC,33,Tamil Nadu,569,Coimbatore,Mettupalayam,-,-,Cauvery,Cauvery,Bhavani,-,-,Bhavani,11.28777778,76.89111111,01-02-2005 08:30,1,"","",""
1601,NELLITHURAI,CWC,33,Tamil Nadu,569,Coimbatore,Mettupalayam,-,-,Cauvery,Cauvery,Bhavani,-,-,Bhavani,11.28777778,76.89111111,01-03-2005 08:35,1,"","",""
1602,NELLITHURAI,CWC,33,Tamil Nadu,569,Coimbatore,Mettupalayam,-,-,Cauvery,Cauvery,Bhavani,-,-,Bhavani,11.28777778,76.89111111,01-04-2005 08:30,0.2,"","",""
1603,NELLITHURAI,CWC,33,Tamil Nadu,569,Coimbatore,Mettupalayam,-,-,Cauvery,Cauvery,Bhavani,-,-,Bhavani,11.28777778,76.89111111,02-05-2005 08:35,0.7,"","",""
1604,NELLITHURAI,CWC,33,Tamil Nadu,569,Coimbatore,Mettupalayam,-,-,Cauvery,Cauvery,Bhavani,-,-,Bhavani,11.28777778,76.89111111,01-06-2005 08:35,1.3,"","",""
1605,NELLITHURAI,CWC,33,Tamil Nadu,569,Coimbatore,Mettupalayam,-,-,Cauvery,Cauvery,Bhavani,-,-,Bhavani,11.28777778,76.89111111,01-07-2005 08:30,1.1,"","",""
1606,NELLITHURAI,CWC,33,Tamil Nadu,569,Coimbatore,Mettupalayam,-,-,Cauvery,Cauvery,Bhavani,-,-,Bhavani,11.28777778,76.89111111,01-08-2005 10:00,0.6,"","",""
1607,NELLITHURAI,CWC,33,Tamil Nadu,569,Coimbatore,Mettupalayam,-,-,Cauvery,Cauvery,Bhavani,-,-,Bhavani,11.28777778,76.89111111,01-09-2005 08:30,0.8,"","",""
1608,NELLITHURAI,CWC,33,Tamil Nadu,569,Coimbatore,Mettupalayam,-,-,Cauvery,Cauvery,Bhavani,-,-,Bhavani,11.28777778,76.89111111,01-10-2005 09:30,0.8,"","",""
1609,NELLITHURAI,CWC,33,Tamil Nadu,569,Coimbatore,Mettupalayam,-,-,Cauvery,Cauvery,Bhavani,-,-,Bhavani,11.28777778,76.89111111,02-11-2005 09:00,0.9,"","",""
1610,NELLITHURAI,CWC,33,Tamil Nadu,569,Coimbatore,Mettupalayam,-,-,Cauvery,Cauvery,Bhavani,-,-,Bhavani,11.28777778,76.89111111,01-12-2005 09:10,2.7,"","",""
1611,NELLITHURAI,CWC,33,Tamil Nadu,569,Coimbatore,Mettupalayam,-,-,Cauvery,Cauvery,Bhavani,-,-,Bhavani,11.28777778,76.89111111,02-01-2006 09:00,0.3,"","",""
1612,NELLITHURAI,CWC,33,Tamil Nadu,569,Coimbatore,Mettupalayam,-,-,Cauvery,Cauvery,Bhavani,-,-,Bhavani,11.28777778,76.89111111,01-02-2006 09:10,0.3,"","",""
1613,NELLITHURAI,CWC,33,Tamil Nadu,569,Coimbatore,Mettupalayam,-,-,Cauvery,Cauvery,Bhavani,-,-,Bhavani,11.28777778,76.89111111,01-03-2006 09:00,0.5,"","",""
1614,NELLITHURAI,CWC,33,Tamil Nadu,569,Coimbatore,Mettupalayam,-,-,Cauvery,Cauvery,Bhavani,-,-,Bhavani,11.28777778,76.89111111,01-04-2006 09:10,1.8,"","",""
1615,NELLITHURAI,CWC,33,Tamil Nadu,569,Coimbatore,Mettupalayam,-,-,Cauvery,Cauvery,Bhavani,-,-,Bhavani,11.28777778,76.89111111,01-05-2006 09:00,0.5,"","",""
1616,NELLITHURAI,CWC,33,Tamil Nadu,569,Coimbatore,Mettupalayam,-,-,Cauvery,Cauvery,Bhavani,-,-,Bhavani,11.28777778,76.89111111,01-06-2006 09:30,0.5,"","",""
1617,NELLITHURAI,CWC,33,Tamil Nadu,569,Coimbatore,Mettupalayam,-,-,Cauvery,Cauvery,Bhavani,-,-,Bhavani,11.28777778,76.89111111,01-07-2006 09:30,1.6,"","",""
1618,NELLITHURAI,CWC,33,Tamil Nadu,569,Coimbatore,Mettupalayam,-,-,Cauvery,Cauvery,Bhavani,-,-,Bhavani,11.28777778,76.89111111,01-08-2006 08:30,1.2,"","",""
1619,NELLITHURAI,CWC,33,Tamil Nadu,569,Coimbatore,Mettupalayam,-,-,Cauvery,Cauvery,Bhavani,-,-,Bhavani,11.28777778,76.89111111,01-09-2006 08:30,0.5,"","",""
1620,NELLITHURAI,CWC,33,Tamil Nadu,569,Coimbatore,Mettupalayam,-,-,Cauvery,Cauvery,Bhavani,-,-,Bhavani,11.28777778,76.89111111,03-10-2006 10:15,1.1,"","",""
1621,NELLITHURAI,CWC,33,Tamil Nadu,569,Coimbatore,Mettupalayam,-,-,Cauvery,Cauvery,Bhavani,-,-,Bhavani,11.28777778,76.89111111,01-11-2006 09:15,0.8,"","",""
1622,NELLITHURAI,CWC,33,Tamil Nadu,569,Coimbatore,Mettupalayam,-,-,Cauvery,Cauvery,Bhavani,-,-,Bhavani,11.28777778,76.89111111,01-12-2006 09:00,0.8,"","",""
1623,NELLITHURAI,CWC,33,Tamil Nadu,569,Coimbatore,Mettupalayam,-,-,Cauvery,Cauvery,Bhavani,-,-,Bhavani,11.28777778,76.89111111,02-01-2007 09:10,0.8,"","",""
1624,NELLITHURAI,CWC,33,Tamil Nadu,569,Coimbatore,Mettupalayam,-,-,Cauvery,Cauvery,Bhavani,-,-,Bhavani,11.28777778,76.89111111,01-02-2007 08:30,1.3,"","",""
1625,NELLITHURAI,CWC,33,Tamil Nadu,569,Coimbatore,Mettupalayam,-,-,Cauvery,Cauvery,Bhavani,-,-,Bhavani,11.28777778,76.89111111,01-03-2007 08:30,0.4,"","",""
1626,NELLITHURAI,CWC,33,Tamil Nadu,569,Coimbatore,Mettupalayam,-,-,Cauvery,Cauvery,Bhavani,-,-,Bhavani,11.28777778,76.89111111,02-04-2007 09:00,0.6,"","",""
1627,NELLITHURAI,CWC,33,Tamil Nadu,569,Coimbatore,Mettupalayam,-,-,Cauvery,Cauvery,Bhavani,-,-,Bhavani,11.28777778,76.89111111,01-05-2007 08:30,1.5,"","",""
1628,NELLITHURAI,CWC,33,Tamil Nadu,569,Coimbatore,Mettupalayam,-,-,Cauvery,Cauvery,Bhavani,-,-,Bhavani,11.28777778,76.89111111,01-06-2007 08:35,0.7,"","",""
1629,NELLITHURAI,CWC,33,Tamil Nadu,569,Coimbatore,Mettupalayam,-,-,Cauvery,Cauvery,Bhavani,-,-,Bhavani,11.28777778,76.89111111,02-07-2007 09:00,0.5,"","",""
1630,NELLITHURAI,CWC,33,Tamil Nadu,569,Coimbatore,Mettupalayam,-,-,Cauvery,Cauvery,Bhavani,-,-,Bhavani,11.28777778,76.89111111,01-08-2007 08:30,0.4,"","",""
1631,NELLITHURAI,CWC,33,Tamil Nadu,569,Coimbatore,Mettupalayam,-,-,Cauvery,Cauvery,Bhavani,-,-,Bhavani,11.28777778,76.89111111,01-09-2007 08:30,0.3,"","",""
1632,NELLITHURAI,CWC,33,Tamil Nadu,569,Coimbatore,Mettupalayam,-,-,Cauvery,Cauvery,Bhavani,-,-,Bhavani,11.28777778,76.89111111,03-10-2007 09:00,0.6,"","",""
1633,NELLITHURAI,CWC,33,Tamil Nadu,569,Coimbatore,Mettupalayam,-,-,Cauvery,Cauvery,Bhavani,-,-,Bhavani,11.28777778,76.89111111,01-11-2007 08:30,1.1,"","",""
1634,NELLITHURAI,CWC,33,Tamil Nadu,569,Coimbatore,Mettupalayam,-,-,Cauvery,Cauvery,Bhavani,-,-,Bhavani,11.28777778,76.89111111,01-12-2007 09:05,0.3,"","",""
1635,NELLITHURAI,CWC,33,Tamil Nadu,569,Coimbatore,Mettupalayam,-,-,Cauvery,Cauvery,Bhavani,-,-,Bhavani,11.28777778,76.89111111,01-01-2008 09:10,0.6,"","",""
1636,NELLITHURAI,CWC,33,Tamil Nadu,569,Coimbatore,Mettupalayam,-,-,Cauvery,Cauvery,Bhavani,-,-,Bhavani,11.28777778,76.89111111,01-02-2008 09:10,0.7,"","",""
1637,NELLITHURAI,CWC,33,Tamil Nadu,569,Coimbatore,Mettupalayam,-,-,Cauvery,Cauvery,Bhavani,-,-,Bhavani,11.28777778,76.89111111,01-03-2008 09:10,0.2,"","",""
1638,NELLITHURAI,CWC,33,Tamil Nadu,569,Coimbatore,Mettupalayam,-,-,Cauvery,Cauvery,Bhavani,-,-,Bhavani,11.28777778,76.89111111,01-04-2008 09:05,0.3,"","",""
1639,NELLITHURAI,CWC,33,Tamil Nadu,569,Coimbatore,Mettupalayam,-,-,Cauvery,Cauvery,Bhavani,-,-,Bhavani,11.28777778,76.89111111,01-05-2008 09:10,0.2,"","",""
1640,NELLITHURAI,CWC,33,Tamil Nadu,569,Coimbatore,Mettupalayam,-,-,Cauvery,Cauvery,Bhavani,-,-,Bhavani,11.28777778,76.89111111,02-06-2008 08:00,1,"","",""
1641,NELLITHURAI,CWC,33,Tamil Nadu,569,Coimbatore,Mettupalayam,-,-,Cauvery,Cauvery,Bhavani,-,-,Bhavani,11.28777778,76.89111111,01-07-2008 08:00,0.7,"","",""
1642,NELLITHURAI,CWC,33,Tamil Nadu,569,Coimbatore,Mettupalayam,-,-,Cauvery,Cauvery,Bhavani,-,-,Bhavani,11.28777778,76.89111111,01-08-2008 08:00,0.4,"","",""
1643,NELLITHURAI,CWC,33,Tamil Nadu,569,Coimbatore,Mettupalayam,-,-,Cauvery,Cauvery,Bhavani,-,-,Bhavani,11.28777778,76.89111111,01-09-2008 08:00,0.7,"","",""
1644,NELLITHURAI,CWC,33,Tamil Nadu,569,Coimbatore,Mettupalayam,-,-,Cauvery,Cauvery,Bhavani,-,-,Bhavani,11.28777778,76.89111111,03-10-2008 08:00,0.2,"","",""
1645,NELLITHURAI,CWC,33,Tamil Nadu,569,Coimbatore,Mettupalayam,-,-,Cauvery,Cauvery,Bhavani,-,-,Bhavani,11.28777778,76.89111111,01-11-2008 08:00,1.2,"","",""
1646,NELLITHURAI,CWC,33,Tamil Nadu,569,Coimbatore,Mettupalayam,-,-,Cauvery,Cauvery,Bhavani,-,-,Bhavani,11.28777778,76.89111111,01-12-2008 08:00,1.2,"","",""
1647,NELLITHURAI,CWC,33,Tamil Nadu,569,Coimbatore,Mettupalayam,-,-,Cauvery,Cauvery,Bhavani,-,-,Bhavani,11.28777778,76.89111111,01-01-2009 08:00,0.7,"","",""
1648,NELLITHURAI,CWC,33,Tamil Nadu,569,Coimbatore,Mettupalayam,-,-,Cauvery,Cauvery,Bhavani,-,-,Bhavani,11.28777778,76.89111111,02-02-2009 08:00,0.8,"","",""
1649,NELLITHURAI,CWC,33,Tamil Nadu,569,Coimbatore,Mettupalayam,-,-,Cauvery,Cauvery,Bhavani,-,-,Bhavani,11.28777778,76.89111111,02-03-2009 08:00,0.7,"","",""
1650,NELLITHURAI,CWC,33,Tamil Nadu,569,Coimbatore,Mettupalayam,-,-,Cauvery,Cauvery,Bhavani,-,-,Bhavani,11.28777778,76.89111111,01-04-2009 08:00,0.5,"","",""
1651,NELLITHURAI,CWC,33,Tamil Nadu,569,Coimbatore,Mettupalayam,-,-,Cauvery,Cauvery,Bhavani,-,-,Bhavani,11.28777778,76.89111111,01-05-2009 08:00,1.8,"","",""
1652,NELLITHURAI,CWC,33,Tamil Nadu,569,Coimbatore,Mettupalayam,-,-,Cauvery,Cauvery,Bhavani,-,-,Bhavani,11.28777778,76.89111111,01-06-2009 09:00,0.4,"","",""
1653,NELLITHURAI,CWC,33,Tamil Nadu,569,Coimbatore,Mettupalayam,-,-,Cauvery,Cauvery,Bhavani,-,-,Bhavani,11.28777778,76.89111111,01-07-2009 09:05,1.9,"","",""
1654,NELLITHURAI,CWC,33,Tamil Nadu,569,Coimbatore,Mettupalayam,-,-,Cauvery,Cauvery,Bhavani,-,-,Bhavani,11.28777778,76.89111111,01-09-2009 09:00,0.3,"","",""
1655,NELLITHURAI,CWC,33,Tamil Nadu,569,Coimbatore,Mettupalayam,-,-,Cauvery,Cauvery,Bhavani,-,-,Bhavani,11.28777778,76.89111111,01-10-2009 09:05,0.8,"","",""
1656,NELLITHURAI,CWC,33,Tamil Nadu,569,Coimbatore,Mettupalayam,-,-,Cauvery,Cauvery,Bhavani,-,-,Bhavani,11.28777778,76.89111111,01-12-2009 09:00,0.2,"","",""
1657,NELLITHURAI,CWC,33,Tamil Nadu,569,Coimbatore,Mettupalayam,-,-,Cauvery,Cauvery,Bhavani,-,-,Bhavani,11.28777778,76.89111111,01-01-2010 09:00,0.4,"","",""
1658,NELLITHURAI,CWC,33,Tamil Nadu,569,Coimbatore,Mettupalayam,-,-,Cauvery,Cauvery,Bhavani,-,-,Bhavani,11.28777778,76.89111111,01-02-2010 09:05,0.4,"","",""
1659,NELLITHURAI,CWC,33,Tamil Nadu,569,Coimbatore,Mettupalayam,-,-,Cauvery,Cauvery,Bhavani,-,-,Bhavani,11.28777778,76.89111111,01-03-2010 09:00,0.4,"","",""
1660,NELLITHURAI,CWC,33,Tamil Nadu,569,Coimbatore,Mettupalayam,-,-,Cauvery,Cauvery,Bhavani,-,-,Bhavani,11.28777778,76.89111111,01-04-2010 09:10,0.6,"","",""
1661,NELLITHURAI,CWC,33,Tamil Nadu,569,Coimbatore,Mettupalayam,-,-,Cauvery,Cauvery,Bhavani,-,-,Bhavani,11.28777778,76.89111111,01-05-2010 09:00,0.6,"","",""
1662,NELLITHURAI,CWC,33,Tamil Nadu,569,Coimbatore,Mettupalayam,-,-,Cauvery,Cauvery,Bhavani,-,-,Bhavani,11.28777778,76.89111111,01-06-2010 09:10,1.4,"","",""
1663,NELLITHURAI,CWC,33,Tamil Nadu,569,Coimbatore,Mettupalayam,-,-,Cauvery,Cauvery,Bhavani,-,-,Bhavani,11.28777778,76.89111111,01-07-2010 09:00,0.6,"","",""
1664,NELLITHURAI,CWC,33,Tamil Nadu,569,Coimbatore,Mettupalayam,-,-,Cauvery,Cauvery,Bhavani,-,-,Bhavani,11.28777778,76.89111111,02-08-2010 09:20,0.3,"","",""
1665,NELLITHURAI,CWC,33,Tamil Nadu,569,Coimbatore,Mettupalayam,-,-,Cauvery,Cauvery,Bhavani,-,-,Bhavani,11.28777778,76.89111111,01-09-2010 09:40,0.4,"","",""
1666,NELLITHURAI,CWC,33,Tamil Nadu,569,Coimbatore,Mettupalayam,-,-,Cauvery,Cauvery,Bhavani,-,-,Bhavani,11.28777778,76.89111111,01-10-2010 09:40,0.8,"","",""
1667,NELLITHURAI,CWC,33,Tamil Nadu,569,Coimbatore,Mettupalayam,-,-,Cauvery,Cauvery,Bhavani,-,-,Bhavani,11.28777778,76.89111111,01-11-2010 09:35,1.4,"","",""
1668,NELLITHURAI,CWC,33,Tamil Nadu,569,Coimbatore,Mettupalayam,-,-,Cauvery,Cauvery,Bhavani,-,-,Bhavani,11.28777778,76.89111111,01-12-2010 09:40,0.8,"","",""
1669,NELLITHURAI,CWC,33,Tamil Nadu,569,Coimbatore,Mettupalayam,-,-,Cauvery,Cauvery,Bhavani,-,-,Bhavani,11.28777778,76.89111111,01-01-2011 09:40,0.8,"","",""
1670,NELLITHURAI,CWC,33,Tamil Nadu,569,Coimbatore,Mettupalayam,-,-,Cauvery,Cauvery,Bhavani,-,-,Bhavani,11.28777778,76.89111111,01-02-2011 09:10,1.4,"","",""
1671,NELLITHURAI,CWC,33,Tamil Nadu,569,Coimbatore,Mettupalayam,-,-,Cauvery,Cauvery,Bhavani,-,-,Bhavani,11.28777778,76.89111111,01-03-2011 09:15,1.8,"","",""
1672,NELLITHURAI,CWC,33,Tamil Nadu,569,Coimbatore,Mettupalayam,-,-,Cauvery,Cauvery,Bhavani,-,-,Bhavani,11.28777778,76.89111111,01-04-2011 09:10,0.4,"","",""
1673,NELLITHURAI,CWC,33,Tamil Nadu,569,Coimbatore,Mettupalayam,-,-,Cauvery,Cauvery,Bhavani,-,-,Bhavani,11.28777778,76.89111111,02-05-2011 09:15,1.6,"","",""
1674,NELLITHURAI,CWC,33,Tamil Nadu,569,Coimbatore,Mettupalayam,-,-,Cauvery,Cauvery,Bhavani,-,-,Bhavani,11.28777778,76.89111111,01-06-2011 09:00,0.7,"","",""
1675,NELLITHURAI,CWC,33,Tamil Nadu,569,Coimbatore,Mettupalayam,-,-,Cauvery,Cauvery,Bhavani,-,-,Bhavani,11.28777778,76.89111111,01-07-2011 09:05,0.6,"","",""
1676,NELLITHURAI,CWC,33,Tamil Nadu,569,Coimbatore,Mettupalayam,-,-,Cauvery,Cauvery,Bhavani,-,-,Bhavani,11.28777778,76.89111111,01-08-2011 09:10,0.6,"","",""
1677,NELLITHURAI,CWC,33,Tamil Nadu,569,Coimbatore,Mettupalayam,-,-,Cauvery,Cauvery,Bhavani,-,-,Bhavani,11.28777778,76.89111111,05-09-2011 09:40,0.6,"","",""
1678,NELLITHURAI,CWC,33,Tamil Nadu,569,Coimbatore,Mettupalayam,-,-,Cauvery,Cauvery,Bhavani,-,-,Bhavani,11.28777778,76.89111111,01-10-2011 09:40,0.6,"","",""
1679,NELLITHURAI,CWC,33,Tamil Nadu,569,Coimbatore,Mettupalayam,-,-,Cauvery,Cauvery,Bhavani,-,-,Bhavani,11.28777778,76.89111111,01-11-2011 09:35,0.5,"","",""
1680,NELLITHURAI,CWC,33,Tamil Nadu,569,Coimbatore,Mettupalayam,-,-,Cauvery,Cauvery,Bhavani,-,-,Bhavani,11.28777778,76.89111111,01-12-2011 09:40,0.4,"","",""
1681,NELLITHURAI,CWC,33,Tamil Nadu,569,Coimbatore,Mettupalayam,-,-,Cauvery,Cauvery,Bhavani,-,-,Bhavani,11.28777778,76.89111111,02-01-2012 09:40,0.7,"","",""
1682,NELLITHURAI,CWC,33,Tamil Nadu,569,Coimbatore,Mettupalayam,-,-,Cauvery,Cauvery,Bhavani,-,-,Bhavani,11.28777778,76.89111111,01-02-2012 09:00,0.8,"","",""
1683,NELLITHURAI,CWC,33,Tamil Nadu,569,Coimbatore,Mettupalayam,-,-,Cauvery,Cauvery,Bhavani,-,-,Bhavani,11.28777778,76.89111111,01-03-2012 09:45,0.6,"","",""
1684,NELLITHURAI,CWC,33,Tamil Nadu,569,Coimbatore,Mettupalayam,-,-,Cauvery,Cauvery,Bhavani,-,-,Bhavani,11.28777778,76.89111111,02-04-2012 09:10,0.6,"","",""
1685,NELLITHURAI,CWC,33,Tamil Nadu,569,Coimbatore,Mettupalayam,-,-,Cauvery,Cauvery,Bhavani,-,-,Bhavani,11.28777778,76.89111111,01-05-2012 09:10,1.3,"","",""
1686,NELLITHURAI,CWC,33,Tamil Nadu,569,Coimbatore,Mettupalayam,-,-,Cauvery,Cauvery,Bhavani,-,-,Bhavani,11.28777778,76.89111111,01-06-2012 09:10,0.5,"","",""
1687,NELLITHURAI,CWC,33,Tamil Nadu,569,Coimbatore,Mettupalayam,-,-,Cauvery,Cauvery,Bhavani,-,-,Bhavani,11.28777778,76.89111111,02-07-2012 09:05,0.6,"","",""
1688,NELLITHURAI,CWC,33,Tamil Nadu,569,Coimbatore,Mettupalayam,-,-,Cauvery,Cauvery,Bhavani,-,-,Bhavani,11.28777778,76.89111111,01-08-2012 09:10,0.6,"","",""
1689,NELLITHURAI,CWC,33,Tamil Nadu,569,Coimbatore,Mettupalayam,-,-,Cauvery,Cauvery,Bhavani,-,-,Bhavani,11.28777778,76.89111111,01-09-2012 09:20,0.6,"","",""
1690,NELLITHURAI,CWC,33,Tamil Nadu,569,Coimbatore,Mettupalayam,-,-,Cauvery,Cauvery,Bhavani,-,-,Bhavani,11.28777778,76.89111111,01-10-2012 09:20,0.8,"","",""
1691,NELLITHURAI,CWC,33,Tamil Nadu,569,Coimbatore,Mettupalayam,-,-,Cauvery,Cauvery,Bhavani,-,-,Bhavani,11.28777778,76.89111111,01-11-2012 09:20,1,"","",""
1692,NELLITHURAI,CWC,33,Tamil Nadu,569,Coimbatore,Mettupalayam,-,-,Cauvery,Cauvery,Bhavani,-,-,Bhavani,11.28777778,76.89111111,01-12-2012 09:10,0.5,"","",""
1693,NELLITHURAI,CWC,33,Tamil Nadu,569,Coimbatore,Mettupalayam,-,-,Cauvery,Cauvery,Bhavani,-,-,Bhavani,11.28777778,76.89111111,01-01-2013 09:00,0.5,"","",""
1694,NELLITHURAI,CWC,33,Tamil Nadu,569,Coimbatore,Mettupalayam,-,-,Cauvery,Cauvery,Bhavani,-,-,Bhavani,11.28777778,76.89111111,01-02-2013 09:12,0.4,"","",""
1695,NELLITHURAI,CWC,33,Tamil Nadu,569,Coimbatore,Mettupalayam,-,-,Cauvery,Cauvery,Bhavani,-,-,Bhavani,11.28777778,76.89111111,01-03-2013 09:15,0.8,"","",""
1696,NELLITHURAI,CWC,33,Tamil Nadu,569,Coimbatore,Mettupalayam,-,-,Cauvery,Cauvery,Bhavani,-,-,Bhavani,11.28777778,76.89111111,01-04-2013 09:10,0.4,"","",""
1697,NELLITHURAI,CWC,33,Tamil Nadu,569,Coimbatore,Mettupalayam,-,-,Cauvery,Cauvery,Bhavani,-,-,Bhavani,11.28777778,76.89111111,01-05-2013 09:05,0.6,"","",""
1698,NELLITHURAI,CWC,33,Tamil Nadu,569,Coimbatore,Mettupalayam,-,-,Cauvery,Cauvery,Bhavani,-,-,Bhavani,11.28777778,76.89111111,01-06-2013 09:05,0.7,"","",""
1699,NELLITHURAI,CWC,33,Tamil Nadu,569,Coimbatore,Mettupalayam,-,-,Cauvery,Cauvery,Bhavani,-,-,Bhavani,11.28777778,76.89111111,01-07-2013 09:50,0.8,"","",""
1700,NELLITHURAI,CWC,33,Tamil Nadu,569,Coimbatore,Mettupalayam,-,-,Cauvery,Cauvery,Bhavani,-,-,Bhavani,11.28777778,76.89111111,01-08-2013 09:15,1,"","",""
1701,NELLITHURAI,CWC,33,Tamil Nadu,569,Coimbatore,Mettupalayam,-,-,Cauvery,Cauvery,Bhavani,-,-,Bhavani,11.28777778,76.89111111,02-09-2013 09:20,0.8,"","",""
1702,NELLITHURAI,CWC,33,Tamil Nadu,569,Coimbatore,Mettupalayam,-,-,Cauvery,Cauvery,Bhavani,-,-,Bhavani,11.28777778,76.89111111,01-10-2013 08:50,0.8,"","",""
1703,NELLITHURAI,CWC,33,Tamil Nadu,569,Coimbatore,Mettupalayam,-,-,Cauvery,Cauvery,Bhavani,-,-,Bhavani,11.28777778,76.89111111,01-11-2013 09:05,0.4,"","",""
1704,NELLITHURAI,CWC,33,Tamil Nadu,569,Coimbatore,Mettupalayam,-,-,Cauvery,Cauvery,Bhavani,-,-,Bhavani,11.28777778,76.89111111,02-12-2013 09:10,0.6,"","",""
1705,NELLITHURAI,CWC,33,Tamil Nadu,569,Coimbatore,Mettupalayam,-,-,Cauvery,Cauvery,Bhavani,-,-,Bhavani,11.28777778,76.89111111,01-01-2014 08:45,0.8,"","",""
1706,NELLITHURAI,CWC,33,Tamil Nadu,569,Coimbatore,Mettupalayam,-,-,Cauvery,Cauvery,Bhavani,-,-,Bhavani,11.28777778,76.89111111,01-02-2014 08:50,0.6,"","",""
1707,NELLITHURAI,CWC,33,Tamil Nadu,569,Coimbatore,Mettupalayam,-,-,Cauvery,Cauvery,Bhavani,-,-,Bhavani,11.28777778,76.89111111,01-03-2014 09:15,0.3,"","",""
1708,NELLITHURAI,CWC,33,Tamil Nadu,569,Coimbatore,Mettupalayam,-,-,Cauvery,Cauvery,Bhavani,-,-,Bhavani,11.28777778,76.89111111,01-04-2014 08:40,1.4,"","",""
1709,NELLITHURAI,CWC,33,Tamil Nadu,569,Coimbatore,Mettupalayam,-,-,Cauvery,Cauvery,Bhavani,-,-,Bhavani,11.28777778,76.89111111,01-05-2014 08:40,0.4,"","",""
1710,NELLITHURAI,CWC,33,Tamil Nadu,569,Coimbatore,Mettupalayam,-,-,Cauvery,Cauvery,Bhavani,-,-,Bhavani,11.28777778,76.89111111,02-06-2014 08:40,1.1,"","",""
1711,NELLITHURAI,CWC,33,Tamil Nadu,569,Coimbatore,Mettupalayam,-,-,Cauvery,Cauvery,Bhavani,-,-,Bhavani,11.28777778,76.89111111,01-08-2014 09:10,0.2,"","",""
1712,NELLITHURAI,CWC,33,Tamil Nadu,569,Coimbatore,Mettupalayam,-,-,Cauvery,Cauvery,Bhavani,-,-,Bhavani,11.28777778,76.89111111,01-09-2014 08:45,0.6,"","",""
1713,NELLITHURAI,CWC,33,Tamil Nadu,569,Coimbatore,Mettupalayam,-,-,Cauvery,Cauvery,Bhavani,-,-,Bhavani,11.28777778,76.89111111,01-10-2014 08:45,0.2,"","",""
1714,NELLITHURAI,CWC,33,Tamil Nadu,569,Coimbatore,Mettupalayam,-,-,Cauvery,Cauvery,Bhavani,-,-,Bhavani,11.28777778,76.89111111,01-11-2014 09:00,1.14,"","",""
1715,NELLITHURAI,CWC,33,Tamil Nadu,569,Coimbatore,Mettupalayam,-,-,Cauvery,Cauvery,Bhavani,-,-,Bhavani,11.28777778,76.89111111,01-12-2014 09:07,0.78,"","",""
1716,NELLITHURAI,CWC,33,Tamil Nadu,569,Coimbatore,Mettupalayam,-,-,Cauvery,Cauvery,Bhavani,-,-,Bhavani,11.28777778,76.89111111,01-01-2015 08:40,0.84,"","",""
1717,NELLITHURAI,CWC,33,Tamil Nadu,569,Coimbatore,Mettupalayam,-,-,Cauvery,Cauvery,Bhavani,-,-,Bhavani,11.28777778,76.89111111,02-02-2015 08:40,1.2,"","",""
1718,NELLITHURAI,CWC,33,Tamil Nadu,569,Coimbatore,Mettupalayam,-,-,Cauvery,Cauvery,Bhavani,-,-,Bhavani,11.28777778,76.89111111,02-03-2015 08:40,1.6,"","",""
1719,NELLITHURAI,CWC,33,Tamil Nadu,569,Coimbatore,Mettupalayam,-,-,Cauvery,Cauvery,Bhavani,-,-,Bhavani,11.28777778,76.89111111,01-04-2015 08:04,0.59,"","",""
1720,NELLITHURAI,CWC,33,Tamil Nadu,569,Coimbatore,Mettupalayam,-,-,Cauvery,Cauvery,Bhavani,-,-,Bhavani,11.28777778,76.89111111,01-05-2015 08:40,1.57,"","",""
1721,NELLITHURAI,CWC,33,Tamil Nadu,569,Coimbatore,Mettupalayam,-,-,Cauvery,Cauvery,Bhavani,-,-,Bhavani,11.28777778,76.89111111,01-06-2015 08:40,0.55,"","",""
1722,NELLITHURAI,CWC,33,Tamil Nadu,569,Coimbatore,Mettupalayam,-,-,Cauvery,Cauvery,Bhavani,-,-,Bhavani,11.28777778,76.89111111,01-07-2015 08:45,1.23,"","",""
1723,NELLITHURAI,CWC,33,Tamil Nadu,569,Coimbatore,Mettupalayam,-,-,Cauvery,Cauvery,Bhavani,-,-,Bhavani,11.28777778,76.89111111,01-08-2015 09:15,0.39,"","",""
1724,NELLITHURAI,CWC,33,Tamil Nadu,569,Coimbatore,Mettupalayam,-,-,Cauvery,Cauvery,Bhavani,-,-,Bhavani,11.28777778,76.89111111,01-09-2015 08:35,0.81,"","",""
1725,NELLITHURAI,CWC,33,Tamil Nadu,569,Coimbatore,Mettupalayam,-,-,Cauvery,Cauvery,Bhavani,-,-,Bhavani,11.28777778,76.89111111,01-10-2015 08:40,0.19,"","",""
1726,NELLITHURAI,CWC,33,Tamil Nadu,569,Coimbatore,Mettupalayam,-,-,Cauvery,Cauvery,Bhavani,-,-,Bhavani,11.28777778,76.89111111,02-11-2015 08:45,1.12,"","",""
1727,NELLITHURAI,CWC,33,Tamil Nadu,569,Coimbatore,Mettupalayam,-,-,Cauvery,Cauvery,Bhavani,-,-,Bhavani,11.28777778,76.89111111,01-12-2015 08:30,0.95,"","",""
1728,NELLITHURAI,CWC,33,Tamil Nadu,569,Coimbatore,Mettupalayam,-,-,Cauvery,Cauvery,Bhavani,-,-,Bhavani,11.28777778,76.89111111,01-01-2016 08:40,1.7,"","",""
1729,NELLITHURAI,CWC,33,Tamil Nadu,569,Coimbatore,Mettupalayam,-,-,Cauvery,Cauvery,Bhavani,-,-,Bhavani,11.28777778,76.89111111,01-02-2016 08:20,2.29,"","",""
1730,NELLITHURAI,CWC,33,Tamil Nadu,569,Coimbatore,Mettupalayam,-,-,Cauvery,Cauvery,Bhavani,-,-,Bhavani,11.28777778,76.89111111,01-03-2016 08:25,0.77,"","",""
1731,NELLITHURAI,CWC,33,Tamil Nadu,569,Coimbatore,Mettupalayam,-,-,Cauvery,Cauvery,Bhavani,-,-,Bhavani,11.28777778,76.89111111,01-04-2016 08:40,0.59,"","",""
1732,NELLITHURAI,CWC,33,Tamil Nadu,569,Coimbatore,Mettupalayam,-,-,Cauvery,Cauvery,Bhavani,-,-,Bhavani,11.28777778,76.89111111,02-05-2016 08:40,1.7,"","",""
1733,NELLITHURAI,CWC,33,Tamil Nadu,569,Coimbatore,Mettupalayam,-,-,Cauvery,Cauvery,Bhavani,-,-,Bhavani,11.28777778,76.89111111,01-06-2016 08:20,1.71,"","",""
1734,PARAMAKUDI,CWC,33,Tamil Nadu,583,Ramanathapuram,PARAMAKUDI,-,-,Duplicate-Vaigai,East flowing rivers between Pennar and Kanyakumari,-,-,-,Vaigai,9.55333333,78.58638889,01-12-2014 08:50,3.89,"","",""
1735,Peralam,CWC,33,Tamil Nadu,590,Tiruvarur,NANNILAM,-,-,Cauvery,Cauvery,-,-,-,Vanjiyar,10.96944444,79.66138889,03-11-2009 09:00,3.213,"","",""
1736,Peralam,CWC,33,Tamil Nadu,590,Tiruvarur,NANNILAM,-,-,Cauvery,Cauvery,-,-,-,Vanjiyar,10.96944444,79.66138889,01-12-2009 09:00,0.833,"","",""
1737,Peralam,CWC,33,Tamil Nadu,590,Tiruvarur,NANNILAM,-,-,Cauvery,Cauvery,-,-,-,Vanjiyar,10.96944444,79.66138889,01-01-2010 08:00,1.019,"","",""
1738,Peralam,CWC,33,Tamil Nadu,590,Tiruvarur,NANNILAM,-,-,Cauvery,Cauvery,-,-,-,Vanjiyar,10.96944444,79.66138889,01-02-2010 08:00,0.185,"","",""
1739,Peralam,CWC,33,Tamil Nadu,590,Tiruvarur,NANNILAM,-,-,Cauvery,Cauvery,-,-,-,Vanjiyar,10.96944444,79.66138889,23-08-2010 09:30,0.773,"","",""
1740,Peralam,CWC,33,Tamil Nadu,590,Tiruvarur,NANNILAM,-,-,Cauvery,Cauvery,-,-,-,Vanjiyar,10.96944444,79.66138889,04-10-2010 08:30,1.389,"","",""
1741,Peralam,CWC,33,Tamil Nadu,590,Tiruvarur,NANNILAM,-,-,Cauvery,Cauvery,-,-,-,Vanjiyar,10.96944444,79.66138889,01-11-2010 08:30,3.721,"","",""
1742,Peralam,CWC,33,Tamil Nadu,590,Tiruvarur,NANNILAM,-,-,Cauvery,Cauvery,-,-,-,Vanjiyar,10.96944444,79.66138889,01-12-2010 06:30,1.506,"","",""
1743,Peralam,CWC,33,Tamil Nadu,590,Tiruvarur,NANNILAM,-,-,Cauvery,Cauvery,-,-,-,Vanjiyar,10.96944444,79.66138889,03-01-2011 06:30,0.575,"","",""
1744,Peralam,CWC,33,Tamil Nadu,590,Tiruvarur,NANNILAM,-,-,Cauvery,Cauvery,-,-,-,Vanjiyar,10.96944444,79.66138889,01-02-2011 06:30,0.383,"","",""
1745,Peralam,CWC,33,Tamil Nadu,590,Tiruvarur,NANNILAM,-,-,Cauvery,Cauvery,-,-,-,Vanjiyar,10.96944444,79.66138889,17-06-2011 06:30,2.308,"","",""
1746,Peralam,CWC,33,Tamil Nadu,590,Tiruvarur,NANNILAM,-,-,Cauvery,Cauvery,-,-,-,Vanjiyar,10.96944444,79.66138889,01-10-2011 06:30,1.68,"","",""
1747,Peralam,CWC,33,Tamil Nadu,590,Tiruvarur,NANNILAM,-,-,Cauvery,Cauvery,-,-,-,Vanjiyar,10.96944444,79.66138889,01-11-2011 06:30,0.96,"","",""
1748,Peralam,CWC,33,Tamil Nadu,590,Tiruvarur,NANNILAM,-,-,Cauvery,Cauvery,-,-,-,Vanjiyar,10.96944444,79.66138889,01-12-2011 06:30,2.14,"","",""
1749,Peralam,CWC,33,Tamil Nadu,590,Tiruvarur,NANNILAM,-,-,Cauvery,Cauvery,-,-,-,Vanjiyar,10.96944444,79.66138889,01-02-2012 06:30,2.11,"","",""
1750,Peralam,CWC,33,Tamil Nadu,590,Tiruvarur,NANNILAM,-,-,Cauvery,Cauvery,-,-,-,Vanjiyar,10.96944444,79.66138889,27-09-2012 08:30,2.52,"","",""
1751,Peralam,CWC,33,Tamil Nadu,590,Tiruvarur,NANNILAM,-,-,Cauvery,Cauvery,-,-,-,Vanjiyar,10.96944444,79.66138889,01-10-2012 06:45,1.84,"","",""
1752,Peralam,CWC,33,Tamil Nadu,590,Tiruvarur,NANNILAM,-,-,Cauvery,Cauvery,-,-,-,Vanjiyar,10.96944444,79.66138889,01-11-2012 07:00,2.4,"","",""
1753,Peralam,CWC,33,Tamil Nadu,590,Tiruvarur,NANNILAM,-,-,Cauvery,Cauvery,-,-,-,Vanjiyar,10.96944444,79.66138889,01-12-2012 07:00,2.22,"","",""
1754,Peralam,CWC,33,Tamil Nadu,590,Tiruvarur,NANNILAM,-,-,Cauvery,Cauvery,-,-,-,Vanjiyar,10.96944444,79.66138889,11-08-2013 12:00,0.91,"","",""
1755,Peralam,CWC,33,Tamil Nadu,590,Tiruvarur,NANNILAM,-,-,Cauvery,Cauvery,-,-,-,Vanjiyar,10.96944444,79.66138889,02-09-2013 12:00,1.61,"","",""
1756,Peralam,CWC,33,Tamil Nadu,590,Tiruvarur,NANNILAM,-,-,Cauvery,Cauvery,-,-,-,Vanjiyar,10.96944444,79.66138889,01-10-2014 08:00,1.2,"","",""
1757,Peralam,CWC,33,Tamil Nadu,590,Tiruvarur,NANNILAM,-,-,Cauvery,Cauvery,-,-,-,Vanjiyar,10.96944444,79.66138889,01-11-2014 08:00,1.82,"","",""
1758,Peralam,CWC,33,Tamil Nadu,590,Tiruvarur,NANNILAM,-,-,Cauvery,Cauvery,-,-,-,Vanjiyar,10.96944444,79.66138889,01-12-2014 07:00,1.82,"","",""
1759,Peralam,CWC,33,Tamil Nadu,590,Tiruvarur,NANNILAM,-,-,Cauvery,Cauvery,-,-,-,Vanjiyar,10.96944444,79.66138889,01-01-2015 07:00,1.46,"","",""
1760,Peralam,CWC,33,Tamil Nadu,590,Tiruvarur,NANNILAM,-,-,Cauvery,Cauvery,-,-,-,Vanjiyar,10.96944444,79.66138889,18-05-2015 09:00,1.09,"","",""
1761,Peralam,CWC,33,Tamil Nadu,590,Tiruvarur,NANNILAM,-,-,Cauvery,Cauvery,-,-,-,Vanjiyar,10.96944444,79.66138889,19-08-2015 08:30,0.91,"","",""
1762,Peralam,CWC,33,Tamil Nadu,590,Tiruvarur,NANNILAM,-,-,Cauvery,Cauvery,-,-,-,Vanjiyar,10.96944444,79.66138889,05-09-2015 08:40,1.09,"","",""
1763,Peralam,CWC,33,Tamil Nadu,590,Tiruvarur,NANNILAM,-,-,Cauvery,Cauvery,-,-,-,Vanjiyar,10.96944444,79.66138889,05-10-2015 08:20,1.64,"","",""
1764,Peralam,CWC,33,Tamil Nadu,590,Tiruvarur,NANNILAM,-,-,Cauvery,Cauvery,-,-,-,Vanjiyar,10.96944444,79.66138889,06-11-2015 08:00,1.28,"","",""
1765,Peralam,CWC,33,Tamil Nadu,590,Tiruvarur,NANNILAM,-,-,Cauvery,Cauvery,-,-,-,Vanjiyar,10.96944444,79.66138889,01-12-2015 08:30,1.09,"","",""
1766,Peralam,CWC,33,Tamil Nadu,590,Tiruvarur,NANNILAM,-,-,Cauvery,Cauvery,-,-,-,Vanjiyar,10.96944444,79.66138889,18-01-2016 08:45,2.74,"","",""
1767,Peralam,CWC,33,Tamil Nadu,590,Tiruvarur,NANNILAM,-,-,Cauvery,Cauvery,-,-,-,Vanjiyar,10.96944444,79.66138889,09-02-2016 08:50,0.91,"","",""
1768,Peralam,CWC,33,Tamil Nadu,590,Tiruvarur,NANNILAM,-,-,Cauvery,Cauvery,-,-,-,Vanjiyar,10.96944444,79.66138889,28-10-2017 08:00,1.2,"","",""
1769,Peralam,CWC,33,Tamil Nadu,590,Tiruvarur,NANNILAM,-,-,Cauvery,Cauvery,-,-,-,Vanjiyar,10.96944444,79.66138889,03-11-2017 08:00,2.3,"","",""
1770,Peralam,CWC,33,Tamil Nadu,590,Tiruvarur,NANNILAM,-,-,Cauvery,Cauvery,-,-,-,Vanjiyar,10.96944444,79.66138889,01-12-2017 08:00,1.6,"","",""
1771,Peralam,CWC,33,Tamil Nadu,590,Tiruvarur,NANNILAM,-,-,Cauvery,Cauvery,-,-,-,Vanjiyar,10.96944444,79.66138889,12-01-2018 08:00,0.9,"","",""
1772,Peralam,CWC,33,Tamil Nadu,590,Tiruvarur,NANNILAM,-,-,Cauvery,Cauvery,-,-,-,Vanjiyar,10.96944444,79.66138889,03-08-2018 08:00,2.1,"","",""
1773,Peralam,CWC,33,Tamil Nadu,590,Tiruvarur,NANNILAM,-,-,Cauvery,Cauvery,-,-,-,Vanjiyar,10.96944444,79.66138889,19-09-2018 08:00,2.5,"","",""
1774,Peralam,CWC,33,Tamil Nadu,590,Tiruvarur,NANNILAM,-,-,Cauvery,Cauvery,-,-,-,Vanjiyar,10.96944444,79.66138889,01-10-2018 08:00,2.5,"","",""
1775,Peralam,CWC,33,Tamil Nadu,590,Tiruvarur,NANNILAM,-,-,Cauvery,Cauvery,-,-,-,Vanjiyar,10.96944444,79.66138889,01-11-2018 08:00,2.8,"","",""
1776,Peralam,CWC,33,Tamil Nadu,590,Tiruvarur,NANNILAM,-,-,Cauvery,Cauvery,-,-,-,Vanjiyar,10.96944444,79.66138889,03-12-2018 08:00,2.3,"","",""
1777,Peralam,CWC,33,Tamil Nadu,590,Tiruvarur,NANNILAM,-,-,Cauvery,Cauvery,-,-,-,Vanjiyar,10.96944444,79.66138889,14-01-2019 08:00,3.5,"","",""
1778,Peralam,CWC,33,Tamil Nadu,590,Tiruvarur,NANNILAM,-,-,Cauvery,Cauvery,-,-,-,Vanjiyar,10.96944444,79.66138889,12-09-2019 08:00,2,"","",""
1779,Peralam,CWC,33,Tamil Nadu,590,Tiruvarur,NANNILAM,-,-,Cauvery,Cauvery,-,-,-,Vanjiyar,10.96944444,79.66138889,10-10-2019 08:00,2,"","",""
1780,Peralam,CWC,33,Tamil Nadu,590,Tiruvarur,NANNILAM,-,-,Cauvery,Cauvery,-,-,-,Vanjiyar,10.96944444,79.66138889,01-11-2019 08:00,2.6,"","",""
1781,Peralam,CWC,33,Tamil Nadu,590,Tiruvarur,NANNILAM,-,-,Cauvery,Cauvery,-,-,-,Vanjiyar,10.96944444,79.66138889,02-12-2019 08:00,2,"","",""
1782,Peralam,CWC,33,Tamil Nadu,590,Tiruvarur,NANNILAM,-,-,Cauvery,Cauvery,-,-,-,Vanjiyar,10.96944444,79.66138889,10-01-2020 08:00,1.8,"","",""
1783,Peralam,CWC,33,Tamil Nadu,590,Tiruvarur,NANNILAM,-,-,Cauvery,Cauvery,-,-,-,Vanjiyar,10.96944444,79.66138889,01-10-2020 08:00,1.99,"","",""
1784,Peralam,CWC,33,Tamil Nadu,590,Tiruvarur,NANNILAM,-,-,Cauvery,Cauvery,-,-,-,Vanjiyar,10.96944444,79.66138889,07-11-2020 08:00,2.21,"","",""
1785,Peralam,CWC,33,Tamil Nadu,590,Tiruvarur,NANNILAM,-,-,Cauvery,Cauvery,-,-,-,Vanjiyar,10.96944444,79.66138889,04-12-2020 08:00,1.81,"","",""
1786,Porakudi,CWC,33,Tamil Nadu,579,Nagapattinam,NAGAPATTINAM,-,-,Cauvery,Cauvery,-,-,-,Arasalar,10.90361111,79.70722222,03-11-2009 09:45,0.852,"","",""
1787,Porakudi,CWC,33,Tamil Nadu,579,Nagapattinam,NAGAPATTINAM,-,-,Cauvery,Cauvery,-,-,-,Arasalar,10.90361111,79.70722222,01-12-2009 12:30,0.649,"","",""
1788,Porakudi,CWC,33,Tamil Nadu,579,Nagapattinam,NAGAPATTINAM,-,-,Cauvery,Cauvery,-,-,-,Arasalar,10.90361111,79.70722222,01-01-2010 08:00,0.278,"","",""
1789,Porakudi,CWC,33,Tamil Nadu,579,Nagapattinam,NAGAPATTINAM,-,-,Cauvery,Cauvery,-,-,-,Arasalar,10.90361111,79.70722222,24-08-2010 10:15,1.933,"","",""
1790,Porakudi,CWC,33,Tamil Nadu,579,Nagapattinam,NAGAPATTINAM,-,-,Cauvery,Cauvery,-,-,-,Arasalar,10.90361111,79.70722222,01-09-2010 08:40,0.926,"","",""
1791,Porakudi,CWC,33,Tamil Nadu,579,Nagapattinam,NAGAPATTINAM,-,-,Cauvery,Cauvery,-,-,-,Arasalar,10.90361111,79.70722222,04-10-2010 09:45,1.389,"","",""
1792,Porakudi,CWC,33,Tamil Nadu,579,Nagapattinam,NAGAPATTINAM,-,-,Cauvery,Cauvery,-,-,-,Arasalar,10.90361111,79.70722222,01-11-2010 09:30,1.772,"","",""
1793,Porakudi,CWC,33,Tamil Nadu,579,Nagapattinam,NAGAPATTINAM,-,-,Cauvery,Cauvery,-,-,-,Arasalar,10.90361111,79.70722222,01-12-2010 06:00,2.835,"","",""
1794,Porakudi,CWC,33,Tamil Nadu,579,Nagapattinam,NAGAPATTINAM,-,-,Cauvery,Cauvery,-,-,-,Arasalar,10.90361111,79.70722222,03-01-2011 08:45,1.725,"","",""
1795,Porakudi,CWC,33,Tamil Nadu,579,Nagapattinam,NAGAPATTINAM,-,-,Cauvery,Cauvery,-,-,-,Arasalar,10.90361111,79.70722222,01-02-2011 08:45,0.192,"","",""
1796,Porakudi,CWC,33,Tamil Nadu,579,Nagapattinam,NAGAPATTINAM,-,-,Cauvery,Cauvery,-,-,-,Arasalar,10.90361111,79.70722222,15-06-2011 09:30,2.724,"","",""
1797,Porakudi,CWC,33,Tamil Nadu,579,Nagapattinam,NAGAPATTINAM,-,-,Cauvery,Cauvery,-,-,-,Arasalar,10.90361111,79.70722222,01-07-2011 09:15,0.903,"","",""
1798,Porakudi,CWC,33,Tamil Nadu,579,Nagapattinam,NAGAPATTINAM,-,-,Cauvery,Cauvery,-,-,-,Arasalar,10.90361111,79.70722222,01-08-2011 09:45,2.31,"","",""
1799,Porakudi,CWC,33,Tamil Nadu,579,Nagapattinam,NAGAPATTINAM,-,-,Cauvery,Cauvery,-,-,-,Arasalar,10.90361111,79.70722222,02-09-2011 08:45,1.36,"","",""
1800,Porakudi,CWC,33,Tamil Nadu,579,Nagapattinam,NAGAPATTINAM,-,-,Cauvery,Cauvery,-,-,-,Arasalar,10.90361111,79.70722222,01-11-2011 08:50,0.96,"","",""
1801,Porakudi,CWC,33,Tamil Nadu,579,Nagapattinam,NAGAPATTINAM,-,-,Cauvery,Cauvery,-,-,-,Arasalar,10.90361111,79.70722222,01-12-2011 08:55,2.06,"","",""
1802,Porakudi,CWC,33,Tamil Nadu,579,Nagapattinam,NAGAPATTINAM,-,-,Cauvery,Cauvery,-,-,-,Arasalar,10.90361111,79.70722222,02-01-2012 08:50,2.77,"","",""
1803,Porakudi,CWC,33,Tamil Nadu,579,Nagapattinam,NAGAPATTINAM,-,-,Cauvery,Cauvery,-,-,-,Arasalar,10.90361111,79.70722222,01-02-2012 06:00,2.39,"","",""
1804,Porakudi,CWC,33,Tamil Nadu,579,Nagapattinam,NAGAPATTINAM,-,-,Cauvery,Cauvery,-,-,-,Arasalar,10.90361111,79.70722222,11-10-2012 08:15,1.28,"","",""
1805,Porakudi,CWC,33,Tamil Nadu,579,Nagapattinam,NAGAPATTINAM,-,-,Cauvery,Cauvery,-,-,-,Arasalar,10.90361111,79.70722222,01-11-2012 07:00,2.3,"","",""
1806,Porakudi,CWC,33,Tamil Nadu,579,Nagapattinam,NAGAPATTINAM,-,-,Cauvery,Cauvery,-,-,-,Arasalar,10.90361111,79.70722222,14-08-2013 08:00,0.91,"","",""
1807,Porakudi,CWC,33,Tamil Nadu,579,Nagapattinam,NAGAPATTINAM,-,-,Cauvery,Cauvery,-,-,-,Arasalar,10.90361111,79.70722222,02-09-2013 08:15,1.25,"","",""
1808,Porakudi,CWC,33,Tamil Nadu,579,Nagapattinam,NAGAPATTINAM,-,-,Cauvery,Cauvery,-,-,-,Arasalar,10.90361111,79.70722222,01-10-2013 08:15,1.42,"","",""
1809,Porakudi,CWC,33,Tamil Nadu,579,Nagapattinam,NAGAPATTINAM,-,-,Cauvery,Cauvery,-,-,-,Arasalar,10.90361111,79.70722222,09-09-2014 08:15,0.9,"","",""
1810,Porakudi,CWC,33,Tamil Nadu,579,Nagapattinam,NAGAPATTINAM,-,-,Cauvery,Cauvery,-,-,-,Arasalar,10.90361111,79.70722222,18-05-2015 08:30,1.46,"","",""
1811,Porakudi,CWC,33,Tamil Nadu,579,Nagapattinam,NAGAPATTINAM,-,-,Cauvery,Cauvery,-,-,-,Arasalar,10.90361111,79.70722222,23-08-2015 14:30,1.64,"","",""
1812,Porakudi,CWC,33,Tamil Nadu,579,Nagapattinam,NAGAPATTINAM,-,-,Cauvery,Cauvery,-,-,-,Arasalar,10.90361111,79.70722222,08-09-2015 09:30,0.73,"","",""
1813,Porakudi,CWC,33,Tamil Nadu,579,Nagapattinam,NAGAPATTINAM,-,-,Cauvery,Cauvery,-,-,-,Arasalar,10.90361111,79.70722222,03-10-2015 08:30,1.64,"","",""
1814,Porakudi,CWC,33,Tamil Nadu,579,Nagapattinam,NAGAPATTINAM,-,-,Cauvery,Cauvery,-,-,-,Arasalar,10.90361111,79.70722222,09-11-2015 08:20,2.55,"","",""
1815,Porakudi,CWC,33,Tamil Nadu,579,Nagapattinam,NAGAPATTINAM,-,-,Cauvery,Cauvery,-,-,-,Arasalar,10.90361111,79.70722222,08-12-2015 07:30,1.82,"","",""
1816,Porakudi,CWC,33,Tamil Nadu,579,Nagapattinam,NAGAPATTINAM,-,-,Cauvery,Cauvery,-,-,-,Arasalar,10.90361111,79.70722222,19-01-2016 08:00,1.46,"","",""
1817,Porakudi,CWC,33,Tamil Nadu,579,Nagapattinam,NAGAPATTINAM,-,-,Cauvery,Cauvery,-,-,-,Arasalar,10.90361111,79.70722222,12-02-2016 08:30,1.28,"","",""
1818,Porakudi,CWC,33,Tamil Nadu,579,Nagapattinam,NAGAPATTINAM,-,-,Cauvery,Cauvery,-,-,-,Arasalar,10.90361111,79.70722222,16-10-2017 08:00,1.5,"","",""
1819,Porakudi,CWC,33,Tamil Nadu,579,Nagapattinam,NAGAPATTINAM,-,-,Cauvery,Cauvery,-,-,-,Arasalar,10.90361111,79.70722222,01-11-2017 08:00,2.5,"","",""
1820,Porakudi,CWC,33,Tamil Nadu,579,Nagapattinam,NAGAPATTINAM,-,-,Cauvery,Cauvery,-,-,-,Arasalar,10.90361111,79.70722222,01-12-2017 08:00,2.9,"","",""
1821,Porakudi,CWC,33,Tamil Nadu,579,Nagapattinam,NAGAPATTINAM,-,-,Cauvery,Cauvery,-,-,-,Arasalar,10.90361111,79.70722222,31-07-2018 08:00,1.4,"","",""
1822,Porakudi,CWC,33,Tamil Nadu,579,Nagapattinam,NAGAPATTINAM,-,-,Cauvery,Cauvery,-,-,-,Arasalar,10.90361111,79.70722222,03-08-2018 08:00,2.3,"","",""
1823,Porakudi,CWC,33,Tamil Nadu,579,Nagapattinam,NAGAPATTINAM,-,-,Cauvery,Cauvery,-,-,-,Arasalar,10.90361111,79.70722222,26-09-2018 08:00,1.6,"","",""
1824,Porakudi,CWC,33,Tamil Nadu,579,Nagapattinam,NAGAPATTINAM,-,-,Cauvery,Cauvery,-,-,-,Arasalar,10.90361111,79.70722222,04-10-2018 08:00,0.5,"","",""
1825,Porakudi,CWC,33,Tamil Nadu,579,Nagapattinam,NAGAPATTINAM,-,-,Cauvery,Cauvery,-,-,-,Arasalar,10.90361111,79.70722222,16-11-2018 08:00,2.5,"","",""
1826,Porakudi,CWC,33,Tamil Nadu,579,Nagapattinam,NAGAPATTINAM,-,-,Cauvery,Cauvery,-,-,-,Arasalar,10.90361111,79.70722222,01-12-2018 08:00,2.7,"","",""
1827,Porakudi,CWC,33,Tamil Nadu,579,Nagapattinam,NAGAPATTINAM,-,-,Cauvery,Cauvery,-,-,-,Arasalar,10.90361111,79.70722222,17-09-2019 08:00,4.8,"","",""
1828,Porakudi,CWC,33,Tamil Nadu,579,Nagapattinam,NAGAPATTINAM,-,-,Cauvery,Cauvery,-,-,-,Arasalar,10.90361111,79.70722222,29-10-2019 08:00,1.6,"","",""
1829,Porakudi,CWC,33,Tamil Nadu,579,Nagapattinam,NAGAPATTINAM,-,-,Cauvery,Cauvery,-,-,-,Arasalar,10.90361111,79.70722222,01-11-2019 08:00,2.2,"","",""
1830,Porakudi,CWC,33,Tamil Nadu,579,Nagapattinam,NAGAPATTINAM,-,-,Cauvery,Cauvery,-,-,-,Arasalar,10.90361111,79.70722222,02-12-2019 08:00,0.6,"","",""
1831,Porakudi,CWC,33,Tamil Nadu,579,Nagapattinam,NAGAPATTINAM,-,-,Cauvery,Cauvery,-,-,-,Arasalar,10.90361111,79.70722222,06-08-2020 08:00,2.19,"","",""
1832,Porakudi,CWC,33,Tamil Nadu,579,Nagapattinam,NAGAPATTINAM,-,-,Cauvery,Cauvery,-,-,-,Arasalar,10.90361111,79.70722222,01-10-2020 08:00,1.39,"","",""
1833,Porakudi,CWC,33,Tamil Nadu,579,Nagapattinam,NAGAPATTINAM,-,-,Cauvery,Cauvery,-,-,-,Arasalar,10.90361111,79.70722222,16-11-2020 08:00,0.4,"","",""
1834,Porakudi,CWC,33,Tamil Nadu,579,Nagapattinam,NAGAPATTINAM,-,-,Cauvery,Cauvery,-,-,-,Arasalar,10.90361111,79.70722222,01-12-2020 08:00,1.2,"","",""
1835,SAVANDAPUR,CWC,33,Tamil Nadu,573,Erode,Gobichettipalayam,-,-,Cauvery,Cauvery,Bhavani,-,-,Bhavani,11.52000000,77.51000000,01-06-2001 09:30,0.6,"","",""
1836,SAVANDAPUR,CWC,33,Tamil Nadu,573,Erode,Gobichettipalayam,-,-,Cauvery,Cauvery,Bhavani,-,-,Bhavani,11.52000000,77.51000000,03-07-2001 09:30,0.4,"","",""
1837,SAVANDAPUR,CWC,33,Tamil Nadu,573,Erode,Gobichettipalayam,-,-,Cauvery,Cauvery,Bhavani,-,-,Bhavani,11.52000000,77.51000000,01-08-2001 09:30,1.2,"","",""
1838,SAVANDAPUR,CWC,33,Tamil Nadu,573,Erode,Gobichettipalayam,-,-,Cauvery,Cauvery,Bhavani,-,-,Bhavani,11.52000000,77.51000000,01-09-2001 09:30,0.7,"","",""
1839,SAVANDAPUR,CWC,33,Tamil Nadu,573,Erode,Gobichettipalayam,-,-,Cauvery,Cauvery,Bhavani,-,-,Bhavani,11.52000000,77.51000000,01-10-2001 09:30,1,"","",""
1840,SAVANDAPUR,CWC,33,Tamil Nadu,573,Erode,Gobichettipalayam,-,-,Cauvery,Cauvery,Bhavani,-,-,Bhavani,11.52000000,77.51000000,01-11-2001 09:30,0.8,"","",""
1841,SAVANDAPUR,CWC,33,Tamil Nadu,573,Erode,Gobichettipalayam,-,-,Cauvery,Cauvery,Bhavani,-,-,Bhavani,11.52000000,77.51000000,01-12-2001 09:30,0.6,"","",""
1842,SAVANDAPUR,CWC,33,Tamil Nadu,573,Erode,Gobichettipalayam,-,-,Cauvery,Cauvery,Bhavani,-,-,Bhavani,11.52000000,77.51000000,01-01-2002 09:30,0.6,"","",""
1843,SAVANDAPUR,CWC,33,Tamil Nadu,573,Erode,Gobichettipalayam,-,-,Cauvery,Cauvery,Bhavani,-,-,Bhavani,11.52000000,77.51000000,01-02-2002 09:30,0.5,"","",""
1844,SAVANDAPUR,CWC,33,Tamil Nadu,573,Erode,Gobichettipalayam,-,-,Cauvery,Cauvery,Bhavani,-,-,Bhavani,11.52000000,77.51000000,01-03-2002 09:30,0.9,"","",""
1845,SAVANDAPUR,CWC,33,Tamil Nadu,573,Erode,Gobichettipalayam,-,-,Cauvery,Cauvery,Bhavani,-,-,Bhavani,11.52000000,77.51000000,01-04-2002 09:10,2.3,"","",""
1846,SAVANDAPUR,CWC,33,Tamil Nadu,573,Erode,Gobichettipalayam,-,-,Cauvery,Cauvery,Bhavani,-,-,Bhavani,11.52000000,77.51000000,01-05-2002 08:20,2.4,"","",""
1847,SAVANDAPUR,CWC,33,Tamil Nadu,573,Erode,Gobichettipalayam,-,-,Cauvery,Cauvery,Bhavani,-,-,Bhavani,11.52000000,77.51000000,01-06-2002 08:40,2,"","",""
1848,SAVANDAPUR,CWC,33,Tamil Nadu,573,Erode,Gobichettipalayam,-,-,Cauvery,Cauvery,Bhavani,-,-,Bhavani,11.52000000,77.51000000,01-07-2002 08:30,2,"","",""
1849,SAVANDAPUR,CWC,33,Tamil Nadu,573,Erode,Gobichettipalayam,-,-,Cauvery,Cauvery,Bhavani,-,-,Bhavani,11.52000000,77.51000000,01-08-2002 09:30,1.1,"","",""
1850,SAVANDAPUR,CWC,33,Tamil Nadu,573,Erode,Gobichettipalayam,-,-,Cauvery,Cauvery,Bhavani,-,-,Bhavani,11.52000000,77.51000000,02-09-2002 09:30,0.5,"","",""
1851,SAVANDAPUR,CWC,33,Tamil Nadu,573,Erode,Gobichettipalayam,-,-,Cauvery,Cauvery,Bhavani,-,-,Bhavani,11.52000000,77.51000000,01-10-2002 09:30,1.4,"","",""
1852,SAVANDAPUR,CWC,33,Tamil Nadu,573,Erode,Gobichettipalayam,-,-,Cauvery,Cauvery,Bhavani,-,-,Bhavani,11.52000000,77.51000000,01-11-2002 09:30,0.8,"","",""
1853,SAVANDAPUR,CWC,33,Tamil Nadu,573,Erode,Gobichettipalayam,-,-,Cauvery,Cauvery,Bhavani,-,-,Bhavani,11.52000000,77.51000000,02-12-2002 09:15,0.8,"","",""
1854,SAVANDAPUR,CWC,33,Tamil Nadu,573,Erode,Gobichettipalayam,-,-,Cauvery,Cauvery,Bhavani,-,-,Bhavani,11.52000000,77.51000000,01-01-2003 09:30,0.8,"","",""
1855,SAVANDAPUR,CWC,33,Tamil Nadu,573,Erode,Gobichettipalayam,-,-,Cauvery,Cauvery,Bhavani,-,-,Bhavani,11.52000000,77.51000000,01-02-2003 09:30,1.1,"","",""
1856,SAVANDAPUR,CWC,33,Tamil Nadu,573,Erode,Gobichettipalayam,-,-,Cauvery,Cauvery,Bhavani,-,-,Bhavani,11.52000000,77.51000000,01-03-2003 09:00,1.3,"","",""
1857,SAVANDAPUR,CWC,33,Tamil Nadu,573,Erode,Gobichettipalayam,-,-,Cauvery,Cauvery,Bhavani,-,-,Bhavani,11.52000000,77.51000000,01-04-2003 09:30,3.1,"","",""
1858,SAVANDAPUR,CWC,33,Tamil Nadu,573,Erode,Gobichettipalayam,-,-,Cauvery,Cauvery,Bhavani,-,-,Bhavani,11.52000000,77.51000000,01-05-2003 08:50,2.5,"","",""
1859,SAVANDAPUR,CWC,33,Tamil Nadu,573,Erode,Gobichettipalayam,-,-,Cauvery,Cauvery,Bhavani,-,-,Bhavani,11.52000000,77.51000000,02-06-2003 08:30,3.6,"","",""
1860,SAVANDAPUR,CWC,33,Tamil Nadu,573,Erode,Gobichettipalayam,-,-,Cauvery,Cauvery,Bhavani,-,-,Bhavani,11.52000000,77.51000000,01-07-2003 08:30,3,"","",""
1861,SAVANDAPUR,CWC,33,Tamil Nadu,573,Erode,Gobichettipalayam,-,-,Cauvery,Cauvery,Bhavani,-,-,Bhavani,11.52000000,77.51000000,01-08-2003 08:30,2,"","",""
1862,SAVANDAPUR,CWC,33,Tamil Nadu,573,Erode,Gobichettipalayam,-,-,Cauvery,Cauvery,Bhavani,-,-,Bhavani,11.52000000,77.51000000,01-09-2003 08:45,2.8,"","",""
1863,SAVANDAPUR,CWC,33,Tamil Nadu,573,Erode,Gobichettipalayam,-,-,Cauvery,Cauvery,Bhavani,-,-,Bhavani,11.52000000,77.51000000,01-10-2003 08:30,3.1,"","",""
1864,SAVANDAPUR,CWC,33,Tamil Nadu,573,Erode,Gobichettipalayam,-,-,Cauvery,Cauvery,Bhavani,-,-,Bhavani,11.52000000,77.51000000,01-11-2003 09:15,1.3,"","",""
1865,SAVANDAPUR,CWC,33,Tamil Nadu,573,Erode,Gobichettipalayam,-,-,Cauvery,Cauvery,Bhavani,-,-,Bhavani,11.52000000,77.51000000,01-12-2003 09:15,0.8,"","",""
1866,SAVANDAPUR,CWC,33,Tamil Nadu,573,Erode,Gobichettipalayam,-,-,Cauvery,Cauvery,Bhavani,-,-,Bhavani,11.52000000,77.51000000,01-01-2004 09:00,0.9,"","",""
1867,SAVANDAPUR,CWC,33,Tamil Nadu,573,Erode,Gobichettipalayam,-,-,Cauvery,Cauvery,Bhavani,-,-,Bhavani,11.52000000,77.51000000,03-02-2004 08:30,3.6,"","",""
1868,SAVANDAPUR,CWC,33,Tamil Nadu,573,Erode,Gobichettipalayam,-,-,Cauvery,Cauvery,Bhavani,-,-,Bhavani,11.52000000,77.51000000,01-03-2004 08:30,6.8,"","",""
1869,SAVANDAPUR,CWC,33,Tamil Nadu,573,Erode,Gobichettipalayam,-,-,Cauvery,Cauvery,Bhavani,-,-,Bhavani,11.52000000,77.51000000,01-04-2004 08:30,5.9,"","",""
1870,SAVANDAPUR,CWC,33,Tamil Nadu,573,Erode,Gobichettipalayam,-,-,Cauvery,Cauvery,Bhavani,-,-,Bhavani,11.52000000,77.51000000,01-05-2004 08:30,2.6,"","",""
1871,SAVANDAPUR,CWC,33,Tamil Nadu,573,Erode,Gobichettipalayam,-,-,Cauvery,Cauvery,Bhavani,-,-,Bhavani,11.52000000,77.51000000,01-06-2004 08:30,1.1,"","",""
1872,SAVANDAPUR,CWC,33,Tamil Nadu,573,Erode,Gobichettipalayam,-,-,Cauvery,Cauvery,Bhavani,-,-,Bhavani,11.52000000,77.51000000,01-07-2004 08:30,0.7,"","",""
1873,SAVANDAPUR,CWC,33,Tamil Nadu,573,Erode,Gobichettipalayam,-,-,Cauvery,Cauvery,Bhavani,-,-,Bhavani,11.52000000,77.51000000,02-08-2004 09:15,1.3,"","",""
1874,SAVANDAPUR,CWC,33,Tamil Nadu,573,Erode,Gobichettipalayam,-,-,Cauvery,Cauvery,Bhavani,-,-,Bhavani,11.52000000,77.51000000,01-09-2004 09:15,1.4,"","",""
1875,SAVANDAPUR,CWC,33,Tamil Nadu,573,Erode,Gobichettipalayam,-,-,Cauvery,Cauvery,Bhavani,-,-,Bhavani,11.52000000,77.51000000,01-10-2004 09:15,1.1,"","",""
1876,SAVANDAPUR,CWC,33,Tamil Nadu,573,Erode,Gobichettipalayam,-,-,Cauvery,Cauvery,Bhavani,-,-,Bhavani,11.52000000,77.51000000,01-11-2004 09:15,0.7,"","",""
1877,SAVANDAPUR,CWC,33,Tamil Nadu,573,Erode,Gobichettipalayam,-,-,Cauvery,Cauvery,Bhavani,-,-,Bhavani,11.52000000,77.51000000,01-12-2004 08:30,0.6,"","",""
1878,SAVANDAPUR,CWC,33,Tamil Nadu,573,Erode,Gobichettipalayam,-,-,Cauvery,Cauvery,Bhavani,-,-,Bhavani,11.52000000,77.51000000,01-01-2005 09:15,0.5,"","",""
1879,SAVANDAPUR,CWC,33,Tamil Nadu,573,Erode,Gobichettipalayam,-,-,Cauvery,Cauvery,Bhavani,-,-,Bhavani,11.52000000,77.51000000,01-02-2005 09:30,3,"","",""
1880,SAVANDAPUR,CWC,33,Tamil Nadu,573,Erode,Gobichettipalayam,-,-,Cauvery,Cauvery,Bhavani,-,-,Bhavani,11.52000000,77.51000000,01-03-2005 09:15,1.3,"","",""
1881,SAVANDAPUR,CWC,33,Tamil Nadu,573,Erode,Gobichettipalayam,-,-,Cauvery,Cauvery,Bhavani,-,-,Bhavani,11.52000000,77.51000000,01-04-2005 09:15,0.5,"","",""
1882,SAVANDAPUR,CWC,33,Tamil Nadu,573,Erode,Gobichettipalayam,-,-,Cauvery,Cauvery,Bhavani,-,-,Bhavani,11.52000000,77.51000000,02-05-2005 08:45,1.7,"","",""
1883,SAVANDAPUR,CWC,33,Tamil Nadu,573,Erode,Gobichettipalayam,-,-,Cauvery,Cauvery,Bhavani,-,-,Bhavani,11.52000000,77.51000000,01-06-2005 08:45,0.9,"","",""
1884,SAVANDAPUR,CWC,33,Tamil Nadu,573,Erode,Gobichettipalayam,-,-,Cauvery,Cauvery,Bhavani,-,-,Bhavani,11.52000000,77.51000000,01-07-2005 08:45,1.3,"","",""
1885,SAVANDAPUR,CWC,33,Tamil Nadu,573,Erode,Gobichettipalayam,-,-,Cauvery,Cauvery,Bhavani,-,-,Bhavani,11.52000000,77.51000000,01-08-2005 09:15,1.3,"","",""
1886,SAVANDAPUR,CWC,33,Tamil Nadu,573,Erode,Gobichettipalayam,-,-,Cauvery,Cauvery,Bhavani,-,-,Bhavani,11.52000000,77.51000000,01-09-2005 09:15,1,"","",""
1887,SAVANDAPUR,CWC,33,Tamil Nadu,573,Erode,Gobichettipalayam,-,-,Cauvery,Cauvery,Bhavani,-,-,Bhavani,11.52000000,77.51000000,01-10-2005 09:15,1,"","",""
1888,SAVANDAPUR,CWC,33,Tamil Nadu,573,Erode,Gobichettipalayam,-,-,Cauvery,Cauvery,Bhavani,-,-,Bhavani,11.52000000,77.51000000,02-11-2005 09:15,1.2,"","",""
1889,SAVANDAPUR,CWC,33,Tamil Nadu,573,Erode,Gobichettipalayam,-,-,Cauvery,Cauvery,Bhavani,-,-,Bhavani,11.52000000,77.51000000,01-12-2005 09:15,1.4,"","",""
1890,SAVANDAPUR,CWC,33,Tamil Nadu,573,Erode,Gobichettipalayam,-,-,Cauvery,Cauvery,Bhavani,-,-,Bhavani,11.52000000,77.51000000,02-01-2006 09:15,0.8,"","",""
1891,SAVANDAPUR,CWC,33,Tamil Nadu,573,Erode,Gobichettipalayam,-,-,Cauvery,Cauvery,Bhavani,-,-,Bhavani,11.52000000,77.51000000,01-02-2006 09:15,5.4,"","",""
1892,SAVANDAPUR,CWC,33,Tamil Nadu,573,Erode,Gobichettipalayam,-,-,Cauvery,Cauvery,Bhavani,-,-,Bhavani,11.52000000,77.51000000,01-03-2006 09:15,0.2,"","",""
1893,SAVANDAPUR,CWC,33,Tamil Nadu,573,Erode,Gobichettipalayam,-,-,Cauvery,Cauvery,Bhavani,-,-,Bhavani,11.52000000,77.51000000,01-04-2006 09:15,0.9,"","",""
1894,SAVANDAPUR,CWC,33,Tamil Nadu,573,Erode,Gobichettipalayam,-,-,Cauvery,Cauvery,Bhavani,-,-,Bhavani,11.52000000,77.51000000,01-05-2006 08:50,1.4,"","",""
1895,SAVANDAPUR,CWC,33,Tamil Nadu,573,Erode,Gobichettipalayam,-,-,Cauvery,Cauvery,Bhavani,-,-,Bhavani,11.52000000,77.51000000,02-06-2006 08:50,1.2,"","",""
1896,SAVANDAPUR,CWC,33,Tamil Nadu,573,Erode,Gobichettipalayam,-,-,Cauvery,Cauvery,Bhavani,-,-,Bhavani,11.52000000,77.51000000,01-07-2006 08:30,1,"","",""
1897,SAVANDAPUR,CWC,33,Tamil Nadu,573,Erode,Gobichettipalayam,-,-,Cauvery,Cauvery,Bhavani,-,-,Bhavani,11.52000000,77.51000000,01-08-2006 09:00,1.4,"","",""
1898,SAVANDAPUR,CWC,33,Tamil Nadu,573,Erode,Gobichettipalayam,-,-,Cauvery,Cauvery,Bhavani,-,-,Bhavani,11.52000000,77.51000000,01-09-2006 08:30,0.6,"","",""
1899,SAVANDAPUR,CWC,33,Tamil Nadu,573,Erode,Gobichettipalayam,-,-,Cauvery,Cauvery,Bhavani,-,-,Bhavani,11.52000000,77.51000000,03-10-2006 09:00,1,"","",""
1900,SAVANDAPUR,CWC,33,Tamil Nadu,573,Erode,Gobichettipalayam,-,-,Cauvery,Cauvery,Bhavani,-,-,Bhavani,11.52000000,77.51000000,01-11-2006 08:30,2.2,"","",""
1901,SAVANDAPUR,CWC,33,Tamil Nadu,573,Erode,Gobichettipalayam,-,-,Cauvery,Cauvery,Bhavani,-,-,Bhavani,11.52000000,77.51000000,01-12-2006 08:00,0.8,"","",""
1902,SAVANDAPUR,CWC,33,Tamil Nadu,573,Erode,Gobichettipalayam,-,-,Cauvery,Cauvery,Bhavani,-,-,Bhavani,11.52000000,77.51000000,02-01-2007 09:30,0.8,"","",""
1903,SAVANDAPUR,CWC,33,Tamil Nadu,573,Erode,Gobichettipalayam,-,-,Cauvery,Cauvery,Bhavani,-,-,Bhavani,11.52000000,77.51000000,01-02-2007 08:30,1.1,"","",""
1904,SAVANDAPUR,CWC,33,Tamil Nadu,573,Erode,Gobichettipalayam,-,-,Cauvery,Cauvery,Bhavani,-,-,Bhavani,11.52000000,77.51000000,01-03-2007 08:30,0.9,"","",""
1905,SAVANDAPUR,CWC,33,Tamil Nadu,573,Erode,Gobichettipalayam,-,-,Cauvery,Cauvery,Bhavani,-,-,Bhavani,11.52000000,77.51000000,02-04-2007 08:45,0.3,"","",""
1906,SAVANDAPUR,CWC,33,Tamil Nadu,573,Erode,Gobichettipalayam,-,-,Cauvery,Cauvery,Bhavani,-,-,Bhavani,11.52000000,77.51000000,01-05-2007 09:40,1.2,"","",""
1907,SAVANDAPUR,CWC,33,Tamil Nadu,573,Erode,Gobichettipalayam,-,-,Cauvery,Cauvery,Bhavani,-,-,Bhavani,11.52000000,77.51000000,01-06-2007 09:00,1.1,"","",""
1908,SAVANDAPUR,CWC,33,Tamil Nadu,573,Erode,Gobichettipalayam,-,-,Cauvery,Cauvery,Bhavani,-,-,Bhavani,11.52000000,77.51000000,02-07-2007 09:00,0.5,"","",""
1909,SAVANDAPUR,CWC,33,Tamil Nadu,573,Erode,Gobichettipalayam,-,-,Cauvery,Cauvery,Bhavani,-,-,Bhavani,11.52000000,77.51000000,01-08-2007 09:00,0.5,"","",""
1910,SAVANDAPUR,CWC,33,Tamil Nadu,573,Erode,Gobichettipalayam,-,-,Cauvery,Cauvery,Bhavani,-,-,Bhavani,11.52000000,77.51000000,01-09-2007 09:00,0.4,"","",""
1911,SAVANDAPUR,CWC,33,Tamil Nadu,573,Erode,Gobichettipalayam,-,-,Cauvery,Cauvery,Bhavani,-,-,Bhavani,11.52000000,77.51000000,01-10-2007 09:00,0.5,"","",""
1912,SAVANDAPUR,CWC,33,Tamil Nadu,573,Erode,Gobichettipalayam,-,-,Cauvery,Cauvery,Bhavani,-,-,Bhavani,11.52000000,77.51000000,01-11-2007 08:00,1.7,"","",""
1913,SAVANDAPUR,CWC,33,Tamil Nadu,573,Erode,Gobichettipalayam,-,-,Cauvery,Cauvery,Bhavani,-,-,Bhavani,11.52000000,77.51000000,01-12-2007 08:00,0.5,"","",""
1914,SAVANDAPUR,CWC,33,Tamil Nadu,573,Erode,Gobichettipalayam,-,-,Cauvery,Cauvery,Bhavani,-,-,Bhavani,11.52000000,77.51000000,01-01-2008 09:30,0.5,"","",""
1915,SAVANDAPUR,CWC,33,Tamil Nadu,573,Erode,Gobichettipalayam,-,-,Cauvery,Cauvery,Bhavani,-,-,Bhavani,11.52000000,77.51000000,01-02-2008 09:00,0.4,"","",""
1916,SAVANDAPUR,CWC,33,Tamil Nadu,573,Erode,Gobichettipalayam,-,-,Cauvery,Cauvery,Bhavani,-,-,Bhavani,11.52000000,77.51000000,01-03-2008 09:00,0.5,"","",""
1917,SAVANDAPUR,CWC,33,Tamil Nadu,573,Erode,Gobichettipalayam,-,-,Cauvery,Cauvery,Bhavani,-,-,Bhavani,11.52000000,77.51000000,01-04-2008 09:00,1.1,"","",""
1918,SAVANDAPUR,CWC,33,Tamil Nadu,573,Erode,Gobichettipalayam,-,-,Cauvery,Cauvery,Bhavani,-,-,Bhavani,11.52000000,77.51000000,01-05-2008 09:00,0.5,"","",""
1919,SAVANDAPUR,CWC,33,Tamil Nadu,573,Erode,Gobichettipalayam,-,-,Cauvery,Cauvery,Bhavani,-,-,Bhavani,11.52000000,77.51000000,02-06-2008 08:00,0.6,"","",""
1920,SAVANDAPUR,CWC,33,Tamil Nadu,573,Erode,Gobichettipalayam,-,-,Cauvery,Cauvery,Bhavani,-,-,Bhavani,11.52000000,77.51000000,01-07-2008 08:00,1.1,"","",""
1921,SAVANDAPUR,CWC,33,Tamil Nadu,573,Erode,Gobichettipalayam,-,-,Cauvery,Cauvery,Bhavani,-,-,Bhavani,11.52000000,77.51000000,01-08-2008 08:00,0.6,"","",""
1922,SAVANDAPUR,CWC,33,Tamil Nadu,573,Erode,Gobichettipalayam,-,-,Cauvery,Cauvery,Bhavani,-,-,Bhavani,11.52000000,77.51000000,01-09-2008 08:00,1,"","",""
1923,SAVANDAPUR,CWC,33,Tamil Nadu,573,Erode,Gobichettipalayam,-,-,Cauvery,Cauvery,Bhavani,-,-,Bhavani,11.52000000,77.51000000,03-10-2008 08:00,0.7,"","",""
1924,SAVANDAPUR,CWC,33,Tamil Nadu,573,Erode,Gobichettipalayam,-,-,Cauvery,Cauvery,Bhavani,-,-,Bhavani,11.52000000,77.51000000,01-11-2008 08:00,1.1,"","",""
1925,SAVANDAPUR,CWC,33,Tamil Nadu,573,Erode,Gobichettipalayam,-,-,Cauvery,Cauvery,Bhavani,-,-,Bhavani,11.52000000,77.51000000,01-12-2008 08:00,1,"","",""
1926,SAVANDAPUR,CWC,33,Tamil Nadu,573,Erode,Gobichettipalayam,-,-,Cauvery,Cauvery,Bhavani,-,-,Bhavani,11.52000000,77.51000000,01-01-2009 08:00,0.7,"","",""
1927,SAVANDAPUR,CWC,33,Tamil Nadu,573,Erode,Gobichettipalayam,-,-,Cauvery,Cauvery,Bhavani,-,-,Bhavani,11.52000000,77.51000000,02-02-2009 08:00,0.6,"","",""
1928,SAVANDAPUR,CWC,33,Tamil Nadu,573,Erode,Gobichettipalayam,-,-,Cauvery,Cauvery,Bhavani,-,-,Bhavani,11.52000000,77.51000000,02-03-2009 08:00,0.8,"","",""
1929,SAVANDAPUR,CWC,33,Tamil Nadu,573,Erode,Gobichettipalayam,-,-,Cauvery,Cauvery,Bhavani,-,-,Bhavani,11.52000000,77.51000000,01-04-2009 08:00,0.5,"","",""
1930,SAVANDAPUR,CWC,33,Tamil Nadu,573,Erode,Gobichettipalayam,-,-,Cauvery,Cauvery,Bhavani,-,-,Bhavani,11.52000000,77.51000000,01-05-2009 08:00,2,"","",""
1931,SAVANDAPUR,CWC,33,Tamil Nadu,573,Erode,Gobichettipalayam,-,-,Cauvery,Cauvery,Bhavani,-,-,Bhavani,11.52000000,77.51000000,01-06-2009 09:00,1.1,"","",""
1932,SAVANDAPUR,CWC,33,Tamil Nadu,573,Erode,Gobichettipalayam,-,-,Cauvery,Cauvery,Bhavani,-,-,Bhavani,11.52000000,77.51000000,01-07-2009 09:00,1.7,"","",""
1933,SAVANDAPUR,CWC,33,Tamil Nadu,573,Erode,Gobichettipalayam,-,-,Cauvery,Cauvery,Bhavani,-,-,Bhavani,11.52000000,77.51000000,01-08-2009 09:00,1.8,"","",""
1934,SAVANDAPUR,CWC,33,Tamil Nadu,573,Erode,Gobichettipalayam,-,-,Cauvery,Cauvery,Bhavani,-,-,Bhavani,11.52000000,77.51000000,01-09-2009 09:00,0.8,"","",""
1935,SAVANDAPUR,CWC,33,Tamil Nadu,573,Erode,Gobichettipalayam,-,-,Cauvery,Cauvery,Bhavani,-,-,Bhavani,11.52000000,77.51000000,01-10-2009 09:00,0.3,"","",""
1936,SAVANDAPUR,CWC,33,Tamil Nadu,573,Erode,Gobichettipalayam,-,-,Cauvery,Cauvery,Bhavani,-,-,Bhavani,11.52000000,77.51000000,03-11-2009 09:00,1.2,"","",""
1937,SAVANDAPUR,CWC,33,Tamil Nadu,573,Erode,Gobichettipalayam,-,-,Cauvery,Cauvery,Bhavani,-,-,Bhavani,11.52000000,77.51000000,01-12-2009 09:05,0.1,"","",""
1938,SAVANDAPUR,CWC,33,Tamil Nadu,573,Erode,Gobichettipalayam,-,-,Cauvery,Cauvery,Bhavani,-,-,Bhavani,11.52000000,77.51000000,01-01-2010 09:00,1.2,"","",""
1939,SAVANDAPUR,CWC,33,Tamil Nadu,573,Erode,Gobichettipalayam,-,-,Cauvery,Cauvery,Bhavani,-,-,Bhavani,11.52000000,77.51000000,01-02-2010 09:00,1,"","",""
1940,SAVANDAPUR,CWC,33,Tamil Nadu,573,Erode,Gobichettipalayam,-,-,Cauvery,Cauvery,Bhavani,-,-,Bhavani,11.52000000,77.51000000,01-03-2010 09:00,0.4,"","",""
1941,SAVANDAPUR,CWC,33,Tamil Nadu,573,Erode,Gobichettipalayam,-,-,Cauvery,Cauvery,Bhavani,-,-,Bhavani,11.52000000,77.51000000,01-04-2010 09:05,0.6,"","",""
1942,SAVANDAPUR,CWC,33,Tamil Nadu,573,Erode,Gobichettipalayam,-,-,Cauvery,Cauvery,Bhavani,-,-,Bhavani,11.52000000,77.51000000,01-05-2010 10:10,1.6,"","",""
1943,SAVANDAPUR,CWC,33,Tamil Nadu,573,Erode,Gobichettipalayam,-,-,Cauvery,Cauvery,Bhavani,-,-,Bhavani,11.52000000,77.51000000,01-06-2010 09:05,1.6,"","",""
1944,SAVANDAPUR,CWC,33,Tamil Nadu,573,Erode,Gobichettipalayam,-,-,Cauvery,Cauvery,Bhavani,-,-,Bhavani,11.52000000,77.51000000,01-07-2010 09:10,1.4,"","",""
1945,SAVANDAPUR,CWC,33,Tamil Nadu,573,Erode,Gobichettipalayam,-,-,Cauvery,Cauvery,Bhavani,-,-,Bhavani,11.52000000,77.51000000,02-08-2010 08:50,0.5,"","",""
1946,SAVANDAPUR,CWC,33,Tamil Nadu,573,Erode,Gobichettipalayam,-,-,Cauvery,Cauvery,Bhavani,-,-,Bhavani,11.52000000,77.51000000,01-09-2010 08:50,0.8,"","",""
1947,SAVANDAPUR,CWC,33,Tamil Nadu,573,Erode,Gobichettipalayam,-,-,Cauvery,Cauvery,Bhavani,-,-,Bhavani,11.52000000,77.51000000,01-10-2010 09:10,0.4,"","",""
1948,SAVANDAPUR,CWC,33,Tamil Nadu,573,Erode,Gobichettipalayam,-,-,Cauvery,Cauvery,Bhavani,-,-,Bhavani,11.52000000,77.51000000,01-11-2010 08:55,1,"","",""
1949,SAVANDAPUR,CWC,33,Tamil Nadu,573,Erode,Gobichettipalayam,-,-,Cauvery,Cauvery,Bhavani,-,-,Bhavani,11.52000000,77.51000000,01-12-2010 08:50,0.7,"","",""
1950,SAVANDAPUR,CWC,33,Tamil Nadu,573,Erode,Gobichettipalayam,-,-,Cauvery,Cauvery,Bhavani,-,-,Bhavani,11.52000000,77.51000000,01-01-2011 09:00,0.3,"","",""
1951,SAVANDAPUR,CWC,33,Tamil Nadu,573,Erode,Gobichettipalayam,-,-,Cauvery,Cauvery,Bhavani,-,-,Bhavani,11.52000000,77.51000000,01-02-2011 09:10,1.3,"","",""
1952,SAVANDAPUR,CWC,33,Tamil Nadu,573,Erode,Gobichettipalayam,-,-,Cauvery,Cauvery,Bhavani,-,-,Bhavani,11.52000000,77.51000000,01-03-2011 08:55,1.3,"","",""
1953,SAVANDAPUR,CWC,33,Tamil Nadu,573,Erode,Gobichettipalayam,-,-,Cauvery,Cauvery,Bhavani,-,-,Bhavani,11.52000000,77.51000000,01-04-2011 09:05,0.5,"","",""
1954,SAVANDAPUR,CWC,33,Tamil Nadu,573,Erode,Gobichettipalayam,-,-,Cauvery,Cauvery,Bhavani,-,-,Bhavani,11.52000000,77.51000000,02-05-2011 09:15,1.4,"","",""
1955,SAVANDAPUR,CWC,33,Tamil Nadu,573,Erode,Gobichettipalayam,-,-,Cauvery,Cauvery,Bhavani,-,-,Bhavani,11.52000000,77.51000000,01-06-2011 08:50,1.4,"","",""
1956,SAVANDAPUR,CWC,33,Tamil Nadu,573,Erode,Gobichettipalayam,-,-,Cauvery,Cauvery,Bhavani,-,-,Bhavani,11.52000000,77.51000000,01-07-2011 09:00,1.5,"","",""
1957,SAVANDAPUR,CWC,33,Tamil Nadu,573,Erode,Gobichettipalayam,-,-,Cauvery,Cauvery,Bhavani,-,-,Bhavani,11.52000000,77.51000000,01-08-2011 08:50,1.2,"","",""
1958,SAVANDAPUR,CWC,33,Tamil Nadu,573,Erode,Gobichettipalayam,-,-,Cauvery,Cauvery,Bhavani,-,-,Bhavani,11.52000000,77.51000000,02-09-2011 09:00,1.4,"","",""
1959,SAVANDAPUR,CWC,33,Tamil Nadu,573,Erode,Gobichettipalayam,-,-,Cauvery,Cauvery,Bhavani,-,-,Bhavani,11.52000000,77.51000000,01-10-2011 08:55,2.6,"","",""
1960,SAVANDAPUR,CWC,33,Tamil Nadu,573,Erode,Gobichettipalayam,-,-,Cauvery,Cauvery,Bhavani,-,-,Bhavani,11.52000000,77.51000000,01-11-2011 09:05,1,"","",""
1961,SAVANDAPUR,CWC,33,Tamil Nadu,573,Erode,Gobichettipalayam,-,-,Cauvery,Cauvery,Bhavani,-,-,Bhavani,11.52000000,77.51000000,01-12-2011 09:05,1.4,"","",""
1962,SAVANDAPUR,CWC,33,Tamil Nadu,573,Erode,Gobichettipalayam,-,-,Cauvery,Cauvery,Bhavani,-,-,Bhavani,11.52000000,77.51000000,02-01-2012 09:00,1.2,"","",""
1963,SAVANDAPUR,CWC,33,Tamil Nadu,573,Erode,Gobichettipalayam,-,-,Cauvery,Cauvery,Bhavani,-,-,Bhavani,11.52000000,77.51000000,01-02-2012 09:10,1.2,"","",""
1964,SAVANDAPUR,CWC,33,Tamil Nadu,573,Erode,Gobichettipalayam,-,-,Cauvery,Cauvery,Bhavani,-,-,Bhavani,11.52000000,77.51000000,01-03-2012 09:10,2.7,"","",""
1965,SAVANDAPUR,CWC,33,Tamil Nadu,573,Erode,Gobichettipalayam,-,-,Cauvery,Cauvery,Bhavani,-,-,Bhavani,11.52000000,77.51000000,02-04-2012 09:00,0.6,"","",""
1966,SAVANDAPUR,CWC,33,Tamil Nadu,573,Erode,Gobichettipalayam,-,-,Cauvery,Cauvery,Bhavani,-,-,Bhavani,11.52000000,77.51000000,01-05-2012 09:05,0.4,"","",""
1967,SAVANDAPUR,CWC,33,Tamil Nadu,573,Erode,Gobichettipalayam,-,-,Cauvery,Cauvery,Bhavani,-,-,Bhavani,11.52000000,77.51000000,01-06-2012 09:10,1.9,"","",""
1968,SAVANDAPUR,CWC,33,Tamil Nadu,573,Erode,Gobichettipalayam,-,-,Cauvery,Cauvery,Bhavani,-,-,Bhavani,11.52000000,77.51000000,02-07-2012 09:05,1,"","",""
1969,SAVANDAPUR,CWC,33,Tamil Nadu,573,Erode,Gobichettipalayam,-,-,Cauvery,Cauvery,Bhavani,-,-,Bhavani,11.52000000,77.51000000,01-08-2012 08:55,0.8,"","",""
1970,SAVANDAPUR,CWC,33,Tamil Nadu,573,Erode,Gobichettipalayam,-,-,Cauvery,Cauvery,Bhavani,-,-,Bhavani,11.52000000,77.51000000,01-09-2012 08:55,1.4,"","",""
1971,SAVANDAPUR,CWC,33,Tamil Nadu,573,Erode,Gobichettipalayam,-,-,Cauvery,Cauvery,Bhavani,-,-,Bhavani,11.52000000,77.51000000,01-11-2012 09:05,1.9,"","",""
1972,SAVANDAPUR,CWC,33,Tamil Nadu,573,Erode,Gobichettipalayam,-,-,Cauvery,Cauvery,Bhavani,-,-,Bhavani,11.52000000,77.51000000,01-12-2012 08:30,0.7,"","",""
1973,SAVANDAPUR,CWC,33,Tamil Nadu,573,Erode,Gobichettipalayam,-,-,Cauvery,Cauvery,Bhavani,-,-,Bhavani,11.52000000,77.51000000,01-01-2013 08:30,0.8,"","",""
1974,SAVANDAPUR,CWC,33,Tamil Nadu,573,Erode,Gobichettipalayam,-,-,Cauvery,Cauvery,Bhavani,-,-,Bhavani,11.52000000,77.51000000,01-02-2013 08:30,1.2,"","",""
1975,SAVANDAPUR,CWC,33,Tamil Nadu,573,Erode,Gobichettipalayam,-,-,Cauvery,Cauvery,Bhavani,-,-,Bhavani,11.52000000,77.51000000,01-03-2013 08:30,0.8,"","",""
1976,SAVANDAPUR,CWC,33,Tamil Nadu,573,Erode,Gobichettipalayam,-,-,Cauvery,Cauvery,Bhavani,-,-,Bhavani,11.52000000,77.51000000,01-04-2013 08:30,0.9,"","",""
1977,SAVANDAPUR,CWC,33,Tamil Nadu,573,Erode,Gobichettipalayam,-,-,Cauvery,Cauvery,Bhavani,-,-,Bhavani,11.52000000,77.51000000,01-05-2013 08:35,2.1,"","",""
1978,SAVANDAPUR,CWC,33,Tamil Nadu,573,Erode,Gobichettipalayam,-,-,Cauvery,Cauvery,Bhavani,-,-,Bhavani,11.52000000,77.51000000,01-06-2013 08:30,2.5,"","",""
1979,SAVANDAPUR,CWC,33,Tamil Nadu,573,Erode,Gobichettipalayam,-,-,Cauvery,Cauvery,Bhavani,-,-,Bhavani,11.52000000,77.51000000,01-07-2013 08:25,2.7,"","",""
1980,SAVANDAPUR,CWC,33,Tamil Nadu,573,Erode,Gobichettipalayam,-,-,Cauvery,Cauvery,Bhavani,-,-,Bhavani,11.52000000,77.51000000,01-08-2013 09:00,1.2,"","",""
1981,SAVANDAPUR,CWC,33,Tamil Nadu,573,Erode,Gobichettipalayam,-,-,Cauvery,Cauvery,Bhavani,-,-,Bhavani,11.52000000,77.51000000,02-09-2013 08:50,1,"","",""
1982,SAVANDAPUR,CWC,33,Tamil Nadu,573,Erode,Gobichettipalayam,-,-,Cauvery,Cauvery,Bhavani,-,-,Bhavani,11.52000000,77.51000000,01-10-2013 09:00,0.8,"","",""
1983,SAVANDAPUR,CWC,33,Tamil Nadu,573,Erode,Gobichettipalayam,-,-,Cauvery,Cauvery,Bhavani,-,-,Bhavani,11.52000000,77.51000000,01-11-2013 09:00,0.6,"","",""
1984,SAVANDAPUR,CWC,33,Tamil Nadu,573,Erode,Gobichettipalayam,-,-,Cauvery,Cauvery,Bhavani,-,-,Bhavani,11.52000000,77.51000000,02-12-2013 09:00,0.8,"","",""
1985,SAVANDAPUR,CWC,33,Tamil Nadu,573,Erode,Gobichettipalayam,-,-,Cauvery,Cauvery,Bhavani,-,-,Bhavani,11.52000000,77.51000000,01-01-2014 09:00,2.1,"","",""
1986,SAVANDAPUR,CWC,33,Tamil Nadu,573,Erode,Gobichettipalayam,-,-,Cauvery,Cauvery,Bhavani,-,-,Bhavani,11.52000000,77.51000000,01-02-2014 08:30,1.1,"","",""
1987,SAVANDAPUR,CWC,33,Tamil Nadu,573,Erode,Gobichettipalayam,-,-,Cauvery,Cauvery,Bhavani,-,-,Bhavani,11.52000000,77.51000000,01-03-2014 08:30,1.9,"","",""
1988,SAVANDAPUR,CWC,33,Tamil Nadu,573,Erode,Gobichettipalayam,-,-,Cauvery,Cauvery,Bhavani,-,-,Bhavani,11.52000000,77.51000000,01-04-2014 08:30,2.3,"","",""
1989,SAVANDAPUR,CWC,33,Tamil Nadu,573,Erode,Gobichettipalayam,-,-,Cauvery,Cauvery,Bhavani,-,-,Bhavani,11.52000000,77.51000000,01-05-2014 08:30,2.5,"","",""
1990,SAVANDAPUR,CWC,33,Tamil Nadu,573,Erode,Gobichettipalayam,-,-,Cauvery,Cauvery,Bhavani,-,-,Bhavani,11.52000000,77.51000000,02-06-2014 08:30,1.4,"","",""
1991,SAVANDAPUR,CWC,33,Tamil Nadu,573,Erode,Gobichettipalayam,-,-,Cauvery,Cauvery,Bhavani,-,-,Bhavani,11.52000000,77.51000000,01-08-2014 08:30,1.3,"","",""
1992,SAVANDAPUR,CWC,33,Tamil Nadu,573,Erode,Gobichettipalayam,-,-,Cauvery,Cauvery,Bhavani,-,-,Bhavani,11.52000000,77.51000000,01-09-2014 08:50,1.4,"","",""
1993,SAVANDAPUR,CWC,33,Tamil Nadu,573,Erode,Gobichettipalayam,-,-,Cauvery,Cauvery,Bhavani,-,-,Bhavani,11.52000000,77.51000000,01-10-2014 08:30,0.4,"","",""
1994,SAVANDAPUR,CWC,33,Tamil Nadu,573,Erode,Gobichettipalayam,-,-,Cauvery,Cauvery,Bhavani,-,-,Bhavani,11.52000000,77.51000000,01-11-2014 08:50,1,"","",""
1995,SAVANDAPUR,CWC,33,Tamil Nadu,573,Erode,Gobichettipalayam,-,-,Cauvery,Cauvery,Bhavani,-,-,Bhavani,11.52000000,77.51000000,01-12-2014 08:30,0.97,"","",""
1996,SAVANDAPUR,CWC,33,Tamil Nadu,573,Erode,Gobichettipalayam,-,-,Cauvery,Cauvery,Bhavani,-,-,Bhavani,11.52000000,77.51000000,01-01-2015 08:50,1.67,"","",""
1997,SAVANDAPUR,CWC,33,Tamil Nadu,573,Erode,Gobichettipalayam,-,-,Cauvery,Cauvery,Bhavani,-,-,Bhavani,11.52000000,77.51000000,02-02-2015 08:50,1.4,"","",""
1998,SAVANDAPUR,CWC,33,Tamil Nadu,573,Erode,Gobichettipalayam,-,-,Cauvery,Cauvery,Bhavani,-,-,Bhavani,11.52000000,77.51000000,02-03-2015 08:50,1.2,"","",""
1999,SAVANDAPUR,CWC,33,Tamil Nadu,573,Erode,Gobichettipalayam,-,-,Cauvery,Cauvery,Bhavani,-,-,Bhavani,11.52000000,77.51000000,01-04-2015 08:50,0.79,"","",""
2000,SAVANDAPUR,CWC,33,Tamil Nadu,573,Erode,Gobichettipalayam,-,-,Cauvery,Cauvery,Bhavani,-,-,Bhavani,11.52000000,77.51000000,01-05-2015 08:50,1.97,"","",""
2001,SAVANDAPUR,CWC,33,Tamil Nadu,573,Erode,Gobichettipalayam,-,-,Cauvery,Cauvery,Bhavani,-,-,Bhavani,11.52000000,77.51000000,01-06-2015 08:50,1.64,"","",""
2002,SAVANDAPUR,CWC,33,Tamil Nadu,573,Erode,Gobichettipalayam,-,-,Cauvery,Cauvery,Bhavani,-,-,Bhavani,11.52000000,77.51000000,01-07-2015 08:50,4.1,"","",""
2003,SAVANDAPUR,CWC,33,Tamil Nadu,573,Erode,Gobichettipalayam,-,-,Cauvery,Cauvery,Bhavani,-,-,Bhavani,11.52000000,77.51000000,01-08-2015 08:50,1.75,"","",""
2004,SAVANDAPUR,CWC,33,Tamil Nadu,573,Erode,Gobichettipalayam,-,-,Cauvery,Cauvery,Bhavani,-,-,Bhavani,11.52000000,77.51000000,01-09-2015 08:50,1.22,"","",""
2005,SAVANDAPUR,CWC,33,Tamil Nadu,573,Erode,Gobichettipalayam,-,-,Cauvery,Cauvery,Bhavani,-,-,Bhavani,11.52000000,77.51000000,01-10-2015 08:50,1.95,"","",""
2006,SAVANDAPUR,CWC,33,Tamil Nadu,573,Erode,Gobichettipalayam,-,-,Cauvery,Cauvery,Bhavani,-,-,Bhavani,11.52000000,77.51000000,02-11-2015 08:50,1.9,"","",""
2007,SAVANDAPUR,CWC,33,Tamil Nadu,573,Erode,Gobichettipalayam,-,-,Cauvery,Cauvery,Bhavani,-,-,Bhavani,11.52000000,77.51000000,01-12-2015 08:50,1.14,"","",""
2008,SAVANDAPUR,CWC,33,Tamil Nadu,573,Erode,Gobichettipalayam,-,-,Cauvery,Cauvery,Bhavani,-,-,Bhavani,11.52000000,77.51000000,01-01-2016 08:50,1.7,"","",""
2009,SAVANDAPUR,CWC,33,Tamil Nadu,573,Erode,Gobichettipalayam,-,-,Cauvery,Cauvery,Bhavani,-,-,Bhavani,11.52000000,77.51000000,01-02-2016 08:50,4.29,"","",""
2010,SAVANDAPUR,CWC,33,Tamil Nadu,573,Erode,Gobichettipalayam,-,-,Cauvery,Cauvery,Bhavani,-,-,Bhavani,11.52000000,77.51000000,01-03-2016 08:50,1.93,"","",""
2011,SAVANDAPUR,CWC,33,Tamil Nadu,573,Erode,Gobichettipalayam,-,-,Cauvery,Cauvery,Bhavani,-,-,Bhavani,11.52000000,77.51000000,01-04-2016 08:50,1.57,"","",""
2012,SAVANDAPUR,CWC,33,Tamil Nadu,573,Erode,Gobichettipalayam,-,-,Cauvery,Cauvery,Bhavani,-,-,Bhavani,11.52000000,77.51000000,02-05-2016 08:30,1.88,"","",""
2013,SAVANDAPUR,CWC,33,Tamil Nadu,573,Erode,Gobichettipalayam,-,-,Cauvery,Cauvery,Bhavani,-,-,Bhavani,11.52000000,77.51000000,01-06-2016 08:50,0.57,"","",""
2014,SAVANDAPUR,CWC,33,Tamil Nadu,573,Erode,Gobichettipalayam,-,-,Cauvery,Cauvery,Bhavani,-,-,Bhavani,11.52000000,77.51000000,01-07-2016 08:50,2.66,"","",""
2015,SAVANDAPUR,CWC,33,Tamil Nadu,573,Erode,Gobichettipalayam,-,-,Cauvery,Cauvery,Bhavani,-,-,Bhavani,11.52000000,77.51000000,01-08-2016 08:50,1.83,"","",""
2016,SAVANDAPUR,CWC,33,Tamil Nadu,573,Erode,Gobichettipalayam,-,-,Cauvery,Cauvery,Bhavani,-,-,Bhavani,11.52000000,77.51000000,01-09-2016 08:50,1.16,"","",""
2017,SAVANDAPUR,CWC,33,Tamil Nadu,573,Erode,Gobichettipalayam,-,-,Cauvery,Cauvery,Bhavani,-,-,Bhavani,11.52000000,77.51000000,01-10-2016 08:50,1.53,"","",""
2018,SAVANDAPUR,CWC,33,Tamil Nadu,573,Erode,Gobichettipalayam,-,-,Cauvery,Cauvery,Bhavani,-,-,Bhavani,11.52000000,77.51000000,01-11-2016 08:50,2.28,"","",""
2019,SAVANDAPUR,CWC,33,Tamil Nadu,573,Erode,Gobichettipalayam,-,-,Cauvery,Cauvery,Bhavani,-,-,Bhavani,11.52000000,77.51000000,01-12-2016 08:50,1.14,"","",""
2020,SAVANDAPUR,CWC,33,Tamil Nadu,573,Erode,Gobichettipalayam,-,-,Cauvery,Cauvery,Bhavani,-,-,Bhavani,11.52000000,77.51000000,02-01-2017 08:50,0.74,"","",""
2021,SAVANDAPUR,CWC,33,Tamil Nadu,573,Erode,Gobichettipalayam,-,-,Cauvery,Cauvery,Bhavani,-,-,Bhavani,11.52000000,77.51000000,01-02-2017 08:50,2.09,"","",""
2022,SAVANDAPUR,CWC,33,Tamil Nadu,573,Erode,Gobichettipalayam,-,-,Cauvery,Cauvery,Bhavani,-,-,Bhavani,11.52000000,77.51000000,01-03-2017 08:50,0.76,"","",""
2023,SAVANDAPUR,CWC,33,Tamil Nadu,573,Erode,Gobichettipalayam,-,-,Cauvery,Cauvery,Bhavani,-,-,Bhavani,11.52000000,77.51000000,01-04-2017 08:50,1.93,"","",""
2024,SAVANDAPUR,CWC,33,Tamil Nadu,573,Erode,Gobichettipalayam,-,-,Cauvery,Cauvery,Bhavani,-,-,Bhavani,11.52000000,77.51000000,01-05-2017 08:50,1.55,"","",""
2025,SEVANUR,CWC,33,Tamil Nadu,584,Salem,Sankari,-,-,Cauvery,Cauvery,Chittar,-,-,Chittar,11.55194444,77.73194444,01-01-2015 09:00,"","","",0
2026,SINGASADANAPALLI,CWC,33,Tamil Nadu,577,Krishnagiri,Krishnagiri,-,-,Duplicate-Ponnaiyar,East flowing rivers between Pennar and Kanyakumari,-,-,-,Ponnaiyar,12.87000000,77.83611111,01-01-2016 08:30,7.82,"","",""
2027,SINGASADANAPALLI,CWC,33,Tamil Nadu,577,Krishnagiri,Krishnagiri,-,-,Duplicate-Ponnaiyar,East flowing rivers between Pennar and Kanyakumari,-,-,-,Ponnaiyar,12.87000000,77.83611111,01-03-2016 08:30,14.65,"","",""
2028,SINGASADANAPALLI,CWC,33,Tamil Nadu,577,Krishnagiri,Krishnagiri,-,-,Duplicate-Ponnaiyar,East flowing rivers between Pennar and Kanyakumari,-,-,-,Ponnaiyar,12.87000000,77.83611111,02-05-2016 08:30,7.7,"","",""
2029,SINGASADANAPALLI,CWC,33,Tamil Nadu,577,Krishnagiri,Krishnagiri,-,-,Duplicate-Ponnaiyar,East flowing rivers between Pennar and Kanyakumari,-,-,-,Ponnaiyar,12.87000000,77.83611111,01-06-2016 08:30,9.54,"","",""
2030,SINGASADANAPALLI,CWC,33,Tamil Nadu,577,Krishnagiri,Krishnagiri,-,-,Duplicate-Ponnaiyar,East flowing rivers between Pennar and Kanyakumari,-,-,-,Ponnaiyar,12.87000000,77.83611111,01-07-2016 08:30,14.6,"","",""
2031,SINGASADANAPALLI,CWC,33,Tamil Nadu,577,Krishnagiri,Krishnagiri,-,-,Duplicate-Ponnaiyar,East flowing rivers between Pennar and Kanyakumari,-,-,-,Ponnaiyar,12.87000000,77.83611111,02-08-2016 08:30,18.5,"","",""
2032,SINGASADANAPALLI,CWC,33,Tamil Nadu,577,Krishnagiri,Krishnagiri,-,-,Duplicate-Ponnaiyar,East flowing rivers between Pennar and Kanyakumari,-,-,-,Ponnaiyar,12.87000000,77.83611111,01-09-2016 08:30,18.5,"","",""
2033,SINGASADANAPALLI,CWC,33,Tamil Nadu,577,Krishnagiri,Krishnagiri,-,-,Duplicate-Ponnaiyar,East flowing rivers between Pennar and Kanyakumari,-,-,-,Ponnaiyar,12.87000000,77.83611111,12-09-2016 08:30,25.3,"","",""
2034,SINGASADANAPALLI,CWC,33,Tamil Nadu,577,Krishnagiri,Krishnagiri,-,-,Duplicate-Ponnaiyar,East flowing rivers between Pennar and Kanyakumari,-,-,-,Ponnaiyar,12.87000000,77.83611111,21-09-2016 08:30,15.9,"","",""
2035,SINGASADANAPALLI,CWC,33,Tamil Nadu,577,Krishnagiri,Krishnagiri,-,-,Duplicate-Ponnaiyar,East flowing rivers between Pennar and Kanyakumari,-,-,-,Ponnaiyar,12.87000000,77.83611111,04-10-2016 08:30,39.3,"","",""
2036,SINGASADANAPALLI,CWC,33,Tamil Nadu,577,Krishnagiri,Krishnagiri,-,-,Duplicate-Ponnaiyar,East flowing rivers between Pennar and Kanyakumari,-,-,-,Ponnaiyar,12.87000000,77.83611111,13-10-2016 08:30,25.3,"","",""
2037,SINGASADANAPALLI,CWC,33,Tamil Nadu,577,Krishnagiri,Krishnagiri,-,-,Duplicate-Ponnaiyar,East flowing rivers between Pennar and Kanyakumari,-,-,-,Ponnaiyar,12.87000000,77.83611111,21-10-2016 08:30,18,"","",""
2038,SINGASADANAPALLI,CWC,33,Tamil Nadu,577,Krishnagiri,Krishnagiri,-,-,Duplicate-Ponnaiyar,East flowing rivers between Pennar and Kanyakumari,-,-,-,Ponnaiyar,12.87000000,77.83611111,01-11-2016 08:30,21.05,"","",""
2039,SINGASADANAPALLI,CWC,33,Tamil Nadu,577,Krishnagiri,Krishnagiri,-,-,Duplicate-Ponnaiyar,East flowing rivers between Pennar and Kanyakumari,-,-,-,Ponnaiyar,12.87000000,77.83611111,17-11-2016 08:30,10.2,"","",""
2040,SINGASADANAPALLI,CWC,33,Tamil Nadu,577,Krishnagiri,Krishnagiri,-,-,Duplicate-Ponnaiyar,East flowing rivers between Pennar and Kanyakumari,-,-,-,Ponnaiyar,12.87000000,77.83611111,21-11-2016 08:30,18.6,"","",""
2041,SINGASADANAPALLI,CWC,33,Tamil Nadu,577,Krishnagiri,Krishnagiri,-,-,Duplicate-Ponnaiyar,East flowing rivers between Pennar and Kanyakumari,-,-,-,Ponnaiyar,12.87000000,77.83611111,03-12-2016 08:30,26.3,"","",""
2042,SINGASADANAPALLI,CWC,33,Tamil Nadu,577,Krishnagiri,Krishnagiri,-,-,Duplicate-Ponnaiyar,East flowing rivers between Pennar and Kanyakumari,-,-,-,Ponnaiyar,12.87000000,77.83611111,13-12-2016 08:30,34.8,"","",""
2043,SINGASADANAPALLI,CWC,33,Tamil Nadu,577,Krishnagiri,Krishnagiri,-,-,Duplicate-Ponnaiyar,East flowing rivers between Pennar and Kanyakumari,-,-,-,Ponnaiyar,12.87000000,77.83611111,02-01-2017 13:50,7.4,"","",""
2044,SINGASADANAPALLI,CWC,33,Tamil Nadu,577,Krishnagiri,Krishnagiri,-,-,Duplicate-Ponnaiyar,East flowing rivers between Pennar and Kanyakumari,-,-,-,Ponnaiyar,12.87000000,77.83611111,11-01-2017 15:00,7.95,"","",""
2045,SINGASADANAPALLI,CWC,33,Tamil Nadu,577,Krishnagiri,Krishnagiri,-,-,Duplicate-Ponnaiyar,East flowing rivers between Pennar and Kanyakumari,-,-,-,Ponnaiyar,12.87000000,77.83611111,21-01-2017 11:00,12.9,"","",""
2046,SINGASADANAPALLI,CWC,33,Tamil Nadu,577,Krishnagiri,Krishnagiri,-,-,Duplicate-Ponnaiyar,East flowing rivers between Pennar and Kanyakumari,-,-,-,Ponnaiyar,12.87000000,77.83611111,01-02-2017 10:00,18.85,"","",""
2047,SINGASADANAPALLI,CWC,33,Tamil Nadu,577,Krishnagiri,Krishnagiri,-,-,Duplicate-Ponnaiyar,East flowing rivers between Pennar and Kanyakumari,-,-,-,Ponnaiyar,12.87000000,77.83611111,13-02-2017 09:00,18.75,"","",""
2048,SINGASADANAPALLI,CWC,33,Tamil Nadu,577,Krishnagiri,Krishnagiri,-,-,Duplicate-Ponnaiyar,East flowing rivers between Pennar and Kanyakumari,-,-,-,Ponnaiyar,12.87000000,77.83611111,21-02-2017 15:00,26.95,"","",""
2049,SINGASADANAPALLI,CWC,33,Tamil Nadu,577,Krishnagiri,Krishnagiri,-,-,Duplicate-Ponnaiyar,East flowing rivers between Pennar and Kanyakumari,-,-,-,Ponnaiyar,12.87000000,77.83611111,01-03-2017 13:10,23.9,"","",""
2050,SINGASADANAPALLI,CWC,33,Tamil Nadu,577,Krishnagiri,Krishnagiri,-,-,Duplicate-Ponnaiyar,East flowing rivers between Pennar and Kanyakumari,-,-,-,Ponnaiyar,12.87000000,77.83611111,13-03-2017 11:30,17.6,"","",""
2051,SINGASADANAPALLI,CWC,33,Tamil Nadu,577,Krishnagiri,Krishnagiri,-,-,Duplicate-Ponnaiyar,East flowing rivers between Pennar and Kanyakumari,-,-,-,Ponnaiyar,12.87000000,77.83611111,21-03-2017 11:00,18.2,"","",""
2052,SINGASADANAPALLI,CWC,33,Tamil Nadu,577,Krishnagiri,Krishnagiri,-,-,Duplicate-Ponnaiyar,East flowing rivers between Pennar and Kanyakumari,-,-,-,Ponnaiyar,12.87000000,77.83611111,01-04-2017 10:03,16.2,"","",""
2053,SINGASADANAPALLI,CWC,33,Tamil Nadu,577,Krishnagiri,Krishnagiri,-,-,Duplicate-Ponnaiyar,East flowing rivers between Pennar and Kanyakumari,-,-,-,Ponnaiyar,12.87000000,77.83611111,11-04-2017 10:00,10.3,"","",""
2054,SINGASADANAPALLI,CWC,33,Tamil Nadu,577,Krishnagiri,Krishnagiri,-,-,Duplicate-Ponnaiyar,East flowing rivers between Pennar and Kanyakumari,-,-,-,Ponnaiyar,12.87000000,77.83611111,21-04-2017 10:00,10.5,"","",""
2055,SINGASADANAPALLI,CWC,33,Tamil Nadu,577,Krishnagiri,Krishnagiri,-,-,Duplicate-Ponnaiyar,East flowing rivers between Pennar and Kanyakumari,-,-,-,Ponnaiyar,12.87000000,77.83611111,01-05-2017 10:00,21.6,"","",""
2056,SINGASADANAPALLI,CWC,33,Tamil Nadu,577,Krishnagiri,Krishnagiri,-,-,Duplicate-Ponnaiyar,East flowing rivers between Pennar and Kanyakumari,-,-,-,Ponnaiyar,12.87000000,77.83611111,12-05-2017 09:00,26.2,"","",""
2057,SINGASADANAPALLI,CWC,33,Tamil Nadu,577,Krishnagiri,Krishnagiri,-,-,Duplicate-Ponnaiyar,East flowing rivers between Pennar and Kanyakumari,-,-,-,Ponnaiyar,12.87000000,77.83611111,22-05-2017 10:00,23.7,"","",""
2058,SINGASADANAPALLI,CWC,33,Tamil Nadu,577,Krishnagiri,Krishnagiri,-,-,Duplicate-Ponnaiyar,East flowing rivers between Pennar and Kanyakumari,-,-,-,Ponnaiyar,12.87000000,77.83611111,01-06-2017 09:30,16.15,"","",""
2059,SINGASADANAPALLI,CWC,33,Tamil Nadu,577,Krishnagiri,Krishnagiri,-,-,Duplicate-Ponnaiyar,East flowing rivers between Pennar and Kanyakumari,-,-,-,Ponnaiyar,12.87000000,77.83611111,12-06-2017 10:00,16.9,"","",""
2060,SINGASADANAPALLI,CWC,33,Tamil Nadu,577,Krishnagiri,Krishnagiri,-,-,Duplicate-Ponnaiyar,East flowing rivers between Pennar and Kanyakumari,-,-,-,Ponnaiyar,12.87000000,77.83611111,21-06-2017 10:00,21.55,"","",""
2061,SINGASADANAPALLI,CWC,33,Tamil Nadu,577,Krishnagiri,Krishnagiri,-,-,Duplicate-Ponnaiyar,East flowing rivers between Pennar and Kanyakumari,-,-,-,Ponnaiyar,12.87000000,77.83611111,03-07-2017 10:00,26.17,"","",""
2062,SINGASADANAPALLI,CWC,33,Tamil Nadu,577,Krishnagiri,Krishnagiri,-,-,Duplicate-Ponnaiyar,East flowing rivers between Pennar and Kanyakumari,-,-,-,Ponnaiyar,12.87000000,77.83611111,14-07-2017 09:00,38,"","",""
2063,SINGASADANAPALLI,CWC,33,Tamil Nadu,577,Krishnagiri,Krishnagiri,-,-,Duplicate-Ponnaiyar,East flowing rivers between Pennar and Kanyakumari,-,-,-,Ponnaiyar,12.87000000,77.83611111,22-07-2017 10:00,24.2,"","",""
2064,SINGASADANAPALLI,CWC,33,Tamil Nadu,577,Krishnagiri,Krishnagiri,-,-,Duplicate-Ponnaiyar,East flowing rivers between Pennar and Kanyakumari,-,-,-,Ponnaiyar,12.87000000,77.83611111,01-08-2017 09:00,27,"","",""
2065,SINGASADANAPALLI,CWC,33,Tamil Nadu,577,Krishnagiri,Krishnagiri,-,-,Duplicate-Ponnaiyar,East flowing rivers between Pennar and Kanyakumari,-,-,-,Ponnaiyar,12.87000000,77.83611111,11-08-2017 10:00,26.9,"","",""
2066,SINGASADANAPALLI,CWC,33,Tamil Nadu,577,Krishnagiri,Krishnagiri,-,-,Duplicate-Ponnaiyar,East flowing rivers between Pennar and Kanyakumari,-,-,-,Ponnaiyar,12.87000000,77.83611111,21-08-2017 10:00,11.4,"","",""
2067,SINGASADANAPALLI,CWC,33,Tamil Nadu,577,Krishnagiri,Krishnagiri,-,-,Duplicate-Ponnaiyar,East flowing rivers between Pennar and Kanyakumari,-,-,-,Ponnaiyar,12.87000000,77.83611111,05-09-2017 09:00,"","","",""
2068,SINGASADANAPALLI,CWC,33,Tamil Nadu,577,Krishnagiri,Krishnagiri,-,-,Duplicate-Ponnaiyar,East flowing rivers between Pennar and Kanyakumari,-,-,-,Ponnaiyar,12.87000000,77.83611111,11-09-2017 10:00,"","","",""
2069,SINGASADANAPALLI,CWC,33,Tamil Nadu,577,Krishnagiri,Krishnagiri,-,-,Duplicate-Ponnaiyar,East flowing rivers between Pennar and Kanyakumari,-,-,-,Ponnaiyar,12.87000000,77.83611111,21-09-2017 10:00,"","","",""
2070,SINGASADANAPALLI,CWC,33,Tamil Nadu,577,Krishnagiri,Krishnagiri,-,-,Duplicate-Ponnaiyar,East flowing rivers between Pennar and Kanyakumari,-,-,-,Ponnaiyar,12.87000000,77.83611111,03-10-2017 10:00,9.1,"","",""
2071,SINGASADANAPALLI,CWC,33,Tamil Nadu,577,Krishnagiri,Krishnagiri,-,-,Duplicate-Ponnaiyar,East flowing rivers between Pennar and Kanyakumari,-,-,-,Ponnaiyar,12.87000000,77.83611111,11-10-2017 10:42,15,"","",""
2072,SINGASADANAPALLI,CWC,33,Tamil Nadu,577,Krishnagiri,Krishnagiri,-,-,Duplicate-Ponnaiyar,East flowing rivers between Pennar and Kanyakumari,-,-,-,Ponnaiyar,12.87000000,77.83611111,21-10-2017 11:02,13,"","",""
2073,SINGASADANAPALLI,CWC,33,Tamil Nadu,577,Krishnagiri,Krishnagiri,-,-,Duplicate-Ponnaiyar,East flowing rivers between Pennar and Kanyakumari,-,-,-,Ponnaiyar,12.87000000,77.83611111,01-11-2017 09:00,"","","",""
2074,SINGASADANAPALLI,CWC,33,Tamil Nadu,577,Krishnagiri,Krishnagiri,-,-,Duplicate-Ponnaiyar,East flowing rivers between Pennar and Kanyakumari,-,-,-,Ponnaiyar,12.87000000,77.83611111,13-11-2017 09:00,"","","",""
2075,SINGASADANAPALLI,CWC,33,Tamil Nadu,577,Krishnagiri,Krishnagiri,-,-,Duplicate-Ponnaiyar,East flowing rivers between Pennar and Kanyakumari,-,-,-,Ponnaiyar,12.87000000,77.83611111,21-11-2017 10:00,"","","",""
2076,SINGASADANAPALLI,CWC,33,Tamil Nadu,577,Krishnagiri,Krishnagiri,-,-,Duplicate-Ponnaiyar,East flowing rivers between Pennar and Kanyakumari,-,-,-,Ponnaiyar,12.87000000,77.83611111,04-12-2017 09:00,"","","",""
2077,SINGASADANAPALLI,CWC,33,Tamil Nadu,577,Krishnagiri,Krishnagiri,-,-,Duplicate-Ponnaiyar,East flowing rivers between Pennar and Kanyakumari,-,-,-,Ponnaiyar,12.87000000,77.83611111,11-12-2017 09:00,"","","",""
2078,SINGASADANAPALLI,CWC,33,Tamil Nadu,577,Krishnagiri,Krishnagiri,-,-,Duplicate-Ponnaiyar,East flowing rivers between Pennar and Kanyakumari,-,-,-,Ponnaiyar,12.87000000,77.83611111,21-12-2017 09:00,"","","",""
2079,SINGASADANAPALLI,CWC,33,Tamil Nadu,577,Krishnagiri,Krishnagiri,-,-,Duplicate-Ponnaiyar,East flowing rivers between Pennar and Kanyakumari,-,-,-,Ponnaiyar,12.87000000,77.83611111,01-01-2018 09:00,21.7,"","",""
2080,SINGASADANAPALLI,CWC,33,Tamil Nadu,577,Krishnagiri,Krishnagiri,-,-,Duplicate-Ponnaiyar,East flowing rivers between Pennar and Kanyakumari,-,-,-,Ponnaiyar,12.87000000,77.83611111,11-01-2018 09:30,21.2,"","",""
2081,SINGASADANAPALLI,CWC,33,Tamil Nadu,577,Krishnagiri,Krishnagiri,-,-,Duplicate-Ponnaiyar,East flowing rivers between Pennar and Kanyakumari,-,-,-,Ponnaiyar,12.87000000,77.83611111,22-01-2018 09:00,27.5,"","",""
2082,SINGASADANAPALLI,CWC,33,Tamil Nadu,577,Krishnagiri,Krishnagiri,-,-,Duplicate-Ponnaiyar,East flowing rivers between Pennar and Kanyakumari,-,-,-,Ponnaiyar,12.87000000,77.83611111,01-02-2018 09:00,1.4,"","",""
2083,SINGASADANAPALLI,CWC,33,Tamil Nadu,577,Krishnagiri,Krishnagiri,-,-,Duplicate-Ponnaiyar,East flowing rivers between Pennar and Kanyakumari,-,-,-,Ponnaiyar,12.87000000,77.83611111,12-02-2018 09:00,25,"","",""
2084,SINGASADANAPALLI,CWC,33,Tamil Nadu,577,Krishnagiri,Krishnagiri,-,-,Duplicate-Ponnaiyar,East flowing rivers between Pennar and Kanyakumari,-,-,-,Ponnaiyar,12.87000000,77.83611111,22-02-2018 09:00,0.8,"","",""
2085,SINGASADANAPALLI,CWC,33,Tamil Nadu,577,Krishnagiri,Krishnagiri,-,-,Duplicate-Ponnaiyar,East flowing rivers between Pennar and Kanyakumari,-,-,-,Ponnaiyar,12.87000000,77.83611111,01-03-2018 09:30,23,"","",""
2086,SINGASADANAPALLI,CWC,33,Tamil Nadu,577,Krishnagiri,Krishnagiri,-,-,Duplicate-Ponnaiyar,East flowing rivers between Pennar and Kanyakumari,-,-,-,Ponnaiyar,12.87000000,77.83611111,12-03-2018 10:00,25.5,"","",""
2087,SINGASADANAPALLI,CWC,33,Tamil Nadu,577,Krishnagiri,Krishnagiri,-,-,Duplicate-Ponnaiyar,East flowing rivers between Pennar and Kanyakumari,-,-,-,Ponnaiyar,12.87000000,77.83611111,21-03-2018 09:00,22,"","",""
2088,Thengudi,CWC,33,Tamil Nadu,590,Tiruvarur,NANNILAM,-,-,Cauvery,Cauvery,-,-,-,Thirumalairajanar,10.91611111,79.63916667,01-10-2005 09:00,4.7,"","",""
2089,Thengudi,CWC,33,Tamil Nadu,590,Tiruvarur,NANNILAM,-,-,Cauvery,Cauvery,-,-,-,Thirumalairajanar,10.91611111,79.63916667,02-11-2005 09:00,4.36,"","",""
2090,Thengudi,CWC,33,Tamil Nadu,590,Tiruvarur,NANNILAM,-,-,Cauvery,Cauvery,-,-,-,Thirumalairajanar,10.91611111,79.63916667,01-12-2005 09:00,3.15,"","",""
2091,Thengudi,CWC,33,Tamil Nadu,590,Tiruvarur,NANNILAM,-,-,Cauvery,Cauvery,-,-,-,Thirumalairajanar,10.91611111,79.63916667,02-01-2006 09:00,3.1,"","",""
2092,Thengudi,CWC,33,Tamil Nadu,590,Tiruvarur,NANNILAM,-,-,Cauvery,Cauvery,-,-,-,Thirumalairajanar,10.91611111,79.63916667,01-02-2006 09:00,3.77,"","",""
2093,Thengudi,CWC,33,Tamil Nadu,590,Tiruvarur,NANNILAM,-,-,Cauvery,Cauvery,-,-,-,Thirumalairajanar,10.91611111,79.63916667,01-08-2007 09:15,2.92,"","",""
2094,Thengudi,CWC,33,Tamil Nadu,590,Tiruvarur,NANNILAM,-,-,Cauvery,Cauvery,-,-,-,Thirumalairajanar,10.91611111,79.63916667,01-09-2007 08:00,1.96,"","",""
2095,Thengudi,CWC,33,Tamil Nadu,590,Tiruvarur,NANNILAM,-,-,Cauvery,Cauvery,-,-,-,Thirumalairajanar,10.91611111,79.63916667,03-10-2007 10:00,2.938,"","",""
2096,Thengudi,CWC,33,Tamil Nadu,590,Tiruvarur,NANNILAM,-,-,Cauvery,Cauvery,-,-,-,Thirumalairajanar,10.91611111,79.63916667,01-11-2007 10:00,3.31,"","",""
2097,Thengudi,CWC,33,Tamil Nadu,590,Tiruvarur,NANNILAM,-,-,Cauvery,Cauvery,-,-,-,Thirumalairajanar,10.91611111,79.63916667,01-12-2007 09:30,2.77,"","",""
2098,Thengudi,CWC,33,Tamil Nadu,590,Tiruvarur,NANNILAM,-,-,Cauvery,Cauvery,-,-,-,Thirumalairajanar,10.91611111,79.63916667,01-01-2008 10:30,0.76,"","",""
2099,Thengudi,CWC,33,Tamil Nadu,590,Tiruvarur,NANNILAM,-,-,Cauvery,Cauvery,-,-,-,Thirumalairajanar,10.91611111,79.63916667,01-02-2008 10:00,0.52,"","",""
2100,Thengudi,CWC,33,Tamil Nadu,590,Tiruvarur,NANNILAM,-,-,Cauvery,Cauvery,-,-,-,Thirumalairajanar,10.91611111,79.63916667,01-03-2008 10:30,2.53,"","",""
2101,Thengudi,CWC,33,Tamil Nadu,590,Tiruvarur,NANNILAM,-,-,Cauvery,Cauvery,-,-,-,Thirumalairajanar,10.91611111,79.63916667,01-04-2008 10:30,0.74,"","",""
2102,Thengudi,CWC,33,Tamil Nadu,590,Tiruvarur,NANNILAM,-,-,Cauvery,Cauvery,-,-,-,Thirumalairajanar,10.91611111,79.63916667,20-06-2008 08:30,1.65,"","",""
2103,Thengudi,CWC,33,Tamil Nadu,590,Tiruvarur,NANNILAM,-,-,Cauvery,Cauvery,-,-,-,Thirumalairajanar,10.91611111,79.63916667,01-07-2008 09:45,2.62,"","",""
2104,Thengudi,CWC,33,Tamil Nadu,590,Tiruvarur,NANNILAM,-,-,Cauvery,Cauvery,-,-,-,Thirumalairajanar,10.91611111,79.63916667,01-08-2008 09:30,0.1,"","",""
2105,Thengudi,CWC,33,Tamil Nadu,590,Tiruvarur,NANNILAM,-,-,Cauvery,Cauvery,-,-,-,Thirumalairajanar,10.91611111,79.63916667,01-09-2008 09:20,0.23,"","",""
2106,Thengudi,CWC,33,Tamil Nadu,590,Tiruvarur,NANNILAM,-,-,Cauvery,Cauvery,-,-,-,Thirumalairajanar,10.91611111,79.63916667,03-10-2008 09:20,2.78,"","",""
2107,Thengudi,CWC,33,Tamil Nadu,590,Tiruvarur,NANNILAM,-,-,Cauvery,Cauvery,-,-,-,Thirumalairajanar,10.91611111,79.63916667,01-11-2008 09:30,0.79,"","",""
2108,Thengudi,CWC,33,Tamil Nadu,590,Tiruvarur,NANNILAM,-,-,Cauvery,Cauvery,-,-,-,Thirumalairajanar,10.91611111,79.63916667,01-12-2008 09:30,2.51,"","",""
2109,Thengudi,CWC,33,Tamil Nadu,590,Tiruvarur,NANNILAM,-,-,Cauvery,Cauvery,-,-,-,Thirumalairajanar,10.91611111,79.63916667,01-01-2009 10:30,1.38,"","",""
2110,Thengudi,CWC,33,Tamil Nadu,590,Tiruvarur,NANNILAM,-,-,Cauvery,Cauvery,-,-,-,Thirumalairajanar,10.91611111,79.63916667,02-02-2009 08:00,0.67,"","",""
2111,Thengudi,CWC,33,Tamil Nadu,590,Tiruvarur,NANNILAM,-,-,Cauvery,Cauvery,-,-,-,Thirumalairajanar,10.91611111,79.63916667,02-03-2009 09:30,2.64,"","",""
2112,Thengudi,CWC,33,Tamil Nadu,590,Tiruvarur,NANNILAM,-,-,Cauvery,Cauvery,-,-,-,Thirumalairajanar,10.91611111,79.63916667,17-08-2009 10:30,3.534,"","",""
2113,Thengudi,CWC,33,Tamil Nadu,590,Tiruvarur,NANNILAM,-,-,Cauvery,Cauvery,-,-,-,Thirumalairajanar,10.91611111,79.63916667,01-09-2009 08:00,2.038,"","",""
2114,Thengudi,CWC,33,Tamil Nadu,590,Tiruvarur,NANNILAM,-,-,Cauvery,Cauvery,-,-,-,Thirumalairajanar,10.91611111,79.63916667,01-10-2009 08:00,1.23,"","",""
2115,Thengudi,CWC,33,Tamil Nadu,590,Tiruvarur,NANNILAM,-,-,Cauvery,Cauvery,-,-,-,Thirumalairajanar,10.91611111,79.63916667,03-11-2009 09:30,1.23,"","",""
2116,Thengudi,CWC,33,Tamil Nadu,590,Tiruvarur,NANNILAM,-,-,Cauvery,Cauvery,-,-,-,Thirumalairajanar,10.91611111,79.63916667,01-12-2009 09:30,0.649,"","",""
2117,Thengudi,CWC,33,Tamil Nadu,590,Tiruvarur,NANNILAM,-,-,Cauvery,Cauvery,-,-,-,Thirumalairajanar,10.91611111,79.63916667,01-01-2010 08:00,1.389,"","",""
2118,Thengudi,CWC,33,Tamil Nadu,590,Tiruvarur,NANNILAM,-,-,Cauvery,Cauvery,-,-,-,Thirumalairajanar,10.91611111,79.63916667,01-02-2010 08:00,1.852,"","",""
2119,Thengudi,CWC,33,Tamil Nadu,590,Tiruvarur,NANNILAM,-,-,Cauvery,Cauvery,-,-,-,Thirumalairajanar,10.91611111,79.63916667,01-03-2010 08:00,1.111,"","",""
2120,Thengudi,CWC,33,Tamil Nadu,590,Tiruvarur,NANNILAM,-,-,Cauvery,Cauvery,-,-,-,Thirumalairajanar,10.91611111,79.63916667,01-09-2010 08:30,1.204,"","",""
2121,Thengudi,CWC,33,Tamil Nadu,590,Tiruvarur,NANNILAM,-,-,Cauvery,Cauvery,-,-,-,Thirumalairajanar,10.91611111,79.63916667,04-10-2010 08:40,1.482,"","",""
2122,Thengudi,CWC,33,Tamil Nadu,590,Tiruvarur,NANNILAM,-,-,Cauvery,Cauvery,-,-,-,Thirumalairajanar,10.91611111,79.63916667,01-11-2010 10:10,0.62,"","",""
2123,Thengudi,CWC,33,Tamil Nadu,590,Tiruvarur,NANNILAM,-,-,Cauvery,Cauvery,-,-,-,Thirumalairajanar,10.91611111,79.63916667,01-12-2010 09:30,2,"","",""
2124,Thengudi,CWC,33,Tamil Nadu,590,Tiruvarur,NANNILAM,-,-,Cauvery,Cauvery,-,-,-,Thirumalairajanar,10.91611111,79.63916667,03-01-2011 09:05,0.767,"","",""
2125,Thengudi,CWC,33,Tamil Nadu,590,Tiruvarur,NANNILAM,-,-,Cauvery,Cauvery,-,-,-,Thirumalairajanar,10.91611111,79.63916667,01-02-2011 08:30,0.96,"","",""
2126,Thengudi,CWC,33,Tamil Nadu,590,Tiruvarur,NANNILAM,-,-,Cauvery,Cauvery,-,-,-,Thirumalairajanar,10.91611111,79.63916667,01-03-2011 09:05,0.623,"","",""
2127,Thengudi,CWC,33,Tamil Nadu,590,Tiruvarur,NANNILAM,-,-,Cauvery,Cauvery,-,-,-,Thirumalairajanar,10.91611111,79.63916667,15-06-2011 09:15,0.53,"","",""
2128,Thengudi,CWC,33,Tamil Nadu,590,Tiruvarur,NANNILAM,-,-,Cauvery,Cauvery,-,-,-,Thirumalairajanar,10.91611111,79.63916667,01-07-2011 09:05,1.294,"","",""
2129,Thengudi,CWC,33,Tamil Nadu,590,Tiruvarur,NANNILAM,-,-,Cauvery,Cauvery,-,-,-,Thirumalairajanar,10.91611111,79.63916667,01-08-2011 08:30,2.28,"","",""
2130,Thengudi,CWC,33,Tamil Nadu,590,Tiruvarur,NANNILAM,-,-,Cauvery,Cauvery,-,-,-,Thirumalairajanar,10.91611111,79.63916667,02-09-2011 08:30,1.18,"","",""
2131,Thengudi,CWC,33,Tamil Nadu,590,Tiruvarur,NANNILAM,-,-,Cauvery,Cauvery,-,-,-,Thirumalairajanar,10.91611111,79.63916667,01-10-2011 08:30,1.58,"","",""
2132,Thengudi,CWC,33,Tamil Nadu,590,Tiruvarur,NANNILAM,-,-,Cauvery,Cauvery,-,-,-,Thirumalairajanar,10.91611111,79.63916667,01-11-2011 09:00,1.05,"","",""
2133,Thengudi,CWC,33,Tamil Nadu,590,Tiruvarur,NANNILAM,-,-,Cauvery,Cauvery,-,-,-,Thirumalairajanar,10.91611111,79.63916667,01-12-2011 09:00,1.04,"","",""
2134,Thengudi,CWC,33,Tamil Nadu,590,Tiruvarur,NANNILAM,-,-,Cauvery,Cauvery,-,-,-,Thirumalairajanar,10.91611111,79.63916667,02-01-2012 09:00,2.21,"","",""
2135,Thengudi,CWC,33,Tamil Nadu,590,Tiruvarur,NANNILAM,-,-,Cauvery,Cauvery,-,-,-,Thirumalairajanar,10.91611111,79.63916667,01-02-2012 09:00,2.17,"","",""
2136,Thengudi,CWC,33,Tamil Nadu,590,Tiruvarur,NANNILAM,-,-,Cauvery,Cauvery,-,-,-,Thirumalairajanar,10.91611111,79.63916667,01-03-2012 08:30,2.02,"","",""
2137,Thengudi,CWC,33,Tamil Nadu,590,Tiruvarur,NANNILAM,-,-,Cauvery,Cauvery,-,-,-,Thirumalairajanar,10.91611111,79.63916667,28-09-2012 08:30,1.1,"","",""
2138,Thengudi,CWC,33,Tamil Nadu,590,Tiruvarur,NANNILAM,-,-,Cauvery,Cauvery,-,-,-,Thirumalairajanar,10.91611111,79.63916667,01-10-2012 08:45,2.01,"","",""
2139,Thengudi,CWC,33,Tamil Nadu,590,Tiruvarur,NANNILAM,-,-,Cauvery,Cauvery,-,-,-,Thirumalairajanar,10.91611111,79.63916667,01-11-2012 08:00,3.79,"","",""
2140,Thengudi,CWC,33,Tamil Nadu,590,Tiruvarur,NANNILAM,-,-,Cauvery,Cauvery,-,-,-,Thirumalairajanar,10.91611111,79.63916667,01-12-2012 07:00,1.2,"","",""
2141,Thengudi,CWC,33,Tamil Nadu,590,Tiruvarur,NANNILAM,-,-,Cauvery,Cauvery,-,-,-,Thirumalairajanar,10.91611111,79.63916667,01-01-2013 08:30,0.96,"","",""
2142,Thengudi,CWC,33,Tamil Nadu,590,Tiruvarur,NANNILAM,-,-,Cauvery,Cauvery,-,-,-,Thirumalairajanar,10.91611111,79.63916667,12-08-2013 08:45,1.28,"","",""
2143,Thengudi,CWC,33,Tamil Nadu,590,Tiruvarur,NANNILAM,-,-,Cauvery,Cauvery,-,-,-,Thirumalairajanar,10.91611111,79.63916667,02-09-2013 09:00,1.52,"","",""
2144,Thengudi,CWC,33,Tamil Nadu,590,Tiruvarur,NANNILAM,-,-,Cauvery,Cauvery,-,-,-,Thirumalairajanar,10.91611111,79.63916667,01-10-2013 08:30,1.24,"","",""
2145,Thengudi,CWC,33,Tamil Nadu,590,Tiruvarur,NANNILAM,-,-,Cauvery,Cauvery,-,-,-,Thirumalairajanar,10.91611111,79.63916667,01-11-2013 09:00,2.55,"","",""
2146,Thengudi,CWC,33,Tamil Nadu,590,Tiruvarur,NANNILAM,-,-,Cauvery,Cauvery,-,-,-,Thirumalairajanar,10.91611111,79.63916667,02-12-2013 09:00,2.74,"","",""
2147,Thengudi,CWC,33,Tamil Nadu,590,Tiruvarur,NANNILAM,-,-,Cauvery,Cauvery,-,-,-,Thirumalairajanar,10.91611111,79.63916667,01-01-2014 09:15,2.55,"","",""
2148,Thengudi,CWC,33,Tamil Nadu,590,Tiruvarur,NANNILAM,-,-,Cauvery,Cauvery,-,-,-,Thirumalairajanar,10.91611111,79.63916667,01-02-2014 09:15,2.33,"","",""
2149,Thengudi,CWC,33,Tamil Nadu,590,Tiruvarur,NANNILAM,-,-,Cauvery,Cauvery,-,-,-,Thirumalairajanar,10.91611111,79.63916667,01-03-2014 08:55,1.82,"","",""
2150,Thengudi,CWC,33,Tamil Nadu,590,Tiruvarur,NANNILAM,-,-,Cauvery,Cauvery,-,-,-,Thirumalairajanar,10.91611111,79.63916667,01-09-2014 08:30,2.19,"","",""
2151,Thengudi,CWC,33,Tamil Nadu,590,Tiruvarur,NANNILAM,-,-,Cauvery,Cauvery,-,-,-,Thirumalairajanar,10.91611111,79.63916667,01-10-2014 08:30,1.58,"","",""
2152,Thengudi,CWC,33,Tamil Nadu,590,Tiruvarur,NANNILAM,-,-,Cauvery,Cauvery,-,-,-,Thirumalairajanar,10.91611111,79.63916667,01-11-2014 09:00,1.28,"","",""
2153,Thengudi,CWC,33,Tamil Nadu,590,Tiruvarur,NANNILAM,-,-,Cauvery,Cauvery,-,-,-,Thirumalairajanar,10.91611111,79.63916667,01-12-2014 09:15,1.46,"","",""
2154,Thengudi,CWC,33,Tamil Nadu,590,Tiruvarur,NANNILAM,-,-,Cauvery,Cauvery,-,-,-,Thirumalairajanar,10.91611111,79.63916667,01-01-2015 09:10,1.46,"","",""
2155,Thengudi,CWC,33,Tamil Nadu,590,Tiruvarur,NANNILAM,-,-,Cauvery,Cauvery,-,-,-,Thirumalairajanar,10.91611111,79.63916667,02-02-2015 09:00,1.64,"","",""
2156,Thengudi,CWC,33,Tamil Nadu,590,Tiruvarur,NANNILAM,-,-,Cauvery,Cauvery,-,-,-,Thirumalairajanar,10.91611111,79.63916667,02-03-2015 08:45,0.55,"","",""
2157,Thengudi,CWC,33,Tamil Nadu,590,Tiruvarur,NANNILAM,-,-,Cauvery,Cauvery,-,-,-,Thirumalairajanar,10.91611111,79.63916667,14-05-2015 08:45,2.19,"","",""
2158,Thengudi,CWC,33,Tamil Nadu,590,Tiruvarur,NANNILAM,-,-,Cauvery,Cauvery,-,-,-,Thirumalairajanar,10.91611111,79.63916667,24-08-2015 08:00,1.82,"","",""
2159,Thengudi,CWC,33,Tamil Nadu,590,Tiruvarur,NANNILAM,-,-,Cauvery,Cauvery,-,-,-,Thirumalairajanar,10.91611111,79.63916667,01-09-2015 08:45,1.28,"","",""
2160,Thengudi,CWC,33,Tamil Nadu,590,Tiruvarur,NANNILAM,-,-,Cauvery,Cauvery,-,-,-,Thirumalairajanar,10.91611111,79.63916667,01-10-2015 08:45,2.74,"","",""
2161,Thengudi,CWC,33,Tamil Nadu,590,Tiruvarur,NANNILAM,-,-,Cauvery,Cauvery,-,-,-,Thirumalairajanar,10.91611111,79.63916667,02-11-2015 08:30,0.91,"","",""
2162,Thengudi,CWC,33,Tamil Nadu,590,Tiruvarur,NANNILAM,-,-,Cauvery,Cauvery,-,-,-,Thirumalairajanar,10.91611111,79.63916667,01-12-2015 08:30,1.82,"","",""
2163,Thengudi,CWC,33,Tamil Nadu,590,Tiruvarur,NANNILAM,-,-,Cauvery,Cauvery,-,-,-,Thirumalairajanar,10.91611111,79.63916667,04-01-2016 08:15,1.64,"","",""
2164,Thengudi,CWC,33,Tamil Nadu,590,Tiruvarur,NANNILAM,-,-,Cauvery,Cauvery,-,-,-,Thirumalairajanar,10.91611111,79.63916667,01-02-2016 08:45,1.09,"","",""
2165,Thengudi,CWC,33,Tamil Nadu,590,Tiruvarur,NANNILAM,-,-,Cauvery,Cauvery,-,-,-,Thirumalairajanar,10.91611111,79.63916667,01-03-2016 08:45,1.64,"","",""
2166,Thengudi,CWC,33,Tamil Nadu,590,Tiruvarur,NANNILAM,-,-,Cauvery,Cauvery,-,-,-,Thirumalairajanar,10.91611111,79.63916667,18-05-2016 09:15,2.01,"","",""
2167,Thengudi,CWC,33,Tamil Nadu,590,Tiruvarur,NANNILAM,-,-,Cauvery,Cauvery,-,-,-,Thirumalairajanar,10.91611111,79.63916667,01-09-2016 09:00,2.54,"","",""
2168,Thengudi,CWC,33,Tamil Nadu,590,Tiruvarur,NANNILAM,-,-,Cauvery,Cauvery,-,-,-,Thirumalairajanar,10.91611111,79.63916667,24-10-2016 09:00,2.9,"","",""
2169,Thengudi,CWC,33,Tamil Nadu,590,Tiruvarur,NANNILAM,-,-,Cauvery,Cauvery,-,-,-,Thirumalairajanar,10.91611111,79.63916667,01-11-2016 08:45,0.91,"","",""
2170,Thengudi,CWC,33,Tamil Nadu,590,Tiruvarur,NANNILAM,-,-,Cauvery,Cauvery,-,-,-,Thirumalairajanar,10.91611111,79.63916667,23-01-2017 08:45,2.78,"","",""
2171,Thengudi,CWC,33,Tamil Nadu,590,Tiruvarur,NANNILAM,-,-,Cauvery,Cauvery,-,-,-,Thirumalairajanar,10.91611111,79.63916667,01-02-2017 08:30,2.47,"","",""
2172,Thengudi,CWC,33,Tamil Nadu,590,Tiruvarur,NANNILAM,-,-,Cauvery,Cauvery,-,-,-,Thirumalairajanar,10.91611111,79.63916667,16-10-2017 08:00,1.3,"","",""
2173,Thengudi,CWC,33,Tamil Nadu,590,Tiruvarur,NANNILAM,-,-,Cauvery,Cauvery,-,-,-,Thirumalairajanar,10.91611111,79.63916667,01-11-2017 08:00,2.4,"","",""
2174,Thengudi,CWC,33,Tamil Nadu,590,Tiruvarur,NANNILAM,-,-,Cauvery,Cauvery,-,-,-,Thirumalairajanar,10.91611111,79.63916667,01-12-2017 20:57,1.9,"","",""
2175,Thengudi,CWC,33,Tamil Nadu,590,Tiruvarur,NANNILAM,-,-,Cauvery,Cauvery,-,-,-,Thirumalairajanar,10.91611111,79.63916667,01-01-2018 08:00,2,"","",""
2176,Thengudi,CWC,33,Tamil Nadu,590,Tiruvarur,NANNILAM,-,-,Cauvery,Cauvery,-,-,-,Thirumalairajanar,10.91611111,79.63916667,01-02-2018 08:00,1.3,"","",""
2177,Thengudi,CWC,33,Tamil Nadu,590,Tiruvarur,NANNILAM,-,-,Cauvery,Cauvery,-,-,-,Thirumalairajanar,10.91611111,79.63916667,02-08-2018 08:00,1.5,"","",""
2178,Thengudi,CWC,33,Tamil Nadu,590,Tiruvarur,NANNILAM,-,-,Cauvery,Cauvery,-,-,-,Thirumalairajanar,10.91611111,79.63916667,01-09-2018 08:00,1.2,"","",""
2179,Thengudi,CWC,33,Tamil Nadu,590,Tiruvarur,NANNILAM,-,-,Cauvery,Cauvery,-,-,-,Thirumalairajanar,10.91611111,79.63916667,01-10-2018 08:00,1.3,"","",""
2180,Thengudi,CWC,33,Tamil Nadu,590,Tiruvarur,NANNILAM,-,-,Cauvery,Cauvery,-,-,-,Thirumalairajanar,10.91611111,79.63916667,01-11-2018 08:00,2.3,"","",""
2181,Thengudi,CWC,33,Tamil Nadu,590,Tiruvarur,NANNILAM,-,-,Cauvery,Cauvery,-,-,-,Thirumalairajanar,10.91611111,79.63916667,01-12-2018 08:00,1.2,"","",""
2182,Thengudi,CWC,33,Tamil Nadu,590,Tiruvarur,NANNILAM,-,-,Cauvery,Cauvery,-,-,-,Thirumalairajanar,10.91611111,79.63916667,01-01-2019 08:00,2,"","",""
2183,Thengudi,CWC,33,Tamil Nadu,590,Tiruvarur,NANNILAM,-,-,Cauvery,Cauvery,-,-,-,Thirumalairajanar,10.91611111,79.63916667,01-02-2019 08:00,1.9,"","",""
2184,Thengudi,CWC,33,Tamil Nadu,590,Tiruvarur,NANNILAM,-,-,Cauvery,Cauvery,-,-,-,Thirumalairajanar,10.91611111,79.63916667,13-09-2019 08:00,3.2,"","",""
2185,Thengudi,CWC,33,Tamil Nadu,590,Tiruvarur,NANNILAM,-,-,Cauvery,Cauvery,-,-,-,Thirumalairajanar,10.91611111,79.63916667,01-10-2019 08:00,3.4,"","",""
2186,Thengudi,CWC,33,Tamil Nadu,590,Tiruvarur,NANNILAM,-,-,Cauvery,Cauvery,-,-,-,Thirumalairajanar,10.91611111,79.63916667,01-11-2019 08:00,3.2,"","",""
2187,Thengudi,CWC,33,Tamil Nadu,590,Tiruvarur,NANNILAM,-,-,Cauvery,Cauvery,-,-,-,Thirumalairajanar,10.91611111,79.63916667,02-12-2019 08:00,2,"","",""
2188,Thengudi,CWC,33,Tamil Nadu,590,Tiruvarur,NANNILAM,-,-,Cauvery,Cauvery,-,-,-,Thirumalairajanar,10.91611111,79.63916667,01-01-2020 08:00,2.4,"","",""
2189,Thengudi,CWC,33,Tamil Nadu,590,Tiruvarur,NANNILAM,-,-,Cauvery,Cauvery,-,-,-,Thirumalairajanar,10.91611111,79.63916667,01-02-2020 08:00,1.6,"","",""
2190,Thengudi,CWC,33,Tamil Nadu,590,Tiruvarur,NANNILAM,-,-,Cauvery,Cauvery,-,-,-,Thirumalairajanar,10.91611111,79.63916667,07-08-2020 08:00,2.58,"","",""
2191,Thengudi,CWC,33,Tamil Nadu,590,Tiruvarur,NANNILAM,-,-,Cauvery,Cauvery,-,-,-,Thirumalairajanar,10.91611111,79.63916667,04-09-2020 08:00,1.81,"","",""
2192,Thengudi,CWC,33,Tamil Nadu,590,Tiruvarur,NANNILAM,-,-,Cauvery,Cauvery,-,-,-,Thirumalairajanar,10.91611111,79.63916667,01-10-2020 08:00,2.98,"","",""
2193,Thengudi,CWC,33,Tamil Nadu,590,Tiruvarur,NANNILAM,-,-,Cauvery,Cauvery,-,-,-,Thirumalairajanar,10.91611111,79.63916667,02-11-2020 08:00,1,"","",""
2194,Thengudi,CWC,33,Tamil Nadu,590,Tiruvarur,NANNILAM,-,-,Cauvery,Cauvery,-,-,-,Thirumalairajanar,10.91611111,79.63916667,01-12-2020 08:00,1,"","",""
2195,THENGUMARAHADA,CWC,33,Tamil Nadu,587,Nilgiris,Kotagiri,-,-,Cauvery,Cauvery,Bhavani,Moyar,-,Moyar,11.57277778,76.91916667,01-06-2001 06:50,0.7,"","",""
2196,THENGUMARAHADA,CWC,33,Tamil Nadu,587,Nilgiris,Kotagiri,-,-,Cauvery,Cauvery,Bhavani,Moyar,-,Moyar,11.57277778,76.91916667,02-07-2001 07:00,0.7,"","",""
2197,THENGUMARAHADA,CWC,33,Tamil Nadu,587,Nilgiris,Kotagiri,-,-,Cauvery,Cauvery,Bhavani,Moyar,-,Moyar,11.57277778,76.91916667,01-08-2001 07:30,0.6,"","",""
2198,THENGUMARAHADA,CWC,33,Tamil Nadu,587,Nilgiris,Kotagiri,-,-,Cauvery,Cauvery,Bhavani,Moyar,-,Moyar,11.57277778,76.91916667,01-09-2001 07:00,0.4,"","",""
2199,THENGUMARAHADA,CWC,33,Tamil Nadu,587,Nilgiris,Kotagiri,-,-,Cauvery,Cauvery,Bhavani,Moyar,-,Moyar,11.57277778,76.91916667,01-10-2001 07:00,0.7,"","",""
2200,THENGUMARAHADA,CWC,33,Tamil Nadu,587,Nilgiris,Kotagiri,-,-,Cauvery,Cauvery,Bhavani,Moyar,-,Moyar,11.57277778,76.91916667,01-11-2001 07:00,0.8,"","",""
2201,THENGUMARAHADA,CWC,33,Tamil Nadu,587,Nilgiris,Kotagiri,-,-,Cauvery,Cauvery,Bhavani,Moyar,-,Moyar,11.57277778,76.91916667,01-12-2001 08:00,0.7,"","",""
2202,THENGUMARAHADA,CWC,33,Tamil Nadu,587,Nilgiris,Kotagiri,-,-,Cauvery,Cauvery,Bhavani,Moyar,-,Moyar,11.57277778,76.91916667,01-01-2002 06:30,2.7,"","",""
2203,THENGUMARAHADA,CWC,33,Tamil Nadu,587,Nilgiris,Kotagiri,-,-,Cauvery,Cauvery,Bhavani,Moyar,-,Moyar,11.57277778,76.91916667,01-02-2002 06:30,1,"","",""
2204,THENGUMARAHADA,CWC,33,Tamil Nadu,587,Nilgiris,Kotagiri,-,-,Cauvery,Cauvery,Bhavani,Moyar,-,Moyar,11.57277778,76.91916667,01-03-2002 06:30,0.8,"","",""
2205,THENGUMARAHADA,CWC,33,Tamil Nadu,587,Nilgiris,Kotagiri,-,-,Cauvery,Cauvery,Bhavani,Moyar,-,Moyar,11.57277778,76.91916667,01-04-2002 06:30,0.6,"","",""
2206,THENGUMARAHADA,CWC,33,Tamil Nadu,587,Nilgiris,Kotagiri,-,-,Cauvery,Cauvery,Bhavani,Moyar,-,Moyar,11.57277778,76.91916667,01-05-2002 06:30,0.6,"","",""
2207,THENGUMARAHADA,CWC,33,Tamil Nadu,587,Nilgiris,Kotagiri,-,-,Cauvery,Cauvery,Bhavani,Moyar,-,Moyar,11.57277778,76.91916667,01-06-2002 06:30,1.6,"","",""
2208,THENGUMARAHADA,CWC,33,Tamil Nadu,587,Nilgiris,Kotagiri,-,-,Cauvery,Cauvery,Bhavani,Moyar,-,Moyar,11.57277778,76.91916667,01-07-2002 06:30,0.9,"","",""
2209,THENGUMARAHADA,CWC,33,Tamil Nadu,587,Nilgiris,Kotagiri,-,-,Cauvery,Cauvery,Bhavani,Moyar,-,Moyar,11.57277778,76.91916667,01-08-2002 06:30,1,"","",""
2210,THENGUMARAHADA,CWC,33,Tamil Nadu,587,Nilgiris,Kotagiri,-,-,Cauvery,Cauvery,Bhavani,Moyar,-,Moyar,11.57277778,76.91916667,02-09-2002 06:45,0.4,"","",""
2211,THENGUMARAHADA,CWC,33,Tamil Nadu,587,Nilgiris,Kotagiri,-,-,Cauvery,Cauvery,Bhavani,Moyar,-,Moyar,11.57277778,76.91916667,01-10-2002 06:45,1,"","",""
2212,THENGUMARAHADA,CWC,33,Tamil Nadu,587,Nilgiris,Kotagiri,-,-,Cauvery,Cauvery,Bhavani,Moyar,-,Moyar,11.57277778,76.91916667,01-11-2002 06:45,1.2,"","",""
2213,THENGUMARAHADA,CWC,33,Tamil Nadu,587,Nilgiris,Kotagiri,-,-,Cauvery,Cauvery,Bhavani,Moyar,-,Moyar,11.57277778,76.91916667,02-12-2002 06:45,0.7,"","",""
2214,THENGUMARAHADA,CWC,33,Tamil Nadu,587,Nilgiris,Kotagiri,-,-,Cauvery,Cauvery,Bhavani,Moyar,-,Moyar,11.57277778,76.91916667,01-01-2003 06:45,0.3,"","",""
2215,THENGUMARAHADA,CWC,33,Tamil Nadu,587,Nilgiris,Kotagiri,-,-,Cauvery,Cauvery,Bhavani,Moyar,-,Moyar,11.57277778,76.91916667,01-02-2003 06:50,0.6,"","",""
2216,THENGUMARAHADA,CWC,33,Tamil Nadu,587,Nilgiris,Kotagiri,-,-,Cauvery,Cauvery,Bhavani,Moyar,-,Moyar,11.57277778,76.91916667,01-03-2003 06:45,1.1,"","",""
2217,THENGUMARAHADA,CWC,33,Tamil Nadu,587,Nilgiris,Kotagiri,-,-,Cauvery,Cauvery,Bhavani,Moyar,-,Moyar,11.57277778,76.91916667,01-04-2003 06:45,0.8,"","",""
2218,THENGUMARAHADA,CWC,33,Tamil Nadu,587,Nilgiris,Kotagiri,-,-,Cauvery,Cauvery,Bhavani,Moyar,-,Moyar,11.57277778,76.91916667,02-06-2003 06:10,2.5,"","",""
2219,THENGUMARAHADA,CWC,33,Tamil Nadu,587,Nilgiris,Kotagiri,-,-,Cauvery,Cauvery,Bhavani,Moyar,-,Moyar,11.57277778,76.91916667,01-07-2003 06:15,0.9,"","",""
2220,THENGUMARAHADA,CWC,33,Tamil Nadu,587,Nilgiris,Kotagiri,-,-,Cauvery,Cauvery,Bhavani,Moyar,-,Moyar,11.57277778,76.91916667,01-08-2003 06:45,1.1,"","",""
2221,THENGUMARAHADA,CWC,33,Tamil Nadu,587,Nilgiris,Kotagiri,-,-,Cauvery,Cauvery,Bhavani,Moyar,-,Moyar,11.57277778,76.91916667,01-09-2003 06:45,0.7,"","",""
2222,THENGUMARAHADA,CWC,33,Tamil Nadu,587,Nilgiris,Kotagiri,-,-,Cauvery,Cauvery,Bhavani,Moyar,-,Moyar,11.57277778,76.91916667,01-10-2003 06:40,0.9,"","",""
2223,THENGUMARAHADA,CWC,33,Tamil Nadu,587,Nilgiris,Kotagiri,-,-,Cauvery,Cauvery,Bhavani,Moyar,-,Moyar,11.57277778,76.91916667,01-11-2003 06:40,1.5,"","",""
2224,THENGUMARAHADA,CWC,33,Tamil Nadu,587,Nilgiris,Kotagiri,-,-,Cauvery,Cauvery,Bhavani,Moyar,-,Moyar,11.57277778,76.91916667,01-12-2003 06:45,1.1,"","",""
2225,THENGUMARAHADA,CWC,33,Tamil Nadu,587,Nilgiris,Kotagiri,-,-,Cauvery,Cauvery,Bhavani,Moyar,-,Moyar,11.57277778,76.91916667,01-01-2004 06:45,1.3,"","",""
2226,THENGUMARAHADA,CWC,33,Tamil Nadu,587,Nilgiris,Kotagiri,-,-,Cauvery,Cauvery,Bhavani,Moyar,-,Moyar,11.57277778,76.91916667,03-02-2004 06:45,0.6,"","",""
2227,THENGUMARAHADA,CWC,33,Tamil Nadu,587,Nilgiris,Kotagiri,-,-,Cauvery,Cauvery,Bhavani,Moyar,-,Moyar,11.57277778,76.91916667,01-03-2004 06:45,0.7,"","",""
2228,THENGUMARAHADA,CWC,33,Tamil Nadu,587,Nilgiris,Kotagiri,-,-,Cauvery,Cauvery,Bhavani,Moyar,-,Moyar,11.57277778,76.91916667,01-04-2004 06:45,4.1,"","",""
2229,THENGUMARAHADA,CWC,33,Tamil Nadu,587,Nilgiris,Kotagiri,-,-,Cauvery,Cauvery,Bhavani,Moyar,-,Moyar,11.57277778,76.91916667,01-06-2004 06:25,0.7,"","",""
2230,THENGUMARAHADA,CWC,33,Tamil Nadu,587,Nilgiris,Kotagiri,-,-,Cauvery,Cauvery,Bhavani,Moyar,-,Moyar,11.57277778,76.91916667,01-07-2004 06:40,0.6,"","",""
2231,THENGUMARAHADA,CWC,33,Tamil Nadu,587,Nilgiris,Kotagiri,-,-,Cauvery,Cauvery,Bhavani,Moyar,-,Moyar,11.57277778,76.91916667,02-08-2004 06:40,1.1,"","",""
2232,THENGUMARAHADA,CWC,33,Tamil Nadu,587,Nilgiris,Kotagiri,-,-,Cauvery,Cauvery,Bhavani,Moyar,-,Moyar,11.57277778,76.91916667,01-09-2004 06:45,0.8,"","",""
2233,THENGUMARAHADA,CWC,33,Tamil Nadu,587,Nilgiris,Kotagiri,-,-,Cauvery,Cauvery,Bhavani,Moyar,-,Moyar,11.57277778,76.91916667,01-10-2004 06:45,2.3,"","",""
2234,THENGUMARAHADA,CWC,33,Tamil Nadu,587,Nilgiris,Kotagiri,-,-,Cauvery,Cauvery,Bhavani,Moyar,-,Moyar,11.57277778,76.91916667,01-11-2004 06:50,0.7,"","",""
2235,THENGUMARAHADA,CWC,33,Tamil Nadu,587,Nilgiris,Kotagiri,-,-,Cauvery,Cauvery,Bhavani,Moyar,-,Moyar,11.57277778,76.91916667,01-12-2004 06:50,0.1,"","",""
2236,THENGUMARAHADA,CWC,33,Tamil Nadu,587,Nilgiris,Kotagiri,-,-,Cauvery,Cauvery,Bhavani,Moyar,-,Moyar,11.57277778,76.91916667,01-01-2005 06:45,0.6,"","",""
2237,THENGUMARAHADA,CWC,33,Tamil Nadu,587,Nilgiris,Kotagiri,-,-,Cauvery,Cauvery,Bhavani,Moyar,-,Moyar,11.57277778,76.91916667,01-02-2005 06:50,2,"","",""
2238,THENGUMARAHADA,CWC,33,Tamil Nadu,587,Nilgiris,Kotagiri,-,-,Cauvery,Cauvery,Bhavani,Moyar,-,Moyar,11.57277778,76.91916667,01-03-2005 06:50,0.6,"","",""
2239,THENGUMARAHADA,CWC,33,Tamil Nadu,587,Nilgiris,Kotagiri,-,-,Cauvery,Cauvery,Bhavani,Moyar,-,Moyar,11.57277778,76.91916667,01-04-2005 06:45,0.6,"","",""
2240,THENGUMARAHADA,CWC,33,Tamil Nadu,587,Nilgiris,Kotagiri,-,-,Cauvery,Cauvery,Bhavani,Moyar,-,Moyar,11.57277778,76.91916667,02-05-2005 06:45,1.5,"","",""
2241,THENGUMARAHADA,CWC,33,Tamil Nadu,587,Nilgiris,Kotagiri,-,-,Cauvery,Cauvery,Bhavani,Moyar,-,Moyar,11.57277778,76.91916667,01-06-2005 06:50,1.4,"","",""
2242,THENGUMARAHADA,CWC,33,Tamil Nadu,587,Nilgiris,Kotagiri,-,-,Cauvery,Cauvery,Bhavani,Moyar,-,Moyar,11.57277778,76.91916667,01-07-2005 06:45,1.6,"","",""
2243,THENGUMARAHADA,CWC,33,Tamil Nadu,587,Nilgiris,Kotagiri,-,-,Cauvery,Cauvery,Bhavani,Moyar,-,Moyar,11.57277778,76.91916667,01-08-2005 08:30,4,"","",""
2244,THENGUMARAHADA,CWC,33,Tamil Nadu,587,Nilgiris,Kotagiri,-,-,Cauvery,Cauvery,Bhavani,Moyar,-,Moyar,11.57277778,76.91916667,01-09-2005 08:30,1.5,"","",""
2245,THENGUMARAHADA,CWC,33,Tamil Nadu,587,Nilgiris,Kotagiri,-,-,Cauvery,Cauvery,Bhavani,Moyar,-,Moyar,11.57277778,76.91916667,01-10-2005 08:30,1,"","",""
2246,THENGUMARAHADA,CWC,33,Tamil Nadu,587,Nilgiris,Kotagiri,-,-,Cauvery,Cauvery,Bhavani,Moyar,-,Moyar,11.57277778,76.91916667,02-11-2005 08:30,2.5,"","",""
2247,THENGUMARAHADA,CWC,33,Tamil Nadu,587,Nilgiris,Kotagiri,-,-,Cauvery,Cauvery,Bhavani,Moyar,-,Moyar,11.57277778,76.91916667,01-12-2005 08:50,0.8,"","",""
2248,THENGUMARAHADA,CWC,33,Tamil Nadu,587,Nilgiris,Kotagiri,-,-,Cauvery,Cauvery,Bhavani,Moyar,-,Moyar,11.57277778,76.91916667,02-01-2006 08:55,1,"","",""
2249,THENGUMARAHADA,CWC,33,Tamil Nadu,587,Nilgiris,Kotagiri,-,-,Cauvery,Cauvery,Bhavani,Moyar,-,Moyar,11.57277778,76.91916667,01-02-2006 08:50,0.3,"","",""
2250,THENGUMARAHADA,CWC,33,Tamil Nadu,587,Nilgiris,Kotagiri,-,-,Cauvery,Cauvery,Bhavani,Moyar,-,Moyar,11.57277778,76.91916667,01-03-2006 08:40,0.7,"","",""
2251,THENGUMARAHADA,CWC,33,Tamil Nadu,587,Nilgiris,Kotagiri,-,-,Cauvery,Cauvery,Bhavani,Moyar,-,Moyar,11.57277778,76.91916667,01-04-2006 08:45,1.2,"","",""
2252,THENGUMARAHADA,CWC,33,Tamil Nadu,587,Nilgiris,Kotagiri,-,-,Cauvery,Cauvery,Bhavani,Moyar,-,Moyar,11.57277778,76.91916667,01-05-2006 08:50,1.1,"","",""
2253,THENGUMARAHADA,CWC,33,Tamil Nadu,587,Nilgiris,Kotagiri,-,-,Cauvery,Cauvery,Bhavani,Moyar,-,Moyar,11.57277778,76.91916667,01-06-2006 08:40,3.3,"","",""
2254,THENGUMARAHADA,CWC,33,Tamil Nadu,587,Nilgiris,Kotagiri,-,-,Cauvery,Cauvery,Bhavani,Moyar,-,Moyar,11.57277778,76.91916667,01-07-2006 08:50,4.2,"","",""
2255,THENGUMARAHADA,CWC,33,Tamil Nadu,587,Nilgiris,Kotagiri,-,-,Cauvery,Cauvery,Bhavani,Moyar,-,Moyar,11.57277778,76.91916667,01-08-2006 08:30,1.5,"","",""
2256,THENGUMARAHADA,CWC,33,Tamil Nadu,587,Nilgiris,Kotagiri,-,-,Cauvery,Cauvery,Bhavani,Moyar,-,Moyar,11.57277778,76.91916667,01-09-2006 08:40,0.5,"","",""
2257,THENGUMARAHADA,CWC,33,Tamil Nadu,587,Nilgiris,Kotagiri,-,-,Cauvery,Cauvery,Bhavani,Moyar,-,Moyar,11.57277778,76.91916667,03-10-2006 08:50,1.1,"","",""
2258,THENGUMARAHADA,CWC,33,Tamil Nadu,587,Nilgiris,Kotagiri,-,-,Cauvery,Cauvery,Bhavani,Moyar,-,Moyar,11.57277778,76.91916667,01-11-2006 08:45,1.7,"","",""
2259,THENGUMARAHADA,CWC,33,Tamil Nadu,587,Nilgiris,Kotagiri,-,-,Cauvery,Cauvery,Bhavani,Moyar,-,Moyar,11.57277778,76.91916667,01-12-2006 08:45,1,"","",""
2260,THENGUMARAHADA,CWC,33,Tamil Nadu,587,Nilgiris,Kotagiri,-,-,Cauvery,Cauvery,Bhavani,Moyar,-,Moyar,11.57277778,76.91916667,02-01-2007 08:40,0.6,"","",""
2261,THENGUMARAHADA,CWC,33,Tamil Nadu,587,Nilgiris,Kotagiri,-,-,Cauvery,Cauvery,Bhavani,Moyar,-,Moyar,11.57277778,76.91916667,01-02-2007 08:45,1.4,"","",""
2262,THENGUMARAHADA,CWC,33,Tamil Nadu,587,Nilgiris,Kotagiri,-,-,Cauvery,Cauvery,Bhavani,Moyar,-,Moyar,11.57277778,76.91916667,01-03-2007 08:45,0.4,"","",""
2263,THENGUMARAHADA,CWC,33,Tamil Nadu,587,Nilgiris,Kotagiri,-,-,Cauvery,Cauvery,Bhavani,Moyar,-,Moyar,11.57277778,76.91916667,02-04-2007 08:50,0.6,"","",""
2264,THENGUMARAHADA,CWC,33,Tamil Nadu,587,Nilgiris,Kotagiri,-,-,Cauvery,Cauvery,Bhavani,Moyar,-,Moyar,11.57277778,76.91916667,01-05-2007 08:50,0.8,"","",""
2265,THENGUMARAHADA,CWC,33,Tamil Nadu,587,Nilgiris,Kotagiri,-,-,Cauvery,Cauvery,Bhavani,Moyar,-,Moyar,11.57277778,76.91916667,01-06-2007 08:40,1.1,"","",""
2266,THENGUMARAHADA,CWC,33,Tamil Nadu,587,Nilgiris,Kotagiri,-,-,Cauvery,Cauvery,Bhavani,Moyar,-,Moyar,11.57277778,76.91916667,02-07-2007 08:15,0.6,"","",""
2267,THENGUMARAHADA,CWC,33,Tamil Nadu,587,Nilgiris,Kotagiri,-,-,Cauvery,Cauvery,Bhavani,Moyar,-,Moyar,11.57277778,76.91916667,01-08-2007 08:20,0.3,"","",""
2268,THENGUMARAHADA,CWC,33,Tamil Nadu,587,Nilgiris,Kotagiri,-,-,Cauvery,Cauvery,Bhavani,Moyar,-,Moyar,11.57277778,76.91916667,01-09-2007 08:40,0.7,"","",""
2269,THENGUMARAHADA,CWC,33,Tamil Nadu,587,Nilgiris,Kotagiri,-,-,Cauvery,Cauvery,Bhavani,Moyar,-,Moyar,11.57277778,76.91916667,03-10-2007 06:45,1.2,"","",""
2270,THENGUMARAHADA,CWC,33,Tamil Nadu,587,Nilgiris,Kotagiri,-,-,Cauvery,Cauvery,Bhavani,Moyar,-,Moyar,11.57277778,76.91916667,01-11-2007 08:45,0.9,"","",""
2271,THENGUMARAHADA,CWC,33,Tamil Nadu,587,Nilgiris,Kotagiri,-,-,Cauvery,Cauvery,Bhavani,Moyar,-,Moyar,11.57277778,76.91916667,01-12-2007 08:30,2.3,"","",""
2272,THENGUMARAHADA,CWC,33,Tamil Nadu,587,Nilgiris,Kotagiri,-,-,Cauvery,Cauvery,Bhavani,Moyar,-,Moyar,11.57277778,76.91916667,01-01-2008 08:20,0.4,"","",""
2273,THENGUMARAHADA,CWC,33,Tamil Nadu,587,Nilgiris,Kotagiri,-,-,Cauvery,Cauvery,Bhavani,Moyar,-,Moyar,11.57277778,76.91916667,01-02-2008 08:25,5.2,"","",""
2274,THENGUMARAHADA,CWC,33,Tamil Nadu,587,Nilgiris,Kotagiri,-,-,Cauvery,Cauvery,Bhavani,Moyar,-,Moyar,11.57277778,76.91916667,01-03-2008 08:40,0.5,"","",""
2275,THENGUMARAHADA,CWC,33,Tamil Nadu,587,Nilgiris,Kotagiri,-,-,Cauvery,Cauvery,Bhavani,Moyar,-,Moyar,11.57277778,76.91916667,01-04-2008 08:40,1.1,"","",""
2276,THENGUMARAHADA,CWC,33,Tamil Nadu,587,Nilgiris,Kotagiri,-,-,Cauvery,Cauvery,Bhavani,Moyar,-,Moyar,11.57277778,76.91916667,01-05-2008 08:30,1.5,"","",""
2277,THENGUMARAHADA,CWC,33,Tamil Nadu,587,Nilgiris,Kotagiri,-,-,Cauvery,Cauvery,Bhavani,Moyar,-,Moyar,11.57277778,76.91916667,02-06-2008 08:00,0.7,"","",""
2278,THENGUMARAHADA,CWC,33,Tamil Nadu,587,Nilgiris,Kotagiri,-,-,Cauvery,Cauvery,Bhavani,Moyar,-,Moyar,11.57277778,76.91916667,01-07-2008 08:00,1.7,"","",""
2279,THENGUMARAHADA,CWC,33,Tamil Nadu,587,Nilgiris,Kotagiri,-,-,Cauvery,Cauvery,Bhavani,Moyar,-,Moyar,11.57277778,76.91916667,01-08-2008 08:00,0.7,"","",""
2280,THENGUMARAHADA,CWC,33,Tamil Nadu,587,Nilgiris,Kotagiri,-,-,Cauvery,Cauvery,Bhavani,Moyar,-,Moyar,11.57277778,76.91916667,01-09-2008 08:00,0.6,"","",""
2281,THENGUMARAHADA,CWC,33,Tamil Nadu,587,Nilgiris,Kotagiri,-,-,Cauvery,Cauvery,Bhavani,Moyar,-,Moyar,11.57277778,76.91916667,03-10-2008 08:00,2.2,"","",""
2282,THENGUMARAHADA,CWC,33,Tamil Nadu,587,Nilgiris,Kotagiri,-,-,Cauvery,Cauvery,Bhavani,Moyar,-,Moyar,11.57277778,76.91916667,01-11-2008 08:00,1.2,"","",""
2283,THENGUMARAHADA,CWC,33,Tamil Nadu,587,Nilgiris,Kotagiri,-,-,Cauvery,Cauvery,Bhavani,Moyar,-,Moyar,11.57277778,76.91916667,01-12-2008 08:00,1.1,"","",""
2284,THENGUMARAHADA,CWC,33,Tamil Nadu,587,Nilgiris,Kotagiri,-,-,Cauvery,Cauvery,Bhavani,Moyar,-,Moyar,11.57277778,76.91916667,01-01-2009 08:00,2.1,"","",""
2285,THENGUMARAHADA,CWC,33,Tamil Nadu,587,Nilgiris,Kotagiri,-,-,Cauvery,Cauvery,Bhavani,Moyar,-,Moyar,11.57277778,76.91916667,02-02-2009 08:00,2.3,"","",""
2286,THENGUMARAHADA,CWC,33,Tamil Nadu,587,Nilgiris,Kotagiri,-,-,Cauvery,Cauvery,Bhavani,Moyar,-,Moyar,11.57277778,76.91916667,02-03-2009 08:00,1.3,"","",""
2287,THENGUMARAHADA,CWC,33,Tamil Nadu,587,Nilgiris,Kotagiri,-,-,Cauvery,Cauvery,Bhavani,Moyar,-,Moyar,11.57277778,76.91916667,01-04-2009 08:00,1.1,"","",""
2288,THENGUMARAHADA,CWC,33,Tamil Nadu,587,Nilgiris,Kotagiri,-,-,Cauvery,Cauvery,Bhavani,Moyar,-,Moyar,11.57277778,76.91916667,01-05-2009 08:00,1.9,"","",""
2289,THENGUMARAHADA,CWC,33,Tamil Nadu,587,Nilgiris,Kotagiri,-,-,Cauvery,Cauvery,Bhavani,Moyar,-,Moyar,11.57277778,76.91916667,01-06-2009 08:40,1.6,"","",""
2290,THENGUMARAHADA,CWC,33,Tamil Nadu,587,Nilgiris,Kotagiri,-,-,Cauvery,Cauvery,Bhavani,Moyar,-,Moyar,11.57277778,76.91916667,01-07-2009 08:45,2,"","",""
2291,THENGUMARAHADA,CWC,33,Tamil Nadu,587,Nilgiris,Kotagiri,-,-,Cauvery,Cauvery,Bhavani,Moyar,-,Moyar,11.57277778,76.91916667,01-08-2009 08:45,0.6,"","",""
2292,THENGUMARAHADA,CWC,33,Tamil Nadu,587,Nilgiris,Kotagiri,-,-,Cauvery,Cauvery,Bhavani,Moyar,-,Moyar,11.57277778,76.91916667,01-09-2009 08:45,0.7,"","",""
2293,THENGUMARAHADA,CWC,33,Tamil Nadu,587,Nilgiris,Kotagiri,-,-,Cauvery,Cauvery,Bhavani,Moyar,-,Moyar,11.57277778,76.91916667,01-10-2009 08:45,0.8,"","",""
2294,THENGUMARAHADA,CWC,33,Tamil Nadu,587,Nilgiris,Kotagiri,-,-,Cauvery,Cauvery,Bhavani,Moyar,-,Moyar,11.57277778,76.91916667,01-12-2009 08:45,0.2,"","",""
2295,THENGUMARAHADA,CWC,33,Tamil Nadu,587,Nilgiris,Kotagiri,-,-,Cauvery,Cauvery,Bhavani,Moyar,-,Moyar,11.57277778,76.91916667,01-01-2010 08:50,1,"","",""
2296,THENGUMARAHADA,CWC,33,Tamil Nadu,587,Nilgiris,Kotagiri,-,-,Cauvery,Cauvery,Bhavani,Moyar,-,Moyar,11.57277778,76.91916667,01-02-2010 08:45,1.2,"","",""
2297,THENGUMARAHADA,CWC,33,Tamil Nadu,587,Nilgiris,Kotagiri,-,-,Cauvery,Cauvery,Bhavani,Moyar,-,Moyar,11.57277778,76.91916667,01-03-2010 08:50,0.8,"","",""
2298,THENGUMARAHADA,CWC,33,Tamil Nadu,587,Nilgiris,Kotagiri,-,-,Cauvery,Cauvery,Bhavani,Moyar,-,Moyar,11.57277778,76.91916667,01-04-2010 08:45,1.5,"","",""
2299,THENGUMARAHADA,CWC,33,Tamil Nadu,587,Nilgiris,Kotagiri,-,-,Cauvery,Cauvery,Bhavani,Moyar,-,Moyar,11.57277778,76.91916667,01-05-2010 08:45,3,"","",""
2300,THENGUMARAHADA,CWC,33,Tamil Nadu,587,Nilgiris,Kotagiri,-,-,Cauvery,Cauvery,Bhavani,Moyar,-,Moyar,11.57277778,76.91916667,01-06-2010 08:45,1.2,"","",""
2301,THENGUMARAHADA,CWC,33,Tamil Nadu,587,Nilgiris,Kotagiri,-,-,Cauvery,Cauvery,Bhavani,Moyar,-,Moyar,11.57277778,76.91916667,01-07-2010 08:45,1,"","",""
2302,THENGUMARAHADA,CWC,33,Tamil Nadu,587,Nilgiris,Kotagiri,-,-,Cauvery,Cauvery,Bhavani,Moyar,-,Moyar,11.57277778,76.91916667,02-08-2010 08:40,0.4,"","",""
2303,THENGUMARAHADA,CWC,33,Tamil Nadu,587,Nilgiris,Kotagiri,-,-,Cauvery,Cauvery,Bhavani,Moyar,-,Moyar,11.57277778,76.91916667,01-09-2010 08:45,0.8,"","",""
2304,THENGUMARAHADA,CWC,33,Tamil Nadu,587,Nilgiris,Kotagiri,-,-,Cauvery,Cauvery,Bhavani,Moyar,-,Moyar,11.57277778,76.91916667,01-10-2010 08:45,0.4,"","",""
2305,THENGUMARAHADA,CWC,33,Tamil Nadu,587,Nilgiris,Kotagiri,-,-,Cauvery,Cauvery,Bhavani,Moyar,-,Moyar,11.57277778,76.91916667,01-11-2010 08:45,1.8,"","",""
2306,THENGUMARAHADA,CWC,33,Tamil Nadu,587,Nilgiris,Kotagiri,-,-,Cauvery,Cauvery,Bhavani,Moyar,-,Moyar,11.57277778,76.91916667,01-12-2010 08:45,0.8,"","",""
2307,THENGUMARAHADA,CWC,33,Tamil Nadu,587,Nilgiris,Kotagiri,-,-,Cauvery,Cauvery,Bhavani,Moyar,-,Moyar,11.57277778,76.91916667,01-01-2011 08:40,1,"","",""
2308,THENGUMARAHADA,CWC,33,Tamil Nadu,587,Nilgiris,Kotagiri,-,-,Cauvery,Cauvery,Bhavani,Moyar,-,Moyar,11.57277778,76.91916667,01-02-2011 08:45,1.6,"","",""
2309,THENGUMARAHADA,CWC,33,Tamil Nadu,587,Nilgiris,Kotagiri,-,-,Cauvery,Cauvery,Bhavani,Moyar,-,Moyar,11.57277778,76.91916667,01-03-2011 08:45,1.7,"","",""
2310,THENGUMARAHADA,CWC,33,Tamil Nadu,587,Nilgiris,Kotagiri,-,-,Cauvery,Cauvery,Bhavani,Moyar,-,Moyar,11.57277778,76.91916667,01-04-2011 08:35,0.7,"","",""
2311,THENGUMARAHADA,CWC,33,Tamil Nadu,587,Nilgiris,Kotagiri,-,-,Cauvery,Cauvery,Bhavani,Moyar,-,Moyar,11.57277778,76.91916667,02-05-2011 08:40,2.1,"","",""
2312,THENGUMARAHADA,CWC,33,Tamil Nadu,587,Nilgiris,Kotagiri,-,-,Cauvery,Cauvery,Bhavani,Moyar,-,Moyar,11.57277778,76.91916667,01-06-2011 09:40,2.3,"","",""
2313,THENGUMARAHADA,CWC,33,Tamil Nadu,587,Nilgiris,Kotagiri,-,-,Cauvery,Cauvery,Bhavani,Moyar,-,Moyar,11.57277778,76.91916667,01-07-2011 09:00,2.7,"","",""
2314,THENGUMARAHADA,CWC,33,Tamil Nadu,587,Nilgiris,Kotagiri,-,-,Cauvery,Cauvery,Bhavani,Moyar,-,Moyar,11.57277778,76.91916667,02-08-2011 08:50,0.8,"","",""
2315,THENGUMARAHADA,CWC,33,Tamil Nadu,587,Nilgiris,Kotagiri,-,-,Cauvery,Cauvery,Bhavani,Moyar,-,Moyar,11.57277778,76.91916667,12-09-2011 08:45,0.4,"","",""
2316,THENGUMARAHADA,CWC,33,Tamil Nadu,587,Nilgiris,Kotagiri,-,-,Cauvery,Cauvery,Bhavani,Moyar,-,Moyar,11.57277778,76.91916667,01-10-2011 08:55,0.8,"","",""
2317,THENGUMARAHADA,CWC,33,Tamil Nadu,587,Nilgiris,Kotagiri,-,-,Cauvery,Cauvery,Bhavani,Moyar,-,Moyar,11.57277778,76.91916667,01-11-2011 09:00,0.5,"","",""
2318,THENGUMARAHADA,CWC,33,Tamil Nadu,587,Nilgiris,Kotagiri,-,-,Cauvery,Cauvery,Bhavani,Moyar,-,Moyar,11.57277778,76.91916667,01-12-2011 09:05,0.6,"","",""
2319,THENGUMARAHADA,CWC,33,Tamil Nadu,587,Nilgiris,Kotagiri,-,-,Cauvery,Cauvery,Bhavani,Moyar,-,Moyar,11.57277778,76.91916667,02-01-2012 09:10,0.4,"","",""
2320,THENGUMARAHADA,CWC,33,Tamil Nadu,587,Nilgiris,Kotagiri,-,-,Cauvery,Cauvery,Bhavani,Moyar,-,Moyar,11.57277778,76.91916667,01-02-2012 09:00,1.2,"","",""
2321,THENGUMARAHADA,CWC,33,Tamil Nadu,587,Nilgiris,Kotagiri,-,-,Cauvery,Cauvery,Bhavani,Moyar,-,Moyar,11.57277778,76.91916667,01-03-2012 08:50,1.8,"","",""
2322,THENGUMARAHADA,CWC,33,Tamil Nadu,587,Nilgiris,Kotagiri,-,-,Cauvery,Cauvery,Bhavani,Moyar,-,Moyar,11.57277778,76.91916667,02-04-2012 08:45,1.8,"","",""
2323,THENGUMARAHADA,CWC,33,Tamil Nadu,587,Nilgiris,Kotagiri,-,-,Cauvery,Cauvery,Bhavani,Moyar,-,Moyar,11.57277778,76.91916667,01-05-2012 08:40,1.5,"","",""
2324,THENGUMARAHADA,CWC,33,Tamil Nadu,587,Nilgiris,Kotagiri,-,-,Cauvery,Cauvery,Bhavani,Moyar,-,Moyar,11.57277778,76.91916667,01-06-2012 08:30,2.7,"","",""
2325,THENGUMARAHADA,CWC,33,Tamil Nadu,587,Nilgiris,Kotagiri,-,-,Cauvery,Cauvery,Bhavani,Moyar,-,Moyar,11.57277778,76.91916667,02-07-2012 08:40,2.7,"","",""
2326,THENGUMARAHADA,CWC,33,Tamil Nadu,587,Nilgiris,Kotagiri,-,-,Cauvery,Cauvery,Bhavani,Moyar,-,Moyar,11.57277778,76.91916667,01-08-2012 08:50,1.8,"","",""
2327,THENGUMARAHADA,CWC,33,Tamil Nadu,587,Nilgiris,Kotagiri,-,-,Cauvery,Cauvery,Bhavani,Moyar,-,Moyar,11.57277778,76.91916667,01-09-2012 08:45,0.4,"","",""
2328,THENGUMARAHADA,CWC,33,Tamil Nadu,587,Nilgiris,Kotagiri,-,-,Cauvery,Cauvery,Bhavani,Moyar,-,Moyar,11.57277778,76.91916667,01-10-2012 08:40,2.4,"","",""
2329,THENGUMARAHADA,CWC,33,Tamil Nadu,587,Nilgiris,Kotagiri,-,-,Cauvery,Cauvery,Bhavani,Moyar,-,Moyar,11.57277778,76.91916667,01-11-2012 08:00,3.2,"","",""
2330,THENGUMARAHADA,CWC,33,Tamil Nadu,587,Nilgiris,Kotagiri,-,-,Cauvery,Cauvery,Bhavani,Moyar,-,Moyar,11.57277778,76.91916667,01-12-2012 08:30,0.6,"","",""
2331,THENGUMARAHADA,CWC,33,Tamil Nadu,587,Nilgiris,Kotagiri,-,-,Cauvery,Cauvery,Bhavani,Moyar,-,Moyar,11.57277778,76.91916667,01-01-2013 08:40,0.8,"","",""
2332,THENGUMARAHADA,CWC,33,Tamil Nadu,587,Nilgiris,Kotagiri,-,-,Cauvery,Cauvery,Bhavani,Moyar,-,Moyar,11.57277778,76.91916667,01-02-2013 08:45,1,"","",""
2333,THENGUMARAHADA,CWC,33,Tamil Nadu,587,Nilgiris,Kotagiri,-,-,Cauvery,Cauvery,Bhavani,Moyar,-,Moyar,11.57277778,76.91916667,01-03-2013 08:40,0.6,"","",""
2334,THENGUMARAHADA,CWC,33,Tamil Nadu,587,Nilgiris,Kotagiri,-,-,Cauvery,Cauvery,Bhavani,Moyar,-,Moyar,11.57277778,76.91916667,01-04-2013 08:45,0.4,"","",""
2335,THENGUMARAHADA,CWC,33,Tamil Nadu,587,Nilgiris,Kotagiri,-,-,Cauvery,Cauvery,Bhavani,Moyar,-,Moyar,11.57277778,76.91916667,01-05-2013 08:35,0.8,"","",""
2336,THENGUMARAHADA,CWC,33,Tamil Nadu,587,Nilgiris,Kotagiri,-,-,Cauvery,Cauvery,Bhavani,Moyar,-,Moyar,11.57277778,76.91916667,01-06-2013 08:40,0.8,"","",""
2337,THENGUMARAHADA,CWC,33,Tamil Nadu,587,Nilgiris,Kotagiri,-,-,Cauvery,Cauvery,Bhavani,Moyar,-,Moyar,11.57277778,76.91916667,01-07-2013 08:30,0.8,"","",""
2338,THENGUMARAHADA,CWC,33,Tamil Nadu,587,Nilgiris,Kotagiri,-,-,Cauvery,Cauvery,Bhavani,Moyar,-,Moyar,11.57277778,76.91916667,01-08-2013 08:45,1,"","",""
2339,THENGUMARAHADA,CWC,33,Tamil Nadu,587,Nilgiris,Kotagiri,-,-,Cauvery,Cauvery,Bhavani,Moyar,-,Moyar,11.57277778,76.91916667,02-09-2013 08:30,1.3,"","",""
2340,THENGUMARAHADA,CWC,33,Tamil Nadu,587,Nilgiris,Kotagiri,-,-,Cauvery,Cauvery,Bhavani,Moyar,-,Moyar,11.57277778,76.91916667,01-10-2013 08:10,0.6,"","",""
2341,THENGUMARAHADA,CWC,33,Tamil Nadu,587,Nilgiris,Kotagiri,-,-,Cauvery,Cauvery,Bhavani,Moyar,-,Moyar,11.57277778,76.91916667,01-11-2013 08:25,0.5,"","",""
2342,THENGUMARAHADA,CWC,33,Tamil Nadu,587,Nilgiris,Kotagiri,-,-,Cauvery,Cauvery,Bhavani,Moyar,-,Moyar,11.57277778,76.91916667,02-12-2013 08:30,1,"","",""
2343,THENGUMARAHADA,CWC,33,Tamil Nadu,587,Nilgiris,Kotagiri,-,-,Cauvery,Cauvery,Bhavani,Moyar,-,Moyar,11.57277778,76.91916667,01-01-2014 08:30,1,"","",""
2344,THENGUMARAHADA,CWC,33,Tamil Nadu,587,Nilgiris,Kotagiri,-,-,Cauvery,Cauvery,Bhavani,Moyar,-,Moyar,11.57277778,76.91916667,01-02-2014 08:45,1,"","",""
2345,THENGUMARAHADA,CWC,33,Tamil Nadu,587,Nilgiris,Kotagiri,-,-,Cauvery,Cauvery,Bhavani,Moyar,-,Moyar,11.57277778,76.91916667,01-03-2014 08:25,1,"","",""
2346,THENGUMARAHADA,CWC,33,Tamil Nadu,587,Nilgiris,Kotagiri,-,-,Cauvery,Cauvery,Bhavani,Moyar,-,Moyar,11.57277778,76.91916667,01-04-2014 08:30,1,"","",""
2347,THENGUMARAHADA,CWC,33,Tamil Nadu,587,Nilgiris,Kotagiri,-,-,Cauvery,Cauvery,Bhavani,Moyar,-,Moyar,11.57277778,76.91916667,01-05-2014 08:30,1.2,"","",""
2348,THENGUMARAHADA,CWC,33,Tamil Nadu,587,Nilgiris,Kotagiri,-,-,Cauvery,Cauvery,Bhavani,Moyar,-,Moyar,11.57277778,76.91916667,02-06-2014 08:45,1.5,"","",""
2349,THENGUMARAHADA,CWC,33,Tamil Nadu,587,Nilgiris,Kotagiri,-,-,Cauvery,Cauvery,Bhavani,Moyar,-,Moyar,11.57277778,76.91916667,01-08-2014 08:30,0.6,"","",""
2350,THENGUMARAHADA,CWC,33,Tamil Nadu,587,Nilgiris,Kotagiri,-,-,Cauvery,Cauvery,Bhavani,Moyar,-,Moyar,11.57277778,76.91916667,01-09-2014 08:45,1.4,"","",""
2351,THENGUMARAHADA,CWC,33,Tamil Nadu,587,Nilgiris,Kotagiri,-,-,Cauvery,Cauvery,Bhavani,Moyar,-,Moyar,11.57277778,76.91916667,01-10-2014 08:30,0.4,"","",""
2352,THENGUMARAHADA,CWC,33,Tamil Nadu,587,Nilgiris,Kotagiri,-,-,Cauvery,Cauvery,Bhavani,Moyar,-,Moyar,11.57277778,76.91916667,01-11-2014 08:40,1.33,"","",""
2353,THENGUMARAHADA,CWC,33,Tamil Nadu,587,Nilgiris,Kotagiri,-,-,Cauvery,Cauvery,Bhavani,Moyar,-,Moyar,11.57277778,76.91916667,01-12-2014 08:30,0.97,"","",""
2354,THENGUMARAHADA,CWC,33,Tamil Nadu,587,Nilgiris,Kotagiri,-,-,Cauvery,Cauvery,Bhavani,Moyar,-,Moyar,11.57277778,76.91916667,01-01-2015 08:40,1.04,"","",""
2355,THENGUMARAHADA,CWC,33,Tamil Nadu,587,Nilgiris,Kotagiri,-,-,Cauvery,Cauvery,Bhavani,Moyar,-,Moyar,11.57277778,76.91916667,02-02-2015 08:30,1.4,"","",""
2356,THENGUMARAHADA,CWC,33,Tamil Nadu,587,Nilgiris,Kotagiri,-,-,Cauvery,Cauvery,Bhavani,Moyar,-,Moyar,11.57277778,76.91916667,02-03-2015 08:30,0.8,"","",""
2357,THENGUMARAHADA,CWC,33,Tamil Nadu,587,Nilgiris,Kotagiri,-,-,Cauvery,Cauvery,Bhavani,Moyar,-,Moyar,11.57277778,76.91916667,01-04-2015 08:04,1.36,"","",""
2358,THENGUMARAHADA,CWC,33,Tamil Nadu,587,Nilgiris,Kotagiri,-,-,Cauvery,Cauvery,Bhavani,Moyar,-,Moyar,11.57277778,76.91916667,01-05-2015 08:30,1.38,"","",""
2359,THENGUMARAHADA,CWC,33,Tamil Nadu,587,Nilgiris,Kotagiri,-,-,Cauvery,Cauvery,Bhavani,Moyar,-,Moyar,11.57277778,76.91916667,01-06-2015 08:30,1.27,"","",""
2360,THENGUMARAHADA,CWC,33,Tamil Nadu,587,Nilgiris,Kotagiri,-,-,Cauvery,Cauvery,Bhavani,Moyar,-,Moyar,11.57277778,76.91916667,01-07-2015 08:40,1.44,"","",""
2361,THENGUMARAHADA,CWC,33,Tamil Nadu,587,Nilgiris,Kotagiri,-,-,Cauvery,Cauvery,Bhavani,Moyar,-,Moyar,11.57277778,76.91916667,01-08-2015 08:45,0.39,"","",""
2362,THENGUMARAHADA,CWC,33,Tamil Nadu,587,Nilgiris,Kotagiri,-,-,Cauvery,Cauvery,Bhavani,Moyar,-,Moyar,11.57277778,76.91916667,01-09-2015 08:40,1.42,"","",""
2363,THENGUMARAHADA,CWC,33,Tamil Nadu,587,Nilgiris,Kotagiri,-,-,Cauvery,Cauvery,Bhavani,Moyar,-,Moyar,11.57277778,76.91916667,01-10-2015 08:45,1.17,"","",""
2364,THENGUMARAHADA,CWC,33,Tamil Nadu,587,Nilgiris,Kotagiri,-,-,Cauvery,Cauvery,Bhavani,Moyar,-,Moyar,11.57277778,76.91916667,02-11-2015 08:30,2.67,"","",""
2365,THENGUMARAHADA,CWC,33,Tamil Nadu,587,Nilgiris,Kotagiri,-,-,Cauvery,Cauvery,Bhavani,Moyar,-,Moyar,11.57277778,76.91916667,01-12-2015 08:40,0.76,"","",""
2366,THENGUMARAHADA,CWC,33,Tamil Nadu,587,Nilgiris,Kotagiri,-,-,Cauvery,Cauvery,Bhavani,Moyar,-,Moyar,11.57277778,76.91916667,01-01-2016 08:20,1.5,"","",""
2367,THENGUMARAHADA,CWC,33,Tamil Nadu,587,Nilgiris,Kotagiri,-,-,Cauvery,Cauvery,Bhavani,Moyar,-,Moyar,11.57277778,76.91916667,01-02-2016 08:20,1.58,"","",""
2368,THENGUMARAHADA,CWC,33,Tamil Nadu,587,Nilgiris,Kotagiri,-,-,Cauvery,Cauvery,Bhavani,Moyar,-,Moyar,11.57277778,76.91916667,01-03-2016 08:20,1.35,"","",""
2369,THENGUMARAHADA,CWC,33,Tamil Nadu,587,Nilgiris,Kotagiri,-,-,Cauvery,Cauvery,Bhavani,Moyar,-,Moyar,11.57277778,76.91916667,01-04-2016 08:25,1.37,"","",""
2370,THENGUMARAHADA,CWC,33,Tamil Nadu,587,Nilgiris,Kotagiri,-,-,Cauvery,Cauvery,Bhavani,Moyar,-,Moyar,11.57277778,76.91916667,02-05-2016 08:20,1.13,"","",""
2371,THENGUMARAHADA,CWC,33,Tamil Nadu,587,Nilgiris,Kotagiri,-,-,Cauvery,Cauvery,Bhavani,Moyar,-,Moyar,11.57277778,76.91916667,01-06-2016 08:20,1.33,"","",""
2372,THENGUMARAHADA,CWC,33,Tamil Nadu,587,Nilgiris,Kotagiri,-,-,Cauvery,Cauvery,Bhavani,Moyar,-,Moyar,11.57277778,76.91916667,01-07-2016 08:20,0.76,"","",""
2373,THENGUMARAHADA,CWC,33,Tamil Nadu,587,Nilgiris,Kotagiri,-,-,Cauvery,Cauvery,Bhavani,Moyar,-,Moyar,11.57277778,76.91916667,01-08-2016 08:15,0.91,"","",""
2374,THENGUMARAHADA,CWC,33,Tamil Nadu,587,Nilgiris,Kotagiri,-,-,Cauvery,Cauvery,Bhavani,Moyar,-,Moyar,11.57277778,76.91916667,01-09-2016 08:10,0.39,"","",""
2375,THENGUMARAHADA,CWC,33,Tamil Nadu,587,Nilgiris,Kotagiri,-,-,Cauvery,Cauvery,Bhavani,Moyar,-,Moyar,11.57277778,76.91916667,01-10-2016 08:10,1.73,"","",""
2376,THENGUMARAHADA,CWC,33,Tamil Nadu,587,Nilgiris,Kotagiri,-,-,Cauvery,Cauvery,Bhavani,Moyar,-,Moyar,11.57277778,76.91916667,01-11-2016 08:10,1.71,"","",""
2377,THENGUMARAHADA,CWC,33,Tamil Nadu,587,Nilgiris,Kotagiri,-,-,Cauvery,Cauvery,Bhavani,Moyar,-,Moyar,11.57277778,76.91916667,01-12-2016 08:10,1.71,"","",""
2378,THENGUMARAHADA,CWC,33,Tamil Nadu,587,Nilgiris,Kotagiri,-,-,Cauvery,Cauvery,Bhavani,Moyar,-,Moyar,11.57277778,76.91916667,02-01-2017 08:15,0.56,"","",""
2379,THENGUMARAHADA,CWC,33,Tamil Nadu,587,Nilgiris,Kotagiri,-,-,Cauvery,Cauvery,Bhavani,Moyar,-,Moyar,11.57277778,76.91916667,01-02-2017 08:10,2.28,"","",""
2380,THENGUMARAHADA,CWC,33,Tamil Nadu,587,Nilgiris,Kotagiri,-,-,Cauvery,Cauvery,Bhavani,Moyar,-,Moyar,11.57277778,76.91916667,01-03-2017 08:50,1.14,"","",""
2381,THENGUMARAHADA,CWC,33,Tamil Nadu,587,Nilgiris,Kotagiri,-,-,Cauvery,Cauvery,Bhavani,Moyar,-,Moyar,11.57277778,76.91916667,01-04-2017 08:20,1.35,"","",""
2382,THENGUMARAHADA,CWC,33,Tamil Nadu,587,Nilgiris,Kotagiri,-,-,Cauvery,Cauvery,Bhavani,Moyar,-,Moyar,11.57277778,76.91916667,01-05-2017 08:20,1.74,"","",""
2383,THENI,CWC,33,Tamil Nadu,588,Theni,THENI,-,-,Duplicate-Vaigai,East flowing rivers between Pennar and Kanyakumari,Suruliar,-,-,Suruliar,10.00111111,77.48500000,03-07-2001 08:30,0.8,"","",""
2384,THENI,CWC,33,Tamil Nadu,588,Theni,THENI,-,-,Duplicate-Vaigai,East flowing rivers between Pennar and Kanyakumari,Suruliar,-,-,Suruliar,10.00111111,77.48500000,01-08-2001 08:30,0.9,"","",""
2385,THENI,CWC,33,Tamil Nadu,588,Theni,THENI,-,-,Duplicate-Vaigai,East flowing rivers between Pennar and Kanyakumari,Suruliar,-,-,Suruliar,10.00111111,77.48500000,01-09-2001 08:30,0.7,"","",""
2386,THENI,CWC,33,Tamil Nadu,588,Theni,THENI,-,-,Duplicate-Vaigai,East flowing rivers between Pennar and Kanyakumari,Suruliar,-,-,Suruliar,10.00111111,77.48500000,01-10-2001 08:30,0.9,"","",""
2387,THENI,CWC,33,Tamil Nadu,588,Theni,THENI,-,-,Duplicate-Vaigai,East flowing rivers between Pennar and Kanyakumari,Suruliar,-,-,Suruliar,10.00111111,77.48500000,01-11-2001 08:30,1.5,"","",""
2388,THENI,CWC,33,Tamil Nadu,588,Theni,THENI,-,-,Duplicate-Vaigai,East flowing rivers between Pennar and Kanyakumari,Suruliar,-,-,Suruliar,10.00111111,77.48500000,01-12-2001 08:30,1.1,"","",""
2389,THENI,CWC,33,Tamil Nadu,588,Theni,THENI,-,-,Duplicate-Vaigai,East flowing rivers between Pennar and Kanyakumari,Suruliar,-,-,Suruliar,10.00111111,77.48500000,01-01-2002 08:30,0.9,"","",""
2390,THENI,CWC,33,Tamil Nadu,588,Theni,THENI,-,-,Duplicate-Vaigai,East flowing rivers between Pennar and Kanyakumari,Suruliar,-,-,Suruliar,10.00111111,77.48500000,01-02-2002 08:30,0.6,"","",""
2391,THENI,CWC,33,Tamil Nadu,588,Theni,THENI,-,-,Duplicate-Vaigai,East flowing rivers between Pennar and Kanyakumari,Suruliar,-,-,Suruliar,10.00111111,77.48500000,01-03-2002 08:30,0.8,"","",""
2392,THENI,CWC,33,Tamil Nadu,588,Theni,THENI,-,-,Duplicate-Vaigai,East flowing rivers between Pennar and Kanyakumari,Suruliar,-,-,Suruliar,10.00111111,77.48500000,01-04-2002 08:30,1.1,"","",""
2393,THENI,CWC,33,Tamil Nadu,588,Theni,THENI,-,-,Duplicate-Vaigai,East flowing rivers between Pennar and Kanyakumari,Suruliar,-,-,Suruliar,10.00111111,77.48500000,02-09-2002 08:30,0.9,"","",""
2394,THENI,CWC,33,Tamil Nadu,588,Theni,THENI,-,-,Duplicate-Vaigai,East flowing rivers between Pennar and Kanyakumari,Suruliar,-,-,Suruliar,10.00111111,77.48500000,01-10-2002 08:30,3.4,"","",""
2395,THENI,CWC,33,Tamil Nadu,588,Theni,THENI,-,-,Duplicate-Vaigai,East flowing rivers between Pennar and Kanyakumari,Suruliar,-,-,Suruliar,10.00111111,77.48500000,01-11-2002 08:30,1.6,"","",""
2396,THENI,CWC,33,Tamil Nadu,588,Theni,THENI,-,-,Duplicate-Vaigai,East flowing rivers between Pennar and Kanyakumari,Suruliar,-,-,Suruliar,10.00111111,77.48500000,02-12-2002 08:30,0.8,"","",""
2397,THENI,CWC,33,Tamil Nadu,588,Theni,THENI,-,-,Duplicate-Vaigai,East flowing rivers between Pennar and Kanyakumari,Suruliar,-,-,Suruliar,10.00111111,77.48500000,01-01-2003 08:30,1.2,"","",""
2398,THENI,CWC,33,Tamil Nadu,588,Theni,THENI,-,-,Duplicate-Vaigai,East flowing rivers between Pennar and Kanyakumari,Suruliar,-,-,Suruliar,10.00111111,77.48500000,01-02-2003 08:30,4.2,"","",""
2399,THENI,CWC,33,Tamil Nadu,588,Theni,THENI,-,-,Duplicate-Vaigai,East flowing rivers between Pennar and Kanyakumari,Suruliar,-,-,Suruliar,10.00111111,77.48500000,01-03-2003 08:30,4.6,"","",""
2400,THENI,CWC,33,Tamil Nadu,588,Theni,THENI,-,-,Duplicate-Vaigai,East flowing rivers between Pennar and Kanyakumari,Suruliar,-,-,Suruliar,10.00111111,77.48500000,01-05-2003 08:30,3.4,"","",""
2401,THENI,CWC,33,Tamil Nadu,588,Theni,THENI,-,-,Duplicate-Vaigai,East flowing rivers between Pennar and Kanyakumari,Suruliar,-,-,Suruliar,10.00111111,77.48500000,01-07-2003 08:30,1.8,"","",""
2402,THENI,CWC,33,Tamil Nadu,588,Theni,THENI,-,-,Duplicate-Vaigai,East flowing rivers between Pennar and Kanyakumari,Suruliar,-,-,Suruliar,10.00111111,77.48500000,01-08-2003 08:30,3.5,"","",""
2403,THENI,CWC,33,Tamil Nadu,588,Theni,THENI,-,-,Duplicate-Vaigai,East flowing rivers between Pennar and Kanyakumari,Suruliar,-,-,Suruliar,10.00111111,77.48500000,01-09-2003 08:30,1.5,"","",""
2404,THENI,CWC,33,Tamil Nadu,588,Theni,THENI,-,-,Duplicate-Vaigai,East flowing rivers between Pennar and Kanyakumari,Suruliar,-,-,Suruliar,10.00111111,77.48500000,01-10-2003 08:30,0.3,"","",""
2405,THENI,CWC,33,Tamil Nadu,588,Theni,THENI,-,-,Duplicate-Vaigai,East flowing rivers between Pennar and Kanyakumari,Suruliar,-,-,Suruliar,10.00111111,77.48500000,01-11-2003 08:30,1.7,"","",""
2406,THENI,CWC,33,Tamil Nadu,588,Theni,THENI,-,-,Duplicate-Vaigai,East flowing rivers between Pennar and Kanyakumari,Suruliar,-,-,Suruliar,10.00111111,77.48500000,01-12-2003 08:30,1.5,"","",""
2407,THENI,CWC,33,Tamil Nadu,588,Theni,THENI,-,-,Duplicate-Vaigai,East flowing rivers between Pennar and Kanyakumari,Suruliar,-,-,Suruliar,10.00111111,77.48500000,01-01-2004 08:30,1.5,"","",""
2408,THENI,CWC,33,Tamil Nadu,588,Theni,THENI,-,-,Duplicate-Vaigai,East flowing rivers between Pennar and Kanyakumari,Suruliar,-,-,Suruliar,10.00111111,77.48500000,03-02-2004 08:30,2.2,"","",""
2409,THENI,CWC,33,Tamil Nadu,588,Theni,THENI,-,-,Duplicate-Vaigai,East flowing rivers between Pennar and Kanyakumari,Suruliar,-,-,Suruliar,10.00111111,77.48500000,01-03-2004 08:30,5.1,"","",""
2410,THENI,CWC,33,Tamil Nadu,588,Theni,THENI,-,-,Duplicate-Vaigai,East flowing rivers between Pennar and Kanyakumari,Suruliar,-,-,Suruliar,10.00111111,77.48500000,01-05-2004 08:30,3.3,"","",""
2411,THENI,CWC,33,Tamil Nadu,588,Theni,THENI,-,-,Duplicate-Vaigai,East flowing rivers between Pennar and Kanyakumari,Suruliar,-,-,Suruliar,10.00111111,77.48500000,01-07-2004 08:30,0.8,"","",""
2412,THENI,CWC,33,Tamil Nadu,588,Theni,THENI,-,-,Duplicate-Vaigai,East flowing rivers between Pennar and Kanyakumari,Suruliar,-,-,Suruliar,10.00111111,77.48500000,02-08-2004 08:00,1.5,"","",""
2413,THENI,CWC,33,Tamil Nadu,588,Theni,THENI,-,-,Duplicate-Vaigai,East flowing rivers between Pennar and Kanyakumari,Suruliar,-,-,Suruliar,10.00111111,77.48500000,01-09-2004 08:30,1.2,"","",""
2414,THENI,CWC,33,Tamil Nadu,588,Theni,THENI,-,-,Duplicate-Vaigai,East flowing rivers between Pennar and Kanyakumari,Suruliar,-,-,Suruliar,10.00111111,77.48500000,01-10-2004 08:30,2,"","",""
2415,THENI,CWC,33,Tamil Nadu,588,Theni,THENI,-,-,Duplicate-Vaigai,East flowing rivers between Pennar and Kanyakumari,Suruliar,-,-,Suruliar,10.00111111,77.48500000,01-11-2004 08:30,0.2,"","",""
2416,THENI,CWC,33,Tamil Nadu,588,Theni,THENI,-,-,Duplicate-Vaigai,East flowing rivers between Pennar and Kanyakumari,Suruliar,-,-,Suruliar,10.00111111,77.48500000,01-12-2004 08:30,1,"","",""
2417,THENI,CWC,33,Tamil Nadu,588,Theni,THENI,-,-,Duplicate-Vaigai,East flowing rivers between Pennar and Kanyakumari,Suruliar,-,-,Suruliar,10.00111111,77.48500000,01-01-2005 08:30,0.3,"","",""
2418,THENI,CWC,33,Tamil Nadu,588,Theni,THENI,-,-,Duplicate-Vaigai,East flowing rivers between Pennar and Kanyakumari,Suruliar,-,-,Suruliar,10.00111111,77.48500000,01-02-2005 08:30,4.7,"","",""
2419,THENI,CWC,33,Tamil Nadu,588,Theni,THENI,-,-,Duplicate-Vaigai,East flowing rivers between Pennar and Kanyakumari,Suruliar,-,-,Suruliar,10.00111111,77.48500000,01-03-2005 08:30,1.4,"","",""
2420,THENI,CWC,33,Tamil Nadu,588,Theni,THENI,-,-,Duplicate-Vaigai,East flowing rivers between Pennar and Kanyakumari,Suruliar,-,-,Suruliar,10.00111111,77.48500000,01-04-2005 08:30,2.3,"","",""
2421,THENI,CWC,33,Tamil Nadu,588,Theni,THENI,-,-,Duplicate-Vaigai,East flowing rivers between Pennar and Kanyakumari,Suruliar,-,-,Suruliar,10.00111111,77.48500000,02-05-2005 08:30,2,"","",""
2422,THENI,CWC,33,Tamil Nadu,588,Theni,THENI,-,-,Duplicate-Vaigai,East flowing rivers between Pennar and Kanyakumari,Suruliar,-,-,Suruliar,10.00111111,77.48500000,01-06-2005 08:30,1.6,"","",""
2423,THENI,CWC,33,Tamil Nadu,588,Theni,THENI,-,-,Duplicate-Vaigai,East flowing rivers between Pennar and Kanyakumari,Suruliar,-,-,Suruliar,10.00111111,77.48500000,01-07-2005 08:30,2.4,"","",""
2424,THENI,CWC,33,Tamil Nadu,588,Theni,THENI,-,-,Duplicate-Vaigai,East flowing rivers between Pennar and Kanyakumari,Suruliar,-,-,Suruliar,10.00111111,77.48500000,01-08-2005 08:30,1.2,"","",""
2425,THENI,CWC,33,Tamil Nadu,588,Theni,THENI,-,-,Duplicate-Vaigai,East flowing rivers between Pennar and Kanyakumari,Suruliar,-,-,Suruliar,10.00111111,77.48500000,01-09-2005 08:30,1,"","",""
2426,THENI,CWC,33,Tamil Nadu,588,Theni,THENI,-,-,Duplicate-Vaigai,East flowing rivers between Pennar and Kanyakumari,Suruliar,-,-,Suruliar,10.00111111,77.48500000,01-10-2005 08:30,1.5,"","",""
2427,THENI,CWC,33,Tamil Nadu,588,Theni,THENI,-,-,Duplicate-Vaigai,East flowing rivers between Pennar and Kanyakumari,Suruliar,-,-,Suruliar,10.00111111,77.48500000,02-11-2005 08:30,0.7,"","",""
2428,THENI,CWC,33,Tamil Nadu,588,Theni,THENI,-,-,Duplicate-Vaigai,East flowing rivers between Pennar and Kanyakumari,Suruliar,-,-,Suruliar,10.00111111,77.48500000,01-12-2005 08:30,2.1,"","",""
2429,THENI,CWC,33,Tamil Nadu,588,Theni,THENI,-,-,Duplicate-Vaigai,East flowing rivers between Pennar and Kanyakumari,Suruliar,-,-,Suruliar,10.00111111,77.48500000,02-01-2006 08:30,0.8,"","",""
2430,THENI,CWC,33,Tamil Nadu,588,Theni,THENI,-,-,Duplicate-Vaigai,East flowing rivers between Pennar and Kanyakumari,Suruliar,-,-,Suruliar,10.00111111,77.48500000,01-02-2006 08:30,0.9,"","",""
2431,THENI,CWC,33,Tamil Nadu,588,Theni,THENI,-,-,Duplicate-Vaigai,East flowing rivers between Pennar and Kanyakumari,Suruliar,-,-,Suruliar,10.00111111,77.48500000,01-03-2006 08:30,0.9,"","",""
2432,THENI,CWC,33,Tamil Nadu,588,Theni,THENI,-,-,Duplicate-Vaigai,East flowing rivers between Pennar and Kanyakumari,Suruliar,-,-,Suruliar,10.00111111,77.48500000,01-04-2006 08:30,0.6,"","",""
2433,THENI,CWC,33,Tamil Nadu,588,Theni,THENI,-,-,Duplicate-Vaigai,East flowing rivers between Pennar and Kanyakumari,Suruliar,-,-,Suruliar,10.00111111,77.48500000,01-07-2006 08:45,1.8,"","",""
2434,THENI,CWC,33,Tamil Nadu,588,Theni,THENI,-,-,Duplicate-Vaigai,East flowing rivers between Pennar and Kanyakumari,Suruliar,-,-,Suruliar,10.00111111,77.48500000,01-08-2006 08:45,1.4,"","",""
2435,THENI,CWC,33,Tamil Nadu,588,Theni,THENI,-,-,Duplicate-Vaigai,East flowing rivers between Pennar and Kanyakumari,Suruliar,-,-,Suruliar,10.00111111,77.48500000,01-09-2006 08:45,0.7,"","",""
2436,THENI,CWC,33,Tamil Nadu,588,Theni,THENI,-,-,Duplicate-Vaigai,East flowing rivers between Pennar and Kanyakumari,Suruliar,-,-,Suruliar,10.00111111,77.48500000,03-10-2006 09:00,1.3,"","",""
2437,THENI,CWC,33,Tamil Nadu,588,Theni,THENI,-,-,Duplicate-Vaigai,East flowing rivers between Pennar and Kanyakumari,Suruliar,-,-,Suruliar,10.00111111,77.48500000,01-11-2006 08:30,1.8,"","",""
2438,THENI,CWC,33,Tamil Nadu,588,Theni,THENI,-,-,Duplicate-Vaigai,East flowing rivers between Pennar and Kanyakumari,Suruliar,-,-,Suruliar,10.00111111,77.48500000,01-12-2006 09:00,0.3,"","",""
2439,THENI,CWC,33,Tamil Nadu,588,Theni,THENI,-,-,Duplicate-Vaigai,East flowing rivers between Pennar and Kanyakumari,Suruliar,-,-,Suruliar,10.00111111,77.48500000,02-01-2007 09:00,1.1,"","",""
2440,THENI,CWC,33,Tamil Nadu,588,Theni,THENI,-,-,Duplicate-Vaigai,East flowing rivers between Pennar and Kanyakumari,Suruliar,-,-,Suruliar,10.00111111,77.48500000,01-02-2007 09:00,0.9,"","",""
2441,THENI,CWC,33,Tamil Nadu,588,Theni,THENI,-,-,Duplicate-Vaigai,East flowing rivers between Pennar and Kanyakumari,Suruliar,-,-,Suruliar,10.00111111,77.48500000,01-03-2007 08:30,0.5,"","",""
2442,THENI,CWC,33,Tamil Nadu,588,Theni,THENI,-,-,Duplicate-Vaigai,East flowing rivers between Pennar and Kanyakumari,Suruliar,-,-,Suruliar,10.00111111,77.48500000,04-04-2007 09:00,1.8,"","",""
2443,THENI,CWC,33,Tamil Nadu,588,Theni,THENI,-,-,Duplicate-Vaigai,East flowing rivers between Pennar and Kanyakumari,Suruliar,-,-,Suruliar,10.00111111,77.48500000,01-05-2007 09:00,1.6,"","",""
2444,THENI,CWC,33,Tamil Nadu,588,Theni,THENI,-,-,Duplicate-Vaigai,East flowing rivers between Pennar and Kanyakumari,Suruliar,-,-,Suruliar,10.00111111,77.48500000,02-07-2007 09:00,1.6,"","",""
2445,THENI,CWC,33,Tamil Nadu,588,Theni,THENI,-,-,Duplicate-Vaigai,East flowing rivers between Pennar and Kanyakumari,Suruliar,-,-,Suruliar,10.00111111,77.48500000,01-08-2007 09:00,0.9,"","",""
2446,THENI,CWC,33,Tamil Nadu,588,Theni,THENI,-,-,Duplicate-Vaigai,East flowing rivers between Pennar and Kanyakumari,Suruliar,-,-,Suruliar,10.00111111,77.48500000,01-09-2007 09:00,2.1,"","",""
2447,THENI,CWC,33,Tamil Nadu,588,Theni,THENI,-,-,Duplicate-Vaigai,East flowing rivers between Pennar and Kanyakumari,Suruliar,-,-,Suruliar,10.00111111,77.48500000,03-10-2007 09:00,0.7,"","",""
2448,THENI,CWC,33,Tamil Nadu,588,Theni,THENI,-,-,Duplicate-Vaigai,East flowing rivers between Pennar and Kanyakumari,Suruliar,-,-,Suruliar,10.00111111,77.48500000,01-11-2007 09:00,2.4,"","",""
2449,THENI,CWC,33,Tamil Nadu,588,Theni,THENI,-,-,Duplicate-Vaigai,East flowing rivers between Pennar and Kanyakumari,Suruliar,-,-,Suruliar,10.00111111,77.48500000,01-12-2007 09:00,0.8,"","",""
2450,THENI,CWC,33,Tamil Nadu,588,Theni,THENI,-,-,Duplicate-Vaigai,East flowing rivers between Pennar and Kanyakumari,Suruliar,-,-,Suruliar,10.00111111,77.48500000,01-01-2008 09:00,1.5,"","",""
2451,THENI,CWC,33,Tamil Nadu,588,Theni,THENI,-,-,Duplicate-Vaigai,East flowing rivers between Pennar and Kanyakumari,Suruliar,-,-,Suruliar,10.00111111,77.48500000,01-02-2008 09:00,1,"","",""
2452,THENI,CWC,33,Tamil Nadu,588,Theni,THENI,-,-,Duplicate-Vaigai,East flowing rivers between Pennar and Kanyakumari,Suruliar,-,-,Suruliar,10.00111111,77.48500000,01-03-2008 09:00,0.9,"","",""
2453,THENI,CWC,33,Tamil Nadu,588,Theni,THENI,-,-,Duplicate-Vaigai,East flowing rivers between Pennar and Kanyakumari,Suruliar,-,-,Suruliar,10.00111111,77.48500000,01-04-2008 09:00,2.2,"","",""
2454,THENI,CWC,33,Tamil Nadu,588,Theni,THENI,-,-,Duplicate-Vaigai,East flowing rivers between Pennar and Kanyakumari,Suruliar,-,-,Suruliar,10.00111111,77.48500000,01-05-2008 09:00,1.5,"","",""
2455,THENI,CWC,33,Tamil Nadu,588,Theni,THENI,-,-,Duplicate-Vaigai,East flowing rivers between Pennar and Kanyakumari,Suruliar,-,-,Suruliar,10.00111111,77.48500000,01-07-2008 08:00,1.3,"","",""
2456,THENI,CWC,33,Tamil Nadu,588,Theni,THENI,-,-,Duplicate-Vaigai,East flowing rivers between Pennar and Kanyakumari,Suruliar,-,-,Suruliar,10.00111111,77.48500000,01-08-2008 08:00,0.9,"","",""
2457,THENI,CWC,33,Tamil Nadu,588,Theni,THENI,-,-,Duplicate-Vaigai,East flowing rivers between Pennar and Kanyakumari,Suruliar,-,-,Suruliar,10.00111111,77.48500000,01-09-2008 08:00,0.7,"","",""
2458,THENI,CWC,33,Tamil Nadu,588,Theni,THENI,-,-,Duplicate-Vaigai,East flowing rivers between Pennar and Kanyakumari,Suruliar,-,-,Suruliar,10.00111111,77.48500000,03-10-2008 08:00,1.1,"","",""
2459,THENI,CWC,33,Tamil Nadu,588,Theni,THENI,-,-,Duplicate-Vaigai,East flowing rivers between Pennar and Kanyakumari,Suruliar,-,-,Suruliar,10.00111111,77.48500000,01-11-2008 08:00,1.1,"","",""
2460,THENI,CWC,33,Tamil Nadu,588,Theni,THENI,-,-,Duplicate-Vaigai,East flowing rivers between Pennar and Kanyakumari,Suruliar,-,-,Suruliar,10.00111111,77.48500000,01-12-2008 08:00,1.2,"","",""
2461,THENI,CWC,33,Tamil Nadu,588,Theni,THENI,-,-,Duplicate-Vaigai,East flowing rivers between Pennar and Kanyakumari,Suruliar,-,-,Suruliar,10.00111111,77.48500000,01-01-2009 08:00,1.9,"","",""
2462,THENI,CWC,33,Tamil Nadu,588,Theni,THENI,-,-,Duplicate-Vaigai,East flowing rivers between Pennar and Kanyakumari,Suruliar,-,-,Suruliar,10.00111111,77.48500000,02-02-2009 08:00,1.9,"","",""
2463,THENI,CWC,33,Tamil Nadu,588,Theni,THENI,-,-,Duplicate-Vaigai,East flowing rivers between Pennar and Kanyakumari,Suruliar,-,-,Suruliar,10.00111111,77.48500000,02-03-2009 08:00,4.7,"","",""
2464,THENI,CWC,33,Tamil Nadu,588,Theni,THENI,-,-,Duplicate-Vaigai,East flowing rivers between Pennar and Kanyakumari,Suruliar,-,-,Suruliar,10.00111111,77.48500000,01-05-2009 08:00,2.8,"","",""
2465,THENI,CWC,33,Tamil Nadu,588,Theni,THENI,-,-,Duplicate-Vaigai,East flowing rivers between Pennar and Kanyakumari,Suruliar,-,-,Suruliar,10.00111111,77.48500000,01-06-2009 09:30,1.3,"","",""
2466,THENI,CWC,33,Tamil Nadu,588,Theni,THENI,-,-,Duplicate-Vaigai,East flowing rivers between Pennar and Kanyakumari,Suruliar,-,-,Suruliar,10.00111111,77.48500000,01-07-2009 08:45,1,"","",""
2467,THENI,CWC,33,Tamil Nadu,588,Theni,THENI,-,-,Duplicate-Vaigai,East flowing rivers between Pennar and Kanyakumari,Suruliar,-,-,Suruliar,10.00111111,77.48500000,01-08-2009 09:30,1.1,"","",""
2468,THENI,CWC,33,Tamil Nadu,588,Theni,THENI,-,-,Duplicate-Vaigai,East flowing rivers between Pennar and Kanyakumari,Suruliar,-,-,Suruliar,10.00111111,77.48500000,01-09-2009 09:30,1.3,"","",""
2469,THENI,CWC,33,Tamil Nadu,588,Theni,THENI,-,-,Duplicate-Vaigai,East flowing rivers between Pennar and Kanyakumari,Suruliar,-,-,Suruliar,10.00111111,77.48500000,01-10-2009 09:30,1.2,"","",""
2470,THENI,CWC,33,Tamil Nadu,588,Theni,THENI,-,-,Duplicate-Vaigai,East flowing rivers between Pennar and Kanyakumari,Suruliar,-,-,Suruliar,10.00111111,77.48500000,01-12-2009 09:30,0.2,"","",""
2471,THENI,CWC,33,Tamil Nadu,588,Theni,THENI,-,-,Duplicate-Vaigai,East flowing rivers between Pennar and Kanyakumari,Suruliar,-,-,Suruliar,10.00111111,77.48500000,01-01-2010 09:30,1.2,"","",""
2472,THENI,CWC,33,Tamil Nadu,588,Theni,THENI,-,-,Duplicate-Vaigai,East flowing rivers between Pennar and Kanyakumari,Suruliar,-,-,Suruliar,10.00111111,77.48500000,01-02-2010 08:30,1.2,"","",""
2473,THENI,CWC,33,Tamil Nadu,588,Theni,THENI,-,-,Duplicate-Vaigai,East flowing rivers between Pennar and Kanyakumari,Suruliar,-,-,Suruliar,10.00111111,77.48500000,01-03-2010 08:30,0.6,"","",""
2474,THENI,CWC,33,Tamil Nadu,588,Theni,THENI,-,-,Duplicate-Vaigai,East flowing rivers between Pennar and Kanyakumari,Suruliar,-,-,Suruliar,10.00111111,77.48500000,01-05-2010 08:30,3,"","",""
2475,THENI,CWC,33,Tamil Nadu,588,Theni,THENI,-,-,Duplicate-Vaigai,East flowing rivers between Pennar and Kanyakumari,Suruliar,-,-,Suruliar,10.00111111,77.48500000,01-06-2010 08:30,1.8,"","",""
2476,THENI,CWC,33,Tamil Nadu,588,Theni,THENI,-,-,Duplicate-Vaigai,East flowing rivers between Pennar and Kanyakumari,Suruliar,-,-,Suruliar,10.00111111,77.48500000,01-07-2010 08:30,3.8,"","",""
2477,THENI,CWC,33,Tamil Nadu,588,Theni,THENI,-,-,Duplicate-Vaigai,East flowing rivers between Pennar and Kanyakumari,Suruliar,-,-,Suruliar,10.00111111,77.48500000,02-08-2010 08:30,1.1,"","",""
2478,THENI,CWC,33,Tamil Nadu,588,Theni,THENI,-,-,Duplicate-Vaigai,East flowing rivers between Pennar and Kanyakumari,Suruliar,-,-,Suruliar,10.00111111,77.48500000,01-09-2010 08:30,1.4,"","",""
2479,THENI,CWC,33,Tamil Nadu,588,Theni,THENI,-,-,Duplicate-Vaigai,East flowing rivers between Pennar and Kanyakumari,Suruliar,-,-,Suruliar,10.00111111,77.48500000,01-10-2010 08:30,1.6,"","",""
2480,THENI,CWC,33,Tamil Nadu,588,Theni,THENI,-,-,Duplicate-Vaigai,East flowing rivers between Pennar and Kanyakumari,Suruliar,-,-,Suruliar,10.00111111,77.48500000,01-11-2010 08:30,0.6,"","",""
2481,THENI,CWC,33,Tamil Nadu,588,Theni,THENI,-,-,Duplicate-Vaigai,East flowing rivers between Pennar and Kanyakumari,Suruliar,-,-,Suruliar,10.00111111,77.48500000,01-12-2010 08:30,0.8,"","",""
2482,THENI,CWC,33,Tamil Nadu,588,Theni,THENI,-,-,Duplicate-Vaigai,East flowing rivers between Pennar and Kanyakumari,Suruliar,-,-,Suruliar,10.00111111,77.48500000,01-01-2011 08:30,1.3,"","",""
2483,THENI,CWC,33,Tamil Nadu,588,Theni,THENI,-,-,Duplicate-Vaigai,East flowing rivers between Pennar and Kanyakumari,Suruliar,-,-,Suruliar,10.00111111,77.48500000,01-02-2011 08:30,1,"","",""
2484,THENI,CWC,33,Tamil Nadu,588,Theni,THENI,-,-,Duplicate-Vaigai,East flowing rivers between Pennar and Kanyakumari,Suruliar,-,-,Suruliar,10.00111111,77.48500000,01-03-2011 08:30,1.1,"","",""
2485,THENI,CWC,33,Tamil Nadu,588,Theni,THENI,-,-,Duplicate-Vaigai,East flowing rivers between Pennar and Kanyakumari,Suruliar,-,-,Suruliar,10.00111111,77.48500000,01-04-2011 08:30,3.3,"","",""
2486,THENI,CWC,33,Tamil Nadu,588,Theni,THENI,-,-,Duplicate-Vaigai,East flowing rivers between Pennar and Kanyakumari,Suruliar,-,-,Suruliar,10.00111111,77.48500000,02-05-2011 08:30,2.8,"","",""
2487,THENI,CWC,33,Tamil Nadu,588,Theni,THENI,-,-,Duplicate-Vaigai,East flowing rivers between Pennar and Kanyakumari,Suruliar,-,-,Suruliar,10.00111111,77.48500000,01-07-2011 08:30,1.9,"","",""
2488,THENI,CWC,33,Tamil Nadu,588,Theni,THENI,-,-,Duplicate-Vaigai,East flowing rivers between Pennar and Kanyakumari,Suruliar,-,-,Suruliar,10.00111111,77.48500000,01-08-2011 08:30,1.1,"","",""
2489,THENI,CWC,33,Tamil Nadu,588,Theni,THENI,-,-,Duplicate-Vaigai,East flowing rivers between Pennar and Kanyakumari,Suruliar,-,-,Suruliar,10.00111111,77.48500000,02-09-2011 08:30,0.6,"","",""
2490,THENI,CWC,33,Tamil Nadu,588,Theni,THENI,-,-,Duplicate-Vaigai,East flowing rivers between Pennar and Kanyakumari,Suruliar,-,-,Suruliar,10.00111111,77.48500000,01-10-2011 08:30,2.4,"","",""
2491,THENI,CWC,33,Tamil Nadu,588,Theni,THENI,-,-,Duplicate-Vaigai,East flowing rivers between Pennar and Kanyakumari,Suruliar,-,-,Suruliar,10.00111111,77.48500000,01-11-2011 08:30,1.1,"","",""
2492,THENI,CWC,33,Tamil Nadu,588,Theni,THENI,-,-,Duplicate-Vaigai,East flowing rivers between Pennar and Kanyakumari,Suruliar,-,-,Suruliar,10.00111111,77.48500000,01-12-2011 08:30,1.8,"","",""
2493,THENI,CWC,33,Tamil Nadu,588,Theni,THENI,-,-,Duplicate-Vaigai,East flowing rivers between Pennar and Kanyakumari,Suruliar,-,-,Suruliar,10.00111111,77.48500000,02-01-2012 08:30,1.1,"","",""
2494,THENI,CWC,33,Tamil Nadu,588,Theni,THENI,-,-,Duplicate-Vaigai,East flowing rivers between Pennar and Kanyakumari,Suruliar,-,-,Suruliar,10.00111111,77.48500000,01-02-2012 08:30,2.5,"","",""
2495,THENI,CWC,33,Tamil Nadu,588,Theni,THENI,-,-,Duplicate-Vaigai,East flowing rivers between Pennar and Kanyakumari,Suruliar,-,-,Suruliar,10.00111111,77.48500000,01-03-2012 08:30,1.1,"","",""
2496,THENI,CWC,33,Tamil Nadu,588,Theni,THENI,-,-,Duplicate-Vaigai,East flowing rivers between Pennar and Kanyakumari,Suruliar,-,-,Suruliar,10.00111111,77.48500000,01-05-2012 08:30,2.2,"","",""
2497,THENI,CWC,33,Tamil Nadu,588,Theni,THENI,-,-,Duplicate-Vaigai,East flowing rivers between Pennar and Kanyakumari,Suruliar,-,-,Suruliar,10.00111111,77.48500000,01-06-2012 08:30,1.8,"","",""
2498,THENI,CWC,33,Tamil Nadu,588,Theni,THENI,-,-,Duplicate-Vaigai,East flowing rivers between Pennar and Kanyakumari,Suruliar,-,-,Suruliar,10.00111111,77.48500000,01-09-2012 08:30,0.6,"","",""
2499,THENI,CWC,33,Tamil Nadu,588,Theni,THENI,-,-,Duplicate-Vaigai,East flowing rivers between Pennar and Kanyakumari,Suruliar,-,-,Suruliar,10.00111111,77.48500000,01-11-2012 08:30,1.6,"","",""
2500,THENI,CWC,33,Tamil Nadu,588,Theni,THENI,-,-,Duplicate-Vaigai,East flowing rivers between Pennar and Kanyakumari,Suruliar,-,-,Suruliar,10.00111111,77.48500000,01-12-2012 08:30,1.5,"","",""
2501,THENI,CWC,33,Tamil Nadu,588,Theni,THENI,-,-,Duplicate-Vaigai,East flowing rivers between Pennar and Kanyakumari,Suruliar,-,-,Suruliar,10.00111111,77.48500000,01-01-2013 08:30,1.6,"","",""
2502,THENI,CWC,33,Tamil Nadu,588,Theni,THENI,-,-,Duplicate-Vaigai,East flowing rivers between Pennar and Kanyakumari,Suruliar,-,-,Suruliar,10.00111111,77.48500000,01-03-2013 08:30,1.5,"","",""
2503,THENI,CWC,33,Tamil Nadu,588,Theni,THENI,-,-,Duplicate-Vaigai,East flowing rivers between Pennar and Kanyakumari,Suruliar,-,-,Suruliar,10.00111111,77.48500000,01-04-2013 08:30,1.9,"","",""
2504,THENI,CWC,33,Tamil Nadu,588,Theni,THENI,-,-,Duplicate-Vaigai,East flowing rivers between Pennar and Kanyakumari,Suruliar,-,-,Suruliar,10.00111111,77.48500000,01-05-2013 08:30,1.8,"","",""
2505,THENI,CWC,33,Tamil Nadu,588,Theni,THENI,-,-,Duplicate-Vaigai,East flowing rivers between Pennar and Kanyakumari,Suruliar,-,-,Suruliar,10.00111111,77.48500000,01-07-2013 08:30,1.9,"","",""
2506,THENI,CWC,33,Tamil Nadu,588,Theni,THENI,-,-,Duplicate-Vaigai,East flowing rivers between Pennar and Kanyakumari,Suruliar,-,-,Suruliar,10.00111111,77.48500000,01-08-2013 08:30,1.2,"","",""
2507,THENI,CWC,33,Tamil Nadu,588,Theni,THENI,-,-,Duplicate-Vaigai,East flowing rivers between Pennar and Kanyakumari,Suruliar,-,-,Suruliar,10.00111111,77.48500000,02-09-2013 08:30,1.6,"","",""
2508,THENI,CWC,33,Tamil Nadu,588,Theni,THENI,-,-,Duplicate-Vaigai,East flowing rivers between Pennar and Kanyakumari,Suruliar,-,-,Suruliar,10.00111111,77.48500000,01-10-2013 08:30,2.3,"","",""
2509,THENI,CWC,33,Tamil Nadu,588,Theni,THENI,-,-,Duplicate-Vaigai,East flowing rivers between Pennar and Kanyakumari,Suruliar,-,-,Suruliar,10.00111111,77.48500000,01-11-2013 08:30,1,"","",""
2510,THENI,CWC,33,Tamil Nadu,588,Theni,THENI,-,-,Duplicate-Vaigai,East flowing rivers between Pennar and Kanyakumari,Suruliar,-,-,Suruliar,10.00111111,77.48500000,02-12-2013 08:30,1.1,"","",""
2511,THENI,CWC,33,Tamil Nadu,588,Theni,THENI,-,-,Duplicate-Vaigai,East flowing rivers between Pennar and Kanyakumari,Suruliar,-,-,Suruliar,10.00111111,77.48500000,01-01-2014 08:30,1.8,"","",""
2512,THENI,CWC,33,Tamil Nadu,588,Theni,THENI,-,-,Duplicate-Vaigai,East flowing rivers between Pennar and Kanyakumari,Suruliar,-,-,Suruliar,10.00111111,77.48500000,01-05-2014 08:30,1.9,"","",""
2513,THENI,CWC,33,Tamil Nadu,588,Theni,THENI,-,-,Duplicate-Vaigai,East flowing rivers between Pennar and Kanyakumari,Suruliar,-,-,Suruliar,10.00111111,77.48500000,01-08-2014 08:30,0.9,"","",""
2514,THENI,CWC,33,Tamil Nadu,588,Theni,THENI,-,-,Duplicate-Vaigai,East flowing rivers between Pennar and Kanyakumari,Suruliar,-,-,Suruliar,10.00111111,77.48500000,01-09-2014 08:30,1.35,"","",""
2515,THENI,CWC,33,Tamil Nadu,588,Theni,THENI,-,-,Duplicate-Vaigai,East flowing rivers between Pennar and Kanyakumari,Suruliar,-,-,Suruliar,10.00111111,77.48500000,01-10-2014 08:30,1.76,"","",""
2516,THENI,CWC,33,Tamil Nadu,588,Theni,THENI,-,-,Duplicate-Vaigai,East flowing rivers between Pennar and Kanyakumari,Suruliar,-,-,Suruliar,10.00111111,77.48500000,01-11-2014 08:30,0.76,"","",""
2517,THENI,CWC,33,Tamil Nadu,588,Theni,THENI,-,-,Duplicate-Vaigai,East flowing rivers between Pennar and Kanyakumari,Suruliar,-,-,Suruliar,10.00111111,77.48500000,01-12-2014 08:30,1.36,"","",""
2518,THENI,CWC,33,Tamil Nadu,588,Theni,THENI,-,-,Duplicate-Vaigai,East flowing rivers between Pennar and Kanyakumari,Suruliar,-,-,Suruliar,10.00111111,77.48500000,01-01-2015 08:30,1.25,"","",""
2519,THENI,CWC,33,Tamil Nadu,588,Theni,THENI,-,-,Duplicate-Vaigai,East flowing rivers between Pennar and Kanyakumari,Suruliar,-,-,Suruliar,10.00111111,77.48500000,02-02-2015 08:30,1,"","",""
2520,THENI,CWC,33,Tamil Nadu,588,Theni,THENI,-,-,Duplicate-Vaigai,East flowing rivers between Pennar and Kanyakumari,Suruliar,-,-,Suruliar,10.00111111,77.48500000,01-04-2015 08:30,0.99,"","",""
2521,THENI,CWC,33,Tamil Nadu,588,Theni,THENI,-,-,Duplicate-Vaigai,East flowing rivers between Pennar and Kanyakumari,Suruliar,-,-,Suruliar,10.00111111,77.48500000,01-05-2015 08:30,2.37,"","",""
2522,THENI,CWC,33,Tamil Nadu,588,Theni,THENI,-,-,Duplicate-Vaigai,East flowing rivers between Pennar and Kanyakumari,Suruliar,-,-,Suruliar,10.00111111,77.48500000,01-06-2015 08:30,1.64,"","",""
2523,THENI,CWC,33,Tamil Nadu,588,Theni,THENI,-,-,Duplicate-Vaigai,East flowing rivers between Pennar and Kanyakumari,Suruliar,-,-,Suruliar,10.00111111,77.48500000,01-07-2015 08:30,0.82,"","",""
2524,THENI,CWC,33,Tamil Nadu,588,Theni,THENI,-,-,Duplicate-Vaigai,East flowing rivers between Pennar and Kanyakumari,Suruliar,-,-,Suruliar,10.00111111,77.48500000,01-08-2015 08:30,0.97,"","",""
2525,THENI,CWC,33,Tamil Nadu,588,Theni,THENI,-,-,Duplicate-Vaigai,East flowing rivers between Pennar and Kanyakumari,Suruliar,-,-,Suruliar,10.00111111,77.48500000,01-09-2015 08:30,0.61,"","",""
2526,THENI,CWC,33,Tamil Nadu,588,Theni,THENI,-,-,Duplicate-Vaigai,East flowing rivers between Pennar and Kanyakumari,Suruliar,-,-,Suruliar,10.00111111,77.48500000,01-10-2015 08:30,1.75,"","",""
2527,THENI,CWC,33,Tamil Nadu,588,Theni,THENI,-,-,Duplicate-Vaigai,East flowing rivers between Pennar and Kanyakumari,Suruliar,-,-,Suruliar,10.00111111,77.48500000,02-11-2015 08:30,2.1,"","",""
2528,THENI,CWC,33,Tamil Nadu,588,Theni,THENI,-,-,Duplicate-Vaigai,East flowing rivers between Pennar and Kanyakumari,Suruliar,-,-,Suruliar,10.00111111,77.48500000,01-12-2015 08:30,2.1,"","",""
2529,THENI,CWC,33,Tamil Nadu,588,Theni,THENI,-,-,Duplicate-Vaigai,East flowing rivers between Pennar and Kanyakumari,Suruliar,-,-,Suruliar,10.00111111,77.48500000,01-01-2016 08:30,1.32,"","",""
2530,THENI,CWC,33,Tamil Nadu,588,Theni,THENI,-,-,Duplicate-Vaigai,East flowing rivers between Pennar and Kanyakumari,Suruliar,-,-,Suruliar,10.00111111,77.48500000,01-02-2016 08:30,1.93,"","",""
2531,THENI,CWC,33,Tamil Nadu,588,Theni,THENI,-,-,Duplicate-Vaigai,East flowing rivers between Pennar and Kanyakumari,Suruliar,-,-,Suruliar,10.00111111,77.48500000,01-03-2016 08:30,0.77,"","",""
2532,THENI,CWC,33,Tamil Nadu,588,Theni,THENI,-,-,Duplicate-Vaigai,East flowing rivers between Pennar and Kanyakumari,Suruliar,-,-,Suruliar,10.00111111,77.48500000,01-04-2016 08:30,1.37,"","",""
2533,THENI,CWC,33,Tamil Nadu,588,Theni,THENI,-,-,Duplicate-Vaigai,East flowing rivers between Pennar and Kanyakumari,Suruliar,-,-,Suruliar,10.00111111,77.48500000,09-05-2016 08:30,1.51,"","",""
2534,THENI,CWC,33,Tamil Nadu,588,Theni,THENI,-,-,Duplicate-Vaigai,East flowing rivers between Pennar and Kanyakumari,Suruliar,-,-,Suruliar,10.00111111,77.48500000,14-06-2016 08:30,1.52,"","",""
2535,THENI,CWC,33,Tamil Nadu,588,Theni,THENI,-,-,Duplicate-Vaigai,East flowing rivers between Pennar and Kanyakumari,Suruliar,-,-,Suruliar,10.00111111,77.48500000,01-07-2016 08:30,0.95,"","",""
2536,THENI,CWC,33,Tamil Nadu,588,Theni,THENI,-,-,Duplicate-Vaigai,East flowing rivers between Pennar and Kanyakumari,Suruliar,-,-,Suruliar,10.00111111,77.48500000,04-08-2016 08:30,1.1,"","",""
2537,THENI,CWC,33,Tamil Nadu,588,Theni,THENI,-,-,Duplicate-Vaigai,East flowing rivers between Pennar and Kanyakumari,Suruliar,-,-,Suruliar,10.00111111,77.48500000,01-09-2016 08:30,2.13,"","",""
2538,THENI,CWC,33,Tamil Nadu,588,Theni,THENI,-,-,Duplicate-Vaigai,East flowing rivers between Pennar and Kanyakumari,Suruliar,-,-,Suruliar,10.00111111,77.48500000,04-10-2016 08:30,1.53,"","",""
2539,THENI,CWC,33,Tamil Nadu,588,Theni,THENI,-,-,Duplicate-Vaigai,East flowing rivers between Pennar and Kanyakumari,Suruliar,-,-,Suruliar,10.00111111,77.48500000,01-11-2016 08:30,3.42,"","",""
2540,THENI,CWC,33,Tamil Nadu,588,Theni,THENI,-,-,Duplicate-Vaigai,East flowing rivers between Pennar and Kanyakumari,Suruliar,-,-,Suruliar,10.00111111,77.48500000,01-12-2016 08:30,1.52,"","",""
2541,THENI,CWC,33,Tamil Nadu,588,Theni,THENI,-,-,Duplicate-Vaigai,East flowing rivers between Pennar and Kanyakumari,Suruliar,-,-,Suruliar,10.00111111,77.48500000,02-01-2017 08:30,0.74,"","",""
2542,THENI,CWC,33,Tamil Nadu,588,Theni,THENI,-,-,Duplicate-Vaigai,East flowing rivers between Pennar and Kanyakumari,Suruliar,-,-,Suruliar,10.00111111,77.48500000,01-02-2017 08:30,0.76,"","",""
2543,THENI,CWC,33,Tamil Nadu,588,Theni,THENI,-,-,Duplicate-Vaigai,East flowing rivers between Pennar and Kanyakumari,Suruliar,-,-,Suruliar,10.00111111,77.48500000,01-03-2017 08:30,1.52,"","",""
2544,THENI,CWC,33,Tamil Nadu,588,Theni,THENI,-,-,Duplicate-Vaigai,East flowing rivers between Pennar and Kanyakumari,Suruliar,-,-,Suruliar,10.00111111,77.48500000,01-04-2017 08:30,1.74,"","",""
2545,THENI,CWC,33,Tamil Nadu,588,Theni,THENI,-,-,Duplicate-Vaigai,East flowing rivers between Pennar and Kanyakumari,Suruliar,-,-,Suruliar,10.00111111,77.48500000,01-05-2017 08:30,1.16,"","",""
2546,URACHIKOTTAI,CWC,33,Tamil Nadu,573,Erode,BHAVANI,-,-,Cauvery,Cauvery,-,-,-,Cauvery,11.47777778,77.70000000,02-07-2001 08:30,1.3,"","",""
2547,URACHIKOTTAI,CWC,33,Tamil Nadu,573,Erode,BHAVANI,-,-,Cauvery,Cauvery,-,-,-,Cauvery,11.47777778,77.70000000,01-08-2001 08:35,1.6,"","",""
2548,URACHIKOTTAI,CWC,33,Tamil Nadu,573,Erode,BHAVANI,-,-,Cauvery,Cauvery,-,-,-,Cauvery,11.47777778,77.70000000,01-09-2001 08:50,1.5,"","",""
2549,URACHIKOTTAI,CWC,33,Tamil Nadu,573,Erode,BHAVANI,-,-,Cauvery,Cauvery,-,-,-,Cauvery,11.47777778,77.70000000,01-10-2001 08:40,1.3,"","",""
2550,URACHIKOTTAI,CWC,33,Tamil Nadu,573,Erode,BHAVANI,-,-,Cauvery,Cauvery,-,-,-,Cauvery,11.47777778,77.70000000,01-11-2001 08:50,3.3,"","",""
2551,URACHIKOTTAI,CWC,33,Tamil Nadu,573,Erode,BHAVANI,-,-,Cauvery,Cauvery,-,-,-,Cauvery,11.47777778,77.70000000,01-12-2001 08:30,3,"","",""
2552,URACHIKOTTAI,CWC,33,Tamil Nadu,573,Erode,BHAVANI,-,-,Cauvery,Cauvery,-,-,-,Cauvery,11.47777778,77.70000000,01-01-2002 08:45,3,"","",""
2553,URACHIKOTTAI,CWC,33,Tamil Nadu,573,Erode,BHAVANI,-,-,Cauvery,Cauvery,-,-,-,Cauvery,11.47777778,77.70000000,01-02-2002 08:30,1.3,"","",""
2554,URACHIKOTTAI,CWC,33,Tamil Nadu,573,Erode,BHAVANI,-,-,Cauvery,Cauvery,-,-,-,Cauvery,11.47777778,77.70000000,01-03-2002 08:30,1.9,"","",""
2555,URACHIKOTTAI,CWC,33,Tamil Nadu,573,Erode,BHAVANI,-,-,Cauvery,Cauvery,-,-,-,Cauvery,11.47777778,77.70000000,01-05-2002 10:00,2.8,"","",""
2556,URACHIKOTTAI,CWC,33,Tamil Nadu,573,Erode,BHAVANI,-,-,Cauvery,Cauvery,-,-,-,Cauvery,11.47777778,77.70000000,01-08-2002 09:30,4,"","",""
2557,URACHIKOTTAI,CWC,33,Tamil Nadu,573,Erode,BHAVANI,-,-,Cauvery,Cauvery,-,-,-,Cauvery,11.47777778,77.70000000,02-09-2002 09:30,2.2,"","",""
2558,URACHIKOTTAI,CWC,33,Tamil Nadu,573,Erode,BHAVANI,-,-,Cauvery,Cauvery,-,-,-,Cauvery,11.47777778,77.70000000,01-10-2002 09:40,1.4,"","",""
2559,URACHIKOTTAI,CWC,33,Tamil Nadu,573,Erode,BHAVANI,-,-,Cauvery,Cauvery,-,-,-,Cauvery,11.47777778,77.70000000,01-11-2002 09:15,2.9,"","",""
2560,URACHIKOTTAI,CWC,33,Tamil Nadu,573,Erode,BHAVANI,-,-,Cauvery,Cauvery,-,-,-,Cauvery,11.47777778,77.70000000,02-12-2002 09:30,1.3,"","",""
2561,URACHIKOTTAI,CWC,33,Tamil Nadu,573,Erode,BHAVANI,-,-,Cauvery,Cauvery,-,-,-,Cauvery,11.47777778,77.70000000,01-02-2003 08:30,1.7,"","",""
2562,URACHIKOTTAI,CWC,33,Tamil Nadu,573,Erode,BHAVANI,-,-,Cauvery,Cauvery,-,-,-,Cauvery,11.47777778,77.70000000,01-08-2003 09:45,3.7,"","",""
2563,URACHIKOTTAI,CWC,33,Tamil Nadu,573,Erode,BHAVANI,-,-,Cauvery,Cauvery,-,-,-,Cauvery,11.47777778,77.70000000,01-09-2003 09:20,4.2,"","",""
2564,URACHIKOTTAI,CWC,33,Tamil Nadu,573,Erode,BHAVANI,-,-,Cauvery,Cauvery,-,-,-,Cauvery,11.47777778,77.70000000,01-10-2003 09:00,2.8,"","",""
2565,URACHIKOTTAI,CWC,33,Tamil Nadu,573,Erode,BHAVANI,-,-,Cauvery,Cauvery,-,-,-,Cauvery,11.47777778,77.70000000,01-11-2003 08:45,2.1,"","",""
2566,URACHIKOTTAI,CWC,33,Tamil Nadu,573,Erode,BHAVANI,-,-,Cauvery,Cauvery,-,-,-,Cauvery,11.47777778,77.70000000,01-01-2004 08:30,1.7,"","",""
2567,URACHIKOTTAI,CWC,33,Tamil Nadu,573,Erode,BHAVANI,-,-,Cauvery,Cauvery,-,-,-,Cauvery,11.47777778,77.70000000,01-07-2004 09:30,4.4,"","",""
2568,URACHIKOTTAI,CWC,33,Tamil Nadu,573,Erode,BHAVANI,-,-,Cauvery,Cauvery,-,-,-,Cauvery,11.47777778,77.70000000,02-08-2004 10:00,4.4,"","",""
2569,URACHIKOTTAI,CWC,33,Tamil Nadu,573,Erode,BHAVANI,-,-,Cauvery,Cauvery,-,-,-,Cauvery,11.47777778,77.70000000,01-09-2004 10:00,1.3,"","",""
2570,URACHIKOTTAI,CWC,33,Tamil Nadu,573,Erode,BHAVANI,-,-,Cauvery,Cauvery,-,-,-,Cauvery,11.47777778,77.70000000,01-12-2004 09:00,2.7,"","",""
2571,URACHIKOTTAI,CWC,33,Tamil Nadu,573,Erode,BHAVANI,-,-,Cauvery,Cauvery,-,-,-,Cauvery,11.47777778,77.70000000,01-01-2005 09:30,0.7,"","",""
2572,URACHIKOTTAI,CWC,33,Tamil Nadu,573,Erode,BHAVANI,-,-,Cauvery,Cauvery,-,-,-,Cauvery,11.47777778,77.70000000,01-04-2005 09:30,3.4,"","",""
2573,URACHIKOTTAI,CWC,33,Tamil Nadu,573,Erode,BHAVANI,-,-,Cauvery,Cauvery,-,-,-,Cauvery,11.47777778,77.70000000,01-08-2005 09:00,1.9,"","",""
2574,URACHIKOTTAI,CWC,33,Tamil Nadu,573,Erode,BHAVANI,-,-,Cauvery,Cauvery,-,-,-,Cauvery,11.47777778,77.70000000,01-09-2005 09:15,1.5,"","",""
2575,URACHIKOTTAI,CWC,33,Tamil Nadu,573,Erode,BHAVANI,-,-,Cauvery,Cauvery,-,-,-,Cauvery,11.47777778,77.70000000,01-10-2005 10:00,0.4,"","",""
2576,URACHIKOTTAI,CWC,33,Tamil Nadu,573,Erode,BHAVANI,-,-,Cauvery,Cauvery,-,-,-,Cauvery,11.47777778,77.70000000,02-11-2005 09:05,1.8,"","",""
2577,URACHIKOTTAI,CWC,33,Tamil Nadu,573,Erode,BHAVANI,-,-,Cauvery,Cauvery,-,-,-,Cauvery,11.47777778,77.70000000,01-12-2005 09:00,1.3,"","",""
2578,URACHIKOTTAI,CWC,33,Tamil Nadu,573,Erode,BHAVANI,-,-,Cauvery,Cauvery,-,-,-,Cauvery,11.47777778,77.70000000,02-01-2006 08:45,1.1,"","",""
2579,URACHIKOTTAI,CWC,33,Tamil Nadu,573,Erode,BHAVANI,-,-,Cauvery,Cauvery,-,-,-,Cauvery,11.47777778,77.70000000,01-04-2006 10:00,3.5,"","",""
2580,URACHIKOTTAI,CWC,33,Tamil Nadu,573,Erode,BHAVANI,-,-,Cauvery,Cauvery,-,-,-,Cauvery,11.47777778,77.70000000,02-05-2006 09:30,2.2,"","",""
2581,URACHIKOTTAI,CWC,33,Tamil Nadu,573,Erode,BHAVANI,-,-,Cauvery,Cauvery,-,-,-,Cauvery,11.47777778,77.70000000,01-07-2006 09:15,1.3,"","",""
2582,URACHIKOTTAI,CWC,33,Tamil Nadu,573,Erode,BHAVANI,-,-,Cauvery,Cauvery,-,-,-,Cauvery,11.47777778,77.70000000,01-08-2006 09:20,1.4,"","",""
2583,URACHIKOTTAI,CWC,33,Tamil Nadu,573,Erode,BHAVANI,-,-,Cauvery,Cauvery,-,-,-,Cauvery,11.47777778,77.70000000,01-09-2006 09:00,1.2,"","",""
2584,URACHIKOTTAI,CWC,33,Tamil Nadu,573,Erode,BHAVANI,-,-,Cauvery,Cauvery,-,-,-,Cauvery,11.47777778,77.70000000,03-10-2006 09:30,0.8,"","",""
2585,URACHIKOTTAI,CWC,33,Tamil Nadu,573,Erode,BHAVANI,-,-,Cauvery,Cauvery,-,-,-,Cauvery,11.47777778,77.70000000,01-12-2006 08:15,2,"","",""
2586,URACHIKOTTAI,CWC,33,Tamil Nadu,573,Erode,BHAVANI,-,-,Cauvery,Cauvery,-,-,-,Cauvery,11.47777778,77.70000000,02-01-2007 08:05,0.6,"","",""
2587,URACHIKOTTAI,CWC,33,Tamil Nadu,573,Erode,BHAVANI,-,-,Cauvery,Cauvery,-,-,-,Cauvery,11.47777778,77.70000000,01-03-2007 10:20,1,"","",""
2588,URACHIKOTTAI,CWC,33,Tamil Nadu,573,Erode,BHAVANI,-,-,Cauvery,Cauvery,-,-,-,Cauvery,11.47777778,77.70000000,02-04-2007 10:20,2.2,"","",""
2589,URACHIKOTTAI,CWC,33,Tamil Nadu,573,Erode,BHAVANI,-,-,Cauvery,Cauvery,-,-,-,Cauvery,11.47777778,77.70000000,01-05-2007 10:15,1.5,"","",""
2590,URACHIKOTTAI,CWC,33,Tamil Nadu,573,Erode,BHAVANI,-,-,Cauvery,Cauvery,-,-,-,Cauvery,11.47777778,77.70000000,01-08-2007 08:00,1.6,"","",""
2591,URACHIKOTTAI,CWC,33,Tamil Nadu,573,Erode,BHAVANI,-,-,Cauvery,Cauvery,-,-,-,Cauvery,11.47777778,77.70000000,01-09-2007 08:00,0.3,"","",""
2592,URACHIKOTTAI,CWC,33,Tamil Nadu,573,Erode,BHAVANI,-,-,Cauvery,Cauvery,-,-,-,Cauvery,11.47777778,77.70000000,03-10-2007 08:00,2.1,"","",""
2593,URACHIKOTTAI,CWC,33,Tamil Nadu,573,Erode,BHAVANI,-,-,Cauvery,Cauvery,-,-,-,Cauvery,11.47777778,77.70000000,01-11-2007 08:00,1.4,"","",""
2594,URACHIKOTTAI,CWC,33,Tamil Nadu,573,Erode,BHAVANI,-,-,Cauvery,Cauvery,-,-,-,Cauvery,11.47777778,77.70000000,01-12-2007 08:00,0.4,"","",""
2595,URACHIKOTTAI,CWC,33,Tamil Nadu,573,Erode,BHAVANI,-,-,Cauvery,Cauvery,-,-,-,Cauvery,11.47777778,77.70000000,01-01-2008 08:00,1.6,"","",""
2596,URACHIKOTTAI,CWC,33,Tamil Nadu,573,Erode,BHAVANI,-,-,Cauvery,Cauvery,-,-,-,Cauvery,11.47777778,77.70000000,01-07-2008 08:00,2,"","",""
2597,URACHIKOTTAI,CWC,33,Tamil Nadu,573,Erode,BHAVANI,-,-,Cauvery,Cauvery,-,-,-,Cauvery,11.47777778,77.70000000,01-08-2008 08:00,1.3,"","",""
2598,URACHIKOTTAI,CWC,33,Tamil Nadu,573,Erode,BHAVANI,-,-,Cauvery,Cauvery,-,-,-,Cauvery,11.47777778,77.70000000,01-09-2008 08:00,0.6,"","",""
2599,URACHIKOTTAI,CWC,33,Tamil Nadu,573,Erode,BHAVANI,-,-,Cauvery,Cauvery,-,-,-,Cauvery,11.47777778,77.70000000,03-10-2008 08:00,1.1,"","",""
2600,URACHIKOTTAI,CWC,33,Tamil Nadu,573,Erode,BHAVANI,-,-,Cauvery,Cauvery,-,-,-,Cauvery,11.47777778,77.70000000,01-11-2008 08:00,1.4,"","",""
2601,URACHIKOTTAI,CWC,33,Tamil Nadu,573,Erode,BHAVANI,-,-,Cauvery,Cauvery,-,-,-,Cauvery,11.47777778,77.70000000,01-01-2009 08:00,1.1,"","",""
2602,URACHIKOTTAI,CWC,33,Tamil Nadu,573,Erode,BHAVANI,-,-,Cauvery,Cauvery,-,-,-,Cauvery,11.47777778,77.70000000,01-04-2009 08:00,3.9,"","",""
2603,URACHIKOTTAI,CWC,33,Tamil Nadu,573,Erode,BHAVANI,-,-,Cauvery,Cauvery,-,-,-,Cauvery,11.47777778,77.70000000,01-09-2009 09:00,1.1,"","",""
2604,URACHIKOTTAI,CWC,33,Tamil Nadu,573,Erode,BHAVANI,-,-,Cauvery,Cauvery,-,-,-,Cauvery,11.47777778,77.70000000,03-11-2009 10:10,1.4,"","",""
2605,URACHIKOTTAI,CWC,33,Tamil Nadu,573,Erode,BHAVANI,-,-,Cauvery,Cauvery,-,-,-,Cauvery,11.47777778,77.70000000,01-12-2009 09:00,0.5,"","",""
2606,URACHIKOTTAI,CWC,33,Tamil Nadu,573,Erode,BHAVANI,-,-,Cauvery,Cauvery,-,-,-,Cauvery,11.47777778,77.70000000,01-01-2010 09:00,0.8,"","",""
2607,URACHIKOTTAI,CWC,33,Tamil Nadu,573,Erode,BHAVANI,-,-,Cauvery,Cauvery,-,-,-,Cauvery,11.47777778,77.70000000,01-03-2010 09:30,1.8,"","",""
2608,URACHIKOTTAI,CWC,33,Tamil Nadu,573,Erode,BHAVANI,-,-,Cauvery,Cauvery,-,-,-,Cauvery,11.47777778,77.70000000,01-05-2010 10:00,2,"","",""
2609,URACHIKOTTAI,CWC,33,Tamil Nadu,573,Erode,BHAVANI,-,-,Cauvery,Cauvery,-,-,-,Cauvery,11.47777778,77.70000000,01-07-2010 08:00,2.6,"","",""
2610,URACHIKOTTAI,CWC,33,Tamil Nadu,573,Erode,BHAVANI,-,-,Cauvery,Cauvery,-,-,-,Cauvery,11.47777778,77.70000000,02-08-2010 09:15,1.2,"","",""
2611,URACHIKOTTAI,CWC,33,Tamil Nadu,573,Erode,BHAVANI,-,-,Cauvery,Cauvery,-,-,-,Cauvery,11.47777778,77.70000000,01-09-2010 09:10,1.4,"","",""
2612,URACHIKOTTAI,CWC,33,Tamil Nadu,573,Erode,BHAVANI,-,-,Cauvery,Cauvery,-,-,-,Cauvery,11.47777778,77.70000000,01-10-2010 08:50,1.6,"","",""
2613,URACHIKOTTAI,CWC,33,Tamil Nadu,573,Erode,BHAVANI,-,-,Cauvery,Cauvery,-,-,-,Cauvery,11.47777778,77.70000000,01-11-2010 09:05,1.2,"","",""
2614,URACHIKOTTAI,CWC,33,Tamil Nadu,573,Erode,BHAVANI,-,-,Cauvery,Cauvery,-,-,-,Cauvery,11.47777778,77.70000000,01-01-2011 09:00,1,"","",""
2615,URACHIKOTTAI,CWC,33,Tamil Nadu,573,Erode,BHAVANI,-,-,Cauvery,Cauvery,-,-,-,Cauvery,11.47777778,77.70000000,01-03-2011 09:45,2.1,"","",""
2616,URACHIKOTTAI,CWC,33,Tamil Nadu,573,Erode,BHAVANI,-,-,Cauvery,Cauvery,-,-,-,Cauvery,11.47777778,77.70000000,01-07-2011 09:00,2.8,"","",""
2617,URACHIKOTTAI,CWC,33,Tamil Nadu,573,Erode,BHAVANI,-,-,Cauvery,Cauvery,-,-,-,Cauvery,11.47777778,77.70000000,01-08-2011 09:20,2.4,"","",""
2618,URACHIKOTTAI,CWC,33,Tamil Nadu,573,Erode,BHAVANI,-,-,Cauvery,Cauvery,-,-,-,Cauvery,11.47777778,77.70000000,02-09-2011 09:30,0.8,"","",""
2619,URACHIKOTTAI,CWC,33,Tamil Nadu,573,Erode,BHAVANI,-,-,Cauvery,Cauvery,-,-,-,Cauvery,11.47777778,77.70000000,01-10-2011 09:25,4,"","",""
2620,URACHIKOTTAI,CWC,33,Tamil Nadu,573,Erode,BHAVANI,-,-,Cauvery,Cauvery,-,-,-,Cauvery,11.47777778,77.70000000,02-01-2012 08:30,0.6,"","",""
2621,URACHIKOTTAI,CWC,33,Tamil Nadu,573,Erode,BHAVANI,-,-,Cauvery,Cauvery,-,-,-,Cauvery,11.47777778,77.70000000,01-02-2012 08:00,1.9,"","",""
2622,URACHIKOTTAI,CWC,33,Tamil Nadu,573,Erode,BHAVANI,-,-,Cauvery,Cauvery,-,-,-,Cauvery,11.47777778,77.70000000,01-03-2012 10:15,1.6,"","",""
2623,URACHIKOTTAI,CWC,33,Tamil Nadu,573,Erode,BHAVANI,-,-,Cauvery,Cauvery,-,-,-,Cauvery,11.47777778,77.70000000,02-04-2012 10:20,2.2,"","",""
2624,URACHIKOTTAI,CWC,33,Tamil Nadu,573,Erode,BHAVANI,-,-,Cauvery,Cauvery,-,-,-,Cauvery,11.47777778,77.70000000,01-05-2012 10:20,2.2,"","",""
2625,URACHIKOTTAI,CWC,33,Tamil Nadu,573,Erode,BHAVANI,-,-,Cauvery,Cauvery,-,-,-,Cauvery,11.47777778,77.70000000,01-06-2012 09:40,3.8,"","",""
2626,URACHIKOTTAI,CWC,33,Tamil Nadu,573,Erode,BHAVANI,-,-,Cauvery,Cauvery,-,-,-,Cauvery,11.47777778,77.70000000,02-07-2012 09:35,1.2,"","",""
2627,URACHIKOTTAI,CWC,33,Tamil Nadu,573,Erode,BHAVANI,-,-,Cauvery,Cauvery,-,-,-,Cauvery,11.47777778,77.70000000,01-08-2012 09:30,3,"","",""
2628,URACHIKOTTAI,CWC,33,Tamil Nadu,573,Erode,BHAVANI,-,-,Cauvery,Cauvery,-,-,-,Cauvery,11.47777778,77.70000000,01-09-2012 09:25,0.8,"","",""
2629,URACHIKOTTAI,CWC,33,Tamil Nadu,573,Erode,BHAVANI,-,-,Cauvery,Cauvery,-,-,-,Cauvery,11.47777778,77.70000000,01-10-2012 08:30,1.8,"","",""
2630,URACHIKOTTAI,CWC,33,Tamil Nadu,573,Erode,BHAVANI,-,-,Cauvery,Cauvery,-,-,-,Cauvery,11.47777778,77.70000000,05-11-2012 09:30,3.6,"","",""
2631,URACHIKOTTAI,CWC,33,Tamil Nadu,573,Erode,BHAVANI,-,-,Cauvery,Cauvery,-,-,-,Cauvery,11.47777778,77.70000000,01-12-2012 09:30,1,"","",""
2632,URACHIKOTTAI,CWC,33,Tamil Nadu,573,Erode,BHAVANI,-,-,Cauvery,Cauvery,-,-,-,Cauvery,11.47777778,77.70000000,01-03-2013 09:00,3,"","",""
2633,URACHIKOTTAI,CWC,33,Tamil Nadu,573,Erode,BHAVANI,-,-,Cauvery,Cauvery,-,-,-,Cauvery,11.47777778,77.70000000,11-07-2013 09:20,1.6,"","",""
2634,URACHIKOTTAI,CWC,33,Tamil Nadu,573,Erode,BHAVANI,-,-,Cauvery,Cauvery,-,-,-,Cauvery,11.47777778,77.70000000,01-08-2013 09:15,1.2,"","",""
2635,URACHIKOTTAI,CWC,33,Tamil Nadu,573,Erode,BHAVANI,-,-,Cauvery,Cauvery,-,-,-,Cauvery,11.47777778,77.70000000,02-09-2013 09:00,1.2,"","",""
2636,URACHIKOTTAI,CWC,33,Tamil Nadu,573,Erode,BHAVANI,-,-,Cauvery,Cauvery,-,-,-,Cauvery,11.47777778,77.70000000,01-10-2013 09:00,0.9,"","",""
2637,URACHIKOTTAI,CWC,33,Tamil Nadu,573,Erode,BHAVANI,-,-,Cauvery,Cauvery,-,-,-,Cauvery,11.47777778,77.70000000,01-11-2013 09:00,1.2,"","",""
2638,URACHIKOTTAI,CWC,33,Tamil Nadu,573,Erode,BHAVANI,-,-,Cauvery,Cauvery,-,-,-,Cauvery,11.47777778,77.70000000,02-12-2013 09:20,2.4,"","",""
2639,URACHIKOTTAI,CWC,33,Tamil Nadu,573,Erode,BHAVANI,-,-,Cauvery,Cauvery,-,-,-,Cauvery,11.47777778,77.70000000,01-01-2014 09:30,2.3,"","",""
2640,URACHIKOTTAI,CWC,33,Tamil Nadu,573,Erode,BHAVANI,-,-,Cauvery,Cauvery,-,-,-,Cauvery,11.47777778,77.70000000,01-03-2014 09:30,7.3,"","",""
2641,URACHIKOTTAI,CWC,33,Tamil Nadu,573,Erode,BHAVANI,-,-,Cauvery,Cauvery,-,-,-,Cauvery,11.47777778,77.70000000,01-04-2014 09:30,3.4,"","",""
2642,URACHIKOTTAI,CWC,33,Tamil Nadu,573,Erode,BHAVANI,-,-,Cauvery,Cauvery,-,-,-,Cauvery,11.47777778,77.70000000,01-05-2014 10:00,3.4,"","",""
2643,URACHIKOTTAI,CWC,33,Tamil Nadu,573,Erode,BHAVANI,-,-,Cauvery,Cauvery,-,-,-,Cauvery,11.47777778,77.70000000,01-08-2014 08:00,3,"","",""
2644,URACHIKOTTAI,CWC,33,Tamil Nadu,573,Erode,BHAVANI,-,-,Cauvery,Cauvery,-,-,-,Cauvery,11.47777778,77.70000000,01-09-2014 08:00,2.5,"","",""
2645,URACHIKOTTAI,CWC,33,Tamil Nadu,573,Erode,BHAVANI,-,-,Cauvery,Cauvery,-,-,-,Cauvery,11.47777778,77.70000000,01-10-2014 09:00,0.8,"","",""
2646,URACHIKOTTAI,CWC,33,Tamil Nadu,573,Erode,BHAVANI,-,-,Cauvery,Cauvery,-,-,-,Cauvery,11.47777778,77.70000000,01-11-2014 09:30,2.48,"","",""
2647,URACHIKOTTAI,CWC,33,Tamil Nadu,573,Erode,BHAVANI,-,-,Cauvery,Cauvery,-,-,-,Cauvery,11.47777778,77.70000000,11-12-2014 08:00,2.53,"","",""
2648,URACHIKOTTAI,CWC,33,Tamil Nadu,573,Erode,BHAVANI,-,-,Cauvery,Cauvery,-,-,-,Cauvery,11.47777778,77.70000000,01-01-2015 08:30,1.25,"","",""
2649,URACHIKOTTAI,CWC,33,Tamil Nadu,573,Erode,BHAVANI,-,-,Cauvery,Cauvery,-,-,-,Cauvery,11.47777778,77.70000000,02-02-2015 08:00,1.4,"","",""
2650,URACHIKOTTAI,CWC,33,Tamil Nadu,573,Erode,BHAVANI,-,-,Cauvery,Cauvery,-,-,-,Cauvery,11.47777778,77.70000000,01-04-2015 08:00,3.15,"","",""
2651,URACHIKOTTAI,CWC,33,Tamil Nadu,573,Erode,BHAVANI,-,-,Cauvery,Cauvery,-,-,-,Cauvery,11.47777778,77.70000000,01-05-2015 08:00,5.52,"","",""
2652,URACHIKOTTAI,CWC,33,Tamil Nadu,573,Erode,BHAVANI,-,-,Cauvery,Cauvery,-,-,-,Cauvery,11.47777778,77.70000000,01-06-2015 09:30,4.37,"","",""
2653,URACHIKOTTAI,CWC,33,Tamil Nadu,573,Erode,BHAVANI,-,-,Cauvery,Cauvery,-,-,-,Cauvery,11.47777778,77.70000000,04-07-2015 09:45,4.51,"","",""
2654,URACHIKOTTAI,CWC,33,Tamil Nadu,573,Erode,BHAVANI,-,-,Cauvery,Cauvery,-,-,-,Cauvery,11.47777778,77.70000000,01-08-2015 08:00,2.53,"","",""
2655,URACHIKOTTAI,CWC,33,Tamil Nadu,573,Erode,BHAVANI,-,-,Cauvery,Cauvery,-,-,-,Cauvery,11.47777778,77.70000000,01-09-2015 08:00,2.23,"","",""
2656,URACHIKOTTAI,CWC,33,Tamil Nadu,573,Erode,BHAVANI,-,-,Cauvery,Cauvery,-,-,-,Cauvery,11.47777778,77.70000000,01-10-2015 09:15,3.5,"","",""
2657,URACHIKOTTAI,CWC,33,Tamil Nadu,573,Erode,BHAVANI,-,-,Cauvery,Cauvery,-,-,-,Cauvery,11.47777778,77.70000000,02-11-2015 09:45,2.68,"","",""
2658,URACHIKOTTAI,CWC,33,Tamil Nadu,573,Erode,BHAVANI,-,-,Cauvery,Cauvery,-,-,-,Cauvery,11.47777778,77.70000000,01-01-2016 09:30,5.11,"","",""
2659,URACHIKOTTAI,CWC,33,Tamil Nadu,573,Erode,BHAVANI,-,-,Cauvery,Cauvery,-,-,-,Cauvery,11.47777778,77.70000000,01-02-2016 08:30,3.21,"","",""
2660,URACHIKOTTAI,CWC,33,Tamil Nadu,573,Erode,BHAVANI,-,-,Cauvery,Cauvery,-,-,-,Cauvery,11.47777778,77.70000000,09-03-2016 09:30,5.61,"","",""
2661,URACHIKOTTAI,CWC,33,Tamil Nadu,573,Erode,BHAVANI,-,-,Cauvery,Cauvery,-,-,-,Cauvery,11.47777778,77.70000000,01-04-2016 10:00,5.28,"","",""
2662,URACHIKOTTAI,CWC,33,Tamil Nadu,573,Erode,BHAVANI,-,-,Cauvery,Cauvery,-,-,-,Cauvery,11.47777778,77.70000000,02-05-2016 10:00,5.09,"","",""
2663,URACHIKOTTAI,CWC,33,Tamil Nadu,573,Erode,BHAVANI,-,-,Cauvery,Cauvery,-,-,-,Cauvery,11.47777778,77.70000000,01-06-2016 10:00,3.04,"","",""
2664,URACHIKOTTAI,CWC,33,Tamil Nadu,573,Erode,BHAVANI,-,-,Cauvery,Cauvery,-,-,-,Cauvery,11.47777778,77.70000000,06-07-2016 09:30,2.85,"","",""
2665,URACHIKOTTAI,CWC,33,Tamil Nadu,573,Erode,BHAVANI,-,-,Cauvery,Cauvery,-,-,-,Cauvery,11.47777778,77.70000000,01-08-2016 09:30,4.57,"","",""
2666,URACHIKOTTAI,CWC,33,Tamil Nadu,573,Erode,BHAVANI,-,-,Cauvery,Cauvery,-,-,-,Cauvery,11.47777778,77.70000000,01-09-2016 11:30,6.38,"","",""
2667,URACHIKOTTAI,CWC,33,Tamil Nadu,573,Erode,BHAVANI,-,-,Cauvery,Cauvery,-,-,-,Cauvery,11.47777778,77.70000000,01-10-2016 09:00,0.96,"","",""
2668,URACHIKOTTAI,CWC,33,Tamil Nadu,573,Erode,BHAVANI,-,-,Cauvery,Cauvery,-,-,-,Cauvery,11.47777778,77.70000000,01-11-2016 09:00,5.13,"","",""
2669,Vaigai Reservoir,CWC,33,Tamil Nadu,588,Theni,ANDIPATTI,-,-,Duplicate-Vaigai,East flowing rivers between Pennar and Kanyakumari,-,-,-,Vaigai,10.05333333,77.58916667,01-06-2007 08:00,0.1,"","",""
2670,Vaigai Reservoir,CWC,33,Tamil Nadu,588,Theni,ANDIPATTI,-,-,Duplicate-Vaigai,East flowing rivers between Pennar and Kanyakumari,-,-,-,Vaigai,10.05333333,77.58916667,01-08-2007 08:00,1,"","",""
2671,Vaigai Reservoir,CWC,33,Tamil Nadu,588,Theni,ANDIPATTI,-,-,Duplicate-Vaigai,East flowing rivers between Pennar and Kanyakumari,-,-,-,Vaigai,10.05333333,77.58916667,01-10-2007 08:00,0.4,"",1600,1600
2672,Vaigai Reservoir,CWC,33,Tamil Nadu,588,Theni,ANDIPATTI,-,-,Duplicate-Vaigai,East flowing rivers between Pennar and Kanyakumari,-,-,-,Vaigai,10.05333333,77.58916667,01-12-2007 08:00,0.6,"",1600,1600
2673,Vaigai Reservoir,CWC,33,Tamil Nadu,588,Theni,ANDIPATTI,-,-,Duplicate-Vaigai,East flowing rivers between Pennar and Kanyakumari,-,-,-,Vaigai,10.05333333,77.58916667,01-02-2008 08:00,1.2,"",1600,1600
2674,Vaigai Reservoir,CWC,33,Tamil Nadu,588,Theni,ANDIPATTI,-,-,Duplicate-Vaigai,East flowing rivers between Pennar and Kanyakumari,-,-,-,Vaigai,10.05333333,77.58916667,01-04-2008 08:00,1,"",1600,1600
2675,Vaigai Reservoir,CWC,33,Tamil Nadu,588,Theni,ANDIPATTI,-,-,Duplicate-Vaigai,East flowing rivers between Pennar and Kanyakumari,-,-,-,Vaigai,10.05333333,77.58916667,01-08-2008 08:00,1.2,"","",""
2676,Vaigai Reservoir,CWC,33,Tamil Nadu,588,Theni,ANDIPATTI,-,-,Duplicate-Vaigai,East flowing rivers between Pennar and Kanyakumari,-,-,-,Vaigai,10.05333333,77.58916667,03-10-2008 08:00,0.4,"","",""
2677,Vaigai Reservoir,CWC,33,Tamil Nadu,588,Theni,ANDIPATTI,-,-,Duplicate-Vaigai,East flowing rivers between Pennar and Kanyakumari,-,-,-,Vaigai,10.05333333,77.58916667,01-12-2008 08:00,0.4,"",500,1600
2678,Vaigai Reservoir,CWC,33,Tamil Nadu,588,Theni,ANDIPATTI,-,-,Duplicate-Vaigai,East flowing rivers between Pennar and Kanyakumari,-,-,-,Vaigai,10.05333333,77.58916667,01-08-2009 08:30,0.2,"","",""
2679,Vaigai Reservoir,CWC,33,Tamil Nadu,588,Theni,ANDIPATTI,-,-,Duplicate-Vaigai,East flowing rivers between Pennar and Kanyakumari,-,-,-,Vaigai,10.05333333,77.58916667,01-10-2009 08:30,1,"","",""
2680,Vaigai Reservoir,CWC,33,Tamil Nadu,588,Theni,ANDIPATTI,-,-,Duplicate-Vaigai,East flowing rivers between Pennar and Kanyakumari,-,-,-,Vaigai,10.05333333,77.58916667,01-12-2009 08:30,0.79,"","",""
2681,Vaigai Reservoir,CWC,33,Tamil Nadu,588,Theni,ANDIPATTI,-,-,Duplicate-Vaigai,East flowing rivers between Pennar and Kanyakumari,-,-,-,Vaigai,10.05333333,77.58916667,01-02-2010 08:15,1.6,"",1600,1600
2682,Vaigai Reservoir,CWC,33,Tamil Nadu,588,Theni,ANDIPATTI,-,-,Duplicate-Vaigai,East flowing rivers between Pennar and Kanyakumari,-,-,-,Vaigai,10.05333333,77.58916667,02-08-2010 08:30,0.4,"","",""
2683,Vaigai Reservoir,CWC,33,Tamil Nadu,588,Theni,ANDIPATTI,-,-,Duplicate-Vaigai,East flowing rivers between Pennar and Kanyakumari,-,-,-,Vaigai,10.05333333,77.58916667,01-10-2010 08:30,1.39,"","",""
2684,Vaigai Reservoir,CWC,33,Tamil Nadu,588,Theni,ANDIPATTI,-,-,Duplicate-Vaigai,East flowing rivers between Pennar and Kanyakumari,-,-,-,Vaigai,10.05333333,77.58916667,01-12-2010 08:00,1.5,"","",""
2685,Vaigai Reservoir,CWC,33,Tamil Nadu,588,Theni,ANDIPATTI,-,-,Duplicate-Vaigai,East flowing rivers between Pennar and Kanyakumari,-,-,-,Vaigai,10.05333333,77.58916667,01-02-2011 08:00,0.2,"",500,900
2686,Vaigai Reservoir,CWC,33,Tamil Nadu,588,Theni,ANDIPATTI,-,-,Duplicate-Vaigai,East flowing rivers between Pennar and Kanyakumari,-,-,-,Vaigai,10.05333333,77.58916667,03-06-2011 08:00,0.8,"","",""
2687,Vaigai Reservoir,CWC,33,Tamil Nadu,588,Theni,ANDIPATTI,-,-,Duplicate-Vaigai,East flowing rivers between Pennar and Kanyakumari,-,-,-,Vaigai,10.05333333,77.58916667,01-08-2011 08:00,0.6,"","",""
2688,Vaigai Reservoir,CWC,33,Tamil Nadu,588,Theni,ANDIPATTI,-,-,Duplicate-Vaigai,East flowing rivers between Pennar and Kanyakumari,-,-,-,Vaigai,10.05333333,77.58916667,01-10-2011 08:00,0.4,"","",""
2689,Vaigai Reservoir,CWC,33,Tamil Nadu,588,Theni,ANDIPATTI,-,-,Duplicate-Vaigai,East flowing rivers between Pennar and Kanyakumari,-,-,-,Vaigai,10.05333333,77.58916667,01-12-2011 08:00,1.2,"","",""
2690,Vaigai Reservoir,CWC,33,Tamil Nadu,588,Theni,ANDIPATTI,-,-,Duplicate-Vaigai,East flowing rivers between Pennar and Kanyakumari,-,-,-,Vaigai,10.05333333,77.58916667,01-02-2012 08:00,0.6,"",1600,1600
2691,Vaigai Reservoir,CWC,33,Tamil Nadu,588,Theni,ANDIPATTI,-,-,Duplicate-Vaigai,East flowing rivers between Pennar and Kanyakumari,-,-,-,Vaigai,10.05333333,77.58916667,01-08-2012 08:00,0.8,"",1600,1600
2692,Vaigai Reservoir,CWC,33,Tamil Nadu,588,Theni,ANDIPATTI,-,-,Duplicate-Vaigai,East flowing rivers between Pennar and Kanyakumari,-,-,-,Vaigai,10.05333333,77.58916667,01-10-2012 08:00,0.42,"",900,1600
2693,Vaigai Reservoir,CWC,33,Tamil Nadu,588,Theni,ANDIPATTI,-,-,Duplicate-Vaigai,East flowing rivers between Pennar and Kanyakumari,-,-,-,Vaigai,10.05333333,77.58916667,01-04-2013 08:00,2.4,"",1600,1600
2694,Vazhavachanur,CWC,33,Tamil Nadu,593,Tiruvannamalai,CHENGAM,-,-,Duplicate-Ponnaiyar,East flowing rivers between Pennar and Kanyakumari,-,-,-,Ponnaiyar,12.06583333,78.97805556,01-11-2002 08:00,1.3,"","",""
2695,Vazhavachanur,CWC,33,Tamil Nadu,593,Tiruvannamalai,CHENGAM,-,-,Duplicate-Ponnaiyar,East flowing rivers between Pennar and Kanyakumari,-,-,-,Ponnaiyar,12.06583333,78.97805556,01-11-2003 08:00,0.5,"","",""
2696,Vazhavachanur,CWC,33,Tamil Nadu,593,Tiruvannamalai,CHENGAM,-,-,Duplicate-Ponnaiyar,East flowing rivers between Pennar and Kanyakumari,-,-,-,Ponnaiyar,12.06583333,78.97805556,01-12-2003 08:00,0.5,"","",""
2697,Vazhavachanur,CWC,33,Tamil Nadu,593,Tiruvannamalai,CHENGAM,-,-,Duplicate-Ponnaiyar,East flowing rivers between Pennar and Kanyakumari,-,-,-,Ponnaiyar,12.06583333,78.97805556,01-10-2004 08:00,0.9,"","",""
2698,Vazhavachanur,CWC,33,Tamil Nadu,593,Tiruvannamalai,CHENGAM,-,-,Duplicate-Ponnaiyar,East flowing rivers between Pennar and Kanyakumari,-,-,-,Ponnaiyar,12.06583333,78.97805556,01-11-2004 08:00,0.7,"","",""
2699,Vazhavachanur,CWC,33,Tamil Nadu,593,Tiruvannamalai,CHENGAM,-,-,Duplicate-Ponnaiyar,East flowing rivers between Pennar and Kanyakumari,-,-,-,Ponnaiyar,12.06583333,78.97805556,01-12-2004 08:00,0.5,"","",""
2700,Vazhavachanur,CWC,33,Tamil Nadu,593,Tiruvannamalai,CHENGAM,-,-,Duplicate-Ponnaiyar,East flowing rivers between Pennar and Kanyakumari,-,-,-,Ponnaiyar,12.06583333,78.97805556,01-01-2005 08:00,1.4,"","",""
2701,Vazhavachanur,CWC,33,Tamil Nadu,593,Tiruvannamalai,CHENGAM,-,-,Duplicate-Ponnaiyar,East flowing rivers between Pennar and Kanyakumari,-,-,-,Ponnaiyar,12.06583333,78.97805556,01-02-2005 08:00,1.7,"","",""
2702,Vazhavachanur,CWC,33,Tamil Nadu,593,Tiruvannamalai,CHENGAM,-,-,Duplicate-Ponnaiyar,East flowing rivers between Pennar and Kanyakumari,-,-,-,Ponnaiyar,12.06583333,78.97805556,01-03-2005 08:00,0.3,"","",""
2703,Vazhavachanur,CWC,33,Tamil Nadu,593,Tiruvannamalai,CHENGAM,-,-,Duplicate-Ponnaiyar,East flowing rivers between Pennar and Kanyakumari,-,-,-,Ponnaiyar,12.06583333,78.97805556,01-04-2005 08:00,0.8,"","",""
2704,Vazhavachanur,CWC,33,Tamil Nadu,593,Tiruvannamalai,CHENGAM,-,-,Duplicate-Ponnaiyar,East flowing rivers between Pennar and Kanyakumari,-,-,-,Ponnaiyar,12.06583333,78.97805556,01-05-2005 08:00,1.8,"","",""
2705,Vazhavachanur,CWC,33,Tamil Nadu,593,Tiruvannamalai,CHENGAM,-,-,Duplicate-Ponnaiyar,East flowing rivers between Pennar and Kanyakumari,-,-,-,Ponnaiyar,12.06583333,78.97805556,01-12-2008 08:30,0.85,"","",""
2706,Vazhavachanur,CWC,33,Tamil Nadu,593,Tiruvannamalai,CHENGAM,-,-,Duplicate-Ponnaiyar,East flowing rivers between Pennar and Kanyakumari,-,-,-,Ponnaiyar,12.06583333,78.97805556,01-01-2009 08:00,0.6,"","",""
2707,Vazhavachanur,CWC,33,Tamil Nadu,593,Tiruvannamalai,CHENGAM,-,-,Duplicate-Ponnaiyar,East flowing rivers between Pennar and Kanyakumari,-,-,-,Ponnaiyar,12.06583333,78.97805556,02-02-2009 08:00,1.63,"","",""
2708,Vazhavachanur,CWC,33,Tamil Nadu,593,Tiruvannamalai,CHENGAM,-,-,Duplicate-Ponnaiyar,East flowing rivers between Pennar and Kanyakumari,-,-,-,Ponnaiyar,12.06583333,78.97805556,02-03-2009 09:00,2.09,"","",""
2709,Vazhavachanur,CWC,33,Tamil Nadu,593,Tiruvannamalai,CHENGAM,-,-,Duplicate-Ponnaiyar,East flowing rivers between Pennar and Kanyakumari,-,-,-,Ponnaiyar,12.06583333,78.97805556,01-04-2009 08:30,3.161,"","",""
2710,Vazhavachanur,CWC,33,Tamil Nadu,593,Tiruvannamalai,CHENGAM,-,-,Duplicate-Ponnaiyar,East flowing rivers between Pennar and Kanyakumari,-,-,-,Ponnaiyar,12.06583333,78.97805556,01-05-2009 08:30,3.366,"","",""
2711,Vazhavachanur,CWC,33,Tamil Nadu,593,Tiruvannamalai,CHENGAM,-,-,Duplicate-Ponnaiyar,East flowing rivers between Pennar and Kanyakumari,-,-,-,Ponnaiyar,12.06583333,78.97805556,03-06-2009 09:00,3.329,"","",""
2712,Vazhavachanur,CWC,33,Tamil Nadu,593,Tiruvannamalai,CHENGAM,-,-,Duplicate-Ponnaiyar,East flowing rivers between Pennar and Kanyakumari,-,-,-,Ponnaiyar,12.06583333,78.97805556,22-09-2009 08:00,0.649,"","",""
2713,Vazhavachanur,CWC,33,Tamil Nadu,593,Tiruvannamalai,CHENGAM,-,-,Duplicate-Ponnaiyar,East flowing rivers between Pennar and Kanyakumari,-,-,-,Ponnaiyar,12.06583333,78.97805556,01-10-2009 08:00,0.378,"","",""
2714,Vazhavachanur,CWC,33,Tamil Nadu,593,Tiruvannamalai,CHENGAM,-,-,Duplicate-Ponnaiyar,East flowing rivers between Pennar and Kanyakumari,-,-,-,Ponnaiyar,12.06583333,78.97805556,06-11-2009 08:30,2.555,"","",""
2715,Vazhavachanur,CWC,33,Tamil Nadu,593,Tiruvannamalai,CHENGAM,-,-,Duplicate-Ponnaiyar,East flowing rivers between Pennar and Kanyakumari,-,-,-,Ponnaiyar,12.06583333,78.97805556,01-12-2009 09:00,1.482,"","",""
2716,Vazhavachanur,CWC,33,Tamil Nadu,593,Tiruvannamalai,CHENGAM,-,-,Duplicate-Ponnaiyar,East flowing rivers between Pennar and Kanyakumari,-,-,-,Ponnaiyar,12.06583333,78.97805556,01-01-2010 08:00,1.112,"","",""
2717,Vazhavachanur,CWC,33,Tamil Nadu,593,Tiruvannamalai,CHENGAM,-,-,Duplicate-Ponnaiyar,East flowing rivers between Pennar and Kanyakumari,-,-,-,Ponnaiyar,12.06583333,78.97805556,01-02-2010 08:00,0.556,"","",""
2718,Vazhavachanur,CWC,33,Tamil Nadu,593,Tiruvannamalai,CHENGAM,-,-,Duplicate-Ponnaiyar,East flowing rivers between Pennar and Kanyakumari,-,-,-,Ponnaiyar,12.06583333,78.97805556,01-03-2010 08:00,0.926,"","",""
2719,Vazhavachanur,CWC,33,Tamil Nadu,593,Tiruvannamalai,CHENGAM,-,-,Duplicate-Ponnaiyar,East flowing rivers between Pennar and Kanyakumari,-,-,-,Ponnaiyar,12.06583333,78.97805556,01-04-2010 09:00,1.482,"","",""
2720,Vazhavachanur,CWC,33,Tamil Nadu,593,Tiruvannamalai,CHENGAM,-,-,Duplicate-Ponnaiyar,East flowing rivers between Pennar and Kanyakumari,-,-,-,Ponnaiyar,12.06583333,78.97805556,01-05-2010 08:00,1.044,"","",""
2721,Vazhavachanur,CWC,33,Tamil Nadu,593,Tiruvannamalai,CHENGAM,-,-,Duplicate-Ponnaiyar,East flowing rivers between Pennar and Kanyakumari,-,-,-,Ponnaiyar,12.06583333,78.97805556,21-06-2010 09:00,0.881,"","",""
2722,Vazhavachanur,CWC,33,Tamil Nadu,593,Tiruvannamalai,CHENGAM,-,-,Duplicate-Ponnaiyar,East flowing rivers between Pennar and Kanyakumari,-,-,-,Ponnaiyar,12.06583333,78.97805556,01-07-2010 08:30,0.387,"","",""
2723,Vazhavachanur,CWC,33,Tamil Nadu,593,Tiruvannamalai,CHENGAM,-,-,Duplicate-Ponnaiyar,East flowing rivers between Pennar and Kanyakumari,-,-,-,Ponnaiyar,12.06583333,78.97805556,02-08-2010 08:30,0.29,"","",""
2724,Vazhavachanur,CWC,33,Tamil Nadu,593,Tiruvannamalai,CHENGAM,-,-,Duplicate-Ponnaiyar,East flowing rivers between Pennar and Kanyakumari,-,-,-,Ponnaiyar,12.06583333,78.97805556,01-09-2010 08:30,0.556,"","",""
2725,Vazhavachanur,CWC,33,Tamil Nadu,593,Tiruvannamalai,CHENGAM,-,-,Duplicate-Ponnaiyar,East flowing rivers between Pennar and Kanyakumari,-,-,-,Ponnaiyar,12.06583333,78.97805556,04-10-2010 08:30,0.37,"","",""
2726,Vazhavachanur,CWC,33,Tamil Nadu,593,Tiruvannamalai,CHENGAM,-,-,Duplicate-Ponnaiyar,East flowing rivers between Pennar and Kanyakumari,-,-,-,Ponnaiyar,12.06583333,78.97805556,01-11-2010 08:00,0.177,"","",""
2727,Vazhavachanur,CWC,33,Tamil Nadu,593,Tiruvannamalai,CHENGAM,-,-,Duplicate-Ponnaiyar,East flowing rivers between Pennar and Kanyakumari,-,-,-,Ponnaiyar,12.06583333,78.97805556,01-12-2010 08:15,1.86,"","",""
2728,Vazhavachanur,CWC,33,Tamil Nadu,593,Tiruvannamalai,CHENGAM,-,-,Duplicate-Ponnaiyar,East flowing rivers between Pennar and Kanyakumari,-,-,-,Ponnaiyar,12.06583333,78.97805556,03-01-2011 09:00,0.479,"","",""
2729,Vazhavachanur,CWC,33,Tamil Nadu,593,Tiruvannamalai,CHENGAM,-,-,Duplicate-Ponnaiyar,East flowing rivers between Pennar and Kanyakumari,-,-,-,Ponnaiyar,12.06583333,78.97805556,01-02-2011 09:30,0.192,"","",""
2730,Vazhavachanur,CWC,33,Tamil Nadu,593,Tiruvannamalai,CHENGAM,-,-,Duplicate-Ponnaiyar,East flowing rivers between Pennar and Kanyakumari,-,-,-,Ponnaiyar,12.06583333,78.97805556,01-03-2011 08:30,0.303,"","",""
2731,Vazhavachanur,CWC,33,Tamil Nadu,593,Tiruvannamalai,CHENGAM,-,-,Duplicate-Ponnaiyar,East flowing rivers between Pennar and Kanyakumari,-,-,-,Ponnaiyar,12.06583333,78.97805556,01-04-2011 08:30,1.272,"","",""
2732,Vazhavachanur,CWC,33,Tamil Nadu,593,Tiruvannamalai,CHENGAM,-,-,Duplicate-Ponnaiyar,East flowing rivers between Pennar and Kanyakumari,-,-,-,Ponnaiyar,12.06583333,78.97805556,02-05-2011 08:30,0.461,"","",""
2733,Vazhavachanur,CWC,33,Tamil Nadu,593,Tiruvannamalai,CHENGAM,-,-,Duplicate-Ponnaiyar,East flowing rivers between Pennar and Kanyakumari,-,-,-,Ponnaiyar,12.06583333,78.97805556,01-06-2011 08:00,0.523,"","",""
2734,Vazhavachanur,CWC,33,Tamil Nadu,593,Tiruvannamalai,CHENGAM,-,-,Duplicate-Ponnaiyar,East flowing rivers between Pennar and Kanyakumari,-,-,-,Ponnaiyar,12.06583333,78.97805556,11-08-2011 09:00,2.56,"","",""
2735,Vazhavachanur,CWC,33,Tamil Nadu,593,Tiruvannamalai,CHENGAM,-,-,Duplicate-Ponnaiyar,East flowing rivers between Pennar and Kanyakumari,-,-,-,Ponnaiyar,12.06583333,78.97805556,02-09-2011 08:00,1.81,"","",""
2736,Vazhavachanur,CWC,33,Tamil Nadu,593,Tiruvannamalai,CHENGAM,-,-,Duplicate-Ponnaiyar,East flowing rivers between Pennar and Kanyakumari,-,-,-,Ponnaiyar,12.06583333,78.97805556,01-10-2011 08:00,1.6,"","",""
2737,Vazhavachanur,CWC,33,Tamil Nadu,593,Tiruvannamalai,CHENGAM,-,-,Duplicate-Ponnaiyar,East flowing rivers between Pennar and Kanyakumari,-,-,-,Ponnaiyar,12.06583333,78.97805556,01-11-2011 08:30,0.18,"","",""
2738,Vazhavachanur,CWC,33,Tamil Nadu,593,Tiruvannamalai,CHENGAM,-,-,Duplicate-Ponnaiyar,East flowing rivers between Pennar and Kanyakumari,-,-,-,Ponnaiyar,12.06583333,78.97805556,01-12-2011 09:00,1.95,"","",""
2739,Vazhavachanur,CWC,33,Tamil Nadu,593,Tiruvannamalai,CHENGAM,-,-,Duplicate-Ponnaiyar,East flowing rivers between Pennar and Kanyakumari,-,-,-,Ponnaiyar,12.06583333,78.97805556,02-01-2012 09:00,2.25,"","",""
2740,Vazhavachanur,CWC,33,Tamil Nadu,593,Tiruvannamalai,CHENGAM,-,-,Duplicate-Ponnaiyar,East flowing rivers between Pennar and Kanyakumari,-,-,-,Ponnaiyar,12.06583333,78.97805556,01-02-2012 09:30,2.11,"","",""
2741,Vazhavachanur,CWC,33,Tamil Nadu,593,Tiruvannamalai,CHENGAM,-,-,Duplicate-Ponnaiyar,East flowing rivers between Pennar and Kanyakumari,-,-,-,Ponnaiyar,12.06583333,78.97805556,01-03-2012 08:00,2.02,"","",""
2742,Vazhavachanur,CWC,33,Tamil Nadu,593,Tiruvannamalai,CHENGAM,-,-,Duplicate-Ponnaiyar,East flowing rivers between Pennar and Kanyakumari,-,-,-,Ponnaiyar,12.06583333,78.97805556,02-04-2012 08:00,2.05,"","",""
2743,Vazhavachanur,CWC,33,Tamil Nadu,593,Tiruvannamalai,CHENGAM,-,-,Duplicate-Ponnaiyar,East flowing rivers between Pennar and Kanyakumari,-,-,-,Ponnaiyar,12.06583333,78.97805556,01-05-2012 09:00,2,"","",""
2744,Vazhavachanur,CWC,33,Tamil Nadu,593,Tiruvannamalai,CHENGAM,-,-,Duplicate-Ponnaiyar,East flowing rivers between Pennar and Kanyakumari,-,-,-,Ponnaiyar,12.06583333,78.97805556,16-07-2012 08:00,2.01,"","",""
2745,Vazhavachanur,CWC,33,Tamil Nadu,593,Tiruvannamalai,CHENGAM,-,-,Duplicate-Ponnaiyar,East flowing rivers between Pennar and Kanyakumari,-,-,-,Ponnaiyar,12.06583333,78.97805556,27-09-2012 08:00,1.24,"","",""
2746,Vazhavachanur,CWC,33,Tamil Nadu,593,Tiruvannamalai,CHENGAM,-,-,Duplicate-Ponnaiyar,East flowing rivers between Pennar and Kanyakumari,-,-,-,Ponnaiyar,12.06583333,78.97805556,01-10-2012 08:00,1.12,"","",""
2747,Vazhavachanur,CWC,33,Tamil Nadu,593,Tiruvannamalai,CHENGAM,-,-,Duplicate-Ponnaiyar,East flowing rivers between Pennar and Kanyakumari,-,-,-,Ponnaiyar,12.06583333,78.97805556,01-11-2012 08:00,1.95,"","",""
2748,Vazhavachanur,CWC,33,Tamil Nadu,593,Tiruvannamalai,CHENGAM,-,-,Duplicate-Ponnaiyar,East flowing rivers between Pennar and Kanyakumari,-,-,-,Ponnaiyar,12.06583333,78.97805556,01-12-2012 08:00,1.58,"","",""
2749,Vazhavachanur,CWC,33,Tamil Nadu,593,Tiruvannamalai,CHENGAM,-,-,Duplicate-Ponnaiyar,East flowing rivers between Pennar and Kanyakumari,-,-,-,Ponnaiyar,12.06583333,78.97805556,01-01-2013 07:00,0.42,"","",""
2750,Vazhavachanur,CWC,33,Tamil Nadu,593,Tiruvannamalai,CHENGAM,-,-,Duplicate-Ponnaiyar,East flowing rivers between Pennar and Kanyakumari,-,-,-,Ponnaiyar,12.06583333,78.97805556,07-09-2013 09:00,1.43,"","",""
2751,Vazhavachanur,CWC,33,Tamil Nadu,593,Tiruvannamalai,CHENGAM,-,-,Duplicate-Ponnaiyar,East flowing rivers between Pennar and Kanyakumari,-,-,-,Ponnaiyar,12.06583333,78.97805556,15-10-2013 08:30,1.07,"","",""
2752,Vazhavachanur,CWC,33,Tamil Nadu,593,Tiruvannamalai,CHENGAM,-,-,Duplicate-Ponnaiyar,East flowing rivers between Pennar and Kanyakumari,-,-,-,Ponnaiyar,12.06583333,78.97805556,18-11-2013 09:00,0.91,"","",""
2753,Vazhavachanur,CWC,33,Tamil Nadu,593,Tiruvannamalai,CHENGAM,-,-,Duplicate-Ponnaiyar,East flowing rivers between Pennar and Kanyakumari,-,-,-,Ponnaiyar,12.06583333,78.97805556,02-12-2013 08:30,1.64,"","",""
2754,Vazhavachanur,CWC,33,Tamil Nadu,593,Tiruvannamalai,CHENGAM,-,-,Duplicate-Ponnaiyar,East flowing rivers between Pennar and Kanyakumari,-,-,-,Ponnaiyar,12.06583333,78.97805556,07-02-2014 10:00,2.81,"","",""
2755,Vazhavachanur,CWC,33,Tamil Nadu,593,Tiruvannamalai,CHENGAM,-,-,Duplicate-Ponnaiyar,East flowing rivers between Pennar and Kanyakumari,-,-,-,Ponnaiyar,12.06583333,78.97805556,04-03-2014 08:00,2.55,"","",""
2756,Vazhavachanur,CWC,33,Tamil Nadu,593,Tiruvannamalai,CHENGAM,-,-,Duplicate-Ponnaiyar,East flowing rivers between Pennar and Kanyakumari,-,-,-,Ponnaiyar,12.06583333,78.97805556,09-10-2014 08:30,2.7,"","",""
2757,Vazhavachanur,CWC,33,Tamil Nadu,593,Tiruvannamalai,CHENGAM,-,-,Duplicate-Ponnaiyar,East flowing rivers between Pennar and Kanyakumari,-,-,-,Ponnaiyar,12.06583333,78.97805556,01-11-2014 08:30,0.64,"","",""
2758,Vazhavachanur,CWC,33,Tamil Nadu,593,Tiruvannamalai,CHENGAM,-,-,Duplicate-Ponnaiyar,East flowing rivers between Pennar and Kanyakumari,-,-,-,Ponnaiyar,12.06583333,78.97805556,01-12-2014 08:30,1.28,"","",""
2759,Vazhavachanur,CWC,33,Tamil Nadu,593,Tiruvannamalai,CHENGAM,-,-,Duplicate-Ponnaiyar,East flowing rivers between Pennar and Kanyakumari,-,-,-,Ponnaiyar,12.06583333,78.97805556,01-01-2015 08:30,1.55,"","",""
2760,Vazhavachanur,CWC,33,Tamil Nadu,593,Tiruvannamalai,CHENGAM,-,-,Duplicate-Ponnaiyar,East flowing rivers between Pennar and Kanyakumari,-,-,-,Ponnaiyar,12.06583333,78.97805556,02-02-2015 08:30,0.91,"","",""
2761,Vazhavachanur,CWC,33,Tamil Nadu,593,Tiruvannamalai,CHENGAM,-,-,Duplicate-Ponnaiyar,East flowing rivers between Pennar and Kanyakumari,-,-,-,Ponnaiyar,12.06583333,78.97805556,02-03-2015 09:00,1.82,"","",""
2762,Vazhavachanur,CWC,33,Tamil Nadu,593,Tiruvannamalai,CHENGAM,-,-,Duplicate-Ponnaiyar,East flowing rivers between Pennar and Kanyakumari,-,-,-,Ponnaiyar,12.06583333,78.97805556,24-04-2015 08:00,2.19,"","",""
2763,Vazhavachanur,CWC,33,Tamil Nadu,593,Tiruvannamalai,CHENGAM,-,-,Duplicate-Ponnaiyar,East flowing rivers between Pennar and Kanyakumari,-,-,-,Ponnaiyar,12.06583333,78.97805556,01-05-2015 08:00,1.82,"","",""
2764,Vazhavachanur,CWC,33,Tamil Nadu,593,Tiruvannamalai,CHENGAM,-,-,Duplicate-Ponnaiyar,East flowing rivers between Pennar and Kanyakumari,-,-,-,Ponnaiyar,12.06583333,78.97805556,05-06-2015 09:00,1.64,"","",""
2765,Vazhavachanur,CWC,33,Tamil Nadu,593,Tiruvannamalai,CHENGAM,-,-,Duplicate-Ponnaiyar,East flowing rivers between Pennar and Kanyakumari,-,-,-,Ponnaiyar,12.06583333,78.97805556,29-09-2015 09:00,1.28,"","",""
2766,Vazhavachanur,CWC,33,Tamil Nadu,593,Tiruvannamalai,CHENGAM,-,-,Duplicate-Ponnaiyar,East flowing rivers between Pennar and Kanyakumari,-,-,-,Ponnaiyar,12.06583333,78.97805556,01-10-2015 09:00,1.28,"","",""
2767,Vazhavachanur,CWC,33,Tamil Nadu,593,Tiruvannamalai,CHENGAM,-,-,Duplicate-Ponnaiyar,East flowing rivers between Pennar and Kanyakumari,-,-,-,Ponnaiyar,12.06583333,78.97805556,10-11-2015 10:00,0.91,"","",""
2768,Vazhavachanur,CWC,33,Tamil Nadu,593,Tiruvannamalai,CHENGAM,-,-,Duplicate-Ponnaiyar,East flowing rivers between Pennar and Kanyakumari,-,-,-,Ponnaiyar,12.06583333,78.97805556,08-12-2015 10:15,1.28,"","",""
2769,Vazhavachanur,CWC,33,Tamil Nadu,593,Tiruvannamalai,CHENGAM,-,-,Duplicate-Ponnaiyar,East flowing rivers between Pennar and Kanyakumari,-,-,-,Ponnaiyar,12.06583333,78.97805556,02-01-2016 09:30,2.19,"","",""
2770,Vazhavachanur,CWC,33,Tamil Nadu,593,Tiruvannamalai,CHENGAM,-,-,Duplicate-Ponnaiyar,East flowing rivers between Pennar and Kanyakumari,-,-,-,Ponnaiyar,12.06583333,78.97805556,01-02-2016 09:30,2.37,"","",""
2771,Vazhavachanur,CWC,33,Tamil Nadu,593,Tiruvannamalai,CHENGAM,-,-,Duplicate-Ponnaiyar,East flowing rivers between Pennar and Kanyakumari,-,-,-,Ponnaiyar,12.06583333,78.97805556,03-03-2016 10:00,0.55,"","",""
2772,Vazhavachanur,CWC,33,Tamil Nadu,593,Tiruvannamalai,CHENGAM,-,-,Duplicate-Ponnaiyar,East flowing rivers between Pennar and Kanyakumari,-,-,-,Ponnaiyar,12.06583333,78.97805556,18-04-2016 10:00,2.37,"","",""
2773,Vazhavachanur,CWC,33,Tamil Nadu,593,Tiruvannamalai,CHENGAM,-,-,Duplicate-Ponnaiyar,East flowing rivers between Pennar and Kanyakumari,-,-,-,Ponnaiyar,12.06583333,78.97805556,03-05-2016 10:00,1.82,"","",""
2774,Vazhavachanur,CWC,33,Tamil Nadu,593,Tiruvannamalai,CHENGAM,-,-,Duplicate-Ponnaiyar,East flowing rivers between Pennar and Kanyakumari,-,-,-,Ponnaiyar,12.06583333,78.97805556,26-07-2016 10:00,1.46,"","",""
2775,Vazhavachanur,CWC,33,Tamil Nadu,593,Tiruvannamalai,CHENGAM,-,-,Duplicate-Ponnaiyar,East flowing rivers between Pennar and Kanyakumari,-,-,-,Ponnaiyar,12.06583333,78.97805556,13-10-2016 10:00,1.09,"","",""
2776,Vazhavachanur,CWC,33,Tamil Nadu,593,Tiruvannamalai,CHENGAM,-,-,Duplicate-Ponnaiyar,East flowing rivers between Pennar and Kanyakumari,-,-,-,Ponnaiyar,12.06583333,78.97805556,24-03-2017 10:00,1.88,"","",""
2777,Vazhavachanur,CWC,33,Tamil Nadu,593,Tiruvannamalai,CHENGAM,-,-,Duplicate-Ponnaiyar,East flowing rivers between Pennar and Kanyakumari,-,-,-,Ponnaiyar,12.06583333,78.97805556,04-09-2017 08:00,2.7,"","",""
2778,Vazhavachanur,CWC,33,Tamil Nadu,593,Tiruvannamalai,CHENGAM,-,-,Duplicate-Ponnaiyar,East flowing rivers between Pennar and Kanyakumari,-,-,-,Ponnaiyar,12.06583333,78.97805556,04-10-2017 08:00,1.4,"","",""
2779,Vazhavachanur,CWC,33,Tamil Nadu,593,Tiruvannamalai,CHENGAM,-,-,Duplicate-Ponnaiyar,East flowing rivers between Pennar and Kanyakumari,-,-,-,Ponnaiyar,12.06583333,78.97805556,01-11-2017 08:00,1.4,"","",""
2780,Vazhavachanur,CWC,33,Tamil Nadu,593,Tiruvannamalai,CHENGAM,-,-,Duplicate-Ponnaiyar,East flowing rivers between Pennar and Kanyakumari,-,-,-,Ponnaiyar,12.06583333,78.97805556,01-12-2017 08:00,2.7,"","",""
2781,Vazhavachanur,CWC,33,Tamil Nadu,593,Tiruvannamalai,CHENGAM,-,-,Duplicate-Ponnaiyar,East flowing rivers between Pennar and Kanyakumari,-,-,-,Ponnaiyar,12.06583333,78.97805556,01-01-2018 08:00,1.9,"","",""
2782,Vazhavachanur,CWC,33,Tamil Nadu,593,Tiruvannamalai,CHENGAM,-,-,Duplicate-Ponnaiyar,East flowing rivers between Pennar and Kanyakumari,-,-,-,Ponnaiyar,12.06583333,78.97805556,01-02-2018 08:00,2.8,"","",""
2783,Vazhavachanur,CWC,33,Tamil Nadu,593,Tiruvannamalai,CHENGAM,-,-,Duplicate-Ponnaiyar,East flowing rivers between Pennar and Kanyakumari,-,-,-,Ponnaiyar,12.06583333,78.97805556,01-03-2018 08:00,1,"","",""
2784,Vazhavachanur,CWC,33,Tamil Nadu,593,Tiruvannamalai,CHENGAM,-,-,Duplicate-Ponnaiyar,East flowing rivers between Pennar and Kanyakumari,-,-,-,Ponnaiyar,12.06583333,78.97805556,02-04-2018 08:00,1.4,"","",""
2785,Vazhavachanur,CWC,33,Tamil Nadu,593,Tiruvannamalai,CHENGAM,-,-,Duplicate-Ponnaiyar,East flowing rivers between Pennar and Kanyakumari,-,-,-,Ponnaiyar,12.06583333,78.97805556,01-05-2018 08:00,1.1,"","",""
2786,Vazhavachanur,CWC,33,Tamil Nadu,593,Tiruvannamalai,CHENGAM,-,-,Duplicate-Ponnaiyar,East flowing rivers between Pennar and Kanyakumari,-,-,-,Ponnaiyar,12.06583333,78.97805556,09-08-2018 08:00,1.8,"","",""
2787,Vazhavachanur,CWC,33,Tamil Nadu,593,Tiruvannamalai,CHENGAM,-,-,Duplicate-Ponnaiyar,East flowing rivers between Pennar and Kanyakumari,-,-,-,Ponnaiyar,12.06583333,78.97805556,17-11-2018 08:00,2.5,"","",""
2788,Vazhavachanur,CWC,33,Tamil Nadu,593,Tiruvannamalai,CHENGAM,-,-,Duplicate-Ponnaiyar,East flowing rivers between Pennar and Kanyakumari,-,-,-,Ponnaiyar,12.06583333,78.97805556,01-12-2018 08:00,1.8,"","",""
2789,Vazhavachanur,CWC,33,Tamil Nadu,593,Tiruvannamalai,CHENGAM,-,-,Duplicate-Ponnaiyar,East flowing rivers between Pennar and Kanyakumari,-,-,-,Ponnaiyar,12.06583333,78.97805556,02-02-2019 08:00,2.2,"","",""
2790,Vazhavachanur,CWC,33,Tamil Nadu,593,Tiruvannamalai,CHENGAM,-,-,Duplicate-Ponnaiyar,East flowing rivers between Pennar and Kanyakumari,-,-,-,Ponnaiyar,12.06583333,78.97805556,02-03-2019 08:00,3.1,"","",""
2791,Vazhavachanur,CWC,33,Tamil Nadu,593,Tiruvannamalai,CHENGAM,-,-,Duplicate-Ponnaiyar,East flowing rivers between Pennar and Kanyakumari,-,-,-,Ponnaiyar,12.06583333,78.97805556,17-09-2019 08:00,1.6,"","",""
2792,Vazhavachanur,CWC,33,Tamil Nadu,593,Tiruvannamalai,CHENGAM,-,-,Duplicate-Ponnaiyar,East flowing rivers between Pennar and Kanyakumari,-,-,-,Ponnaiyar,12.06583333,78.97805556,01-10-2019 08:00,2.4,"","",""
2793,Vazhavachanur,CWC,33,Tamil Nadu,593,Tiruvannamalai,CHENGAM,-,-,Duplicate-Ponnaiyar,East flowing rivers between Pennar and Kanyakumari,-,-,-,Ponnaiyar,12.06583333,78.97805556,01-11-2019 08:00,0.8,"","",""
2794,Vazhavachanur,CWC,33,Tamil Nadu,593,Tiruvannamalai,CHENGAM,-,-,Duplicate-Ponnaiyar,East flowing rivers between Pennar and Kanyakumari,-,-,-,Ponnaiyar,12.06583333,78.97805556,02-12-2019 08:00,0.8,"","",""
2795,Vazhavachanur,CWC,33,Tamil Nadu,593,Tiruvannamalai,CHENGAM,-,-,Duplicate-Ponnaiyar,East flowing rivers between Pennar and Kanyakumari,-,-,-,Ponnaiyar,12.06583333,78.97805556,07-02-2020 08:00,3,"","",""
2796,Vazhavachanur,CWC,33,Tamil Nadu,593,Tiruvannamalai,CHENGAM,-,-,Duplicate-Ponnaiyar,East flowing rivers between Pennar and Kanyakumari,-,-,-,Ponnaiyar,12.06583333,78.97805556,02-03-2020 08:00,1.6,"","",""
2797,Vazhavachanur,CWC,33,Tamil Nadu,593,Tiruvannamalai,CHENGAM,-,-,Duplicate-Ponnaiyar,East flowing rivers between Pennar and Kanyakumari,-,-,-,Ponnaiyar,12.06583333,78.97805556,10-09-2020 08:00,3.01,"","",""
2798,Vazhavachanur,CWC,33,Tamil Nadu,593,Tiruvannamalai,CHENGAM,-,-,Duplicate-Ponnaiyar,East flowing rivers between Pennar and Kanyakumari,-,-,-,Ponnaiyar,12.06583333,78.97805556,17-11-2020 08:00,1.4,"","",""
2799,Vazhavachanur,CWC,33,Tamil Nadu,593,Tiruvannamalai,CHENGAM,-,-,Duplicate-Ponnaiyar,East flowing rivers between Pennar and Kanyakumari,-,-,-,Ponnaiyar,12.06583333,78.97805556,01-12-2020 08:00,2.81,"","",""
2800,Villupuram,CWC,33,Tamil Nadu,596,Viluppuram,Viluppuram,-,-,Duplicate-Ponnaiyar,East flowing rivers between Pennar and Kanyakumari,-,-,-,Ponnaiyar,11.87055556,79.45944444,17-12-2009 08:00,1.109,"","",""
2801,Villupuram,CWC,33,Tamil Nadu,596,Viluppuram,Viluppuram,-,-,Duplicate-Ponnaiyar,East flowing rivers between Pennar and Kanyakumari,-,-,-,Ponnaiyar,11.87055556,79.45944444,11-11-2010 08:40,0.802,"","",""
2802,Villupuram,CWC,33,Tamil Nadu,596,Viluppuram,Viluppuram,-,-,Duplicate-Ponnaiyar,East flowing rivers between Pennar and Kanyakumari,-,-,-,Ponnaiyar,11.87055556,79.45944444,01-12-2010 08:30,0.709,"","",""
2803,Villupuram,CWC,33,Tamil Nadu,596,Viluppuram,Viluppuram,-,-,Duplicate-Ponnaiyar,East flowing rivers between Pennar and Kanyakumari,-,-,-,Ponnaiyar,11.87055556,79.45944444,03-01-2011 08:00,0.288,"","",""
2804,Villupuram,CWC,33,Tamil Nadu,596,Viluppuram,Viluppuram,-,-,Duplicate-Ponnaiyar,East flowing rivers between Pennar and Kanyakumari,-,-,-,Ponnaiyar,11.87055556,79.45944444,01-02-2011 09:00,0.575,"","",""
2805,Villupuram,CWC,33,Tamil Nadu,596,Viluppuram,Viluppuram,-,-,Duplicate-Ponnaiyar,East flowing rivers between Pennar and Kanyakumari,-,-,-,Ponnaiyar,11.87055556,79.45944444,02-05-2011 08:00,1.199,"","",""
2806,Villupuram,CWC,33,Tamil Nadu,596,Viluppuram,Viluppuram,-,-,Duplicate-Ponnaiyar,East flowing rivers between Pennar and Kanyakumari,-,-,-,Ponnaiyar,11.87055556,79.45944444,29-10-2011 08:15,2.05,"","",""
2807,Villupuram,CWC,33,Tamil Nadu,596,Viluppuram,Viluppuram,-,-,Duplicate-Ponnaiyar,East flowing rivers between Pennar and Kanyakumari,-,-,-,Ponnaiyar,11.87055556,79.45944444,01-11-2011 08:00,1.64,"","",""
2808,Villupuram,CWC,33,Tamil Nadu,596,Viluppuram,Viluppuram,-,-,Duplicate-Ponnaiyar,East flowing rivers between Pennar and Kanyakumari,-,-,-,Ponnaiyar,11.87055556,79.45944444,01-12-2011 09:30,1.9,"","",""
2809,Villupuram,CWC,33,Tamil Nadu,596,Viluppuram,Viluppuram,-,-,Duplicate-Ponnaiyar,East flowing rivers between Pennar and Kanyakumari,-,-,-,Ponnaiyar,11.87055556,79.45944444,02-01-2012 09:30,2.01,"","",""
2810,Villupuram,CWC,33,Tamil Nadu,596,Viluppuram,Viluppuram,-,-,Duplicate-Ponnaiyar,East flowing rivers between Pennar and Kanyakumari,-,-,-,Ponnaiyar,11.87055556,79.45944444,01-11-2012 08:30,0.68,"","",""
2811,Villupuram,CWC,33,Tamil Nadu,596,Viluppuram,Viluppuram,-,-,Duplicate-Ponnaiyar,East flowing rivers between Pennar and Kanyakumari,-,-,-,Ponnaiyar,11.87055556,79.45944444,19-11-2015 08:00,2.74,"","",""
2812,Villupuram,CWC,33,Tamil Nadu,596,Viluppuram,Viluppuram,-,-,Duplicate-Ponnaiyar,East flowing rivers between Pennar and Kanyakumari,-,-,-,Ponnaiyar,11.87055556,79.45944444,09-12-2015 09:30,1.82,"","",""
2813,Villupuram,CWC,33,Tamil Nadu,596,Viluppuram,Viluppuram,-,-,Duplicate-Ponnaiyar,East flowing rivers between Pennar and Kanyakumari,-,-,-,Ponnaiyar,11.87055556,79.45944444,13-10-2017 08:00,1.3,"","",""
2814,Villupuram,CWC,33,Tamil Nadu,596,Viluppuram,Viluppuram,-,-,Duplicate-Ponnaiyar,East flowing rivers between Pennar and Kanyakumari,-,-,-,Ponnaiyar,11.87055556,79.45944444,01-12-2017 08:00,2.2,"","",""
2815,Villupuram,CWC,33,Tamil Nadu,596,Viluppuram,Viluppuram,-,-,Duplicate-Ponnaiyar,East flowing rivers between Pennar and Kanyakumari,-,-,-,Ponnaiyar,11.87055556,79.45944444,20-12-2020 08:00,3.01,"","",""
